Track,for,Fay,2014,,
Date,Time,(UTC),Latitude,Longitude,
MM/DD/Year,HH:MM:SS,(deg),(deg),,
10/10/2014,11:53:59,23.483,N,63.289,W
10/10/2014,11:56:00,23.489,N,63.292,W
10/10/2014,11:57:59,23.494,N,63.296,W
10/10/2014,12:00:00,23.5,N,63.3,W
10/10/2014,12:02:00,23.506,N,63.304,W
10/10/2014,12:03:59,23.511,N,63.308,W
10/10/2014,12:06:00,23.517,N,63.311,W
10/10/2014,12:07:59,23.523,N,63.315,W
10/10/2014,12:10:00,23.528,N,63.319,W
10/10/2014,12:11:59,23.534,N,63.323,W
10/10/2014,12:14:00,23.539,N,63.326,W
10/10/2014,12:15:59,23.545,N,63.33,W
10/10/2014,12:18:00,23.551,N,63.334,W
10/10/2014,12:19:59,23.556,N,63.338,W
10/10/2014,12:22:00,23.562,N,63.341,W
10/10/2014,12:23:59,23.568,N,63.345,W
10/10/2014,12:26:00,23.573,N,63.349,W
10/10/2014,12:27:59,23.579,N,63.353,W
10/10/2014,12:30:00,23.584,N,63.357,W
10/10/2014,12:32:00,23.59,N,63.36,W
10/10/2014,12:33:59,23.596,N,63.364,W
10/10/2014,12:36:00,23.601,N,63.368,W
10/10/2014,12:37:59,23.607,N,63.372,W
10/10/2014,12:40:00,23.613,N,63.375,W
10/10/2014,12:41:59,23.618,N,63.379,W
10/10/2014,12:44:00,23.624,N,63.383,W
10/10/2014,12:45:59,23.63,N,63.387,W
10/10/2014,12:48:00,23.635,N,63.39,W
10/10/2014,12:49:59,23.641,N,63.394,W
10/10/2014,12:52:00,23.646,N,63.398,W
10/10/2014,12:53:59,23.652,N,63.402,W
10/10/2014,12:56:00,23.658,N,63.405,W
10/10/2014,12:57:59,23.663,N,63.409,W
10/10/2014,13:00:00,23.669,N,63.413,W
10/10/2014,13:02:00,23.675,N,63.417,W
10/10/2014,13:03:59,23.68,N,63.421,W
10/10/2014,13:06:00,23.686,N,63.424,W
10/10/2014,13:07:59,23.691,N,63.428,W
10/10/2014,13:10:00,23.697,N,63.432,W
10/10/2014,13:11:59,23.703,N,63.436,W
10/10/2014,13:14:00,23.708,N,63.439,W
10/10/2014,13:15:59,23.714,N,63.443,W
10/10/2014,13:18:00,23.72,N,63.447,W
10/10/2014,13:19:59,23.725,N,63.451,W
10/10/2014,13:22:00,23.731,N,63.454,W
10/10/2014,13:23:59,23.736,N,63.458,W
10/10/2014,13:26:00,23.742,N,63.462,W
10/10/2014,13:27:59,23.748,N,63.466,W
10/10/2014,13:30:00,23.753,N,63.469,W
10/10/2014,13:32:00,23.759,N,63.473,W
10/10/2014,13:33:59,23.765,N,63.477,W
10/10/2014,13:36:00,23.77,N,63.481,W
10/10/2014,13:37:59,23.776,N,63.484,W
10/10/2014,13:40:00,23.782,N,63.488,W
10/10/2014,13:41:59,23.787,N,63.492,W
10/10/2014,13:44:00,23.793,N,63.496,W
10/10/2014,13:45:59,23.798,N,63.499,W
10/10/2014,13:48:00,23.804,N,63.503,W
10/10/2014,13:49:59,23.81,N,63.507,W
10/10/2014,13:52:00,23.815,N,63.511,W
10/10/2014,13:53:59,23.821,N,63.514,W
10/10/2014,13:56:00,23.826,N,63.518,W
10/10/2014,13:57:59,23.832,N,63.522,W
10/10/2014,14:00:00,23.838,N,63.526,W
10/10/2014,14:02:00,23.843,N,63.529,W
10/10/2014,14:03:59,23.849,N,63.533,W
10/10/2014,14:06:00,23.855,N,63.537,W
10/10/2014,14:07:59,23.86,N,63.541,W
10/10/2014,14:10:00,23.866,N,63.544,W
10/10/2014,14:11:59,23.871,N,63.548,W
10/10/2014,14:14:00,23.877,N,63.552,W
10/10/2014,14:15:59,23.883,N,63.556,W
10/10/2014,14:18:00,23.888,N,63.559,W
10/10/2014,14:19:59,23.894,N,63.563,W
10/10/2014,14:22:00,23.9,N,63.567,W
10/10/2014,14:23:59,23.905,N,63.571,W
10/10/2014,14:26:00,23.911,N,63.574,W
10/10/2014,14:27:59,23.916,N,63.578,W
10/10/2014,14:30:00,23.922,N,63.582,W
10/10/2014,14:32:00,23.928,N,63.586,W
10/10/2014,14:33:59,23.933,N,63.589,W
10/10/2014,14:36:00,23.939,N,63.593,W
10/10/2014,14:37:59,23.944,N,63.597,W
10/10/2014,14:40:00,23.95,N,63.601,W
10/10/2014,14:41:59,23.956,N,63.604,W
10/10/2014,14:44:00,23.961,N,63.608,W
10/10/2014,14:45:59,23.967,N,63.612,W
10/10/2014,14:48:00,23.972,N,63.615,W
10/10/2014,14:49:59,23.978,N,63.619,W
10/10/2014,14:52:00,23.984,N,63.623,W
10/10/2014,14:53:59,23.989,N,63.627,W
10/10/2014,14:56:00,23.995,N,63.63,W
10/10/2014,14:57:59,24.001,N,63.634,W
10/10/2014,15:00:00,24.006,N,63.638,W
10/10/2014,15:02:00,24.012,N,63.642,W
10/10/2014,15:03:59,24.017,N,63.645,W
10/10/2014,15:06:00,24.023,N,63.649,W
10/10/2014,15:07:59,24.029,N,63.653,W
10/10/2014,15:10:00,24.034,N,63.656,W
10/10/2014,15:11:59,24.04,N,63.66,W
10/10/2014,15:14:00,24.045,N,63.664,W
10/10/2014,15:15:59,24.051,N,63.668,W
10/10/2014,15:18:00,24.057,N,63.671,W
10/10/2014,15:19:59,24.062,N,63.675,W
10/10/2014,15:22:00,24.068,N,63.679,W
10/10/2014,15:23:59,24.073,N,63.682,W
10/10/2014,15:26:00,24.079,N,63.686,W
10/10/2014,15:27:59,24.085,N,63.69,W
10/10/2014,15:30:00,24.09,N,63.694,W
10/10/2014,15:32:00,24.096,N,63.697,W
10/10/2014,15:33:59,24.101,N,63.701,W
10/10/2014,15:36:00,24.107,N,63.705,W
10/10/2014,15:37:59,24.112,N,63.708,W
10/10/2014,15:40:00,24.118,N,63.712,W
10/10/2014,15:41:59,24.124,N,63.716,W
10/10/2014,15:44:00,24.129,N,63.719,W
10/10/2014,15:45:59,24.135,N,63.723,W
10/10/2014,15:48:00,24.14,N,63.727,W
10/10/2014,15:49:59,24.146,N,63.731,W
10/10/2014,15:52:00,24.152,N,63.734,W
10/10/2014,15:53:59,24.157,N,63.738,W
10/10/2014,15:56:00,24.163,N,63.742,W
10/10/2014,15:57:59,24.168,N,63.745,W
10/10/2014,16:00:00,24.174,N,63.749,W
10/10/2014,16:01:59,24.18,N,63.753,W
10/10/2014,16:04:00,24.185,N,63.756,W
10/10/2014,16:06:00,24.191,N,63.76,W
10/10/2014,16:07:59,24.196,N,63.764,W
10/10/2014,16:09:59,24.202,N,63.767,W
10/10/2014,16:12:00,24.207,N,63.771,W
10/10/2014,16:14:00,24.213,N,63.775,W
10/10/2014,16:15:59,24.219,N,63.778,W
10/10/2014,16:17:59,24.224,N,63.782,W
10/10/2014,16:20:00,24.23,N,63.786,W
10/10/2014,16:22:00,24.235,N,63.789,W
10/10/2014,16:23:59,24.241,N,63.793,W
10/10/2014,16:25:59,24.246,N,63.797,W
10/10/2014,16:28:00,24.252,N,63.8,W
10/10/2014,16:30:00,24.258,N,63.804,W
10/10/2014,16:31:59,24.263,N,63.808,W
10/10/2014,16:34:00,24.269,N,63.811,W
10/10/2014,16:36:00,24.274,N,63.815,W
10/10/2014,16:37:59,24.28,N,63.819,W
10/10/2014,16:39:59,24.285,N,63.822,W
10/10/2014,16:42:00,24.291,N,63.826,W
10/10/2014,16:44:00,24.297,N,63.83,W
10/10/2014,16:45:59,24.302,N,63.833,W
10/10/2014,16:47:59,24.308,N,63.837,W
10/10/2014,16:50:00,24.313,N,63.841,W
10/10/2014,16:52:00,24.319,N,63.844,W
10/10/2014,16:53:59,24.324,N,63.848,W
10/10/2014,16:55:59,24.33,N,63.852,W
10/10/2014,16:58:00,24.335,N,63.855,W
10/10/2014,17:00:00,24.341,N,63.859,W
10/10/2014,17:01:59,24.347,N,63.862,W
10/10/2014,17:04:00,24.352,N,63.866,W
10/10/2014,17:06:00,24.358,N,63.87,W
10/10/2014,17:07:59,24.363,N,63.873,W
10/10/2014,17:09:59,24.369,N,63.877,W
10/10/2014,17:12:00,24.374,N,63.881,W
10/10/2014,17:14:00,24.38,N,63.884,W
10/10/2014,17:15:59,24.385,N,63.888,W
10/10/2014,17:17:59,24.391,N,63.892,W
10/10/2014,17:20:00,24.396,N,63.895,W
10/10/2014,17:22:00,24.402,N,63.899,W
10/10/2014,17:23:59,24.408,N,63.902,W
10/10/2014,17:25:59,24.413,N,63.906,W
10/10/2014,17:28:00,24.419,N,63.91,W
10/10/2014,17:30:00,24.424,N,63.913,W
10/10/2014,17:31:59,24.43,N,63.917,W
10/10/2014,17:34:00,24.435,N,63.92,W
10/10/2014,17:36:00,24.441,N,63.924,W
10/10/2014,17:37:59,24.446,N,63.928,W
10/10/2014,17:39:59,24.452,N,63.931,W
10/10/2014,17:42:00,24.457,N,63.935,W
10/10/2014,17:44:00,24.463,N,63.938,W
10/10/2014,17:45:59,24.468,N,63.942,W
10/10/2014,17:47:59,24.474,N,63.946,W
10/10/2014,17:50:00,24.479,N,63.949,W
10/10/2014,17:52:00,24.485,N,63.953,W
10/10/2014,17:53:59,24.491,N,63.956,W
10/10/2014,17:55:59,24.496,N,63.96,W
10/10/2014,17:58:00,24.502,N,63.964,W
10/10/2014,18:00:00,24.507,N,63.967,W
10/10/2014,18:01:59,24.513,N,63.971,W
10/10/2014,18:04:00,24.518,N,63.974,W
10/10/2014,18:06:00,24.524,N,63.978,W
10/10/2014,18:07:59,24.529,N,63.982,W
10/10/2014,18:09:59,24.535,N,63.985,W
10/10/2014,18:12:00,24.54,N,63.989,W
10/10/2014,18:14:00,24.546,N,63.992,W
10/10/2014,18:15:59,24.551,N,63.996,W
10/10/2014,18:17:59,24.557,N,63.999,W
10/10/2014,18:20:00,24.562,N,64.003,W
10/10/2014,18:22:00,24.568,N,64.006,W
10/10/2014,18:23:59,24.573,N,64.01,W
10/10/2014,18:25:59,24.579,N,64.014,W
10/10/2014,18:28:00,24.584,N,64.017,W
10/10/2014,18:30:00,24.59,N,64.021,W
10/10/2014,18:31:59,24.595,N,64.024,W
10/10/2014,18:34:00,24.601,N,64.028,W
10/10/2014,18:36:00,24.606,N,64.031,W
10/10/2014,18:37:59,24.612,N,64.035,W
10/10/2014,18:39:59,24.617,N,64.038,W
10/10/2014,18:42:00,24.623,N,64.042,W
10/10/2014,18:44:00,24.628,N,64.046,W
10/10/2014,18:45:59,24.634,N,64.049,W
10/10/2014,18:47:59,24.639,N,64.053,W
10/10/2014,18:50:00,24.645,N,64.056,W
10/10/2014,18:52:00,24.65,N,64.06,W
10/10/2014,18:53:59,24.656,N,64.063,W
10/10/2014,18:55:59,24.661,N,64.067,W
10/10/2014,18:58:00,24.667,N,64.07,W
10/10/2014,19:00:00,24.672,N,64.074,W
10/10/2014,19:01:59,24.678,N,64.077,W
10/10/2014,19:04:00,24.683,N,64.081,W
10/10/2014,19:06:00,24.688,N,64.084,W
10/10/2014,19:07:59,24.694,N,64.088,W
10/10/2014,19:09:59,24.699,N,64.091,W
10/10/2014,19:12:00,24.705,N,64.095,W
10/10/2014,19:14:00,24.71,N,64.098,W
10/10/2014,19:15:59,24.716,N,64.102,W
10/10/2014,19:17:59,24.721,N,64.105,W
10/10/2014,19:20:00,24.727,N,64.109,W
10/10/2014,19:22:00,24.732,N,64.112,W
10/10/2014,19:23:59,24.738,N,64.116,W
10/10/2014,19:25:59,24.743,N,64.119,W
10/10/2014,19:28:00,24.749,N,64.123,W
10/10/2014,19:30:00,24.754,N,64.126,W
10/10/2014,19:31:59,24.759,N,64.13,W
10/10/2014,19:34:00,24.765,N,64.133,W
10/10/2014,19:36:00,24.77,N,64.137,W
10/10/2014,19:37:59,24.776,N,64.14,W
10/10/2014,19:39:59,24.781,N,64.144,W
10/10/2014,19:42:00,24.787,N,64.147,W
10/10/2014,19:44:00,24.792,N,64.15,W
10/10/2014,19:45:59,24.798,N,64.154,W
10/10/2014,19:47:59,24.803,N,64.157,W
10/10/2014,19:50:00,24.809,N,64.161,W
10/10/2014,19:52:00,24.814,N,64.164,W
10/10/2014,19:53:59,24.819,N,64.168,W
10/10/2014,19:55:59,24.825,N,64.171,W
10/10/2014,19:58:00,24.83,N,64.175,W
10/10/2014,20:00:00,24.836,N,64.178,W
10/10/2014,20:01:59,24.841,N,64.181,W
10/10/2014,20:04:00,24.847,N,64.185,W
10/10/2014,20:06:00,24.852,N,64.188,W
10/10/2014,20:07:59,24.857,N,64.192,W
10/10/2014,20:09:59,24.863,N,64.195,W
10/10/2014,20:12:00,24.868,N,64.199,W
10/10/2014,20:14:00,24.874,N,64.202,W
10/10/2014,20:15:59,24.879,N,64.205,W
10/10/2014,20:17:59,24.884,N,64.209,W
10/10/2014,20:20:00,24.89,N,64.212,W
10/10/2014,20:22:00,24.895,N,64.216,W
10/10/2014,20:23:59,24.901,N,64.219,W
10/10/2014,20:25:59,24.906,N,64.222,W
10/10/2014,20:28:00,24.912,N,64.226,W
10/10/2014,20:30:00,24.917,N,64.229,W
10/10/2014,20:31:59,24.922,N,64.233,W
10/10/2014,20:34:00,24.928,N,64.236,W
10/10/2014,20:36:00,24.933,N,64.239,W
10/10/2014,20:37:59,24.939,N,64.243,W
10/10/2014,20:39:59,24.944,N,64.246,W
10/10/2014,20:42:00,24.949,N,64.25,W
10/10/2014,20:44:00,24.955,N,64.253,W
10/10/2014,20:45:59,24.96,N,64.256,W
10/10/2014,20:47:59,24.965,N,64.26,W
10/10/2014,20:50:00,24.971,N,64.263,W
10/10/2014,20:52:00,24.976,N,64.266,W
10/10/2014,20:53:59,24.982,N,64.27,W
10/10/2014,20:55:59,24.987,N,64.273,W
10/10/2014,20:58:00,24.992,N,64.277,W
10/10/2014,21:00:00,24.998,N,64.28,W
10/10/2014,21:01:59,25.003,N,64.283,W
10/10/2014,21:04:00,25.009,N,64.287,W
10/10/2014,21:06:00,25.014,N,64.29,W
10/10/2014,21:07:59,25.019,N,64.293,W
10/10/2014,21:09:59,25.025,N,64.297,W
10/10/2014,21:12:00,25.03,N,64.3,W
10/10/2014,21:14:00,25.035,N,64.303,W
10/10/2014,21:15:59,25.041,N,64.307,W
10/10/2014,21:17:59,25.046,N,64.31,W
10/10/2014,21:20:00,25.051,N,64.313,W
10/10/2014,21:22:00,25.057,N,64.317,W
10/10/2014,21:23:59,25.062,N,64.32,W
10/10/2014,21:25:59,25.068,N,64.323,W
10/10/2014,21:28:00,25.073,N,64.326,W
10/10/2014,21:30:00,25.078,N,64.33,W
10/10/2014,21:31:59,25.084,N,64.333,W
10/10/2014,21:34:00,25.089,N,64.336,W
10/10/2014,21:36:00,25.094,N,64.34,W
10/10/2014,21:37:59,25.1,N,64.343,W
10/10/2014,21:39:59,25.105,N,64.346,W
10/10/2014,21:42:00,25.11,N,64.35,W
10/10/2014,21:44:00,25.116,N,64.353,W
10/10/2014,21:45:59,25.121,N,64.356,W
10/10/2014,21:47:59,25.126,N,64.359,W
10/10/2014,21:50:00,25.132,N,64.363,W
10/10/2014,21:52:00,25.137,N,64.366,W
10/10/2014,21:53:59,25.142,N,64.369,W
10/10/2014,21:55:59,25.148,N,64.372,W
10/10/2014,21:58:00,25.153,N,64.376,W
10/10/2014,22:00:00,25.158,N,64.379,W
10/10/2014,22:01:59,25.163,N,64.382,W
10/10/2014,22:04:00,25.169,N,64.385,W
10/10/2014,22:06:00,25.174,N,64.389,W
10/10/2014,22:07:59,25.179,N,64.392,W
10/10/2014,22:09:59,25.185,N,64.395,W
10/10/2014,22:12:00,25.19,N,64.398,W
10/10/2014,22:14:00,25.195,N,64.402,W
10/10/2014,22:15:59,25.201,N,64.405,W
10/10/2014,22:17:59,25.206,N,64.408,W
10/10/2014,22:20:00,25.211,N,64.411,W
10/10/2014,22:22:00,25.217,N,64.414,W
10/10/2014,22:23:59,25.222,N,64.418,W
10/10/2014,22:25:59,25.227,N,64.421,W
10/10/2014,22:28:00,25.232,N,64.424,W
10/10/2014,22:30:00,25.238,N,64.427,W
10/10/2014,22:31:59,25.243,N,64.43,W
10/10/2014,22:34:00,25.248,N,64.434,W
10/10/2014,22:36:00,25.254,N,64.437,W
10/10/2014,22:37:59,25.259,N,64.44,W
10/10/2014,22:39:59,25.264,N,64.443,W
10/10/2014,22:42:00,25.269,N,64.446,W
10/10/2014,22:44:00,25.275,N,64.45,W
10/10/2014,22:45:59,25.28,N,64.453,W
10/10/2014,22:47:59,25.285,N,64.456,W
10/10/2014,22:50:00,25.29,N,64.459,W
10/10/2014,22:52:00,25.296,N,64.462,W
10/10/2014,22:53:59,25.301,N,64.465,W
10/10/2014,22:55:59,25.306,N,64.469,W
10/10/2014,22:58:00,25.311,N,64.472,W
10/10/2014,23:00:00,25.317,N,64.475,W
10/10/2014,23:01:59,25.322,N,64.478,W
10/10/2014,23:04:00,25.327,N,64.481,W
10/10/2014,23:06:00,25.332,N,64.484,W
10/10/2014,23:07:59,25.338,N,64.487,W
10/10/2014,23:09:59,25.343,N,64.491,W
10/10/2014,23:12:00,25.348,N,64.494,W
10/10/2014,23:14:00,25.353,N,64.497,W
10/10/2014,23:15:59,25.359,N,64.5,W
10/10/2014,23:17:59,25.364,N,64.503,W
10/10/2014,23:20:00,25.369,N,64.506,W
10/10/2014,23:22:00,25.374,N,64.509,W
10/10/2014,23:23:59,25.379,N,64.512,W
10/10/2014,23:25:59,25.385,N,64.515,W
10/10/2014,23:28:00,25.39,N,64.518,W
10/10/2014,23:30:00,25.395,N,64.522,W
10/10/2014,23:31:59,25.4,N,64.525,W
10/10/2014,23:34:00,25.406,N,64.528,W
10/10/2014,23:36:00,25.411,N,64.531,W
10/10/2014,23:37:59,25.416,N,64.534,W
10/10/2014,23:39:59,25.421,N,64.537,W
10/10/2014,23:42:00,25.426,N,64.54,W
10/10/2014,23:44:00,25.432,N,64.543,W
10/10/2014,23:45:59,25.437,N,64.546,W
10/10/2014,23:47:59,25.442,N,64.549,W
10/10/2014,23:50:00,25.447,N,64.552,W
10/10/2014,23:52:00,25.452,N,64.555,W
10/10/2014,23:53:59,25.458,N,64.558,W
10/10/2014,23:55:59,25.463,N,64.561,W
10/10/2014,23:58:00,25.468,N,64.564,W
10/11/2014,0:00:00,25.473,N,64.567,W
10/11/2014,0:01:59,25.478,N,64.57,W
10/11/2014,0:04:00,25.483,N,64.573,W
10/11/2014,0:06:00,25.489,N,64.576,W
10/11/2014,0:07:59,25.494,N,64.579,W
10/11/2014,0:09:59,25.499,N,64.582,W
10/11/2014,0:12:00,25.504,N,64.585,W
10/11/2014,0:14:00,25.509,N,64.588,W
10/11/2014,0:15:59,25.514,N,64.591,W
10/11/2014,0:17:59,25.52,N,64.594,W
10/11/2014,0:20:00,25.525,N,64.597,W
10/11/2014,0:22:00,25.53,N,64.6,W
10/11/2014,0:23:59,25.535,N,64.603,W
10/11/2014,0:25:59,25.54,N,64.606,W
10/11/2014,0:28:00,25.545,N,64.609,W
10/11/2014,0:30:00,25.55,N,64.612,W
10/11/2014,0:31:59,25.556,N,64.615,W
10/11/2014,0:34:00,25.561,N,64.618,W
10/11/2014,0:36:00,25.566,N,64.621,W
10/11/2014,0:37:59,25.571,N,64.624,W
10/11/2014,0:39:59,25.576,N,64.627,W
10/11/2014,0:42:00,25.581,N,64.63,W
10/11/2014,0:44:00,25.586,N,64.633,W
10/11/2014,0:45:59,25.591,N,64.636,W
10/11/2014,0:47:59,25.597,N,64.639,W
10/11/2014,0:50:00,25.602,N,64.642,W
10/11/2014,0:52:00,25.607,N,64.645,W
10/11/2014,0:53:59,25.612,N,64.647,W
10/11/2014,0:55:59,25.617,N,64.65,W
10/11/2014,0:58:00,25.622,N,64.653,W
10/11/2014,1:00:00,25.627,N,64.656,W
10/11/2014,1:01:59,25.632,N,64.659,W
10/11/2014,1:04:00,25.637,N,64.662,W
10/11/2014,1:06:00,25.642,N,64.665,W
10/11/2014,1:07:59,25.648,N,64.668,W
10/11/2014,1:09:59,25.653,N,64.671,W
10/11/2014,1:12:00,25.658,N,64.673,W
10/11/2014,1:14:00,25.663,N,64.676,W
10/11/2014,1:15:59,25.668,N,64.679,W
10/11/2014,1:17:59,25.673,N,64.682,W
10/11/2014,1:20:00,25.678,N,64.685,W
10/11/2014,1:22:00,25.683,N,64.688,W
10/11/2014,1:23:59,25.688,N,64.691,W
10/11/2014,1:25:59,25.693,N,64.693,W
10/11/2014,1:28:00,25.698,N,64.696,W
10/11/2014,1:30:00,25.703,N,64.699,W
10/11/2014,1:31:59,25.708,N,64.702,W
10/11/2014,1:34:00,25.713,N,64.705,W
10/11/2014,1:36:00,25.718,N,64.708,W
10/11/2014,1:37:59,25.724,N,64.71,W
10/11/2014,1:39:59,25.729,N,64.713,W
10/11/2014,1:42:00,25.734,N,64.716,W
10/11/2014,1:44:00,25.739,N,64.719,W
10/11/2014,1:45:59,25.744,N,64.722,W
10/11/2014,1:47:59,25.749,N,64.724,W
10/11/2014,1:50:00,25.754,N,64.727,W
10/11/2014,1:52:00,25.759,N,64.73,W
10/11/2014,1:53:59,25.764,N,64.733,W
10/11/2014,1:55:59,25.769,N,64.735,W
10/11/2014,1:58:00,25.774,N,64.738,W
10/11/2014,2:00:00,25.779,N,64.741,W
10/11/2014,2:01:59,25.784,N,64.744,W
10/11/2014,2:04:00,25.789,N,64.747,W
10/11/2014,2:06:00,25.794,N,64.749,W
10/11/2014,2:07:59,25.799,N,64.752,W
10/11/2014,2:09:59,25.804,N,64.755,W
10/11/2014,2:12:00,25.809,N,64.758,W
10/11/2014,2:14:00,25.814,N,64.76,W
10/11/2014,2:15:59,25.819,N,64.763,W
10/11/2014,2:17:59,25.824,N,64.766,W
10/11/2014,2:20:00,25.829,N,64.769,W
10/11/2014,2:22:00,25.834,N,64.771,W
10/11/2014,2:23:59,25.839,N,64.774,W
10/11/2014,2:25:59,25.844,N,64.777,W
10/11/2014,2:28:00,25.849,N,64.779,W
10/11/2014,2:30:00,25.854,N,64.782,W
10/11/2014,2:31:59,25.859,N,64.785,W
10/11/2014,2:34:00,25.864,N,64.787,W
10/11/2014,2:36:00,25.869,N,64.79,W
10/11/2014,2:37:59,25.874,N,64.793,W
10/11/2014,2:39:59,25.879,N,64.796,W
10/11/2014,2:42:00,25.884,N,64.798,W
10/11/2014,2:44:00,25.889,N,64.801,W
10/11/2014,2:45:59,25.894,N,64.804,W
10/11/2014,2:47:59,25.899,N,64.806,W
10/11/2014,2:50:00,25.904,N,64.809,W
10/11/2014,2:52:00,25.909,N,64.812,W
10/11/2014,2:53:59,25.914,N,64.814,W
10/11/2014,2:55:59,25.918,N,64.817,W
10/11/2014,2:58:00,25.923,N,64.82,W
10/11/2014,3:00:00,25.928,N,64.822,W
10/11/2014,3:01:59,25.933,N,64.825,W
10/11/2014,3:04:00,25.938,N,64.828,W
10/11/2014,3:06:00,25.943,N,64.83,W
10/11/2014,3:07:59,25.948,N,64.833,W
10/11/2014,3:09:59,25.953,N,64.835,W
10/11/2014,3:12:00,25.958,N,64.838,W
10/11/2014,3:14:00,25.963,N,64.841,W
10/11/2014,3:15:59,25.968,N,64.843,W
10/11/2014,3:17:59,25.973,N,64.846,W
10/11/2014,3:20:00,25.978,N,64.849,W
10/11/2014,3:22:00,25.983,N,64.851,W
10/11/2014,3:23:59,25.988,N,64.854,W
10/11/2014,3:25:59,25.992,N,64.856,W
10/11/2014,3:28:00,25.997,N,64.859,W
10/11/2014,3:30:00,26.002,N,64.862,W
10/11/2014,3:31:59,26.007,N,64.864,W
10/11/2014,3:34:00,26.012,N,64.867,W
10/11/2014,3:36:00,26.017,N,64.869,W
10/11/2014,3:37:59,26.022,N,64.872,W
10/11/2014,3:39:59,26.027,N,64.875,W
10/11/2014,3:42:00,26.032,N,64.877,W
10/11/2014,3:44:00,26.037,N,64.88,W
10/11/2014,3:45:59,26.042,N,64.882,W
10/11/2014,3:47:59,26.046,N,64.885,W
10/11/2014,3:50:00,26.051,N,64.887,W
10/11/2014,3:52:00,26.056,N,64.89,W
10/11/2014,3:53:59,26.061,N,64.892,W
10/11/2014,3:55:59,26.066,N,64.895,W
10/11/2014,3:58:00,26.071,N,64.898,W
10/11/2014,4:00:00,26.076,N,64.9,W
10/11/2014,4:01:59,26.081,N,64.903,W
10/11/2014,4:04:00,26.086,N,64.905,W
10/11/2014,4:06:00,26.09,N,64.908,W
10/11/2014,4:07:59,26.095,N,64.91,W
10/11/2014,4:09:59,26.1,N,64.913,W
10/11/2014,4:12:00,26.105,N,64.915,W
10/11/2014,4:14:00,26.11,N,64.918,W
10/11/2014,4:15:59,26.115,N,64.92,W
10/11/2014,4:17:59,26.12,N,64.923,W
10/11/2014,4:20:00,26.124,N,64.925,W
10/11/2014,4:22:00,26.129,N,64.928,W
10/11/2014,4:23:59,26.134,N,64.93,W
10/11/2014,4:25:59,26.139,N,64.933,W
10/11/2014,4:28:00,26.144,N,64.935,W
10/11/2014,4:30:00,26.149,N,64.938,W
10/11/2014,4:31:59,26.154,N,64.94,W
10/11/2014,4:34:00,26.158,N,64.943,W
10/11/2014,4:36:00,26.163,N,64.945,W
10/11/2014,4:37:59,26.168,N,64.948,W
10/11/2014,4:39:59,26.173,N,64.95,W
10/11/2014,4:42:00,26.178,N,64.953,W
10/11/2014,4:44:00,26.183,N,64.955,W
10/11/2014,4:45:59,26.188,N,64.958,W
10/11/2014,4:47:59,26.192,N,64.96,W
10/11/2014,4:50:00,26.197,N,64.963,W
10/11/2014,4:52:00,26.202,N,64.965,W
10/11/2014,4:53:59,26.207,N,64.968,W
10/11/2014,4:55:59,26.212,N,64.97,W
10/11/2014,4:58:00,26.217,N,64.973,W
10/11/2014,5:00:00,26.221,N,64.975,W
10/11/2014,5:01:59,26.226,N,64.977,W
10/11/2014,5:04:00,26.231,N,64.98,W
10/11/2014,5:06:00,26.236,N,64.982,W
10/11/2014,5:07:59,26.241,N,64.985,W
10/11/2014,5:09:59,26.245,N,64.987,W
10/11/2014,5:12:00,26.25,N,64.99,W
10/11/2014,5:14:00,26.255,N,64.992,W
10/11/2014,5:15:59,26.26,N,64.994,W
10/11/2014,5:17:59,26.265,N,64.997,W
10/11/2014,5:20:00,26.269,N,64.999,W
10/11/2014,5:22:00,26.274,N,65.002,W
10/11/2014,5:23:59,26.279,N,65.004,W
10/11/2014,5:25:59,26.284,N,65.007,W
10/11/2014,5:28:00,26.289,N,65.009,W
10/11/2014,5:30:00,26.293,N,65.011,W
10/11/2014,5:31:59,26.298,N,65.014,W
10/11/2014,5:34:00,26.303,N,65.016,W
10/11/2014,5:36:00,26.308,N,65.019,W
10/11/2014,5:37:59,26.313,N,65.021,W
10/11/2014,5:39:59,26.317,N,65.023,W
10/11/2014,5:42:00,26.322,N,65.026,W
10/11/2014,5:44:00,26.327,N,65.028,W
10/11/2014,5:45:59,26.332,N,65.03,W
10/11/2014,5:47:59,26.337,N,65.033,W
10/11/2014,5:50:00,26.341,N,65.035,W
10/11/2014,5:52:00,26.346,N,65.038,W
10/11/2014,5:53:59,26.351,N,65.04,W
10/11/2014,5:55:59,26.356,N,65.042,W
10/11/2014,5:58:00,26.36,N,65.045,W
10/11/2014,6:00:00,26.365,N,65.047,W
10/11/2014,6:01:59,26.37,N,65.049,W
10/11/2014,6:04:00,26.375,N,65.052,W
10/11/2014,6:06:00,26.38,N,65.054,W
10/11/2014,6:07:59,26.384,N,65.056,W
10/11/2014,6:09:59,26.389,N,65.059,W
10/11/2014,6:12:00,26.394,N,65.061,W
10/11/2014,6:14:00,26.399,N,65.064,W
10/11/2014,6:15:59,26.403,N,65.066,W
10/11/2014,6:17:59,26.408,N,65.068,W
10/11/2014,6:20:00,26.413,N,65.071,W
10/11/2014,6:22:00,26.418,N,65.073,W
10/11/2014,6:23:59,26.422,N,65.075,W
10/11/2014,6:25:59,26.427,N,65.078,W
10/11/2014,6:28:00,26.432,N,65.08,W
10/11/2014,6:30:00,26.437,N,65.082,W
10/11/2014,6:31:59,26.441,N,65.085,W
10/11/2014,6:34:00,26.446,N,65.087,W
10/11/2014,6:36:00,26.451,N,65.089,W
10/11/2014,6:37:59,26.456,N,65.091,W
10/11/2014,6:39:59,26.46,N,65.094,W
10/11/2014,6:42:00,26.465,N,65.096,W
10/11/2014,6:44:00,26.47,N,65.098,W
10/11/2014,6:45:59,26.474,N,65.101,W
10/11/2014,6:47:59,26.479,N,65.103,W
10/11/2014,6:50:00,26.484,N,65.105,W
10/11/2014,6:52:00,26.489,N,65.108,W
10/11/2014,6:53:59,26.493,N,65.11,W
10/11/2014,6:55:59,26.498,N,65.112,W
10/11/2014,6:58:00,26.503,N,65.114,W
10/11/2014,7:00:00,26.508,N,65.117,W
10/11/2014,7:01:59,26.512,N,65.119,W
10/11/2014,7:04:00,26.517,N,65.121,W
10/11/2014,7:06:00,26.522,N,65.124,W
10/11/2014,7:07:59,26.526,N,65.126,W
10/11/2014,7:09:59,26.531,N,65.128,W
10/11/2014,7:12:00,26.536,N,65.13,W
10/11/2014,7:14:00,26.541,N,65.133,W
10/11/2014,7:15:59,26.545,N,65.135,W
10/11/2014,7:17:59,26.55,N,65.137,W
10/11/2014,7:20:00,26.555,N,65.139,W
10/11/2014,7:22:00,26.559,N,65.142,W
10/11/2014,7:23:59,26.564,N,65.144,W
10/11/2014,7:25:59,26.569,N,65.146,W
10/11/2014,7:28:00,26.574,N,65.149,W
10/11/2014,7:30:00,26.578,N,65.151,W
10/11/2014,7:31:59,26.583,N,65.153,W
10/11/2014,7:34:00,26.588,N,65.155,W
10/11/2014,7:36:00,26.592,N,65.158,W
10/11/2014,7:37:59,26.597,N,65.16,W
10/11/2014,7:39:59,26.602,N,65.162,W
10/11/2014,7:42:00,26.606,N,65.164,W
10/11/2014,7:44:00,26.611,N,65.166,W
10/11/2014,7:45:59,26.616,N,65.169,W
10/11/2014,7:47:59,26.621,N,65.171,W
10/11/2014,7:50:00,26.625,N,65.173,W
10/11/2014,7:52:00,26.63,N,65.175,W
10/11/2014,7:53:59,26.635,N,65.178,W
10/11/2014,7:55:59,26.639,N,65.18,W
10/11/2014,7:58:00,26.644,N,65.182,W
10/11/2014,8:00:00,26.649,N,65.184,W
10/11/2014,8:01:59,26.653,N,65.187,W
10/11/2014,8:03:59,26.658,N,65.189,W
10/11/2014,8:05:59,26.663,N,65.191,W
10/11/2014,8:08:00,26.667,N,65.193,W
10/11/2014,8:10:00,26.672,N,65.195,W
10/11/2014,8:12:00,26.677,N,65.198,W
10/11/2014,8:14:00,26.681,N,65.2,W
10/11/2014,8:15:59,26.686,N,65.202,W
10/11/2014,8:17:59,26.691,N,65.204,W
10/11/2014,8:19:59,26.695,N,65.206,W
10/11/2014,8:21:59,26.7,N,65.209,W
10/11/2014,8:24:00,26.705,N,65.211,W
10/11/2014,8:26:00,26.709,N,65.213,W
10/11/2014,8:28:00,26.714,N,65.215,W
10/11/2014,8:30:00,26.719,N,65.217,W
10/11/2014,8:31:59,26.723,N,65.22,W
10/11/2014,8:33:59,26.728,N,65.222,W
10/11/2014,8:35:59,26.733,N,65.224,W
10/11/2014,8:38:00,26.737,N,65.226,W
10/11/2014,8:40:00,26.742,N,65.228,W
10/11/2014,8:42:00,26.747,N,65.23,W
10/11/2014,8:44:00,26.751,N,65.233,W
10/11/2014,8:45:59,26.756,N,65.235,W
10/11/2014,8:47:59,26.761,N,65.237,W
10/11/2014,8:49:59,26.765,N,65.239,W
10/11/2014,8:51:59,26.77,N,65.241,W
10/11/2014,8:54:00,26.775,N,65.244,W
10/11/2014,8:56:00,26.779,N,65.246,W
10/11/2014,8:58:00,26.784,N,65.248,W
10/11/2014,9:00:00,26.789,N,65.25,W
10/11/2014,9:01:59,26.793,N,65.252,W
10/11/2014,9:03:59,26.798,N,65.254,W
10/11/2014,9:05:59,26.803,N,65.257,W
10/11/2014,9:08:00,26.807,N,65.259,W
10/11/2014,9:10:00,26.812,N,65.261,W
10/11/2014,9:12:00,26.817,N,65.263,W
10/11/2014,9:14:00,26.821,N,65.265,W
10/11/2014,9:15:59,26.826,N,65.267,W
10/11/2014,9:17:59,26.83,N,65.269,W
10/11/2014,9:19:59,26.835,N,65.272,W
10/11/2014,9:21:59,26.84,N,65.274,W
10/11/2014,9:24:00,26.844,N,65.276,W
10/11/2014,9:26:00,26.849,N,65.278,W
10/11/2014,9:28:00,26.854,N,65.28,W
10/11/2014,9:30:00,26.858,N,65.282,W
10/11/2014,9:31:59,26.863,N,65.285,W
10/11/2014,9:33:59,26.868,N,65.287,W
10/11/2014,9:35:59,26.872,N,65.289,W
10/11/2014,9:38:00,26.877,N,65.291,W
10/11/2014,9:40:00,26.881,N,65.293,W
10/11/2014,9:42:00,26.886,N,65.295,W
10/11/2014,9:44:00,26.891,N,65.297,W
10/11/2014,9:45:59,26.895,N,65.299,W
10/11/2014,9:47:59,26.9,N,65.302,W
10/11/2014,9:49:59,26.905,N,65.304,W
10/11/2014,9:51:59,26.909,N,65.306,W
10/11/2014,9:54:00,26.914,N,65.308,W
10/11/2014,9:56:00,26.919,N,65.31,W
10/11/2014,9:58:00,26.923,N,65.312,W
10/11/2014,10:00:00,26.928,N,65.314,W
10/11/2014,10:01:59,26.932,N,65.316,W
10/11/2014,10:03:59,26.937,N,65.319,W
10/11/2014,10:05:59,26.942,N,65.321,W
10/11/2014,10:08:00,26.946,N,65.323,W
10/11/2014,10:10:00,26.951,N,65.325,W
10/11/2014,10:12:00,26.955,N,65.327,W
10/11/2014,10:14:00,26.96,N,65.329,W
10/11/2014,10:15:59,26.965,N,65.331,W
10/11/2014,10:17:59,26.969,N,65.333,W
10/11/2014,10:19:59,26.974,N,65.335,W
10/11/2014,10:21:59,26.979,N,65.338,W
10/11/2014,10:24:00,26.983,N,65.34,W
10/11/2014,10:26:00,26.988,N,65.342,W
10/11/2014,10:28:00,26.992,N,65.344,W
10/11/2014,10:30:00,26.997,N,65.346,W
10/11/2014,10:31:59,27.002,N,65.348,W
10/11/2014,10:33:59,27.006,N,65.35,W
10/11/2014,10:35:59,27.011,N,65.352,W
10/11/2014,10:38:00,27.015,N,65.354,W
10/11/2014,10:40:00,27.02,N,65.356,W
10/11/2014,10:42:00,27.025,N,65.359,W
10/11/2014,10:44:00,27.029,N,65.361,W
10/11/2014,10:45:59,27.034,N,65.363,W
10/11/2014,10:47:59,27.038,N,65.365,W
10/11/2014,10:49:59,27.043,N,65.367,W
10/11/2014,10:51:59,27.048,N,65.369,W
10/11/2014,10:54:00,27.052,N,65.371,W
10/11/2014,10:56:00,27.057,N,65.373,W
10/11/2014,10:58:00,27.062,N,65.375,W
10/11/2014,11:00:00,27.066,N,65.377,W
10/11/2014,11:01:59,27.071,N,65.379,W
10/11/2014,11:03:59,27.075,N,65.382,W
10/11/2014,11:05:59,27.08,N,65.384,W
10/11/2014,11:08:00,27.085,N,65.386,W
10/11/2014,11:10:00,27.089,N,65.388,W
10/11/2014,11:12:00,27.094,N,65.39,W
10/11/2014,11:14:00,27.098,N,65.392,W
10/11/2014,11:15:59,27.103,N,65.394,W
10/11/2014,11:17:59,27.108,N,65.396,W
10/11/2014,11:19:59,27.112,N,65.398,W
10/11/2014,11:21:59,27.117,N,65.4,W
10/11/2014,11:24:00,27.121,N,65.402,W
10/11/2014,11:26:00,27.126,N,65.404,W
10/11/2014,11:28:00,27.13,N,65.407,W
10/11/2014,11:30:00,27.135,N,65.409,W
10/11/2014,11:31:59,27.14,N,65.411,W
10/11/2014,11:33:59,27.144,N,65.413,W
10/11/2014,11:35:59,27.149,N,65.415,W
10/11/2014,11:38:00,27.153,N,65.417,W
10/11/2014,11:40:00,27.158,N,65.419,W
10/11/2014,11:42:00,27.163,N,65.421,W
10/11/2014,11:44:00,27.167,N,65.423,W
10/11/2014,11:45:59,27.172,N,65.425,W
10/11/2014,11:47:59,27.176,N,65.427,W
10/11/2014,11:49:59,27.181,N,65.429,W
10/11/2014,11:51:59,27.186,N,65.431,W
10/11/2014,11:54:00,27.19,N,65.433,W
10/11/2014,11:56:00,27.195,N,65.435,W
10/11/2014,11:58:00,27.199,N,65.438,W
10/11/2014,12:00:00,27.204,N,65.44,W
10/11/2014,12:01:19,27.207,N,65.441,W
10/11/2014,12:03:20,27.215,N,65.443,W
10/11/2014,12:05:20,27.224,N,65.446,W
10/11/2014,12:07:20,27.232,N,65.448,W
10/11/2014,12:09:20,27.241,N,65.45,W
10/11/2014,12:11:19,27.249,N,65.453,W
10/11/2014,12:13:19,27.257,N,65.455,W
10/11/2014,12:15:19,27.266,N,65.457,W
10/11/2014,12:17:19,27.274,N,65.46,W
10/11/2014,12:19:20,27.283,N,65.462,W
10/11/2014,12:21:20,27.291,N,65.464,W
10/11/2014,12:23:20,27.3,N,65.466,W
10/11/2014,12:25:19,27.308,N,65.469,W
10/11/2014,12:27:19,27.317,N,65.471,W
10/11/2014,12:29:19,27.325,N,65.473,W
10/11/2014,12:31:19,27.334,N,65.475,W
10/11/2014,12:33:20,27.342,N,65.477,W
10/11/2014,12:35:20,27.35,N,65.479,W
10/11/2014,12:37:20,27.359,N,65.482,W
10/11/2014,12:39:20,27.367,N,65.484,W
10/11/2014,12:41:19,27.376,N,65.486,W
10/11/2014,12:43:19,27.384,N,65.488,W
10/11/2014,12:45:19,27.393,N,65.49,W
10/11/2014,12:47:19,27.401,N,65.492,W
10/11/2014,12:49:20,27.41,N,65.494,W
10/11/2014,12:51:20,27.418,N,65.496,W
10/11/2014,12:53:20,27.427,N,65.498,W
10/11/2014,12:55:19,27.435,N,65.5,W
10/11/2014,12:57:19,27.444,N,65.502,W
10/11/2014,12:59:19,27.452,N,65.504,W
10/11/2014,13:01:19,27.461,N,65.506,W
10/11/2014,13:03:20,27.47,N,65.508,W
10/11/2014,13:05:20,27.478,N,65.51,W
10/11/2014,13:07:20,27.487,N,65.511,W
10/11/2014,13:09:20,27.495,N,65.513,W
10/11/2014,13:11:19,27.504,N,65.515,W
10/11/2014,13:13:19,27.512,N,65.517,W
10/11/2014,13:15:19,27.521,N,65.519,W
10/11/2014,13:17:19,27.529,N,65.521,W
10/11/2014,13:19:20,27.538,N,65.522,W
10/11/2014,13:21:20,27.546,N,65.524,W
10/11/2014,13:23:20,27.555,N,65.526,W
10/11/2014,13:25:19,27.563,N,65.528,W
10/11/2014,13:27:19,27.572,N,65.529,W
10/11/2014,13:29:19,27.581,N,65.531,W
10/11/2014,13:31:19,27.589,N,65.533,W
10/11/2014,13:33:20,27.598,N,65.534,W
10/11/2014,13:35:20,27.606,N,65.536,W
10/11/2014,13:37:20,27.615,N,65.538,W
10/11/2014,13:39:20,27.623,N,65.539,W
10/11/2014,13:41:19,27.632,N,65.541,W
10/11/2014,13:43:19,27.64,N,65.542,W
10/11/2014,13:45:19,27.649,N,65.544,W
10/11/2014,13:47:19,27.657,N,65.545,W
10/11/2014,13:48:09,27.661,N,65.546,W
10/11/2014,13:50:10,27.67,N,65.548,W
10/11/2014,13:52:10,27.678,N,65.549,W
10/11/2014,13:54:10,27.687,N,65.551,W
10/11/2014,13:56:10,27.696,N,65.553,W
10/11/2014,13:58:09,27.705,N,65.555,W
10/11/2014,14:00:09,27.713,N,65.556,W
10/11/2014,14:02:09,27.722,N,65.558,W
10/11/2014,14:04:09,27.731,N,65.56,W
10/11/2014,14:06:10,27.74,N,65.561,W
10/11/2014,14:08:10,27.748,N,65.563,W
10/11/2014,14:10:10,27.757,N,65.565,W
10/11/2014,14:12:10,27.766,N,65.566,W
10/11/2014,14:14:09,27.775,N,65.568,W
10/11/2014,14:16:09,27.784,N,65.569,W
10/11/2014,14:18:09,27.792,N,65.571,W
10/11/2014,14:20:10,27.801,N,65.573,W
10/11/2014,14:22:10,27.81,N,65.574,W
10/11/2014,14:24:10,27.819,N,65.576,W
10/11/2014,14:26:10,27.828,N,65.577,W
10/11/2014,14:28:09,27.837,N,65.579,W
10/11/2014,14:30:09,27.846,N,65.58,W
10/11/2014,14:32:09,27.855,N,65.582,W
10/11/2014,14:34:09,27.864,N,65.583,W
10/11/2014,14:36:10,27.873,N,65.584,W
10/11/2014,14:38:10,27.882,N,65.586,W
10/11/2014,14:40:10,27.891,N,65.587,W
10/11/2014,14:42:10,27.9,N,65.589,W
10/11/2014,14:44:09,27.909,N,65.59,W
10/11/2014,14:46:09,27.918,N,65.591,W
10/11/2014,14:48:09,27.927,N,65.593,W
10/11/2014,14:50:10,27.936,N,65.594,W
10/11/2014,14:52:10,27.945,N,65.595,W
10/11/2014,14:54:10,27.954,N,65.596,W
10/11/2014,14:56:10,27.963,N,65.598,W
10/11/2014,14:58:09,27.972,N,65.599,W
10/11/2014,15:00:09,27.982,N,65.6,W
10/11/2014,15:02:09,27.991,N,65.601,W
10/11/2014,15:04:09,28,N,65.603,W
10/11/2014,15:06:10,28.009,N,65.604,W
10/11/2014,15:08:10,28.018,N,65.605,W
10/11/2014,15:10:10,28.028,N,65.606,W
10/11/2014,15:12:10,28.037,N,65.607,W
10/11/2014,15:14:09,28.046,N,65.608,W
10/11/2014,15:16:09,28.055,N,65.609,W
10/11/2014,15:18:09,28.065,N,65.61,W
10/11/2014,15:20:10,28.074,N,65.611,W
10/11/2014,15:22:10,28.084,N,65.612,W
10/11/2014,15:24:10,28.093,N,65.613,W
10/11/2014,15:26:10,28.102,N,65.614,W
10/11/2014,15:28:09,28.112,N,65.615,W
10/11/2014,15:30:09,28.121,N,65.616,W
10/11/2014,15:32:09,28.131,N,65.617,W
10/11/2014,15:34:09,28.14,N,65.618,W
10/11/2014,15:36:10,28.15,N,65.618,W
10/11/2014,15:38:10,28.159,N,65.619,W
10/11/2014,15:40:10,28.169,N,65.62,W
10/11/2014,15:42:10,28.178,N,65.621,W
10/11/2014,15:44:09,28.188,N,65.622,W
10/11/2014,15:46:09,28.197,N,65.622,W
10/11/2014,15:48:09,28.207,N,65.623,W
10/11/2014,15:50:10,28.217,N,65.624,W
10/11/2014,15:52:10,28.226,N,65.624,W
10/11/2014,15:54:10,28.236,N,65.625,W
10/11/2014,15:56:10,28.246,N,65.626,W
10/11/2014,15:58:09,28.255,N,65.626,W
10/11/2014,16:00:09,28.265,N,65.627,W
10/11/2014,16:02:09,28.275,N,65.627,W
10/11/2014,16:04:09,28.285,N,65.628,W
10/11/2014,16:06:10,28.294,N,65.628,W
10/11/2014,16:08:10,28.304,N,65.629,W
10/11/2014,16:10:10,28.314,N,65.629,W
10/11/2014,16:12:10,28.324,N,65.63,W
10/11/2014,16:14:09,28.333,N,65.63,W
10/11/2014,16:16:09,28.343,N,65.63,W
10/11/2014,16:18:09,28.353,N,65.631,W
10/11/2014,16:20:10,28.363,N,65.631,W
10/11/2014,16:22:10,28.373,N,65.631,W
10/11/2014,16:24:10,28.383,N,65.632,W
10/11/2014,16:26:10,28.393,N,65.632,W
10/11/2014,16:28:09,28.402,N,65.632,W
10/11/2014,16:30:09,28.412,N,65.632,W
10/11/2014,16:32:09,28.422,N,65.633,W
10/11/2014,16:34:09,28.432,N,65.633,W
10/11/2014,16:36:10,28.442,N,65.633,W
10/11/2014,16:38:10,28.452,N,65.633,W
10/11/2014,16:40:10,28.462,N,65.633,W
10/11/2014,16:42:10,28.472,N,65.633,W
10/11/2014,16:44:09,28.482,N,65.633,W
10/11/2014,16:46:09,28.492,N,65.633,W
10/11/2014,16:48:09,28.502,N,65.634,W
10/11/2014,16:50:10,28.511,N,65.634,W
10/11/2014,16:52:10,28.521,N,65.634,W
10/11/2014,16:54:10,28.531,N,65.634,W
10/11/2014,16:56:10,28.541,N,65.633,W
10/11/2014,16:58:09,28.551,N,65.633,W
10/11/2014,17:00:09,28.561,N,65.633,W
10/11/2014,17:02:09,28.571,N,65.633,W
10/11/2014,17:04:09,28.581,N,65.633,W
10/11/2014,17:06:10,28.591,N,65.633,W
10/11/2014,17:08:10,28.601,N,65.633,W
10/11/2014,17:10:10,28.611,N,65.633,W
10/11/2014,17:12:10,28.621,N,65.633,W
10/11/2014,17:14:09,28.63,N,65.632,W
10/11/2014,17:16:09,28.64,N,65.632,W
10/11/2014,17:18:09,28.65,N,65.632,W
10/11/2014,17:20:10,28.66,N,65.632,W
10/11/2014,17:22:10,28.67,N,65.631,W
10/11/2014,17:24:10,28.68,N,65.631,W
10/11/2014,17:26:10,28.69,N,65.631,W
10/11/2014,17:28:09,28.7,N,65.63,W
10/11/2014,17:30:09,28.709,N,65.63,W
10/11/2014,17:32:09,28.719,N,65.63,W
10/11/2014,17:34:09,28.729,N,65.629,W
10/11/2014,17:36:10,28.739,N,65.629,W
10/11/2014,17:38:10,28.749,N,65.629,W
10/11/2014,17:40:10,28.758,N,65.628,W
10/11/2014,17:42:10,28.768,N,65.628,W
10/11/2014,17:44:09,28.778,N,65.627,W
10/11/2014,17:46:09,28.788,N,65.627,W
10/11/2014,17:48:09,28.797,N,65.626,W
10/11/2014,17:50:10,28.807,N,65.626,W
10/11/2014,17:52:10,28.817,N,65.625,W
10/11/2014,17:54:10,28.826,N,65.625,W
10/11/2014,17:56:10,28.836,N,65.624,W
10/11/2014,17:58:09,28.846,N,65.624,W
10/11/2014,18:00:09,28.855,N,65.623,W
10/11/2014,18:02:09,28.865,N,65.622,W
10/11/2014,18:04:09,28.874,N,65.622,W
10/11/2014,18:06:10,28.884,N,65.621,W
10/11/2014,18:08:10,28.894,N,65.62,W
10/11/2014,18:10:10,28.903,N,65.62,W
10/11/2014,18:12:10,28.913,N,65.619,W
10/11/2014,18:14:09,28.922,N,65.618,W
10/11/2014,18:16:09,28.931,N,65.618,W
10/11/2014,18:18:09,28.941,N,65.617,W
10/11/2014,18:20:10,28.95,N,65.616,W
10/11/2014,18:22:10,28.96,N,65.615,W
10/11/2014,18:24:10,28.969,N,65.615,W
10/11/2014,18:26:10,28.978,N,65.614,W
10/11/2014,18:28:09,28.988,N,65.613,W
10/11/2014,18:30:09,28.997,N,65.612,W
10/11/2014,18:32:09,29.006,N,65.611,W
10/11/2014,18:34:09,29.015,N,65.611,W
10/11/2014,18:36:10,29.025,N,65.61,W
10/11/2014,18:38:10,29.034,N,65.609,W
10/11/2014,18:40:10,29.043,N,65.608,W
10/11/2014,18:42:10,29.052,N,65.607,W
10/11/2014,18:44:09,29.061,N,65.606,W
10/11/2014,18:46:09,29.07,N,65.605,W
10/11/2014,18:48:09,29.079,N,65.604,W
10/11/2014,18:50:10,29.088,N,65.603,W
10/11/2014,18:52:10,29.097,N,65.602,W
10/11/2014,18:54:10,29.106,N,65.601,W
10/11/2014,18:56:10,29.115,N,65.6,W
10/11/2014,18:58:09,29.124,N,65.599,W
10/11/2014,19:00:09,29.132,N,65.598,W
10/11/2014,19:02:09,29.141,N,65.597,W
10/11/2014,19:04:09,29.15,N,65.596,W
10/11/2014,19:06:10,29.159,N,65.595,W
10/11/2014,19:08:10,29.167,N,65.594,W
10/11/2014,19:10:10,29.176,N,65.593,W
10/11/2014,19:12:10,29.184,N,65.592,W
10/11/2014,19:14:09,29.193,N,65.591,W
10/11/2014,19:16:09,29.201,N,65.59,W
10/11/2014,19:18:09,29.21,N,65.589,W
10/11/2014,19:20:10,29.218,N,65.588,W
10/11/2014,19:22:10,29.227,N,65.586,W
10/11/2014,19:24:10,29.235,N,65.585,W
10/11/2014,19:26:10,29.243,N,65.584,W
10/11/2014,19:28:09,29.252,N,65.583,W
10/11/2014,19:30:09,29.26,N,65.582,W
10/11/2014,19:32:09,29.268,N,65.581,W
10/11/2014,19:34:09,29.276,N,65.579,W
10/11/2014,19:36:10,29.284,N,65.578,W
10/11/2014,19:38:10,29.292,N,65.577,W
10/11/2014,19:40:10,29.3,N,65.576,W
10/11/2014,19:42:10,29.308,N,65.574,W
10/11/2014,19:44:09,29.316,N,65.573,W
10/11/2014,19:46:09,29.324,N,65.572,W
10/11/2014,19:48:09,29.332,N,65.571,W
10/11/2014,19:50:10,29.34,N,65.569,W
10/11/2014,19:52:10,29.348,N,65.568,W
10/11/2014,19:54:10,29.355,N,65.567,W
10/11/2014,19:56:10,29.363,N,65.565,W
10/11/2014,19:58:09,29.371,N,65.564,W
10/11/2014,20:00:09,29.379,N,65.563,W
10/11/2014,20:02:09,29.386,N,65.561,W
10/11/2014,20:04:09,29.394,N,65.56,W
10/11/2014,20:06:10,29.401,N,65.559,W
10/11/2014,20:08:10,29.409,N,65.557,W
10/11/2014,20:10:10,29.416,N,65.556,W
10/11/2014,20:12:10,29.424,N,65.554,W
10/11/2014,20:14:09,29.431,N,65.553,W
10/11/2014,20:16:09,29.439,N,65.552,W
10/11/2014,20:18:09,29.446,N,65.55,W
10/11/2014,20:20:10,29.454,N,65.549,W
10/11/2014,20:22:10,29.461,N,65.547,W
10/11/2014,20:24:10,29.468,N,65.546,W
10/11/2014,20:26:10,29.475,N,65.545,W
10/11/2014,20:28:09,29.483,N,65.543,W
10/11/2014,20:30:09,29.49,N,65.542,W
10/11/2014,20:32:09,29.497,N,65.54,W
10/11/2014,20:34:09,29.504,N,65.539,W
10/11/2014,20:36:10,29.511,N,65.537,W
10/11/2014,20:38:10,29.519,N,65.536,W
10/11/2014,20:40:10,29.526,N,65.534,W
10/11/2014,20:42:10,29.533,N,65.533,W
10/11/2014,20:44:09,29.54,N,65.531,W
10/11/2014,20:46:09,29.547,N,65.53,W
10/11/2014,20:48:09,29.554,N,65.528,W
10/11/2014,20:50:10,29.561,N,65.527,W
10/11/2014,20:52:10,29.568,N,65.525,W
10/11/2014,20:54:10,29.575,N,65.523,W
10/11/2014,20:56:10,29.581,N,65.522,W
10/11/2014,20:58:09,29.588,N,65.52,W
10/11/2014,21:00:09,29.595,N,65.519,W
10/11/2014,21:02:09,29.602,N,65.517,W
10/11/2014,21:04:09,29.609,N,65.516,W
10/11/2014,21:06:10,29.616,N,65.514,W
10/11/2014,21:08:10,29.622,N,65.512,W
10/11/2014,21:10:10,29.629,N,65.511,W
10/11/2014,21:12:10,29.636,N,65.509,W
10/11/2014,21:14:09,29.642,N,65.508,W
10/11/2014,21:16:09,29.649,N,65.506,W
10/11/2014,21:18:09,29.656,N,65.504,W
10/11/2014,21:20:10,29.662,N,65.503,W
10/11/2014,21:22:10,29.669,N,65.501,W
10/11/2014,21:24:10,29.676,N,65.5,W
10/11/2014,21:26:10,29.682,N,65.498,W
10/11/2014,21:28:09,29.689,N,65.496,W
10/11/2014,21:30:09,29.695,N,65.495,W
10/11/2014,21:32:09,29.702,N,65.493,W
10/11/2014,21:34:09,29.708,N,65.491,W
10/11/2014,21:36:10,29.715,N,65.49,W
10/11/2014,21:38:10,29.721,N,65.488,W
10/11/2014,21:40:10,29.728,N,65.486,W
10/11/2014,21:42:10,29.734,N,65.485,W
10/11/2014,21:44:09,29.741,N,65.483,W
10/11/2014,21:46:09,29.747,N,65.481,W
10/11/2014,21:48:09,29.754,N,65.48,W
10/11/2014,21:50:10,29.76,N,65.478,W
10/11/2014,21:52:10,29.767,N,65.476,W
10/11/2014,21:54:10,29.773,N,65.475,W
10/11/2014,21:56:10,29.779,N,65.473,W
10/11/2014,21:58:09,29.786,N,65.471,W
10/11/2014,22:00:09,29.792,N,65.469,W
10/11/2014,22:02:09,29.798,N,65.468,W
10/11/2014,22:04:09,29.805,N,65.466,W
10/11/2014,22:06:10,29.811,N,65.464,W
10/11/2014,22:08:10,29.817,N,65.463,W
10/11/2014,22:10:10,29.824,N,65.461,W
10/11/2014,22:12:10,29.83,N,65.459,W
10/11/2014,22:14:09,29.836,N,65.457,W
10/11/2014,22:16:09,29.843,N,65.456,W
10/11/2014,22:18:09,29.849,N,65.454,W
10/11/2014,22:20:10,29.855,N,65.452,W
10/11/2014,22:22:10,29.861,N,65.451,W
10/11/2014,22:24:10,29.868,N,65.449,W
10/11/2014,22:26:10,29.874,N,65.447,W
10/11/2014,22:28:09,29.88,N,65.445,W
10/11/2014,22:30:09,29.886,N,65.444,W
10/11/2014,22:32:09,29.893,N,65.442,W
10/11/2014,22:34:09,29.899,N,65.44,W
10/11/2014,22:36:10,29.905,N,65.438,W
10/11/2014,22:38:10,29.911,N,65.437,W
10/11/2014,22:40:10,29.917,N,65.435,W
10/11/2014,22:42:10,29.924,N,65.433,W
10/11/2014,22:44:09,29.93,N,65.431,W
10/11/2014,22:46:09,29.936,N,65.43,W
10/11/2014,22:48:04,29.942,N,65.428,W
10/11/2014,22:50:04,29.948,N,65.426,W
10/11/2014,22:52:05,29.954,N,65.425,W
10/11/2014,22:54:05,29.961,N,65.423,W
10/11/2014,22:56:05,29.967,N,65.421,W
10/11/2014,22:56:08,29.967,N,65.421,W
10/11/2014,22:58:08,29.974,N,65.417,W
10/11/2014,23:00:08,29.98,N,65.413,W
10/11/2014,23:02:08,29.987,N,65.409,W
10/11/2014,23:04:09,29.993,N,65.405,W
10/11/2014,23:06:09,30,N,65.401,W
10/11/2014,23:08:09,30.007,N,65.398,W
10/11/2014,23:10:08,30.013,N,65.394,W
10/11/2014,23:12:08,30.02,N,65.39,W
10/11/2014,23:14:08,30.026,N,65.386,W
10/11/2014,23:16:08,30.033,N,65.382,W
10/11/2014,23:18:09,30.039,N,65.378,W
10/11/2014,23:20:09,30.046,N,65.374,W
10/11/2014,23:22:09,30.053,N,65.37,W
10/11/2014,23:24:09,30.059,N,65.366,W
10/11/2014,23:26:08,30.066,N,65.363,W
10/11/2014,23:28:08,30.073,N,65.359,W
10/11/2014,23:30:08,30.079,N,65.355,W
10/11/2014,23:32:08,30.086,N,65.351,W
10/11/2014,23:34:09,30.093,N,65.347,W
10/11/2014,23:36:09,30.099,N,65.343,W
10/11/2014,23:38:09,30.106,N,65.339,W
10/11/2014,23:40:08,30.112,N,65.336,W
10/11/2014,23:42:08,30.119,N,65.332,W
10/11/2014,23:44:08,30.126,N,65.328,W
10/11/2014,23:46:08,30.133,N,65.324,W
10/11/2014,23:48:09,30.139,N,65.32,W
10/11/2014,23:50:09,30.146,N,65.316,W
10/11/2014,23:52:09,30.153,N,65.313,W
10/11/2014,23:54:09,30.159,N,65.309,W
10/11/2014,23:56:08,30.166,N,65.305,W
10/11/2014,23:58:08,30.173,N,65.301,W
10/12/2014,0:00:08,30.18,N,65.298,W
10/12/2014,0:02:08,30.186,N,65.294,W
10/12/2014,0:04:09,30.193,N,65.29,W
10/12/2014,0:06:09,30.2,N,65.286,W
10/12/2014,0:08:09,30.207,N,65.283,W
10/12/2014,0:10:08,30.213,N,65.279,W
10/12/2014,0:12:08,30.22,N,65.275,W
10/12/2014,0:14:08,30.227,N,65.272,W
10/12/2014,0:16:08,30.234,N,65.268,W
10/12/2014,0:18:09,30.241,N,65.264,W
10/12/2014,0:20:09,30.248,N,65.261,W
10/12/2014,0:22:09,30.254,N,65.257,W
10/12/2014,0:24:09,30.261,N,65.253,W
10/12/2014,0:26:08,30.268,N,65.25,W
10/12/2014,0:28:08,30.275,N,65.246,W
10/12/2014,0:30:08,30.282,N,65.242,W
10/12/2014,0:32:08,30.289,N,65.239,W
10/12/2014,0:34:09,30.296,N,65.235,W
10/12/2014,0:36:09,30.303,N,65.232,W
10/12/2014,0:38:09,30.31,N,65.228,W
10/12/2014,0:40:08,30.317,N,65.225,W
10/12/2014,0:42:08,30.324,N,65.221,W
10/12/2014,0:44:08,30.331,N,65.218,W
10/12/2014,0:46:08,30.338,N,65.214,W
10/12/2014,0:48:09,30.345,N,65.211,W
10/12/2014,0:50:09,30.352,N,65.207,W
10/12/2014,0:52:09,30.359,N,65.204,W
10/12/2014,0:54:09,30.366,N,65.2,W
10/12/2014,0:56:08,30.373,N,65.197,W
10/12/2014,0:58:08,30.381,N,65.193,W
10/12/2014,1:00:08,30.388,N,65.19,W
10/12/2014,1:02:08,30.395,N,65.187,W
10/12/2014,1:04:09,30.402,N,65.183,W
10/12/2014,1:06:09,30.409,N,65.18,W
10/12/2014,1:08:09,30.416,N,65.177,W
10/12/2014,1:10:08,30.424,N,65.173,W
10/12/2014,1:12:08,30.431,N,65.17,W
10/12/2014,1:14:08,30.438,N,65.167,W
10/12/2014,1:16:08,30.446,N,65.163,W
10/12/2014,1:18:09,30.453,N,65.16,W
10/12/2014,1:20:09,30.46,N,65.157,W
10/12/2014,1:22:09,30.468,N,65.154,W
10/12/2014,1:24:09,30.475,N,65.151,W
10/12/2014,1:26:08,30.482,N,65.147,W
10/12/2014,1:28:08,30.49,N,65.144,W
10/12/2014,1:30:08,30.497,N,65.141,W
10/12/2014,1:32:08,30.505,N,65.138,W
10/12/2014,1:34:09,30.512,N,65.135,W
10/12/2014,1:36:09,30.52,N,65.132,W
10/12/2014,1:38:09,30.527,N,65.129,W
10/12/2014,1:40:08,30.535,N,65.126,W
10/12/2014,1:42:08,30.542,N,65.123,W
10/12/2014,1:44:08,30.55,N,65.12,W
10/12/2014,1:46:08,30.558,N,65.117,W
10/12/2014,1:48:09,30.565,N,65.114,W
10/12/2014,1:50:09,30.573,N,65.111,W
10/12/2014,1:52:09,30.581,N,65.108,W
10/12/2014,1:54:09,30.588,N,65.105,W
10/12/2014,1:56:08,30.596,N,65.103,W
10/12/2014,1:58:08,30.604,N,65.1,W
10/12/2014,2:00:08,30.612,N,65.097,W
10/12/2014,2:02:08,30.62,N,65.094,W
10/12/2014,2:04:09,30.627,N,65.091,W
10/12/2014,2:06:09,30.635,N,65.089,W
10/12/2014,2:08:09,30.643,N,65.086,W
10/12/2014,2:10:08,30.651,N,65.083,W
10/12/2014,2:12:08,30.659,N,65.081,W
10/12/2014,2:14:08,30.667,N,65.078,W
10/12/2014,2:16:08,30.675,N,65.075,W
10/12/2014,2:18:09,30.683,N,65.073,W
10/12/2014,2:20:09,30.691,N,65.07,W
10/12/2014,2:22:09,30.699,N,65.068,W
10/12/2014,2:24:09,30.708,N,65.065,W
10/12/2014,2:26:08,30.716,N,65.063,W
10/12/2014,2:28:08,30.724,N,65.06,W
10/12/2014,2:30:08,30.732,N,65.058,W
10/12/2014,2:32:08,30.74,N,65.056,W
10/12/2014,2:34:09,30.749,N,65.053,W
10/12/2014,2:36:09,30.757,N,65.051,W
10/12/2014,2:38:09,30.765,N,65.049,W
10/12/2014,2:40:08,30.774,N,65.046,W
10/12/2014,2:42:08,30.782,N,65.044,W
10/12/2014,2:44:08,30.79,N,65.042,W
10/12/2014,2:46:08,30.799,N,65.04,W
10/12/2014,2:48:09,30.807,N,65.037,W
10/12/2014,2:50:09,30.816,N,65.035,W
10/12/2014,2:52:09,30.824,N,65.033,W
10/12/2014,2:54:09,30.833,N,65.031,W
10/12/2014,2:56:08,30.841,N,65.029,W
10/12/2014,2:58:08,30.85,N,65.027,W
10/12/2014,3:00:08,30.859,N,65.025,W
10/12/2014,3:02:08,30.867,N,65.023,W
10/12/2014,3:04:09,30.876,N,65.021,W
10/12/2014,3:06:09,30.885,N,65.019,W
10/12/2014,3:08:09,30.893,N,65.017,W
10/12/2014,3:10:08,30.902,N,65.015,W
10/12/2014,3:12:08,30.911,N,65.013,W
10/12/2014,3:14:08,30.92,N,65.011,W
10/12/2014,3:16:08,30.928,N,65.009,W
10/12/2014,3:18:09,30.937,N,65.007,W
10/12/2014,3:20:09,30.946,N,65.005,W
10/12/2014,3:22:09,30.955,N,65.003,W
10/12/2014,3:24:09,30.964,N,65.002,W
10/12/2014,3:26:08,30.973,N,65,W
10/12/2014,3:28:08,30.982,N,64.998,W
10/12/2014,3:30:08,30.991,N,64.996,W
10/12/2014,3:32:08,31,N,64.995,W
10/12/2014,3:34:09,31.009,N,64.993,W
10/12/2014,3:36:09,31.018,N,64.991,W
10/12/2014,3:38:09,31.027,N,64.989,W
10/12/2014,3:40:08,31.036,N,64.988,W
10/12/2014,3:42:08,31.045,N,64.986,W
10/12/2014,3:44:08,31.054,N,64.985,W
10/12/2014,3:46:08,31.063,N,64.983,W
10/12/2014,3:48:09,31.072,N,64.981,W
10/12/2014,3:50:09,31.081,N,64.98,W
10/12/2014,3:52:09,31.09,N,64.978,W
10/12/2014,3:54:09,31.1,N,64.977,W
10/12/2014,3:56:08,31.109,N,64.975,W
10/12/2014,3:58:08,31.118,N,64.974,W
10/12/2014,4:00:08,31.127,N,64.972,W
10/12/2014,4:02:08,31.137,N,64.971,W
10/12/2014,4:04:09,31.146,N,64.969,W
10/12/2014,4:06:09,31.155,N,64.968,W
10/12/2014,4:08:09,31.164,N,64.966,W
10/12/2014,4:10:08,31.174,N,64.965,W
10/12/2014,4:12:08,31.183,N,64.963,W
10/12/2014,4:14:08,31.192,N,64.962,W
10/12/2014,4:16:08,31.202,N,64.961,W
10/12/2014,4:18:09,31.211,N,64.959,W
10/12/2014,4:20:09,31.22,N,64.958,W
10/12/2014,4:22:09,31.23,N,64.956,W
10/12/2014,4:24:09,31.239,N,64.955,W
10/12/2014,4:26:08,31.249,N,64.954,W
10/12/2014,4:28:08,31.258,N,64.952,W
10/12/2014,4:30:08,31.267,N,64.951,W
10/12/2014,4:32:08,31.277,N,64.95,W
10/12/2014,4:34:09,31.286,N,64.949,W
10/12/2014,4:36:09,31.296,N,64.947,W
10/12/2014,4:38:09,31.305,N,64.946,W
10/12/2014,4:40:08,31.315,N,64.945,W
10/12/2014,4:42:08,31.324,N,64.943,W
10/12/2014,4:44:08,31.334,N,64.942,W
10/12/2014,4:46:08,31.343,N,64.941,W
10/12/2014,4:48:09,31.353,N,64.94,W
10/12/2014,4:50:09,31.362,N,64.939,W
10/12/2014,4:52:09,31.372,N,64.937,W
10/12/2014,4:54:09,31.382,N,64.936,W
10/12/2014,4:56:08,31.391,N,64.935,W
10/12/2014,4:58:08,31.401,N,64.934,W
10/12/2014,5:00:08,31.41,N,64.933,W
10/12/2014,5:02:08,31.42,N,64.932,W
10/12/2014,5:04:09,31.43,N,64.93,W
10/12/2014,5:06:09,31.439,N,64.929,W
10/12/2014,5:08:09,31.449,N,64.928,W
10/12/2014,5:10:08,31.458,N,64.927,W
10/12/2014,5:12:08,31.468,N,64.926,W
10/12/2014,5:14:08,31.478,N,64.925,W
10/12/2014,5:16:08,31.487,N,64.924,W
10/12/2014,5:18:09,31.497,N,64.922,W
10/12/2014,5:20:09,31.507,N,64.921,W
10/12/2014,5:22:09,31.516,N,64.92,W
10/12/2014,5:24:09,31.526,N,64.919,W
10/12/2014,5:26:08,31.536,N,64.918,W
10/12/2014,5:28:08,31.545,N,64.917,W
10/12/2014,5:30:08,31.555,N,64.916,W
10/12/2014,5:32:08,31.565,N,64.915,W
10/12/2014,5:34:09,31.574,N,64.914,W
10/12/2014,5:36:09,31.584,N,64.913,W
10/12/2014,5:38:09,31.594,N,64.912,W
10/12/2014,5:40:08,31.604,N,64.911,W
10/12/2014,5:42:08,31.613,N,64.909,W
10/12/2014,5:44:08,31.623,N,64.908,W
10/12/2014,5:46:08,31.633,N,64.907,W
10/12/2014,5:48:09,31.642,N,64.906,W
10/12/2014,5:50:09,31.652,N,64.905,W
10/12/2014,5:52:09,31.662,N,64.904,W
10/12/2014,5:54:09,31.672,N,64.903,W
10/12/2014,5:56:08,31.681,N,64.902,W
10/12/2014,5:58:08,31.691,N,64.901,W
