Track,for,Debby,2012,,
Date,Time,(UTC),Latitude,Longitude,
MM/DD/Year,HH:MM:SS,(deg),(deg),,
6/23/2012,15:44:00,26.01,N,87.949,W
6/23/2012,15:45:59,26.007,N,87.947,W
6/23/2012,15:48:00,26.003,N,87.944,W
6/23/2012,15:49:59,26,N,87.942,W
6/23/2012,15:52:00,25.997,N,87.94,W
6/23/2012,15:53:59,25.993,N,87.937,W
6/23/2012,15:56:00,25.99,N,87.935,W
6/23/2012,15:57:59,25.987,N,87.933,W
6/23/2012,16:00:00,25.984,N,87.93,W
6/23/2012,16:01:59,25.98,N,87.928,W
6/23/2012,16:04:00,25.977,N,87.926,W
6/23/2012,16:06:00,25.974,N,87.924,W
6/23/2012,16:07:59,25.97,N,87.921,W
6/23/2012,16:09:59,25.967,N,87.919,W
6/23/2012,16:12:00,25.964,N,87.917,W
6/23/2012,16:14:00,25.961,N,87.915,W
6/23/2012,16:15:59,25.957,N,87.913,W
6/23/2012,16:17:59,25.954,N,87.911,W
6/23/2012,16:20:00,25.951,N,87.909,W
6/23/2012,16:22:00,25.948,N,87.907,W
6/23/2012,16:23:59,25.944,N,87.905,W
6/23/2012,16:25:59,25.941,N,87.903,W
6/23/2012,16:28:00,25.938,N,87.901,W
6/23/2012,16:30:00,25.934,N,87.9,W
6/23/2012,16:31:59,25.931,N,87.898,W
6/23/2012,16:34:00,25.928,N,87.896,W
6/23/2012,16:36:00,25.925,N,87.895,W
6/23/2012,16:37:59,25.921,N,87.893,W
6/23/2012,16:39:59,25.918,N,87.892,W
6/23/2012,16:42:00,25.915,N,87.891,W
6/23/2012,16:44:00,25.912,N,87.889,W
6/23/2012,16:45:59,25.909,N,87.888,W
6/23/2012,16:47:59,25.905,N,87.887,W
6/23/2012,16:50:00,25.902,N,87.886,W
6/23/2012,16:52:00,25.899,N,87.885,W
6/23/2012,16:53:59,25.896,N,87.885,W
6/23/2012,16:55:59,25.892,N,87.884,W
6/23/2012,16:58:00,25.889,N,87.884,W
6/23/2012,17:00:00,25.886,N,87.883,W
6/23/2012,17:01:59,25.883,N,87.883,W
6/23/2012,17:04:00,25.88,N,87.883,W
6/23/2012,17:06:00,25.877,N,87.882,W
6/23/2012,17:07:59,25.873,N,87.882,W
6/23/2012,17:09:59,25.87,N,87.883,W
6/23/2012,17:12:00,25.867,N,87.883,W
6/23/2012,17:14:00,25.864,N,87.883,W
6/23/2012,17:15:59,25.861,N,87.884,W
6/23/2012,17:17:59,25.858,N,87.885,W
6/23/2012,17:20:00,25.854,N,87.885,W
6/23/2012,17:22:00,25.851,N,87.886,W
6/23/2012,17:23:59,25.848,N,87.887,W
6/23/2012,17:25:59,25.845,N,87.889,W
6/23/2012,17:28:00,25.842,N,87.89,W
6/23/2012,17:30:00,25.839,N,87.892,W
6/23/2012,17:31:59,25.836,N,87.893,W
6/23/2012,17:34:00,25.833,N,87.895,W
6/23/2012,17:36:00,25.83,N,87.897,W
6/23/2012,17:37:59,25.827,N,87.899,W
6/23/2012,17:39:59,25.824,N,87.902,W
6/23/2012,17:42:00,25.821,N,87.904,W
6/23/2012,17:44:00,25.817,N,87.907,W
6/23/2012,17:45:59,25.814,N,87.91,W
6/23/2012,17:47:59,25.811,N,87.913,W
6/23/2012,17:50:00,25.808,N,87.916,W
6/23/2012,17:52:00,25.805,N,87.92,W
6/23/2012,17:53:59,25.802,N,87.924,W
6/23/2012,17:55:59,25.799,N,87.928,W
6/23/2012,17:58:00,25.796,N,87.932,W
6/23/2012,18:00:00,25.794,N,87.936,W
6/23/2012,18:01:59,25.791,N,87.94,W
6/23/2012,18:04:00,25.788,N,87.945,W
6/23/2012,18:06:00,25.785,N,87.95,W
6/23/2012,18:07:59,25.782,N,87.955,W
6/23/2012,18:09:59,25.779,N,87.96,W
6/23/2012,18:12:00,25.776,N,87.965,W
6/23/2012,18:14:00,25.773,N,87.971,W
6/23/2012,18:15:59,25.77,N,87.977,W
6/23/2012,18:17:59,25.767,N,87.983,W
6/23/2012,18:20:00,25.764,N,87.989,W
6/23/2012,18:22:00,25.761,N,87.995,W
6/23/2012,18:23:59,25.759,N,88.001,W
6/23/2012,18:25:59,25.756,N,88.008,W
6/23/2012,18:28:00,25.753,N,88.014,W
6/23/2012,18:30:00,25.75,N,88.021,W
6/23/2012,18:31:59,25.747,N,88.028,W
6/23/2012,18:34:00,25.744,N,88.035,W
6/23/2012,18:36:00,25.742,N,88.042,W
6/23/2012,18:37:59,25.739,N,88.05,W
6/23/2012,18:39:59,25.736,N,88.057,W
6/23/2012,18:42:00,25.733,N,88.065,W
6/23/2012,18:43:33,25.731,N,88.071,W
6/23/2012,18:45:33,25.733,N,88.077,W
6/23/2012,18:47:32,25.736,N,88.083,W
6/23/2012,18:49:33,25.738,N,88.089,W
6/23/2012,18:51:33,25.741,N,88.095,W
6/23/2012,18:53:32,25.744,N,88.101,W
6/23/2012,18:55:32,25.748,N,88.107,W
6/23/2012,18:57:33,25.751,N,88.113,W
6/23/2012,18:59:33,25.755,N,88.118,W
6/23/2012,19:01:32,25.759,N,88.124,W
6/23/2012,19:03:32,25.763,N,88.13,W
6/23/2012,19:05:33,25.767,N,88.135,W
6/23/2012,19:07:33,25.771,N,88.141,W
6/23/2012,19:09:32,25.776,N,88.146,W
6/23/2012,19:11:32,25.781,N,88.151,W
6/23/2012,19:13:33,25.785,N,88.156,W
6/23/2012,19:15:33,25.79,N,88.161,W
6/23/2012,19:17:32,25.795,N,88.166,W
6/23/2012,19:19:33,25.8,N,88.171,W
6/23/2012,19:21:33,25.805,N,88.175,W
6/23/2012,19:23:32,25.81,N,88.179,W
6/23/2012,19:25:32,25.815,N,88.183,W
6/23/2012,19:27:33,25.82,N,88.187,W
6/23/2012,19:29:33,25.825,N,88.19,W
6/23/2012,19:31:32,25.83,N,88.193,W
6/23/2012,19:33:32,25.836,N,88.196,W
6/23/2012,19:35:33,25.841,N,88.199,W
6/23/2012,19:37:33,25.846,N,88.201,W
6/23/2012,19:39:32,25.851,N,88.203,W
6/23/2012,19:41:32,25.856,N,88.204,W
6/23/2012,19:43:33,25.861,N,88.206,W
6/23/2012,19:45:33,25.866,N,88.206,W
6/23/2012,19:47:32,25.87,N,88.207,W
6/23/2012,19:49:33,25.875,N,88.207,W
6/23/2012,19:51:33,25.88,N,88.207,W
6/23/2012,19:53:32,25.884,N,88.206,W
6/23/2012,19:55:32,25.889,N,88.205,W
6/23/2012,19:57:33,25.893,N,88.203,W
6/23/2012,19:59:33,25.897,N,88.202,W
6/23/2012,20:00:59,25.9,N,88.2,W
6/23/2012,20:02:59,25.904,N,88.197,W
6/23/2012,20:05:00,25.907,N,88.194,W
6/23/2012,20:07:00,25.91,N,88.191,W
6/23/2012,20:08:59,25.914,N,88.188,W
6/23/2012,20:10:59,25.917,N,88.184,W
6/23/2012,20:13:00,25.921,N,88.179,W
6/23/2012,20:15:00,25.924,N,88.175,W
6/23/2012,20:16:59,25.927,N,88.17,W
6/23/2012,20:19:00,25.93,N,88.165,W
6/23/2012,20:21:00,25.933,N,88.159,W
6/23/2012,20:22:59,25.936,N,88.154,W
6/23/2012,20:24:59,25.94,N,88.148,W
6/23/2012,20:27:00,25.943,N,88.142,W
6/23/2012,20:29:00,25.946,N,88.136,W
6/23/2012,20:30:59,25.949,N,88.129,W
6/23/2012,20:32:59,25.952,N,88.123,W
6/23/2012,20:35:00,25.955,N,88.116,W
6/23/2012,20:37:00,25.957,N,88.109,W
6/23/2012,20:38:59,25.96,N,88.102,W
6/23/2012,20:40:59,25.963,N,88.095,W
6/23/2012,20:43:00,25.966,N,88.088,W
6/23/2012,20:45:00,25.969,N,88.08,W
6/23/2012,20:46:59,25.972,N,88.073,W
6/23/2012,20:49:00,25.975,N,88.066,W
6/23/2012,20:51:00,25.978,N,88.058,W
6/23/2012,20:52:59,25.98,N,88.051,W
6/23/2012,20:54:59,25.983,N,88.043,W
6/23/2012,20:57:00,25.986,N,88.036,W
6/23/2012,20:59:00,25.989,N,88.028,W
6/23/2012,21:00:59,25.992,N,88.021,W
6/23/2012,21:02:59,25.995,N,88.013,W
6/23/2012,21:05:00,25.998,N,88.006,W
6/23/2012,21:06:39,26,N,88,W
6/23/2012,21:08:39,26.003,N,87.994,W
6/23/2012,21:10:40,26.006,N,87.988,W
6/23/2012,21:12:39,26.009,N,87.982,W
6/23/2012,21:14:39,26.012,N,87.976,W
6/23/2012,21:16:40,26.015,N,87.969,W
6/23/2012,21:18:40,26.018,N,87.963,W
6/23/2012,21:20:39,26.021,N,87.957,W
6/23/2012,21:22:39,26.024,N,87.951,W
6/23/2012,21:24:40,26.027,N,87.945,W
6/23/2012,21:26:40,26.03,N,87.939,W
6/23/2012,21:28:39,26.033,N,87.933,W
6/23/2012,21:30:39,26.036,N,87.927,W
6/23/2012,21:32:40,26.039,N,87.921,W
6/23/2012,21:34:40,26.043,N,87.915,W
6/23/2012,21:36:39,26.046,N,87.908,W
6/23/2012,21:38:39,26.049,N,87.902,W
6/23/2012,21:40:40,26.052,N,87.896,W
6/23/2012,21:42:39,26.055,N,87.89,W
6/23/2012,21:44:39,26.058,N,87.884,W
6/23/2012,21:46:40,26.061,N,87.878,W
6/23/2012,21:48:40,26.064,N,87.872,W
6/23/2012,21:50:39,26.067,N,87.866,W
6/23/2012,21:52:39,26.07,N,87.86,W
6/23/2012,21:54:40,26.073,N,87.853,W
6/23/2012,21:56:40,26.076,N,87.847,W
6/23/2012,21:58:39,26.079,N,87.841,W
6/23/2012,22:00:39,26.082,N,87.835,W
6/23/2012,22:02:40,26.085,N,87.829,W
6/23/2012,22:04:40,26.088,N,87.823,W
6/23/2012,22:06:39,26.091,N,87.817,W
6/23/2012,22:08:39,26.094,N,87.811,W
6/23/2012,22:10:40,26.097,N,87.805,W
6/23/2012,22:12:39,26.1,N,87.798,W
6/23/2012,22:14:39,26.103,N,87.792,W
6/23/2012,22:16:40,26.106,N,87.786,W
6/23/2012,22:18:40,26.109,N,87.78,W
6/23/2012,22:19:19,26.11,N,87.778,W
6/23/2012,22:21:20,26.113,N,87.772,W
6/23/2012,22:23:20,26.116,N,87.766,W
6/23/2012,22:25:19,26.119,N,87.76,W
6/23/2012,22:27:19,26.122,N,87.754,W
6/23/2012,22:29:20,26.125,N,87.748,W
6/23/2012,22:31:20,26.129,N,87.742,W
6/23/2012,22:33:19,26.132,N,87.736,W
6/23/2012,22:35:19,26.135,N,87.73,W
6/23/2012,22:37:20,26.138,N,87.724,W
6/23/2012,22:39:20,26.141,N,87.718,W
6/23/2012,22:41:19,26.144,N,87.712,W
6/23/2012,22:43:19,26.147,N,87.706,W
6/23/2012,22:45:20,26.151,N,87.7,W
6/23/2012,22:47:20,26.154,N,87.694,W
6/23/2012,22:49:19,26.157,N,87.688,W
6/23/2012,22:51:20,26.16,N,87.682,W
6/23/2012,22:53:20,26.163,N,87.676,W
6/23/2012,22:55:19,26.166,N,87.671,W
6/23/2012,22:57:19,26.17,N,87.665,W
6/23/2012,22:59:20,26.173,N,87.659,W
6/23/2012,23:01:20,26.176,N,87.653,W
6/23/2012,23:03:19,26.179,N,87.647,W
6/23/2012,23:05:19,26.182,N,87.641,W
6/23/2012,23:07:20,26.186,N,87.635,W
6/23/2012,23:09:20,26.189,N,87.63,W
6/23/2012,23:11:19,26.192,N,87.624,W
6/23/2012,23:13:19,26.195,N,87.618,W
6/23/2012,23:15:20,26.199,N,87.612,W
6/23/2012,23:17:20,26.202,N,87.606,W
6/23/2012,23:19:19,26.205,N,87.601,W
6/23/2012,23:21:20,26.209,N,87.595,W
6/23/2012,23:23:20,26.212,N,87.589,W
6/23/2012,23:25:19,26.215,N,87.583,W
6/23/2012,23:27:19,26.218,N,87.578,W
6/23/2012,23:29:20,26.222,N,87.572,W
6/23/2012,23:31:20,26.225,N,87.566,W
6/23/2012,23:33:19,26.228,N,87.561,W
6/23/2012,23:35:19,26.232,N,87.555,W
6/23/2012,23:37:20,26.235,N,87.549,W
6/23/2012,23:39:20,26.238,N,87.544,W
6/23/2012,23:41:19,26.242,N,87.538,W
6/23/2012,23:43:19,26.245,N,87.532,W
6/23/2012,23:45:20,26.249,N,87.527,W
6/23/2012,23:47:20,26.252,N,87.521,W
6/23/2012,23:49:19,26.255,N,87.516,W
6/23/2012,23:51:20,26.259,N,87.51,W
6/23/2012,23:53:20,26.262,N,87.505,W
6/23/2012,23:55:19,26.266,N,87.499,W
6/23/2012,23:57:19,26.269,N,87.493,W
6/23/2012,23:59:20,26.273,N,87.488,W
6/24/2012,0:01:20,26.276,N,87.483,W
6/24/2012,0:03:19,26.28,N,87.477,W
6/24/2012,0:05:19,26.283,N,87.472,W
6/24/2012,0:07:20,26.287,N,87.466,W
6/24/2012,0:09:20,26.29,N,87.461,W
6/24/2012,0:11:19,26.294,N,87.455,W
6/24/2012,0:13:19,26.297,N,87.45,W
6/24/2012,0:15:20,26.301,N,87.445,W
6/24/2012,0:17:20,26.305,N,87.439,W
6/24/2012,0:19:19,26.308,N,87.434,W
6/24/2012,0:21:20,26.312,N,87.429,W
6/24/2012,0:23:20,26.315,N,87.423,W
6/24/2012,0:25:19,26.319,N,87.418,W
6/24/2012,0:27:19,26.323,N,87.413,W
6/24/2012,0:29:20,26.326,N,87.407,W
6/24/2012,0:31:20,26.33,N,87.402,W
6/24/2012,0:33:19,26.334,N,87.397,W
6/24/2012,0:35:19,26.337,N,87.392,W
6/24/2012,0:37:20,26.341,N,87.387,W
6/24/2012,0:39:20,26.345,N,87.381,W
6/24/2012,0:41:19,26.348,N,87.376,W
6/24/2012,0:43:19,26.352,N,87.371,W
6/24/2012,0:45:20,26.356,N,87.366,W
6/24/2012,0:47:20,26.36,N,87.361,W
6/24/2012,0:49:19,26.364,N,87.356,W
6/24/2012,0:51:20,26.367,N,87.351,W
6/24/2012,0:53:20,26.371,N,87.346,W
6/24/2012,0:55:19,26.375,N,87.341,W
6/24/2012,0:57:19,26.379,N,87.336,W
6/24/2012,0:59:20,26.383,N,87.331,W
6/24/2012,1:01:20,26.387,N,87.326,W
6/24/2012,1:03:19,26.391,N,87.321,W
6/24/2012,1:05:19,26.394,N,87.316,W
6/24/2012,1:07:20,26.398,N,87.311,W
6/24/2012,1:09:20,26.402,N,87.306,W
6/24/2012,1:11:19,26.406,N,87.301,W
6/24/2012,1:13:19,26.41,N,87.297,W
6/24/2012,1:15:20,26.414,N,87.292,W
6/24/2012,1:17:20,26.418,N,87.287,W
6/24/2012,1:19:19,26.422,N,87.282,W
6/24/2012,1:21:20,26.426,N,87.277,W
6/24/2012,1:23:20,26.43,N,87.273,W
6/24/2012,1:25:19,26.434,N,87.268,W
6/24/2012,1:27:19,26.438,N,87.263,W
6/24/2012,1:29:20,26.443,N,87.259,W
6/24/2012,1:31:20,26.447,N,87.254,W
6/24/2012,1:33:19,26.451,N,87.25,W
6/24/2012,1:35:19,26.455,N,87.245,W
6/24/2012,1:37:20,26.459,N,87.24,W
6/24/2012,1:39:20,26.463,N,87.236,W
6/24/2012,1:41:19,26.468,N,87.231,W
6/24/2012,1:43:19,26.472,N,87.227,W
6/24/2012,1:45:20,26.476,N,87.222,W
6/24/2012,1:47:20,26.48,N,87.218,W
6/24/2012,1:49:19,26.485,N,87.214,W
6/24/2012,1:51:20,26.489,N,87.209,W
6/24/2012,1:53:20,26.493,N,87.205,W
6/24/2012,1:55:19,26.498,N,87.201,W
6/24/2012,1:57:19,26.502,N,87.196,W
6/24/2012,1:59:20,26.506,N,87.192,W
6/24/2012,2:01:20,26.511,N,87.188,W
6/24/2012,2:03:19,26.515,N,87.183,W
6/24/2012,2:05:19,26.519,N,87.179,W
6/24/2012,2:07:20,26.524,N,87.175,W
6/24/2012,2:09:20,26.528,N,87.171,W
6/24/2012,2:11:19,26.533,N,87.167,W
6/24/2012,2:13:19,26.537,N,87.163,W
6/24/2012,2:15:20,26.542,N,87.159,W
6/24/2012,2:17:20,26.546,N,87.155,W
6/24/2012,2:19:19,26.551,N,87.151,W
6/24/2012,2:21:20,26.556,N,87.147,W
6/24/2012,2:23:20,26.56,N,87.143,W
6/24/2012,2:25:19,26.565,N,87.139,W
6/24/2012,2:27:19,26.569,N,87.135,W
6/24/2012,2:29:20,26.574,N,87.131,W
6/24/2012,2:31:20,26.579,N,87.127,W
6/24/2012,2:33:19,26.584,N,87.123,W
6/24/2012,2:35:19,26.588,N,87.119,W
6/24/2012,2:37:20,26.593,N,87.116,W
6/24/2012,2:39:20,26.598,N,87.112,W
6/24/2012,2:41:19,26.603,N,87.108,W
6/24/2012,2:43:19,26.607,N,87.105,W
6/24/2012,2:45:20,26.612,N,87.101,W
6/24/2012,2:47:20,26.617,N,87.097,W
6/24/2012,2:49:19,26.622,N,87.094,W
6/24/2012,2:51:20,26.627,N,87.09,W
6/24/2012,2:53:20,26.632,N,87.087,W
6/24/2012,2:55:19,26.637,N,87.083,W
6/24/2012,2:57:19,26.642,N,87.08,W
6/24/2012,2:59:20,26.647,N,87.076,W
6/24/2012,3:01:20,26.652,N,87.073,W
6/24/2012,3:03:19,26.657,N,87.069,W
6/24/2012,3:05:19,26.662,N,87.066,W
6/24/2012,3:07:20,26.667,N,87.063,W
6/24/2012,3:09:20,26.672,N,87.06,W
6/24/2012,3:11:19,26.677,N,87.056,W
6/24/2012,3:13:19,26.682,N,87.053,W
6/24/2012,3:15:20,26.687,N,87.05,W
6/24/2012,3:17:20,26.693,N,87.047,W
6/24/2012,3:19:19,26.698,N,87.043,W
6/24/2012,3:21:20,26.703,N,87.04,W
6/24/2012,3:23:20,26.708,N,87.037,W
6/24/2012,3:25:19,26.713,N,87.034,W
6/24/2012,3:27:19,26.719,N,87.031,W
6/24/2012,3:29:20,26.724,N,87.028,W
6/24/2012,3:31:20,26.729,N,87.025,W
6/24/2012,3:33:19,26.735,N,87.022,W
6/24/2012,3:35:19,26.74,N,87.019,W
6/24/2012,3:37:20,26.745,N,87.016,W
6/24/2012,3:39:20,26.751,N,87.013,W
6/24/2012,3:41:19,26.756,N,87.01,W
6/24/2012,3:43:19,26.761,N,87.008,W
6/24/2012,3:45:20,26.767,N,87.005,W
6/24/2012,3:47:20,26.772,N,87.002,W
6/24/2012,3:49:19,26.778,N,86.999,W
6/24/2012,3:51:20,26.783,N,86.996,W
6/24/2012,3:53:20,26.788,N,86.994,W
6/24/2012,3:55:19,26.794,N,86.991,W
6/24/2012,3:57:19,26.799,N,86.988,W
6/24/2012,3:59:20,26.805,N,86.986,W
6/24/2012,4:01:20,26.81,N,86.983,W
6/24/2012,4:03:19,26.816,N,86.98,W
6/24/2012,4:05:19,26.822,N,86.978,W
6/24/2012,4:07:20,26.827,N,86.975,W
6/24/2012,4:09:20,26.833,N,86.973,W
6/24/2012,4:11:19,26.838,N,86.97,W
6/24/2012,4:13:19,26.844,N,86.968,W
6/24/2012,4:15:20,26.849,N,86.965,W
6/24/2012,4:17:20,26.855,N,86.963,W
6/24/2012,4:19:19,26.861,N,86.96,W
6/24/2012,4:21:20,26.866,N,86.958,W
6/24/2012,4:23:20,26.872,N,86.955,W
6/24/2012,4:25:19,26.877,N,86.953,W
6/24/2012,4:27:19,26.883,N,86.95,W
6/24/2012,4:29:20,26.889,N,86.948,W
6/24/2012,4:31:20,26.894,N,86.946,W
6/24/2012,4:33:19,26.9,N,86.943,W
6/24/2012,4:35:19,26.906,N,86.941,W
6/24/2012,4:37:20,26.911,N,86.939,W
6/24/2012,4:39:20,26.917,N,86.936,W
6/24/2012,4:41:19,26.923,N,86.934,W
6/24/2012,4:43:19,26.928,N,86.932,W
6/24/2012,4:45:20,26.934,N,86.93,W
6/24/2012,4:47:20,26.94,N,86.927,W
6/24/2012,4:49:19,26.946,N,86.925,W
6/24/2012,4:51:20,26.951,N,86.923,W
6/24/2012,4:53:20,26.957,N,86.921,W
6/24/2012,4:55:19,26.963,N,86.919,W
6/24/2012,4:57:19,26.968,N,86.917,W
6/24/2012,4:59:20,26.974,N,86.914,W
6/24/2012,5:01:20,26.98,N,86.912,W
6/24/2012,5:03:19,26.986,N,86.91,W
6/24/2012,5:05:19,26.991,N,86.908,W
6/24/2012,5:07:20,26.997,N,86.906,W
6/24/2012,5:09:20,27.003,N,86.904,W
6/24/2012,5:11:19,27.009,N,86.902,W
6/24/2012,5:13:19,27.014,N,86.9,W
6/24/2012,5:15:20,27.02,N,86.898,W
6/24/2012,5:17:20,27.026,N,86.896,W
6/24/2012,5:19:19,27.032,N,86.894,W
6/24/2012,5:21:20,27.037,N,86.892,W
6/24/2012,5:23:20,27.043,N,86.89,W
6/24/2012,5:25:19,27.049,N,86.888,W
6/24/2012,5:27:19,27.055,N,86.886,W
6/24/2012,5:29:20,27.061,N,86.884,W
6/24/2012,5:31:20,27.066,N,86.882,W
6/24/2012,5:33:19,27.072,N,86.88,W
6/24/2012,5:35:19,27.078,N,86.878,W
6/24/2012,5:37:20,27.084,N,86.876,W
6/24/2012,5:39:20,27.089,N,86.874,W
6/24/2012,5:41:19,27.095,N,86.872,W
6/24/2012,5:43:19,27.101,N,86.871,W
6/24/2012,5:45:20,27.107,N,86.869,W
6/24/2012,5:47:20,27.112,N,86.867,W
6/24/2012,5:49:19,27.118,N,86.865,W
6/24/2012,5:51:20,27.124,N,86.863,W
6/24/2012,5:53:20,27.129,N,86.861,W
6/24/2012,5:55:19,27.135,N,86.859,W
6/24/2012,5:57:19,27.141,N,86.858,W
6/24/2012,5:59:20,27.147,N,86.856,W
6/24/2012,6:01:20,27.152,N,86.854,W
6/24/2012,6:03:19,27.158,N,86.852,W
6/24/2012,6:05:19,27.164,N,86.85,W
6/24/2012,6:07:20,27.169,N,86.848,W
6/24/2012,6:09:20,27.175,N,86.847,W
6/24/2012,6:11:19,27.181,N,86.845,W
6/24/2012,6:13:19,27.186,N,86.843,W
6/24/2012,6:15:20,27.192,N,86.841,W
6/24/2012,6:17:20,27.198,N,86.839,W
6/24/2012,6:19:19,27.203,N,86.838,W
6/24/2012,6:21:20,27.209,N,86.836,W
6/24/2012,6:23:20,27.215,N,86.834,W
6/24/2012,6:25:19,27.22,N,86.832,W
6/24/2012,6:27:19,27.226,N,86.831,W
6/24/2012,6:29:20,27.232,N,86.829,W
6/24/2012,6:31:20,27.237,N,86.827,W
6/24/2012,6:33:19,27.243,N,86.825,W
6/24/2012,6:35:19,27.248,N,86.824,W
6/24/2012,6:37:20,27.254,N,86.822,W
6/24/2012,6:39:20,27.259,N,86.82,W
6/24/2012,6:41:19,27.265,N,86.818,W
6/24/2012,6:43:19,27.27,N,86.817,W
6/24/2012,6:45:20,27.276,N,86.815,W
6/24/2012,6:47:20,27.281,N,86.813,W
6/24/2012,6:49:19,27.287,N,86.811,W
6/24/2012,6:51:20,27.292,N,86.81,W
6/24/2012,6:53:20,27.298,N,86.808,W
6/24/2012,6:55:19,27.303,N,86.806,W
6/24/2012,6:57:19,27.309,N,86.804,W
6/24/2012,6:59:20,27.314,N,86.803,W
6/24/2012,7:01:20,27.32,N,86.801,W
6/24/2012,7:03:19,27.325,N,86.799,W
6/24/2012,7:05:19,27.33,N,86.797,W
6/24/2012,7:07:20,27.336,N,86.795,W
6/24/2012,7:09:20,27.341,N,86.794,W
6/24/2012,7:11:19,27.347,N,86.792,W
6/24/2012,7:13:19,27.352,N,86.79,W
6/24/2012,7:15:20,27.357,N,86.788,W
6/24/2012,7:17:20,27.362,N,86.787,W
6/24/2012,7:19:19,27.368,N,86.785,W
6/24/2012,7:21:20,27.373,N,86.783,W
6/24/2012,7:23:20,27.378,N,86.781,W
6/24/2012,7:25:19,27.383,N,86.779,W
6/24/2012,7:27:19,27.389,N,86.778,W
6/24/2012,7:29:20,27.394,N,86.776,W
6/24/2012,7:31:20,27.399,N,86.774,W
6/24/2012,7:33:19,27.404,N,86.772,W
6/24/2012,7:35:19,27.409,N,86.77,W
6/24/2012,7:37:20,27.414,N,86.769,W
6/24/2012,7:39:20,27.419,N,86.767,W
6/24/2012,7:41:19,27.424,N,86.765,W
6/24/2012,7:43:19,27.43,N,86.763,W
6/24/2012,7:45:20,27.435,N,86.761,W
6/24/2012,7:47:20,27.44,N,86.759,W
6/24/2012,7:49:19,27.445,N,86.757,W
6/24/2012,7:51:20,27.45,N,86.756,W
6/24/2012,7:53:20,27.454,N,86.754,W
6/24/2012,7:55:19,27.459,N,86.752,W
6/24/2012,7:57:19,27.464,N,86.75,W
6/24/2012,7:59:20,27.469,N,86.748,W
6/24/2012,8:01:19,27.474,N,86.746,W
6/24/2012,8:03:20,27.479,N,86.744,W
6/24/2012,8:05:20,27.484,N,86.742,W
6/24/2012,8:07:20,27.488,N,86.74,W
6/24/2012,8:09:20,27.493,N,86.738,W
6/24/2012,8:11:19,27.498,N,86.736,W
6/24/2012,8:13:19,27.503,N,86.734,W
6/24/2012,8:15:19,27.507,N,86.732,W
6/24/2012,8:17:19,27.512,N,86.73,W
6/24/2012,8:19:20,27.517,N,86.728,W
6/24/2012,8:21:20,27.521,N,86.726,W
6/24/2012,8:23:20,27.526,N,86.724,W
6/24/2012,8:25:19,27.53,N,86.722,W
6/24/2012,8:27:19,27.535,N,86.72,W
6/24/2012,8:29:19,27.539,N,86.718,W
6/24/2012,8:31:19,27.544,N,86.716,W
6/24/2012,8:33:20,27.548,N,86.714,W
6/24/2012,8:35:20,27.553,N,86.712,W
6/24/2012,8:37:20,27.557,N,86.709,W
6/24/2012,8:39:20,27.561,N,86.707,W
6/24/2012,8:41:19,27.566,N,86.705,W
6/24/2012,8:43:19,27.57,N,86.703,W
6/24/2012,8:45:19,27.574,N,86.701,W
6/24/2012,8:47:19,27.579,N,86.699,W
6/24/2012,8:49:20,27.583,N,86.696,W
6/24/2012,8:51:20,27.587,N,86.694,W
6/24/2012,8:53:20,27.591,N,86.692,W
6/24/2012,8:55:19,27.595,N,86.69,W
6/24/2012,8:57:19,27.599,N,86.687,W
6/24/2012,8:59:19,27.603,N,86.685,W
6/24/2012,9:01:19,27.608,N,86.683,W
6/24/2012,9:03:20,27.612,N,86.68,W
6/24/2012,9:05:20,27.616,N,86.678,W
6/24/2012,9:07:20,27.62,N,86.676,W
6/24/2012,9:09:20,27.624,N,86.673,W
6/24/2012,9:11:19,27.627,N,86.671,W
6/24/2012,9:13:19,27.631,N,86.669,W
6/24/2012,9:15:19,27.635,N,86.666,W
6/24/2012,9:17:19,27.639,N,86.664,W
6/24/2012,9:19:20,27.643,N,86.661,W
6/24/2012,9:21:20,27.647,N,86.659,W
6/24/2012,9:23:20,27.65,N,86.657,W
6/24/2012,9:25:19,27.654,N,86.654,W
6/24/2012,9:27:19,27.658,N,86.652,W
6/24/2012,9:29:19,27.662,N,86.649,W
6/24/2012,9:31:19,27.665,N,86.647,W
6/24/2012,9:33:20,27.669,N,86.644,W
6/24/2012,9:35:20,27.673,N,86.642,W
6/24/2012,9:37:20,27.676,N,86.639,W
6/24/2012,9:39:20,27.68,N,86.637,W
6/24/2012,9:41:19,27.683,N,86.634,W
6/24/2012,9:43:19,27.687,N,86.632,W
6/24/2012,9:45:19,27.69,N,86.629,W
6/24/2012,9:47:19,27.694,N,86.626,W
6/24/2012,9:49:20,27.697,N,86.624,W
6/24/2012,9:51:20,27.701,N,86.621,W
6/24/2012,9:53:20,27.704,N,86.619,W
6/24/2012,9:55:19,27.708,N,86.616,W
6/24/2012,9:57:19,27.711,N,86.613,W
6/24/2012,9:59:19,27.714,N,86.611,W
6/24/2012,10:01:19,27.718,N,86.608,W
6/24/2012,10:03:20,27.721,N,86.605,W
6/24/2012,10:05:20,27.724,N,86.603,W
6/24/2012,10:07:20,27.728,N,86.6,W
6/24/2012,10:09:20,27.731,N,86.597,W
6/24/2012,10:11:19,27.734,N,86.595,W
6/24/2012,10:13:19,27.737,N,86.592,W
6/24/2012,10:15:19,27.741,N,86.589,W
6/24/2012,10:17:19,27.744,N,86.587,W
6/24/2012,10:19:20,27.747,N,86.584,W
6/24/2012,10:21:20,27.75,N,86.581,W
6/24/2012,10:23:20,27.753,N,86.578,W
6/24/2012,10:25:19,27.756,N,86.575,W
6/24/2012,10:27:19,27.759,N,86.573,W
6/24/2012,10:29:19,27.762,N,86.57,W
6/24/2012,10:31:19,27.765,N,86.567,W
6/24/2012,10:33:20,27.768,N,86.564,W
6/24/2012,10:35:20,27.771,N,86.561,W
6/24/2012,10:37:20,27.774,N,86.559,W
6/24/2012,10:39:20,27.777,N,86.556,W
6/24/2012,10:41:19,27.78,N,86.553,W
6/24/2012,10:43:19,27.783,N,86.55,W
6/24/2012,10:45:19,27.786,N,86.547,W
6/24/2012,10:47:19,27.789,N,86.544,W
6/24/2012,10:49:20,27.792,N,86.541,W
6/24/2012,10:51:20,27.795,N,86.539,W
6/24/2012,10:53:20,27.798,N,86.536,W
6/24/2012,10:55:19,27.8,N,86.533,W
6/24/2012,10:57:19,27.803,N,86.53,W
6/24/2012,10:59:19,27.806,N,86.527,W
6/24/2012,11:01:19,27.809,N,86.524,W
6/24/2012,11:03:20,27.812,N,86.521,W
6/24/2012,11:05:20,27.814,N,86.518,W
6/24/2012,11:07:20,27.817,N,86.515,W
6/24/2012,11:09:20,27.82,N,86.512,W
6/24/2012,11:11:19,27.822,N,86.509,W
6/24/2012,11:13:19,27.825,N,86.506,W
6/24/2012,11:15:19,27.828,N,86.503,W
6/24/2012,11:17:19,27.83,N,86.5,W
6/24/2012,11:19:20,27.833,N,86.497,W
6/24/2012,11:20:05,27.834,N,86.496,W
6/24/2012,11:22:05,27.835,N,86.493,W
6/24/2012,11:24:06,27.835,N,86.489,W
6/24/2012,11:26:06,27.836,N,86.486,W
6/24/2012,11:28:06,27.837,N,86.482,W
6/24/2012,11:30:06,27.837,N,86.479,W
6/24/2012,11:32:05,27.838,N,86.476,W
6/24/2012,11:34:05,27.839,N,86.472,W
6/24/2012,11:36:05,27.84,N,86.469,W
6/24/2012,11:38:05,27.841,N,86.465,W
6/24/2012,11:40:06,27.842,N,86.462,W
6/24/2012,11:42:06,27.843,N,86.459,W
6/24/2012,11:44:06,27.844,N,86.455,W
6/24/2012,11:46:06,27.845,N,86.452,W
6/24/2012,11:48:05,27.846,N,86.449,W
6/24/2012,11:50:05,27.847,N,86.445,W
6/24/2012,11:52:05,27.848,N,86.442,W
6/24/2012,11:54:06,27.85,N,86.439,W
6/24/2012,11:56:06,27.851,N,86.435,W
6/24/2012,11:58:06,27.852,N,86.432,W
6/24/2012,12:00:06,27.854,N,86.429,W
6/24/2012,12:02:05,27.855,N,86.425,W
6/24/2012,12:04:05,27.856,N,86.422,W
6/24/2012,12:06:05,27.858,N,86.419,W
6/24/2012,12:08:05,27.859,N,86.415,W
6/24/2012,12:10:06,27.861,N,86.412,W
6/24/2012,12:12:06,27.863,N,86.409,W
6/24/2012,12:14:06,27.864,N,86.405,W
6/24/2012,12:16:06,27.866,N,86.402,W
6/24/2012,12:18:05,27.868,N,86.399,W
6/24/2012,12:20:05,27.869,N,86.396,W
6/24/2012,12:22:05,27.871,N,86.392,W
6/24/2012,12:24:06,27.873,N,86.389,W
6/24/2012,12:26:06,27.875,N,86.386,W
6/24/2012,12:28:06,27.877,N,86.382,W
6/24/2012,12:30:06,27.879,N,86.379,W
6/24/2012,12:32:05,27.881,N,86.376,W
6/24/2012,12:34:05,27.882,N,86.373,W
6/24/2012,12:36:05,27.885,N,86.369,W
6/24/2012,12:38:05,27.887,N,86.366,W
6/24/2012,12:40:06,27.889,N,86.363,W
6/24/2012,12:42:06,27.891,N,86.36,W
6/24/2012,12:44:06,27.893,N,86.356,W
6/24/2012,12:46:06,27.895,N,86.353,W
6/24/2012,12:48:05,27.897,N,86.35,W
6/24/2012,12:50:05,27.9,N,86.347,W
6/24/2012,12:52:05,27.902,N,86.343,W
6/24/2012,12:54:06,27.904,N,86.34,W
6/24/2012,12:56:06,27.906,N,86.337,W
6/24/2012,12:58:06,27.909,N,86.334,W
6/24/2012,13:00:06,27.911,N,86.331,W
6/24/2012,13:02:05,27.914,N,86.327,W
6/24/2012,13:04:05,27.916,N,86.324,W
6/24/2012,13:06:05,27.919,N,86.321,W
6/24/2012,13:08:05,27.921,N,86.318,W
6/24/2012,13:10:06,27.924,N,86.315,W
6/24/2012,13:12:06,27.926,N,86.311,W
6/24/2012,13:14:06,27.929,N,86.308,W
6/24/2012,13:16:06,27.931,N,86.305,W
6/24/2012,13:18:05,27.934,N,86.302,W
6/24/2012,13:20:05,27.937,N,86.299,W
6/24/2012,13:22:05,27.939,N,86.296,W
6/24/2012,13:24:06,27.942,N,86.292,W
6/24/2012,13:26:06,27.945,N,86.289,W
6/24/2012,13:28:06,27.948,N,86.286,W
6/24/2012,13:30:06,27.951,N,86.283,W
6/24/2012,13:32:05,27.953,N,86.28,W
6/24/2012,13:34:05,27.956,N,86.277,W
6/24/2012,13:36:05,27.959,N,86.273,W
6/24/2012,13:38:05,27.962,N,86.27,W
6/24/2012,13:40:06,27.965,N,86.267,W
6/24/2012,13:42:06,27.968,N,86.264,W
6/24/2012,13:44:06,27.971,N,86.261,W
6/24/2012,13:46:06,27.974,N,86.258,W
6/24/2012,13:48:05,27.977,N,86.255,W
6/24/2012,13:50:05,27.98,N,86.251,W
6/24/2012,13:52:05,27.983,N,86.248,W
6/24/2012,13:54:06,27.986,N,86.245,W
6/24/2012,13:56:06,27.989,N,86.242,W
6/24/2012,13:58:06,27.992,N,86.239,W
6/24/2012,14:00:06,27.996,N,86.236,W
6/24/2012,14:02:05,27.999,N,86.233,W
6/24/2012,14:04:05,28.002,N,86.23,W
6/24/2012,14:06:05,28.005,N,86.226,W
6/24/2012,14:08:05,28.008,N,86.223,W
6/24/2012,14:10:06,28.012,N,86.22,W
6/24/2012,14:12:06,28.015,N,86.217,W
6/24/2012,14:14:06,28.018,N,86.214,W
6/24/2012,14:16:06,28.021,N,86.211,W
6/24/2012,14:18:05,28.025,N,86.208,W
6/24/2012,14:20:05,28.028,N,86.205,W
6/24/2012,14:21:14,28.03,N,86.203,W
6/24/2012,14:23:14,28.034,N,86.199,W
6/24/2012,14:25:13,28.039,N,86.196,W
6/24/2012,14:27:13,28.043,N,86.192,W
6/24/2012,14:29:13,28.048,N,86.189,W
6/24/2012,14:31:14,28.052,N,86.185,W
6/24/2012,14:33:14,28.056,N,86.182,W
6/24/2012,14:35:14,28.061,N,86.178,W
6/24/2012,14:37:14,28.065,N,86.175,W
6/24/2012,14:39:13,28.07,N,86.171,W
6/24/2012,14:41:13,28.074,N,86.168,W
6/24/2012,14:43:13,28.079,N,86.164,W
6/24/2012,14:45:13,28.083,N,86.161,W
6/24/2012,14:47:14,28.087,N,86.157,W
6/24/2012,14:49:14,28.092,N,86.154,W
6/24/2012,14:51:14,28.096,N,86.15,W
6/24/2012,14:53:14,28.1,N,86.147,W
6/24/2012,14:55:13,28.105,N,86.144,W
6/24/2012,14:57:13,28.109,N,86.14,W
6/24/2012,14:59:13,28.113,N,86.137,W
6/24/2012,15:01:14,28.117,N,86.134,W
6/24/2012,15:03:14,28.121,N,86.13,W
6/24/2012,15:05:14,28.126,N,86.127,W
6/24/2012,15:07:14,28.13,N,86.124,W
6/24/2012,15:09:13,28.134,N,86.12,W
6/24/2012,15:11:13,28.138,N,86.117,W
6/24/2012,15:13:13,28.142,N,86.114,W
6/24/2012,15:15:13,28.146,N,86.111,W
6/24/2012,15:17:14,28.15,N,86.108,W
6/24/2012,15:19:14,28.154,N,86.105,W
6/24/2012,15:21:14,28.157,N,86.102,W
6/24/2012,15:23:14,28.161,N,86.099,W
6/24/2012,15:25:13,28.165,N,86.096,W
6/24/2012,15:27:13,28.168,N,86.093,W
6/24/2012,15:29:13,28.172,N,86.09,W
6/24/2012,15:31:14,28.175,N,86.087,W
6/24/2012,15:33:14,28.179,N,86.084,W
6/24/2012,15:35:14,28.182,N,86.081,W
6/24/2012,15:37:14,28.186,N,86.078,W
6/24/2012,15:39:13,28.189,N,86.075,W
6/24/2012,15:41:13,28.192,N,86.072,W
6/24/2012,15:43:13,28.195,N,86.07,W
6/24/2012,15:45:13,28.198,N,86.067,W
6/24/2012,15:47:14,28.201,N,86.064,W
6/24/2012,15:49:14,28.204,N,86.062,W
6/24/2012,15:51:14,28.207,N,86.059,W
6/24/2012,15:53:14,28.21,N,86.056,W
6/24/2012,15:55:13,28.213,N,86.054,W
6/24/2012,15:57:13,28.216,N,86.051,W
6/24/2012,15:59:13,28.218,N,86.049,W
6/24/2012,16:01:14,28.221,N,86.046,W
6/24/2012,16:03:14,28.224,N,86.044,W
6/24/2012,16:05:14,28.226,N,86.041,W
6/24/2012,16:07:14,28.229,N,86.039,W
6/24/2012,16:09:13,28.232,N,86.036,W
6/24/2012,16:11:13,28.234,N,86.034,W
6/24/2012,16:13:13,28.236,N,86.032,W
6/24/2012,16:13:40,28.237,N,86.031,W
6/24/2012,16:15:41,28.24,N,86.028,W
6/24/2012,16:17:41,28.242,N,86.026,W
6/24/2012,16:19:41,28.245,N,86.023,W
6/24/2012,16:21:41,28.248,N,86.021,W
6/24/2012,16:23:40,28.25,N,86.018,W
6/24/2012,16:25:40,28.253,N,86.016,W
6/24/2012,16:27:40,28.255,N,86.013,W
6/24/2012,16:29:40,28.258,N,86.011,W
6/24/2012,16:31:41,28.26,N,86.008,W
6/24/2012,16:33:41,28.262,N,86.006,W
6/24/2012,16:35:41,28.264,N,86.004,W
6/24/2012,16:37:41,28.267,N,86.001,W
6/24/2012,16:39:40,28.269,N,85.999,W
6/24/2012,16:41:40,28.271,N,85.997,W
6/24/2012,16:43:40,28.273,N,85.995,W
6/24/2012,16:45:41,28.275,N,85.992,W
6/24/2012,16:47:41,28.277,N,85.99,W
6/24/2012,16:49:41,28.279,N,85.988,W
6/24/2012,16:51:41,28.281,N,85.986,W
6/24/2012,16:53:40,28.283,N,85.984,W
6/24/2012,16:55:40,28.284,N,85.982,W
6/24/2012,16:57:40,28.286,N,85.979,W
6/24/2012,16:59:40,28.288,N,85.977,W
6/24/2012,17:01:41,28.29,N,85.975,W
6/24/2012,17:03:41,28.291,N,85.973,W
6/24/2012,17:05:41,28.293,N,85.971,W
6/24/2012,17:07:41,28.295,N,85.97,W
6/24/2012,17:09:40,28.296,N,85.968,W
6/24/2012,17:11:40,28.298,N,85.966,W
6/24/2012,17:13:40,28.299,N,85.964,W
6/24/2012,17:15:41,28.301,N,85.962,W
6/24/2012,17:17:41,28.302,N,85.96,W
6/24/2012,17:19:41,28.304,N,85.958,W
6/24/2012,17:21:41,28.305,N,85.957,W
6/24/2012,17:23:40,28.306,N,85.955,W
6/24/2012,17:25:40,28.308,N,85.953,W
6/24/2012,17:27:40,28.309,N,85.952,W
6/24/2012,17:29:40,28.31,N,85.95,W
6/24/2012,17:30:52,28.311,N,85.949,W
6/24/2012,17:32:52,28.313,N,85.947,W
6/24/2012,17:34:52,28.315,N,85.945,W
6/24/2012,17:36:52,28.316,N,85.944,W
6/24/2012,17:38:51,28.318,N,85.942,W
6/24/2012,17:40:51,28.32,N,85.94,W
6/24/2012,17:42:51,28.321,N,85.938,W
6/24/2012,17:44:51,28.323,N,85.937,W
6/24/2012,17:46:52,28.325,N,85.935,W
6/24/2012,17:48:52,28.327,N,85.933,W
6/24/2012,17:50:52,28.328,N,85.932,W
6/24/2012,17:52:52,28.33,N,85.93,W
6/24/2012,17:54:51,28.332,N,85.929,W
6/24/2012,17:56:51,28.333,N,85.927,W
6/24/2012,17:58:51,28.335,N,85.926,W
6/24/2012,18:00:52,28.336,N,85.924,W
6/24/2012,18:02:52,28.338,N,85.923,W
6/24/2012,18:04:52,28.34,N,85.921,W
6/24/2012,18:06:52,28.341,N,85.92,W
6/24/2012,18:08:51,28.343,N,85.918,W
6/24/2012,18:10:51,28.344,N,85.917,W
6/24/2012,18:12:51,28.346,N,85.916,W
6/24/2012,18:14:51,28.347,N,85.915,W
6/24/2012,18:16:52,28.349,N,85.913,W
6/24/2012,18:18:52,28.35,N,85.912,W
6/24/2012,18:20:52,28.352,N,85.911,W
6/24/2012,18:22:52,28.353,N,85.91,W
6/24/2012,18:24:51,28.354,N,85.909,W
6/24/2012,18:26:51,28.356,N,85.908,W
6/24/2012,18:28:51,28.357,N,85.907,W
6/24/2012,18:30:52,28.358,N,85.906,W
6/24/2012,18:32:52,28.36,N,85.905,W
6/24/2012,18:34:52,28.361,N,85.904,W
6/24/2012,18:36:52,28.362,N,85.903,W
6/24/2012,18:38:51,28.364,N,85.902,W
6/24/2012,18:40:51,28.365,N,85.902,W
6/24/2012,18:42:51,28.366,N,85.901,W
6/24/2012,18:44:51,28.367,N,85.9,W
6/24/2012,18:46:52,28.369,N,85.9,W
6/24/2012,18:48:52,28.37,N,85.899,W
6/24/2012,18:50:52,28.371,N,85.898,W
6/24/2012,18:52:52,28.372,N,85.898,W
6/24/2012,18:54:51,28.373,N,85.897,W
6/24/2012,18:56:51,28.374,N,85.897,W
6/24/2012,18:58:51,28.375,N,85.896,W
6/24/2012,19:00:52,28.376,N,85.896,W
6/24/2012,19:02:52,28.377,N,85.896,W
6/24/2012,19:04:52,28.378,N,85.895,W
6/24/2012,19:06:52,28.379,N,85.895,W
6/24/2012,19:08:51,28.38,N,85.895,W
6/24/2012,19:10:51,28.381,N,85.895,W
6/24/2012,19:12:51,28.382,N,85.894,W
6/24/2012,19:14:51,28.383,N,85.894,W
6/24/2012,19:16:52,28.384,N,85.894,W
6/24/2012,19:18:52,28.385,N,85.894,W
6/24/2012,19:20:52,28.386,N,85.894,W
6/24/2012,19:22:52,28.387,N,85.894,W
6/24/2012,19:24:51,28.387,N,85.894,W
6/24/2012,19:26:51,28.388,N,85.894,W
6/24/2012,19:28:51,28.389,N,85.894,W
6/24/2012,19:30:52,28.39,N,85.894,W
6/24/2012,19:32:52,28.39,N,85.894,W
6/24/2012,19:34:52,28.391,N,85.894,W
6/24/2012,19:36:52,28.392,N,85.894,W
6/24/2012,19:38:51,28.392,N,85.894,W
6/24/2012,19:40:51,28.393,N,85.894,W
6/24/2012,19:42:51,28.393,N,85.894,W
6/24/2012,19:44:51,28.394,N,85.894,W
6/24/2012,19:46:52,28.394,N,85.895,W
6/24/2012,19:48:52,28.395,N,85.895,W
6/24/2012,19:50:52,28.395,N,85.895,W
6/24/2012,19:52:52,28.396,N,85.895,W
6/24/2012,19:54:51,28.396,N,85.895,W
6/24/2012,19:56:51,28.397,N,85.896,W
6/24/2012,19:58:51,28.397,N,85.896,W
6/24/2012,20:00:52,28.398,N,85.896,W
6/24/2012,20:02:52,28.398,N,85.896,W
6/24/2012,20:04:52,28.398,N,85.897,W
6/24/2012,20:06:52,28.398,N,85.897,W
6/24/2012,20:08:51,28.399,N,85.897,W
6/24/2012,20:10:51,28.399,N,85.898,W
6/24/2012,20:12:51,28.399,N,85.898,W
6/24/2012,20:14:51,28.399,N,85.898,W
6/24/2012,20:16:52,28.4,N,85.898,W
6/24/2012,20:18:52,28.4,N,85.899,W
6/24/2012,20:20:52,28.4,N,85.899,W
6/24/2012,20:22:52,28.4,N,85.899,W
6/24/2012,20:24:51,28.4,N,85.9,W
6/24/2012,20:26:39,28.4,N,85.9,W
6/24/2012,20:28:40,28.4,N,85.9,W
6/24/2012,20:30:40,28.399,N,85.901,W
6/24/2012,20:32:40,28.398,N,85.901,W
6/24/2012,20:34:40,28.398,N,85.901,W
6/24/2012,20:36:39,28.397,N,85.902,W
6/24/2012,20:38:39,28.397,N,85.902,W
6/24/2012,20:40:39,28.396,N,85.902,W
6/24/2012,20:42:40,28.395,N,85.903,W
6/24/2012,20:44:40,28.394,N,85.903,W
6/24/2012,20:46:40,28.394,N,85.903,W
6/24/2012,20:48:40,28.393,N,85.904,W
6/24/2012,20:50:39,28.392,N,85.904,W
6/24/2012,20:52:39,28.391,N,85.905,W
6/24/2012,20:54:39,28.39,N,85.905,W
6/24/2012,20:56:39,28.389,N,85.905,W
6/24/2012,20:58:40,28.388,N,85.906,W
6/24/2012,21:00:40,28.387,N,85.906,W
6/24/2012,21:02:40,28.386,N,85.907,W
6/24/2012,21:04:40,28.385,N,85.907,W
6/24/2012,21:06:39,28.384,N,85.908,W
6/24/2012,21:08:39,28.383,N,85.908,W
6/24/2012,21:10:39,28.382,N,85.908,W
6/24/2012,21:12:40,28.381,N,85.909,W
6/24/2012,21:14:40,28.38,N,85.909,W
6/24/2012,21:16:40,28.379,N,85.91,W
6/24/2012,21:18:40,28.378,N,85.91,W
6/24/2012,21:20:39,28.377,N,85.911,W
6/24/2012,21:22:39,28.375,N,85.911,W
6/24/2012,21:24:39,28.374,N,85.911,W
6/24/2012,21:26:39,28.373,N,85.912,W
6/24/2012,21:28:40,28.372,N,85.912,W
6/24/2012,21:30:40,28.371,N,85.913,W
6/24/2012,21:32:40,28.369,N,85.913,W
6/24/2012,21:34:40,28.368,N,85.913,W
6/24/2012,21:36:39,28.367,N,85.914,W
6/24/2012,21:38:39,28.366,N,85.914,W
6/24/2012,21:40:39,28.364,N,85.914,W
6/24/2012,21:42:40,28.363,N,85.915,W
6/24/2012,21:44:40,28.362,N,85.915,W
6/24/2012,21:46:40,28.361,N,85.915,W
6/24/2012,21:48:40,28.359,N,85.915,W
6/24/2012,21:50:39,28.358,N,85.916,W
6/24/2012,21:52:39,28.357,N,85.916,W
6/24/2012,21:54:39,28.355,N,85.916,W
6/24/2012,21:56:39,28.354,N,85.916,W
6/24/2012,21:58:40,28.353,N,85.916,W
6/24/2012,22:00:40,28.351,N,85.916,W
6/24/2012,22:02:40,28.35,N,85.917,W
6/24/2012,22:04:40,28.349,N,85.917,W
6/24/2012,22:06:39,28.348,N,85.917,W
6/24/2012,22:08:39,28.346,N,85.917,W
6/24/2012,22:10:39,28.345,N,85.917,W
6/24/2012,22:12:40,28.344,N,85.917,W
6/24/2012,22:14:40,28.343,N,85.917,W
6/24/2012,22:16:40,28.341,N,85.917,W
6/24/2012,22:18:40,28.34,N,85.916,W
6/24/2012,22:20:39,28.339,N,85.916,W
6/24/2012,22:22:39,28.338,N,85.916,W
6/24/2012,22:24:39,28.336,N,85.916,W
6/24/2012,22:26:39,28.335,N,85.916,W
6/24/2012,22:28:40,28.334,N,85.915,W
6/24/2012,22:30:40,28.333,N,85.915,W
6/24/2012,22:32:40,28.332,N,85.915,W
6/24/2012,22:34:40,28.331,N,85.914,W
6/24/2012,22:36:39,28.329,N,85.914,W
6/24/2012,22:38:39,28.328,N,85.913,W
6/24/2012,22:40:39,28.327,N,85.913,W
6/24/2012,22:42:40,28.326,N,85.912,W
6/24/2012,22:44:40,28.325,N,85.912,W
6/24/2012,22:46:40,28.324,N,85.911,W
6/24/2012,22:48:40,28.323,N,85.91,W
6/24/2012,22:50:39,28.322,N,85.909,W
6/24/2012,22:52:39,28.321,N,85.909,W
6/24/2012,22:54:39,28.32,N,85.908,W
6/24/2012,22:56:39,28.319,N,85.907,W
6/24/2012,22:58:40,28.319,N,85.906,W
6/24/2012,23:00:40,28.318,N,85.905,W
6/24/2012,23:02:40,28.317,N,85.904,W
6/24/2012,23:04:40,28.316,N,85.903,W
6/24/2012,23:06:39,28.315,N,85.902,W
6/24/2012,23:08:39,28.314,N,85.901,W
6/24/2012,23:10:39,28.314,N,85.9,W
6/24/2012,23:12:40,28.313,N,85.899,W
6/24/2012,23:14:40,28.312,N,85.897,W
6/24/2012,23:16:40,28.311,N,85.896,W
6/24/2012,23:18:40,28.311,N,85.895,W
6/24/2012,23:20:39,28.31,N,85.894,W
6/24/2012,23:22:39,28.309,N,85.892,W
6/24/2012,23:24:39,28.309,N,85.891,W
6/24/2012,23:26:39,28.308,N,85.889,W
6/24/2012,23:28:40,28.308,N,85.888,W
6/24/2012,23:30:40,28.307,N,85.886,W
6/24/2012,23:32:40,28.306,N,85.885,W
6/24/2012,23:33:51,28.306,N,85.884,W
6/24/2012,23:35:50,28.305,N,85.882,W
6/24/2012,23:37:50,28.304,N,85.88,W
6/24/2012,23:39:50,28.303,N,85.877,W
6/24/2012,23:41:50,28.302,N,85.875,W
6/24/2012,23:43:51,28.3,N,85.873,W
6/24/2012,23:45:51,28.299,N,85.871,W
6/24/2012,23:47:51,28.298,N,85.868,W
6/24/2012,23:49:51,28.297,N,85.866,W
6/24/2012,23:51:50,28.296,N,85.864,W
6/24/2012,23:53:50,28.295,N,85.862,W
6/24/2012,23:55:50,28.294,N,85.859,W
6/24/2012,23:57:51,28.294,N,85.857,W
6/24/2012,23:59:51,28.293,N,85.855,W
6/25/2012,0:01:51,28.292,N,85.852,W
6/25/2012,0:03:51,28.291,N,85.85,W
6/25/2012,0:05:50,28.29,N,85.848,W
6/25/2012,0:07:50,28.289,N,85.845,W
6/25/2012,0:09:50,28.289,N,85.843,W
6/25/2012,0:11:50,28.288,N,85.841,W
6/25/2012,0:13:51,28.287,N,85.838,W
6/25/2012,0:15:51,28.287,N,85.836,W
6/25/2012,0:17:51,28.286,N,85.834,W
6/25/2012,0:19:51,28.285,N,85.831,W
6/25/2012,0:21:50,28.285,N,85.829,W
6/25/2012,0:23:50,28.284,N,85.827,W
6/25/2012,0:25:50,28.284,N,85.824,W
6/25/2012,0:27:51,28.283,N,85.822,W
6/25/2012,0:29:51,28.283,N,85.82,W
6/25/2012,0:31:51,28.283,N,85.818,W
6/25/2012,0:33:51,28.282,N,85.815,W
6/25/2012,0:35:50,28.282,N,85.813,W
6/25/2012,0:37:50,28.282,N,85.811,W
6/25/2012,0:39:50,28.282,N,85.809,W
6/25/2012,0:41:50,28.282,N,85.807,W
6/25/2012,0:43:51,28.282,N,85.805,W
6/25/2012,0:45:51,28.282,N,85.803,W
6/25/2012,0:47:51,28.282,N,85.801,W
6/25/2012,0:49:51,28.282,N,85.799,W
6/25/2012,0:51:50,28.282,N,85.797,W
6/25/2012,0:53:50,28.282,N,85.795,W
6/25/2012,0:55:50,28.282,N,85.793,W
6/25/2012,0:57:51,28.283,N,85.791,W
6/25/2012,0:59:51,28.283,N,85.789,W
6/25/2012,1:01:51,28.283,N,85.787,W
6/25/2012,1:03:51,28.284,N,85.785,W
6/25/2012,1:05:50,28.284,N,85.784,W
6/25/2012,1:07:50,28.285,N,85.782,W
6/25/2012,1:09:50,28.285,N,85.78,W
6/25/2012,1:11:50,28.286,N,85.779,W
6/25/2012,1:13:51,28.287,N,85.777,W
6/25/2012,1:15:51,28.287,N,85.776,W
6/25/2012,1:17:51,28.288,N,85.774,W
6/25/2012,1:19:51,28.289,N,85.772,W
6/25/2012,1:21:48,28.29,N,85.771,W
6/25/2012,1:23:49,28.291,N,85.769,W
6/25/2012,1:25:49,28.291,N,85.767,W
6/25/2012,1:27:49,28.292,N,85.766,W
6/25/2012,1:29:48,28.293,N,85.764,W
6/25/2012,1:31:48,28.293,N,85.762,W
6/25/2012,1:33:48,28.294,N,85.761,W
6/25/2012,1:35:48,28.295,N,85.759,W
6/25/2012,1:37:49,28.296,N,85.757,W
6/25/2012,1:39:49,28.297,N,85.756,W
6/25/2012,1:41:49,28.298,N,85.754,W
6/25/2012,1:43:49,28.299,N,85.752,W
6/25/2012,1:45:48,28.3,N,85.751,W
6/25/2012,1:47:48,28.301,N,85.749,W
6/25/2012,1:49:48,28.302,N,85.748,W
6/25/2012,1:51:48,28.303,N,85.746,W
6/25/2012,1:53:49,28.304,N,85.745,W
6/25/2012,1:55:49,28.306,N,85.744,W
6/25/2012,1:57:49,28.307,N,85.742,W
6/25/2012,1:59:48,28.308,N,85.741,W
6/25/2012,2:01:48,28.31,N,85.74,W
6/25/2012,2:03:48,28.311,N,85.738,W
6/25/2012,2:05:48,28.313,N,85.737,W
6/25/2012,2:07:49,28.314,N,85.736,W
6/25/2012,2:09:49,28.316,N,85.735,W
6/25/2012,2:11:49,28.318,N,85.734,W
6/25/2012,2:13:49,28.319,N,85.732,W
6/25/2012,2:15:48,28.321,N,85.731,W
6/25/2012,2:17:48,28.323,N,85.73,W
6/25/2012,2:19:48,28.325,N,85.729,W
6/25/2012,2:21:48,28.326,N,85.728,W
6/25/2012,2:23:49,28.328,N,85.728,W
6/25/2012,2:25:49,28.33,N,85.727,W
6/25/2012,2:27:49,28.332,N,85.726,W
6/25/2012,2:29:48,28.334,N,85.725,W
6/25/2012,2:31:48,28.336,N,85.724,W
6/25/2012,2:33:48,28.338,N,85.724,W
6/25/2012,2:35:48,28.341,N,85.723,W
6/25/2012,2:37:49,28.343,N,85.723,W
6/25/2012,2:39:49,28.345,N,85.722,W
6/25/2012,2:41:49,28.347,N,85.722,W
6/25/2012,2:43:49,28.349,N,85.721,W
6/25/2012,2:45:48,28.352,N,85.721,W
6/25/2012,2:47:48,28.354,N,85.72,W
6/25/2012,2:49:48,28.357,N,85.72,W
6/25/2012,2:51:48,28.359,N,85.72,W
6/25/2012,2:53:49,28.361,N,85.72,W
6/25/2012,2:55:49,28.364,N,85.72,W
6/25/2012,2:57:49,28.367,N,85.72,W
6/25/2012,2:59:48,28.369,N,85.72,W
6/25/2012,3:01:48,28.372,N,85.72,W
6/25/2012,3:03:48,28.374,N,85.72,W
6/25/2012,3:05:48,28.377,N,85.72,W
6/25/2012,3:07:49,28.38,N,85.72,W
6/25/2012,3:09:49,28.383,N,85.721,W
6/25/2012,3:11:49,28.386,N,85.721,W
6/25/2012,3:12:07,28.386,N,85.721,W
6/25/2012,3:14:07,28.389,N,85.721,W
6/25/2012,3:16:08,28.392,N,85.722,W
6/25/2012,3:18:08,28.395,N,85.722,W
6/25/2012,3:20:08,28.398,N,85.723,W
6/25/2012,3:22:07,28.401,N,85.723,W
6/25/2012,3:24:07,28.404,N,85.724,W
6/25/2012,3:26:07,28.407,N,85.725,W
6/25/2012,3:28:07,28.41,N,85.725,W
6/25/2012,3:30:08,28.413,N,85.726,W
6/25/2012,3:32:08,28.417,N,85.727,W
6/25/2012,3:34:08,28.42,N,85.728,W
6/25/2012,3:36:08,28.424,N,85.729,W
6/25/2012,3:38:07,28.427,N,85.73,W
6/25/2012,3:40:07,28.431,N,85.731,W
6/25/2012,3:42:07,28.434,N,85.733,W
6/25/2012,3:44:07,28.438,N,85.734,W
6/25/2012,3:46:08,28.442,N,85.735,W
6/25/2012,3:48:08,28.445,N,85.737,W
6/25/2012,3:50:08,28.449,N,85.738,W
6/25/2012,3:52:07,28.453,N,85.74,W
6/25/2012,3:54:07,28.457,N,85.741,W
6/25/2012,3:56:07,28.461,N,85.743,W
6/25/2012,3:58:07,28.464,N,85.745,W
6/25/2012,4:00:08,28.468,N,85.746,W
6/25/2012,4:02:08,28.472,N,85.748,W
6/25/2012,4:04:08,28.476,N,85.75,W
6/25/2012,4:06:08,28.48,N,85.752,W
6/25/2012,4:08:07,28.484,N,85.754,W
6/25/2012,4:10:07,28.488,N,85.755,W
6/25/2012,4:12:07,28.492,N,85.757,W
6/25/2012,4:14:07,28.496,N,85.759,W
6/25/2012,4:16:08,28.499,N,85.761,W
6/25/2012,4:18:08,28.503,N,85.763,W
6/25/2012,4:20:08,28.507,N,85.765,W
6/25/2012,4:22:07,28.511,N,85.767,W
6/25/2012,4:24:07,28.515,N,85.769,W
6/25/2012,4:26:07,28.519,N,85.772,W
6/25/2012,4:28:07,28.523,N,85.774,W
6/25/2012,4:30:08,28.526,N,85.776,W
6/25/2012,4:32:08,28.53,N,85.778,W
6/25/2012,4:34:08,28.534,N,85.78,W
6/25/2012,4:36:08,28.538,N,85.782,W
6/25/2012,4:38:07,28.541,N,85.785,W
6/25/2012,4:40:07,28.545,N,85.787,W
6/25/2012,4:42:07,28.548,N,85.789,W
6/25/2012,4:44:07,28.552,N,85.791,W
6/25/2012,4:46:08,28.555,N,85.793,W
6/25/2012,4:48:08,28.559,N,85.795,W
6/25/2012,4:50:08,28.562,N,85.798,W
6/25/2012,4:52:07,28.565,N,85.8,W
6/25/2012,4:54:07,28.569,N,85.802,W
6/25/2012,4:56:07,28.572,N,85.804,W
6/25/2012,4:58:07,28.575,N,85.806,W
6/25/2012,5:00:08,28.578,N,85.809,W
6/25/2012,5:02:08,28.581,N,85.811,W
6/25/2012,5:04:08,28.584,N,85.813,W
6/25/2012,5:04:13,28.584,N,85.813,W
6/25/2012,5:06:12,28.586,N,85.815,W
6/25/2012,5:08:12,28.589,N,85.816,W
6/25/2012,5:10:12,28.591,N,85.818,W
6/25/2012,5:12:12,28.593,N,85.819,W
6/25/2012,5:14:13,28.596,N,85.821,W
6/25/2012,5:16:13,28.598,N,85.822,W
6/25/2012,5:18:13,28.6,N,85.824,W
6/25/2012,5:20:13,28.602,N,85.825,W
6/25/2012,5:22:12,28.604,N,85.827,W
6/25/2012,5:24:12,28.606,N,85.828,W
6/25/2012,5:26:12,28.607,N,85.83,W
6/25/2012,5:28:12,28.609,N,85.831,W
6/25/2012,5:30:13,28.611,N,85.833,W
6/25/2012,5:32:13,28.612,N,85.834,W
6/25/2012,5:34:13,28.614,N,85.836,W
6/25/2012,5:36:12,28.615,N,85.837,W
6/25/2012,5:38:12,28.617,N,85.839,W
6/25/2012,5:40:12,28.618,N,85.84,W
6/25/2012,5:42:12,28.619,N,85.841,W
6/25/2012,5:44:13,28.62,N,85.843,W
6/25/2012,5:46:13,28.621,N,85.844,W
6/25/2012,5:48:13,28.622,N,85.846,W
6/25/2012,5:50:13,28.623,N,85.847,W
6/25/2012,5:52:12,28.624,N,85.849,W
6/25/2012,5:54:12,28.625,N,85.85,W
6/25/2012,5:56:12,28.625,N,85.851,W
6/25/2012,5:58:12,28.626,N,85.853,W
6/25/2012,6:00:13,28.626,N,85.854,W
6/25/2012,6:02:13,28.627,N,85.856,W
6/25/2012,6:04:13,28.627,N,85.857,W
6/25/2012,6:06:12,28.627,N,85.858,W
6/25/2012,6:08:12,28.628,N,85.86,W
6/25/2012,6:10:12,28.628,N,85.861,W
6/25/2012,6:12:12,28.628,N,85.862,W
6/25/2012,6:14:13,28.627,N,85.864,W
6/25/2012,6:16:13,28.627,N,85.865,W
6/25/2012,6:18:13,28.627,N,85.866,W
6/25/2012,6:20:13,28.626,N,85.868,W
6/25/2012,6:22:12,28.626,N,85.869,W
6/25/2012,6:24:12,28.625,N,85.87,W
6/25/2012,6:26:12,28.625,N,85.871,W
6/25/2012,6:28:12,28.624,N,85.873,W
6/25/2012,6:30:13,28.623,N,85.874,W
6/25/2012,6:32:13,28.622,N,85.875,W
6/25/2012,6:34:13,28.622,N,85.876,W
6/25/2012,6:36:12,28.621,N,85.877,W
6/25/2012,6:38:12,28.619,N,85.879,W
6/25/2012,6:40:12,28.618,N,85.88,W
6/25/2012,6:42:12,28.617,N,85.881,W
6/25/2012,6:44:13,28.616,N,85.882,W
6/25/2012,6:46:13,28.615,N,85.883,W
6/25/2012,6:48:13,28.613,N,85.884,W
6/25/2012,6:50:13,28.612,N,85.885,W
6/25/2012,6:52:12,28.61,N,85.886,W
6/25/2012,6:54:12,28.609,N,85.887,W
6/25/2012,6:56:12,28.607,N,85.888,W
6/25/2012,6:58:12,28.605,N,85.889,W
6/25/2012,7:00:13,28.604,N,85.89,W
6/25/2012,7:02:13,28.602,N,85.891,W
6/25/2012,7:04:13,28.6,N,85.892,W
6/25/2012,7:06:12,28.598,N,85.892,W
6/25/2012,7:08:12,28.596,N,85.893,W
6/25/2012,7:10:12,28.595,N,85.894,W
6/25/2012,7:12:12,28.593,N,85.895,W
6/25/2012,7:14:13,28.591,N,85.895,W
6/25/2012,7:16:13,28.589,N,85.896,W
6/25/2012,7:18:13,28.586,N,85.897,W
6/25/2012,7:20:13,28.584,N,85.897,W
6/25/2012,7:22:12,28.582,N,85.898,W
6/25/2012,7:24:12,28.58,N,85.898,W
6/25/2012,7:26:12,28.578,N,85.899,W
6/25/2012,7:28:12,28.576,N,85.899,W
6/25/2012,7:30:13,28.574,N,85.899,W
6/25/2012,7:32:13,28.571,N,85.9,W
6/25/2012,7:33:20,28.57,N,85.9,W
6/25/2012,7:35:20,28.57,N,85.9,W
6/25/2012,7:37:20,28.569,N,85.899,W
6/25/2012,7:39:20,28.569,N,85.899,W
6/25/2012,7:41:19,28.568,N,85.898,W
6/25/2012,7:43:19,28.568,N,85.898,W
6/25/2012,7:45:19,28.567,N,85.897,W
6/25/2012,7:47:19,28.567,N,85.897,W
6/25/2012,7:49:20,28.566,N,85.896,W
6/25/2012,7:51:20,28.566,N,85.895,W
6/25/2012,7:53:20,28.565,N,85.894,W
6/25/2012,7:55:19,28.564,N,85.893,W
6/25/2012,7:57:19,28.564,N,85.892,W
6/25/2012,7:59:19,28.563,N,85.891,W
6/25/2012,8:01:19,28.563,N,85.89,W
6/25/2012,8:03:20,28.562,N,85.889,W
6/25/2012,8:05:20,28.561,N,85.888,W
6/25/2012,8:07:20,28.561,N,85.886,W
6/25/2012,8:09:20,28.56,N,85.885,W
6/25/2012,8:11:19,28.56,N,85.883,W
6/25/2012,8:13:19,28.559,N,85.882,W
6/25/2012,8:15:19,28.558,N,85.88,W
6/25/2012,8:17:19,28.557,N,85.878,W
6/25/2012,8:19:20,28.557,N,85.877,W
6/25/2012,8:21:20,28.556,N,85.875,W
6/25/2012,8:23:20,28.555,N,85.873,W
6/25/2012,8:25:19,28.555,N,85.871,W
6/25/2012,8:27:19,28.554,N,85.869,W
6/25/2012,8:29:19,28.553,N,85.866,W
6/25/2012,8:31:19,28.552,N,85.864,W
6/25/2012,8:33:20,28.551,N,85.862,W
6/25/2012,8:35:20,28.551,N,85.859,W
6/25/2012,8:37:20,28.55,N,85.857,W
6/25/2012,8:39:20,28.549,N,85.854,W
6/25/2012,8:41:19,28.548,N,85.852,W
6/25/2012,8:43:19,28.547,N,85.849,W
6/25/2012,8:45:19,28.546,N,85.846,W
6/25/2012,8:47:19,28.545,N,85.843,W
6/25/2012,8:49:20,28.544,N,85.84,W
6/25/2012,8:51:20,28.543,N,85.837,W
6/25/2012,8:53:20,28.543,N,85.834,W
6/25/2012,8:55:19,28.542,N,85.831,W
6/25/2012,8:57:19,28.541,N,85.827,W
6/25/2012,8:59:19,28.54,N,85.824,W
6/25/2012,9:01:19,28.539,N,85.821,W
6/25/2012,9:03:20,28.538,N,85.817,W
6/25/2012,9:05:20,28.537,N,85.814,W
6/25/2012,9:07:20,28.536,N,85.81,W
6/25/2012,9:09:20,28.535,N,85.806,W
6/25/2012,9:11:19,28.534,N,85.803,W
6/25/2012,9:13:19,28.533,N,85.799,W
6/25/2012,9:15:19,28.532,N,85.795,W
6/25/2012,9:17:19,28.531,N,85.791,W
6/25/2012,9:19:20,28.53,N,85.787,W
6/25/2012,9:21:20,28.529,N,85.783,W
6/25/2012,9:23:20,28.528,N,85.779,W
6/25/2012,9:25:19,28.527,N,85.775,W
6/25/2012,9:27:19,28.526,N,85.771,W
6/25/2012,9:29:19,28.525,N,85.767,W
6/25/2012,9:31:19,28.524,N,85.763,W
6/25/2012,9:33:20,28.523,N,85.758,W
6/25/2012,9:35:20,28.522,N,85.754,W
6/25/2012,9:37:20,28.521,N,85.75,W
6/25/2012,9:39:20,28.52,N,85.745,W
6/25/2012,9:41:19,28.519,N,85.741,W
6/25/2012,9:43:19,28.518,N,85.736,W
6/25/2012,9:45:19,28.517,N,85.732,W
6/25/2012,9:47:19,28.516,N,85.727,W
6/25/2012,9:49:20,28.515,N,85.723,W
6/25/2012,9:51:20,28.514,N,85.718,W
6/25/2012,9:53:20,28.514,N,85.713,W
6/25/2012,9:55:19,28.513,N,85.709,W
6/25/2012,9:57:19,28.512,N,85.704,W
6/25/2012,9:59:19,28.511,N,85.699,W
6/25/2012,10:01:19,28.51,N,85.695,W
6/25/2012,10:03:20,28.509,N,85.69,W
6/25/2012,10:05:20,28.509,N,85.685,W
6/25/2012,10:07:20,28.508,N,85.68,W
6/25/2012,10:09:20,28.507,N,85.676,W
6/25/2012,10:11:19,28.506,N,85.671,W
6/25/2012,10:13:19,28.506,N,85.666,W
6/25/2012,10:15:19,28.505,N,85.661,W
6/25/2012,10:17:19,28.504,N,85.656,W
6/25/2012,10:19:20,28.504,N,85.652,W
6/25/2012,10:21:20,28.503,N,85.647,W
6/25/2012,10:23:20,28.503,N,85.642,W
6/25/2012,10:25:19,28.502,N,85.637,W
6/25/2012,10:27:19,28.502,N,85.632,W
6/25/2012,10:29:19,28.501,N,85.627,W
6/25/2012,10:31:19,28.501,N,85.623,W
6/25/2012,10:33:20,28.5,N,85.618,W
6/25/2012,10:35:20,28.5,N,85.613,W
6/25/2012,10:37:20,28.499,N,85.608,W
6/25/2012,10:39:20,28.499,N,85.603,W
6/25/2012,10:41:19,28.499,N,85.599,W
6/25/2012,10:43:19,28.498,N,85.594,W
6/25/2012,10:45:19,28.498,N,85.589,W
6/25/2012,10:47:19,28.498,N,85.584,W
6/25/2012,10:49:20,28.498,N,85.579,W
6/25/2012,10:51:20,28.498,N,85.575,W
6/25/2012,10:53:20,28.497,N,85.57,W
6/25/2012,10:55:19,28.497,N,85.565,W
6/25/2012,10:57:19,28.497,N,85.561,W
6/25/2012,10:59:19,28.497,N,85.556,W
6/25/2012,11:01:19,28.497,N,85.551,W
6/25/2012,11:03:20,28.497,N,85.547,W
6/25/2012,11:05:20,28.498,N,85.542,W
6/25/2012,11:07:20,28.498,N,85.538,W
6/25/2012,11:09:20,28.498,N,85.533,W
6/25/2012,11:11:19,28.498,N,85.529,W
6/25/2012,11:13:19,28.499,N,85.524,W
6/25/2012,11:15:19,28.499,N,85.52,W
6/25/2012,11:17:19,28.499,N,85.516,W
6/25/2012,11:19:20,28.5,N,85.511,W
6/25/2012,11:21:20,28.5,N,85.507,W
6/25/2012,11:23:20,28.501,N,85.503,W
6/25/2012,11:25:19,28.501,N,85.499,W
6/25/2012,11:27:19,28.502,N,85.495,W
6/25/2012,11:29:19,28.503,N,85.491,W
6/25/2012,11:31:19,28.503,N,85.486,W
6/25/2012,11:33:20,28.504,N,85.482,W
6/25/2012,11:35:20,28.505,N,85.479,W
6/25/2012,11:37:20,28.506,N,85.475,W
6/25/2012,11:39:20,28.507,N,85.471,W
6/25/2012,11:41:19,28.508,N,85.467,W
6/25/2012,11:43:19,28.509,N,85.463,W
6/25/2012,11:45:19,28.51,N,85.46,W
6/25/2012,11:47:19,28.511,N,85.456,W
6/25/2012,11:49:20,28.512,N,85.453,W
6/25/2012,11:51:20,28.514,N,85.449,W
6/25/2012,11:53:20,28.515,N,85.446,W
6/25/2012,11:55:19,28.516,N,85.442,W
6/25/2012,11:57:19,28.518,N,85.439,W
6/25/2012,11:59:19,28.519,N,85.436,W
6/25/2012,12:01:19,28.521,N,85.433,W
6/25/2012,12:03:20,28.523,N,85.43,W
6/25/2012,12:03:52,28.523,N,85.429,W
6/25/2012,12:05:52,28.527,N,85.428,W
6/25/2012,12:07:52,28.531,N,85.427,W
6/25/2012,12:09:51,28.535,N,85.427,W
6/25/2012,12:11:51,28.54,N,85.426,W
6/25/2012,12:13:51,28.544,N,85.425,W
6/25/2012,12:15:52,28.548,N,85.424,W
6/25/2012,12:17:52,28.552,N,85.424,W
6/25/2012,12:19:52,28.557,N,85.423,W
6/25/2012,12:21:52,28.561,N,85.423,W
6/25/2012,12:23:51,28.565,N,85.422,W
6/25/2012,12:25:51,28.57,N,85.421,W
6/25/2012,12:27:51,28.574,N,85.421,W
6/25/2012,12:29:51,28.579,N,85.42,W
6/25/2012,12:31:52,28.583,N,85.42,W
6/25/2012,12:33:52,28.588,N,85.42,W
6/25/2012,12:35:52,28.592,N,85.419,W
6/25/2012,12:37:52,28.597,N,85.419,W
6/25/2012,12:39:51,28.602,N,85.418,W
6/25/2012,12:41:51,28.606,N,85.418,W
6/25/2012,12:43:51,28.611,N,85.418,W
6/25/2012,12:45:52,28.616,N,85.418,W
6/25/2012,12:47:52,28.62,N,85.417,W
6/25/2012,12:49:52,28.625,N,85.417,W
6/25/2012,12:51:52,28.63,N,85.417,W
6/25/2012,12:53:51,28.635,N,85.417,W
6/25/2012,12:55:51,28.639,N,85.417,W
6/25/2012,12:57:51,28.644,N,85.416,W
6/25/2012,12:59:51,28.649,N,85.416,W
6/25/2012,13:01:52,28.654,N,85.416,W
6/25/2012,13:03:52,28.658,N,85.416,W
6/25/2012,13:05:52,28.663,N,85.416,W
6/25/2012,13:07:52,28.668,N,85.416,W
6/25/2012,13:09:51,28.673,N,85.416,W
6/25/2012,13:11:51,28.678,N,85.416,W
6/25/2012,13:13:51,28.683,N,85.416,W
6/25/2012,13:15:52,28.687,N,85.416,W
6/25/2012,13:17:52,28.692,N,85.416,W
6/25/2012,13:19:52,28.697,N,85.416,W
6/25/2012,13:21:52,28.702,N,85.416,W
6/25/2012,13:23:51,28.707,N,85.417,W
6/25/2012,13:25:51,28.711,N,85.417,W
6/25/2012,13:27:51,28.716,N,85.417,W
6/25/2012,13:29:51,28.721,N,85.417,W
6/25/2012,13:31:52,28.726,N,85.417,W
6/25/2012,13:33:52,28.73,N,85.417,W
6/25/2012,13:35:52,28.735,N,85.418,W
6/25/2012,13:37:52,28.74,N,85.418,W
6/25/2012,13:39:51,28.745,N,85.418,W
6/25/2012,13:41:51,28.749,N,85.418,W
6/25/2012,13:43:51,28.754,N,85.418,W
6/25/2012,13:45:52,28.759,N,85.419,W
6/25/2012,13:47:52,28.763,N,85.419,W
6/25/2012,13:49:52,28.768,N,85.419,W
6/25/2012,13:51:52,28.773,N,85.42,W
6/25/2012,13:53:51,28.777,N,85.42,W
6/25/2012,13:55:51,28.782,N,85.42,W
6/25/2012,13:57:51,28.786,N,85.421,W
6/25/2012,13:59:51,28.791,N,85.421,W
6/25/2012,14:01:52,28.795,N,85.421,W
6/25/2012,14:03:52,28.8,N,85.421,W
6/25/2012,14:05:52,28.804,N,85.422,W
6/25/2012,14:07:52,28.808,N,85.422,W
6/25/2012,14:09:51,28.813,N,85.423,W
6/25/2012,14:11:51,28.817,N,85.423,W
6/25/2012,14:13:51,28.822,N,85.423,W
6/25/2012,14:15:52,28.826,N,85.424,W
6/25/2012,14:17:52,28.83,N,85.424,W
6/25/2012,14:19:52,28.834,N,85.425,W
6/25/2012,14:21:52,28.839,N,85.425,W
6/25/2012,14:23:51,28.843,N,85.425,W
6/25/2012,14:25:51,28.847,N,85.426,W
6/25/2012,14:27:51,28.851,N,85.426,W
6/25/2012,14:29:51,28.855,N,85.427,W
6/25/2012,14:31:52,28.86,N,85.427,W
6/25/2012,14:33:52,28.864,N,85.428,W
6/25/2012,14:35:52,28.868,N,85.428,W
6/25/2012,14:37:52,28.872,N,85.429,W
6/25/2012,14:39:51,28.876,N,85.429,W
6/25/2012,14:41:51,28.88,N,85.429,W
6/25/2012,14:43:51,28.884,N,85.43,W
6/25/2012,14:45:52,28.888,N,85.43,W
6/25/2012,14:47:52,28.892,N,85.431,W
6/25/2012,14:49:52,28.896,N,85.431,W
6/25/2012,14:51:52,28.9,N,85.432,W
6/25/2012,14:53:51,28.904,N,85.432,W
6/25/2012,14:55:51,28.908,N,85.433,W
6/25/2012,14:57:51,28.912,N,85.434,W
6/25/2012,14:59:51,28.916,N,85.434,W
6/25/2012,15:01:52,28.92,N,85.435,W
6/25/2012,15:03:52,28.923,N,85.435,W
6/25/2012,15:05:52,28.927,N,85.436,W
6/25/2012,15:07:52,28.931,N,85.436,W
6/25/2012,15:09:51,28.935,N,85.437,W
6/25/2012,15:11:51,28.939,N,85.437,W
6/25/2012,15:13:51,28.942,N,85.438,W
6/25/2012,15:15:52,28.946,N,85.439,W
6/25/2012,15:17:52,28.95,N,85.439,W
6/25/2012,15:19:52,28.954,N,85.44,W
6/25/2012,15:21:52,28.957,N,85.44,W
6/25/2012,15:23:51,28.961,N,85.441,W
6/25/2012,15:25:51,28.965,N,85.442,W
6/25/2012,15:27:51,28.969,N,85.442,W
6/25/2012,15:29:51,28.972,N,85.443,W
6/25/2012,15:31:52,28.976,N,85.443,W
6/25/2012,15:33:52,28.98,N,85.444,W
6/25/2012,15:35:52,28.983,N,85.445,W
6/25/2012,15:37:52,28.987,N,85.445,W
6/25/2012,15:39:51,28.99,N,85.446,W
6/25/2012,15:41:51,28.994,N,85.447,W
6/25/2012,15:43:51,28.998,N,85.447,W
6/25/2012,15:45:52,29.001,N,85.448,W
6/25/2012,15:46:19,29.002,N,85.448,W
6/25/2012,15:48:20,29.008,N,85.448,W
6/25/2012,15:50:20,29.014,N,85.448,W
6/25/2012,15:52:20,29.019,N,85.449,W
6/25/2012,15:54:20,29.025,N,85.449,W
6/25/2012,15:56:19,29.03,N,85.449,W
6/25/2012,15:58:19,29.036,N,85.45,W
6/25/2012,16:00:19,29.041,N,85.45,W
6/25/2012,16:02:19,29.046,N,85.45,W
6/25/2012,16:04:19,29.051,N,85.451,W
6/25/2012,16:06:19,29.056,N,85.451,W
6/25/2012,16:08:19,29.061,N,85.452,W
6/25/2012,16:10:20,29.065,N,85.452,W
6/25/2012,16:12:20,29.07,N,85.452,W
6/25/2012,16:14:20,29.074,N,85.453,W
6/25/2012,16:16:20,29.079,N,85.454,W
6/25/2012,16:18:20,29.083,N,85.454,W
6/25/2012,16:20:20,29.087,N,85.455,W
6/25/2012,16:22:20,29.091,N,85.455,W
6/25/2012,16:24:20,29.094,N,85.456,W
6/25/2012,16:26:19,29.098,N,85.457,W
6/25/2012,16:28:19,29.101,N,85.457,W
6/25/2012,16:30:19,29.104,N,85.458,W
6/25/2012,16:32:19,29.107,N,85.459,W
6/25/2012,16:34:19,29.11,N,85.46,W
6/25/2012,16:36:19,29.113,N,85.461,W
6/25/2012,16:38:19,29.116,N,85.461,W
6/25/2012,16:40:20,29.118,N,85.462,W
6/25/2012,16:42:20,29.12,N,85.463,W
6/25/2012,16:44:20,29.122,N,85.464,W
6/25/2012,16:46:20,29.124,N,85.465,W
6/25/2012,16:48:20,29.126,N,85.466,W
6/25/2012,16:50:20,29.128,N,85.467,W
6/25/2012,16:52:20,29.129,N,85.468,W
6/25/2012,16:54:20,29.131,N,85.469,W
6/25/2012,16:56:19,29.132,N,85.47,W
6/25/2012,16:58:19,29.133,N,85.472,W
6/25/2012,17:00:19,29.134,N,85.473,W
6/25/2012,17:02:19,29.135,N,85.474,W
6/25/2012,17:04:14,29.136,N,85.475,W
6/25/2012,17:06:14,29.138,N,85.476,W
6/25/2012,17:08:14,29.14,N,85.477,W
6/25/2012,17:10:14,29.142,N,85.478,W
6/25/2012,17:12:15,29.144,N,85.479,W
6/25/2012,17:14:15,29.145,N,85.48,W
6/25/2012,17:16:15,29.147,N,85.481,W
6/25/2012,17:18:15,29.149,N,85.482,W
6/25/2012,17:20:15,29.15,N,85.483,W
6/25/2012,17:22:15,29.151,N,85.484,W
6/25/2012,17:24:15,29.152,N,85.485,W
6/25/2012,17:26:15,29.153,N,85.487,W
6/25/2012,17:28:14,29.154,N,85.488,W
6/25/2012,17:30:14,29.155,N,85.489,W
6/25/2012,17:32:14,29.155,N,85.49,W
6/25/2012,17:34:14,29.156,N,85.491,W
6/25/2012,17:36:14,29.156,N,85.493,W
6/25/2012,17:38:14,29.156,N,85.494,W
6/25/2012,17:40:14,29.156,N,85.495,W
6/25/2012,17:42:15,29.156,N,85.497,W
6/25/2012,17:44:15,29.156,N,85.498,W
6/25/2012,17:46:15,29.156,N,85.5,W
6/25/2012,17:48:15,29.155,N,85.501,W
6/25/2012,17:50:15,29.154,N,85.502,W
6/25/2012,17:52:15,29.153,N,85.504,W
6/25/2012,17:54:15,29.152,N,85.506,W
6/25/2012,17:56:15,29.151,N,85.507,W
6/25/2012,17:58:14,29.15,N,85.509,W
6/25/2012,18:00:14,29.148,N,85.51,W
6/25/2012,18:02:14,29.147,N,85.512,W
6/25/2012,18:04:14,29.145,N,85.514,W
6/25/2012,18:06:14,29.143,N,85.515,W
6/25/2012,18:08:14,29.14,N,85.517,W
6/25/2012,18:10:14,29.138,N,85.519,W
6/25/2012,18:12:15,29.136,N,85.521,W
6/25/2012,18:14:15,29.133,N,85.523,W
6/25/2012,18:16:15,29.13,N,85.525,W
6/25/2012,18:18:15,29.127,N,85.527,W
6/25/2012,18:20:15,29.123,N,85.529,W
6/25/2012,18:22:15,29.12,N,85.531,W
6/25/2012,18:24:15,29.116,N,85.533,W
6/25/2012,18:26:15,29.112,N,85.535,W
6/25/2012,18:28:14,29.108,N,85.537,W
6/25/2012,18:30:14,29.104,N,85.539,W
6/25/2012,18:32:14,29.099,N,85.541,W
6/25/2012,18:34:14,29.094,N,85.543,W
6/25/2012,18:36:14,29.09,N,85.546,W
6/25/2012,18:38:14,29.085,N,85.548,W
6/25/2012,18:39:59,29.08,N,85.55,W
6/25/2012,18:41:59,29.079,N,85.551,W
6/25/2012,18:43:59,29.078,N,85.552,W
6/25/2012,18:46:00,29.077,N,85.553,W
6/25/2012,18:48:00,29.077,N,85.554,W
6/25/2012,18:50:00,29.076,N,85.555,W
6/25/2012,18:52:00,29.075,N,85.555,W
6/25/2012,18:54:00,29.074,N,85.556,W
6/25/2012,18:56:00,29.073,N,85.557,W
6/25/2012,18:58:00,29.073,N,85.557,W
6/25/2012,19:00:00,29.072,N,85.558,W
6/25/2012,19:01:59,29.071,N,85.559,W
6/25/2012,19:03:59,29.071,N,85.559,W
6/25/2012,19:05:59,29.07,N,85.56,W
6/25/2012,19:07:59,29.069,N,85.56,W
6/25/2012,19:09:59,29.069,N,85.561,W
6/25/2012,19:11:59,29.068,N,85.561,W
6/25/2012,19:13:59,29.068,N,85.561,W
6/25/2012,19:16:00,29.067,N,85.561,W
6/25/2012,19:18:00,29.067,N,85.562,W
6/25/2012,19:20:00,29.066,N,85.562,W
6/25/2012,19:22:00,29.066,N,85.562,W
6/25/2012,19:24:00,29.065,N,85.562,W
6/25/2012,19:26:00,29.065,N,85.562,W
6/25/2012,19:28:00,29.064,N,85.562,W
6/25/2012,19:30:00,29.064,N,85.562,W
6/25/2012,19:31:59,29.064,N,85.562,W
6/25/2012,19:33:59,29.063,N,85.562,W
6/25/2012,19:35:59,29.063,N,85.561,W
6/25/2012,19:37:59,29.063,N,85.561,W
6/25/2012,19:39:59,29.063,N,85.561,W
6/25/2012,19:41:59,29.062,N,85.56,W
6/25/2012,19:43:59,29.062,N,85.56,W
6/25/2012,19:46:00,29.062,N,85.559,W
6/25/2012,19:48:00,29.062,N,85.558,W
6/25/2012,19:50:00,29.062,N,85.558,W
6/25/2012,19:52:00,29.062,N,85.557,W
6/25/2012,19:54:00,29.062,N,85.556,W
6/25/2012,19:56:00,29.062,N,85.555,W
6/25/2012,19:58:00,29.062,N,85.554,W
6/25/2012,20:00:00,29.062,N,85.553,W
6/25/2012,20:01:59,29.062,N,85.552,W
6/25/2012,20:03:59,29.062,N,85.551,W
6/25/2012,20:05:59,29.062,N,85.55,W
6/25/2012,20:07:59,29.063,N,85.549,W
6/25/2012,20:09:59,29.063,N,85.548,W
6/25/2012,20:11:59,29.063,N,85.546,W
6/25/2012,20:13:59,29.063,N,85.545,W
6/25/2012,20:16:00,29.064,N,85.543,W
6/25/2012,20:18:00,29.064,N,85.542,W
6/25/2012,20:20:00,29.064,N,85.54,W
6/25/2012,20:22:00,29.065,N,85.538,W
6/25/2012,20:24:00,29.065,N,85.536,W
6/25/2012,20:26:00,29.066,N,85.534,W
6/25/2012,20:28:00,29.066,N,85.532,W
6/25/2012,20:30:00,29.067,N,85.53,W
6/25/2012,20:31:59,29.068,N,85.528,W
6/25/2012,20:33:59,29.068,N,85.526,W
6/25/2012,20:35:59,29.069,N,85.524,W
6/25/2012,20:37:59,29.07,N,85.522,W
6/25/2012,20:39:59,29.07,N,85.519,W
6/25/2012,20:41:59,29.071,N,85.517,W
6/25/2012,20:43:59,29.072,N,85.514,W
6/25/2012,20:46:00,29.072,N,85.512,W
6/25/2012,20:48:00,29.073,N,85.509,W
6/25/2012,20:50:00,29.074,N,85.507,W
6/25/2012,20:52:00,29.075,N,85.504,W
6/25/2012,20:54:00,29.076,N,85.501,W
6/25/2012,20:56:00,29.077,N,85.499,W
6/25/2012,20:58:00,29.077,N,85.496,W
6/25/2012,21:00:00,29.078,N,85.493,W
6/25/2012,21:01:59,29.079,N,85.49,W
6/25/2012,21:03:59,29.08,N,85.487,W
6/25/2012,21:05:59,29.081,N,85.484,W
6/25/2012,21:07:59,29.082,N,85.481,W
6/25/2012,21:09:59,29.083,N,85.478,W
6/25/2012,21:11:59,29.084,N,85.474,W
6/25/2012,21:13:59,29.085,N,85.471,W
6/25/2012,21:16:00,29.086,N,85.468,W
6/25/2012,21:18:00,29.087,N,85.465,W
6/25/2012,21:20:00,29.087,N,85.461,W
6/25/2012,21:22:00,29.088,N,85.458,W
6/25/2012,21:24:00,29.089,N,85.454,W
6/25/2012,21:26:00,29.09,N,85.451,W
6/25/2012,21:28:00,29.091,N,85.447,W
6/25/2012,21:30:00,29.092,N,85.444,W
6/25/2012,21:31:59,29.093,N,85.44,W
6/25/2012,21:33:59,29.094,N,85.437,W
6/25/2012,21:35:59,29.095,N,85.433,W
6/25/2012,21:37:59,29.096,N,85.429,W
6/25/2012,21:39:59,29.097,N,85.426,W
6/25/2012,21:41:59,29.098,N,85.422,W
6/25/2012,21:43:59,29.099,N,85.418,W
6/25/2012,21:46:00,29.1,N,85.414,W
6/25/2012,21:48:00,29.1,N,85.41,W
6/25/2012,21:50:00,29.101,N,85.407,W
6/25/2012,21:52:00,29.102,N,85.403,W
6/25/2012,21:54:00,29.103,N,85.399,W
6/25/2012,21:56:00,29.104,N,85.395,W
6/25/2012,21:58:00,29.105,N,85.391,W
6/25/2012,22:00:00,29.105,N,85.387,W
6/25/2012,22:01:59,29.106,N,85.383,W
6/25/2012,22:03:59,29.107,N,85.379,W
6/25/2012,22:05:59,29.108,N,85.375,W
6/25/2012,22:07:59,29.108,N,85.371,W
6/25/2012,22:09:59,29.109,N,85.367,W
6/25/2012,22:11:59,29.11,N,85.363,W
6/25/2012,22:13:59,29.11,N,85.359,W
6/25/2012,22:16:00,29.111,N,85.355,W
6/25/2012,22:18:00,29.111,N,85.35,W
6/25/2012,22:20:00,29.112,N,85.346,W
6/25/2012,22:22:00,29.112,N,85.342,W
6/25/2012,22:24:00,29.113,N,85.338,W
6/25/2012,22:26:00,29.113,N,85.334,W
6/25/2012,22:28:00,29.114,N,85.33,W
6/25/2012,22:30:00,29.114,N,85.326,W
6/25/2012,22:31:59,29.115,N,85.321,W
6/25/2012,22:33:59,29.115,N,85.317,W
6/25/2012,22:35:59,29.115,N,85.313,W
6/25/2012,22:37:59,29.115,N,85.309,W
6/25/2012,22:39:59,29.115,N,85.305,W
6/25/2012,22:41:59,29.116,N,85.301,W
6/25/2012,22:43:59,29.116,N,85.296,W
6/25/2012,22:46:00,29.116,N,85.292,W
6/25/2012,22:48:00,29.116,N,85.288,W
6/25/2012,22:50:00,29.116,N,85.284,W
6/25/2012,22:52:00,29.116,N,85.28,W
6/25/2012,22:54:00,29.116,N,85.276,W
6/25/2012,22:56:00,29.115,N,85.271,W
6/25/2012,22:58:00,29.115,N,85.267,W
6/25/2012,23:00:00,29.115,N,85.263,W
6/25/2012,23:01:59,29.115,N,85.259,W
6/25/2012,23:03:59,29.114,N,85.255,W
6/25/2012,23:05:59,29.114,N,85.251,W
6/25/2012,23:07:59,29.113,N,85.247,W
6/25/2012,23:09:59,29.113,N,85.243,W
6/25/2012,23:11:59,29.112,N,85.239,W
6/25/2012,23:13:59,29.112,N,85.235,W
6/25/2012,23:16:00,29.111,N,85.231,W
6/25/2012,23:18:00,29.11,N,85.227,W
6/25/2012,23:20:00,29.109,N,85.223,W
6/25/2012,23:22:00,29.108,N,85.219,W
6/25/2012,23:24:00,29.107,N,85.215,W
6/25/2012,23:26:00,29.106,N,85.211,W
6/25/2012,23:28:00,29.105,N,85.207,W
6/25/2012,23:30:00,29.104,N,85.203,W
6/25/2012,23:31:59,29.103,N,85.199,W
6/25/2012,23:33:59,29.102,N,85.195,W
6/25/2012,23:35:59,29.1,N,85.192,W
6/25/2012,23:37:59,29.099,N,85.188,W
6/25/2012,23:39:59,29.097,N,85.184,W
6/25/2012,23:41:59,29.096,N,85.18,W
6/25/2012,23:43:59,29.094,N,85.177,W
6/25/2012,23:44:18,29.094,N,85.176,W
6/25/2012,23:46:18,29.083,N,85.171,W
6/25/2012,23:48:18,29.073,N,85.167,W
6/25/2012,23:50:18,29.063,N,85.162,W
6/25/2012,23:52:19,29.052,N,85.158,W
6/25/2012,23:54:19,29.042,N,85.153,W
6/25/2012,23:56:19,29.032,N,85.149,W
6/25/2012,23:58:19,29.022,N,85.144,W
6/26/2012,0:00:19,29.012,N,85.14,W
6/26/2012,0:02:19,29.002,N,85.135,W
6/26/2012,0:04:19,28.992,N,85.131,W
6/26/2012,0:06:19,28.983,N,85.127,W
6/26/2012,0:08:18,28.973,N,85.122,W
6/26/2012,0:10:18,28.964,N,85.118,W
6/26/2012,0:12:18,28.954,N,85.114,W
6/26/2012,0:14:18,28.945,N,85.109,W
6/26/2012,0:16:18,28.936,N,85.105,W
6/26/2012,0:18:18,28.927,N,85.101,W
6/26/2012,0:20:18,28.918,N,85.097,W
6/26/2012,0:22:19,28.91,N,85.093,W
6/26/2012,0:24:19,28.901,N,85.089,W
6/26/2012,0:26:19,28.893,N,85.085,W
6/26/2012,0:28:19,28.885,N,85.081,W
6/26/2012,0:30:19,28.877,N,85.077,W
6/26/2012,0:32:19,28.869,N,85.073,W
6/26/2012,0:34:19,28.862,N,85.069,W
6/26/2012,0:36:19,28.854,N,85.065,W
6/26/2012,0:38:18,28.847,N,85.061,W
6/26/2012,0:40:18,28.84,N,85.058,W
6/26/2012,0:42:18,28.834,N,85.054,W
6/26/2012,0:44:18,28.827,N,85.05,W
6/26/2012,0:46:18,28.821,N,85.047,W
6/26/2012,0:48:18,28.815,N,85.043,W
6/26/2012,0:50:18,28.809,N,85.04,W
6/26/2012,0:52:19,28.803,N,85.036,W
6/26/2012,0:54:19,28.798,N,85.033,W
6/26/2012,0:56:19,28.793,N,85.03,W
6/26/2012,0:58:19,28.788,N,85.026,W
6/26/2012,1:00:19,28.783,N,85.023,W
6/26/2012,1:02:19,28.779,N,85.02,W
6/26/2012,1:04:19,28.775,N,85.017,W
6/26/2012,1:06:19,28.77,N,85.014,W
6/26/2012,1:08:18,28.767,N,85.011,W
6/26/2012,1:10:18,28.763,N,85.008,W
6/26/2012,1:12:18,28.76,N,85.005,W
6/26/2012,1:14:18,28.756,N,85.002,W
6/26/2012,1:16:18,28.753,N,84.999,W
6/26/2012,1:18:18,28.75,N,84.996,W
6/26/2012,1:20:18,28.748,N,84.993,W
6/26/2012,1:22:19,28.745,N,84.991,W
6/26/2012,1:24:19,28.743,N,84.988,W
6/26/2012,1:26:19,28.741,N,84.985,W
6/26/2012,1:28:19,28.739,N,84.983,W
6/26/2012,1:30:19,28.738,N,84.98,W
6/26/2012,1:32:19,28.736,N,84.978,W
6/26/2012,1:34:19,28.735,N,84.975,W
6/26/2012,1:36:19,28.733,N,84.973,W
6/26/2012,1:38:18,28.732,N,84.97,W
6/26/2012,1:40:18,28.732,N,84.968,W
6/26/2012,1:42:18,28.731,N,84.966,W
6/26/2012,1:44:18,28.73,N,84.963,W
6/26/2012,1:46:18,28.73,N,84.961,W
6/26/2012,1:48:18,28.73,N,84.959,W
6/26/2012,1:50:18,28.73,N,84.957,W
6/26/2012,1:52:19,28.73,N,84.955,W
6/26/2012,1:54:19,28.73,N,84.953,W
6/26/2012,1:56:19,28.731,N,84.951,W
6/26/2012,1:58:19,28.731,N,84.948,W
6/26/2012,2:00:19,28.732,N,84.946,W
6/26/2012,2:02:19,28.733,N,84.944,W
6/26/2012,2:04:19,28.734,N,84.943,W
6/26/2012,2:06:19,28.735,N,84.941,W
6/26/2012,2:08:18,28.736,N,84.939,W
6/26/2012,2:10:18,28.738,N,84.937,W
6/26/2012,2:12:18,28.739,N,84.935,W
6/26/2012,2:14:18,28.741,N,84.933,W
6/26/2012,2:16:18,28.743,N,84.932,W
6/26/2012,2:18:18,28.745,N,84.93,W
6/26/2012,2:20:18,28.747,N,84.928,W
6/26/2012,2:22:19,28.749,N,84.926,W
6/26/2012,2:24:19,28.751,N,84.925,W
6/26/2012,2:26:19,28.753,N,84.923,W
6/26/2012,2:28:19,28.756,N,84.922,W
6/26/2012,2:30:19,28.758,N,84.92,W
6/26/2012,2:32:19,28.761,N,84.918,W
6/26/2012,2:34:19,28.764,N,84.917,W
6/26/2012,2:36:19,28.767,N,84.915,W
6/26/2012,2:38:18,28.77,N,84.914,W
6/26/2012,2:40:18,28.773,N,84.912,W
6/26/2012,2:42:18,28.776,N,84.911,W
6/26/2012,2:43:34,28.778,N,84.91,W
6/26/2012,2:45:34,28.783,N,84.908,W
6/26/2012,2:47:34,28.788,N,84.905,W
6/26/2012,2:49:34,28.793,N,84.903,W
6/26/2012,2:51:35,28.797,N,84.901,W
6/26/2012,2:53:35,28.802,N,84.899,W
6/26/2012,2:55:35,28.807,N,84.897,W
6/26/2012,2:57:35,28.812,N,84.895,W
6/26/2012,2:59:35,28.817,N,84.893,W
6/26/2012,3:01:35,28.822,N,84.891,W
6/26/2012,3:03:35,28.827,N,84.889,W
6/26/2012,3:05:35,28.832,N,84.887,W
6/26/2012,3:07:34,28.837,N,84.885,W
6/26/2012,3:09:34,28.842,N,84.884,W
6/26/2012,3:11:34,28.847,N,84.882,W
6/26/2012,3:13:34,28.852,N,84.881,W
6/26/2012,3:15:34,28.856,N,84.879,W
6/26/2012,3:17:34,28.861,N,84.878,W
6/26/2012,3:19:34,28.866,N,84.877,W
6/26/2012,3:21:35,28.87,N,84.875,W
6/26/2012,3:23:35,28.874,N,84.874,W
6/26/2012,3:25:35,28.879,N,84.873,W
6/26/2012,3:27:35,28.883,N,84.872,W
6/26/2012,3:29:35,28.887,N,84.872,W
6/26/2012,3:31:35,28.891,N,84.871,W
6/26/2012,3:33:35,28.895,N,84.87,W
6/26/2012,3:35:35,28.898,N,84.87,W
6/26/2012,3:37:34,28.902,N,84.869,W
6/26/2012,3:39:34,28.905,N,84.869,W
6/26/2012,3:41:34,28.908,N,84.869,W
6/26/2012,3:43:34,28.911,N,84.869,W
6/26/2012,3:45:34,28.914,N,84.869,W
6/26/2012,3:47:34,28.917,N,84.869,W
6/26/2012,3:49:34,28.919,N,84.869,W
6/26/2012,3:51:19,28.921,N,84.869,W
6/26/2012,3:53:18,28.924,N,84.869,W
6/26/2012,3:55:18,28.927,N,84.868,W
6/26/2012,3:57:18,28.93,N,84.868,W
6/26/2012,3:59:18,28.933,N,84.867,W
6/26/2012,4:01:18,28.935,N,84.867,W
6/26/2012,4:03:18,28.938,N,84.867,W
6/26/2012,4:05:18,28.94,N,84.867,W
6/26/2012,4:07:19,28.942,N,84.867,W
6/26/2012,4:09:19,28.944,N,84.867,W
6/26/2012,4:11:19,28.947,N,84.867,W
6/26/2012,4:13:19,28.948,N,84.867,W
6/26/2012,4:15:19,28.95,N,84.868,W
6/26/2012,4:17:19,28.952,N,84.868,W
6/26/2012,4:19:19,28.953,N,84.869,W
6/26/2012,4:21:19,28.955,N,84.869,W
6/26/2012,4:23:18,28.956,N,84.87,W
6/26/2012,4:25:18,28.957,N,84.871,W
6/26/2012,4:27:18,28.958,N,84.871,W
6/26/2012,4:29:18,28.959,N,84.872,W
6/26/2012,4:31:18,28.959,N,84.873,W
6/26/2012,4:33:18,28.96,N,84.875,W
6/26/2012,4:35:18,28.96,N,84.876,W
6/26/2012,4:37:19,28.96,N,84.877,W
6/26/2012,4:39:19,28.96,N,84.879,W
6/26/2012,4:41:19,28.96,N,84.88,W
6/26/2012,4:43:19,28.959,N,84.882,W
6/26/2012,4:45:19,28.959,N,84.884,W
6/26/2012,4:47:19,28.958,N,84.885,W
6/26/2012,4:49:19,28.957,N,84.887,W
6/26/2012,4:51:19,28.956,N,84.889,W
6/26/2012,4:53:18,28.955,N,84.892,W
6/26/2012,4:55:18,28.953,N,84.894,W
6/26/2012,4:57:18,28.951,N,84.896,W
6/26/2012,4:59:18,28.95,N,84.899,W
6/26/2012,5:01:18,28.947,N,84.902,W
6/26/2012,5:03:18,28.945,N,84.905,W
6/26/2012,5:05:18,28.943,N,84.908,W
6/26/2012,5:07:19,28.94,N,84.911,W
6/26/2012,5:09:19,28.937,N,84.914,W
6/26/2012,5:11:19,28.934,N,84.917,W
6/26/2012,5:13:19,28.931,N,84.921,W
6/26/2012,5:15:19,28.927,N,84.924,W
6/26/2012,5:17:19,28.923,N,84.928,W
6/26/2012,5:19:19,28.919,N,84.932,W
6/26/2012,5:21:19,28.915,N,84.936,W
6/26/2012,5:23:18,28.91,N,84.94,W
6/26/2012,5:25:18,28.906,N,84.944,W
6/26/2012,5:27:18,28.901,N,84.949,W
6/26/2012,5:29:18,28.896,N,84.953,W
6/26/2012,5:31:18,28.89,N,84.958,W
6/26/2012,5:33:18,28.884,N,84.963,W
6/26/2012,5:35:18,28.879,N,84.968,W
6/26/2012,5:37:19,28.872,N,84.973,W
6/26/2012,5:39:19,28.866,N,84.979,W
6/26/2012,5:41:19,28.859,N,84.984,W
6/26/2012,5:43:19,28.852,N,84.99,W
6/26/2012,5:45:19,28.845,N,84.996,W
6/26/2012,5:46:40,28.84,N,85,W
6/26/2012,5:48:40,28.839,N,85.001,W
6/26/2012,5:50:39,28.838,N,85.002,W
6/26/2012,5:52:39,28.836,N,85.003,W
6/26/2012,5:54:39,28.835,N,85.004,W
6/26/2012,5:56:39,28.834,N,85.005,W
6/26/2012,5:58:39,28.833,N,85.006,W
6/26/2012,6:00:39,28.832,N,85.007,W
6/26/2012,6:02:39,28.831,N,85.008,W
6/26/2012,6:04:39,28.83,N,85.009,W
6/26/2012,6:06:40,28.828,N,85.009,W
6/26/2012,6:08:40,28.827,N,85.01,W
6/26/2012,6:10:40,28.826,N,85.01,W
6/26/2012,6:12:40,28.825,N,85.011,W
6/26/2012,6:14:40,28.824,N,85.011,W
6/26/2012,6:16:40,28.823,N,85.012,W
6/26/2012,6:18:40,28.822,N,85.012,W
6/26/2012,6:20:39,28.821,N,85.012,W
6/26/2012,6:22:39,28.82,N,85.012,W
6/26/2012,6:24:39,28.819,N,85.012,W
6/26/2012,6:26:39,28.818,N,85.012,W
6/26/2012,6:28:39,28.817,N,85.012,W
6/26/2012,6:30:39,28.816,N,85.012,W
6/26/2012,6:32:39,28.815,N,85.012,W
6/26/2012,6:34:39,28.814,N,85.012,W
6/26/2012,6:36:40,28.814,N,85.011,W
6/26/2012,6:38:40,28.813,N,85.011,W
6/26/2012,6:40:40,28.812,N,85.01,W
6/26/2012,6:42:40,28.811,N,85.009,W
6/26/2012,6:44:40,28.81,N,85.009,W
6/26/2012,6:46:40,28.809,N,85.008,W
6/26/2012,6:48:40,28.808,N,85.007,W
6/26/2012,6:50:39,28.808,N,85.006,W
6/26/2012,6:52:39,28.807,N,85.005,W
6/26/2012,6:54:39,28.806,N,85.004,W
6/26/2012,6:56:39,28.805,N,85.003,W
6/26/2012,6:58:39,28.805,N,85.001,W
6/26/2012,7:00:39,28.804,N,85,W
6/26/2012,7:02:39,28.803,N,84.999,W
6/26/2012,7:04:39,28.803,N,84.997,W
6/26/2012,7:06:40,28.802,N,84.995,W
6/26/2012,7:08:40,28.801,N,84.994,W
6/26/2012,7:10:40,28.801,N,84.992,W
6/26/2012,7:12:40,28.8,N,84.99,W
6/26/2012,7:14:40,28.8,N,84.988,W
6/26/2012,7:16:40,28.799,N,84.986,W
6/26/2012,7:18:40,28.798,N,84.983,W
6/26/2012,7:20:39,28.798,N,84.981,W
6/26/2012,7:22:39,28.797,N,84.979,W
6/26/2012,7:24:39,28.797,N,84.976,W
6/26/2012,7:26:39,28.796,N,84.973,W
6/26/2012,7:28:39,28.796,N,84.971,W
6/26/2012,7:30:39,28.795,N,84.968,W
6/26/2012,7:32:39,28.795,N,84.965,W
6/26/2012,7:34:39,28.795,N,84.962,W
6/26/2012,7:36:40,28.794,N,84.959,W
6/26/2012,7:38:40,28.794,N,84.956,W
6/26/2012,7:40:40,28.794,N,84.953,W
6/26/2012,7:42:40,28.793,N,84.949,W
6/26/2012,7:44:40,28.793,N,84.946,W
6/26/2012,7:46:40,28.793,N,84.942,W
6/26/2012,7:48:40,28.792,N,84.939,W
6/26/2012,7:50:39,28.792,N,84.935,W
6/26/2012,7:52:39,28.792,N,84.931,W
6/26/2012,7:54:39,28.792,N,84.928,W
6/26/2012,7:56:39,28.791,N,84.924,W
6/26/2012,7:58:39,28.791,N,84.92,W
6/26/2012,8:00:39,28.791,N,84.916,W
6/26/2012,8:02:39,28.791,N,84.912,W
6/26/2012,8:04:39,28.791,N,84.908,W
6/26/2012,8:06:40,28.79,N,84.904,W
6/26/2012,8:08:40,28.79,N,84.899,W
6/26/2012,8:10:40,28.79,N,84.895,W
6/26/2012,8:12:40,28.79,N,84.891,W
6/26/2012,8:14:40,28.79,N,84.886,W
6/26/2012,8:16:40,28.79,N,84.882,W
6/26/2012,8:18:40,28.79,N,84.877,W
6/26/2012,8:20:39,28.79,N,84.872,W
6/26/2012,8:22:39,28.79,N,84.868,W
6/26/2012,8:24:39,28.79,N,84.863,W
6/26/2012,8:26:39,28.79,N,84.858,W
6/26/2012,8:28:39,28.79,N,84.854,W
6/26/2012,8:30:39,28.79,N,84.849,W
6/26/2012,8:32:39,28.79,N,84.844,W
6/26/2012,8:34:39,28.79,N,84.839,W
6/26/2012,8:36:40,28.79,N,84.834,W
6/26/2012,8:38:40,28.79,N,84.829,W
6/26/2012,8:40:40,28.79,N,84.824,W
6/26/2012,8:42:40,28.79,N,84.819,W
6/26/2012,8:44:40,28.79,N,84.814,W
6/26/2012,8:46:40,28.79,N,84.808,W
6/26/2012,8:48:40,28.79,N,84.803,W
6/26/2012,8:50:39,28.79,N,84.798,W
6/26/2012,8:52:39,28.79,N,84.793,W
6/26/2012,8:54:39,28.79,N,84.787,W
6/26/2012,8:56:39,28.791,N,84.782,W
6/26/2012,8:58:39,28.791,N,84.777,W
6/26/2012,9:00:39,28.791,N,84.771,W
6/26/2012,9:02:39,28.791,N,84.766,W
6/26/2012,9:04:39,28.791,N,84.76,W
6/26/2012,9:06:40,28.791,N,84.755,W
6/26/2012,9:08:40,28.792,N,84.749,W
6/26/2012,9:10:40,28.792,N,84.744,W
6/26/2012,9:12:40,28.792,N,84.738,W
6/26/2012,9:14:40,28.792,N,84.733,W
6/26/2012,9:16:40,28.792,N,84.727,W
6/26/2012,9:18:40,28.793,N,84.722,W
6/26/2012,9:20:39,28.793,N,84.716,W
6/26/2012,9:22:39,28.793,N,84.711,W
6/26/2012,9:24:39,28.793,N,84.705,W
6/26/2012,9:26:39,28.794,N,84.7,W
6/26/2012,9:28:39,28.794,N,84.694,W
6/26/2012,9:30:39,28.794,N,84.688,W
6/26/2012,9:32:39,28.794,N,84.683,W
6/26/2012,9:34:39,28.795,N,84.677,W
6/26/2012,9:36:40,28.795,N,84.672,W
6/26/2012,9:38:40,28.795,N,84.666,W
6/26/2012,9:40:40,28.796,N,84.661,W
6/26/2012,9:42:40,28.796,N,84.655,W
6/26/2012,9:44:40,28.796,N,84.649,W
6/26/2012,9:46:40,28.796,N,84.644,W
6/26/2012,9:48:40,28.797,N,84.638,W
6/26/2012,9:50:39,28.797,N,84.633,W
6/26/2012,9:52:39,28.797,N,84.627,W
6/26/2012,9:54:39,28.798,N,84.622,W
6/26/2012,9:56:39,28.798,N,84.616,W
6/26/2012,9:58:39,28.798,N,84.611,W
6/26/2012,10:00:39,28.799,N,84.605,W
6/26/2012,10:02:39,28.799,N,84.6,W
6/26/2012,10:04:39,28.799,N,84.595,W
6/26/2012,10:06:40,28.8,N,84.589,W
6/26/2012,10:08:40,28.8,N,84.584,W
6/26/2012,10:10:40,28.8,N,84.578,W
6/26/2012,10:12:40,28.801,N,84.573,W
6/26/2012,10:14:40,28.801,N,84.568,W
6/26/2012,10:16:40,28.802,N,84.563,W
6/26/2012,10:18:40,28.802,N,84.557,W
6/26/2012,10:20:39,28.802,N,84.552,W
6/26/2012,10:22:39,28.803,N,84.547,W
6/26/2012,10:24:39,28.803,N,84.542,W
6/26/2012,10:26:39,28.803,N,84.537,W
6/26/2012,10:28:39,28.804,N,84.532,W
6/26/2012,10:30:39,28.804,N,84.527,W
6/26/2012,10:32:39,28.804,N,84.522,W
6/26/2012,10:34:39,28.805,N,84.517,W
6/26/2012,10:36:40,28.805,N,84.512,W
6/26/2012,10:38:40,28.805,N,84.507,W
6/26/2012,10:40:40,28.806,N,84.503,W
6/26/2012,10:42:40,28.806,N,84.498,W
6/26/2012,10:44:40,28.807,N,84.493,W
6/26/2012,10:46:40,28.807,N,84.489,W
6/26/2012,10:48:40,28.807,N,84.484,W
6/26/2012,10:50:39,28.808,N,84.48,W
6/26/2012,10:52:39,28.808,N,84.475,W
6/26/2012,10:54:39,28.808,N,84.471,W
6/26/2012,10:56:39,28.809,N,84.466,W
6/26/2012,10:58:39,28.809,N,84.462,W
6/26/2012,11:00:39,28.809,N,84.458,W
6/26/2012,11:02:39,28.81,N,84.454,W
6/26/2012,11:04:39,28.81,N,84.45,W
6/26/2012,11:06:40,28.81,N,84.446,W
6/26/2012,11:08:40,28.811,N,84.441,W
6/26/2012,11:10:40,28.811,N,84.438,W
6/26/2012,11:12:40,28.811,N,84.434,W
6/26/2012,11:14:40,28.812,N,84.43,W
6/26/2012,11:16:40,28.812,N,84.426,W
6/26/2012,11:18:40,28.812,N,84.422,W
6/26/2012,11:20:39,28.813,N,84.418,W
6/26/2012,11:22:39,28.813,N,84.415,W
6/26/2012,11:24:39,28.813,N,84.411,W
6/26/2012,11:26:39,28.814,N,84.407,W
6/26/2012,11:28:39,28.814,N,84.404,W
6/26/2012,11:30:39,28.814,N,84.4,W
6/26/2012,11:32:39,28.815,N,84.397,W
6/26/2012,11:34:39,28.815,N,84.393,W
6/26/2012,11:36:40,28.815,N,84.39,W
6/26/2012,11:38:40,28.816,N,84.387,W
6/26/2012,11:40:40,28.816,N,84.383,W
6/26/2012,11:42:40,28.816,N,84.38,W
6/26/2012,11:44:40,28.817,N,84.377,W
6/26/2012,11:46:40,28.817,N,84.374,W
6/26/2012,11:48:40,28.817,N,84.37,W
6/26/2012,11:50:39,28.818,N,84.367,W
6/26/2012,11:52:39,28.818,N,84.364,W
6/26/2012,11:54:39,28.818,N,84.361,W
6/26/2012,11:56:39,28.819,N,84.358,W
6/26/2012,11:58:39,28.819,N,84.355,W
6/26/2012,11:58:49,28.819,N,84.355,W
6/26/2012,12:00:49,28.815,N,84.356,W
6/26/2012,12:02:50,28.812,N,84.358,W
6/26/2012,12:04:50,28.808,N,84.359,W
6/26/2012,12:06:50,28.804,N,84.36,W
6/26/2012,12:08:50,28.801,N,84.361,W
6/26/2012,12:10:50,28.798,N,84.362,W
6/26/2012,12:12:50,28.795,N,84.363,W
6/26/2012,12:14:50,28.792,N,84.363,W
6/26/2012,12:16:50,28.789,N,84.364,W
6/26/2012,12:18:49,28.786,N,84.364,W
6/26/2012,12:20:49,28.783,N,84.365,W
6/26/2012,12:22:49,28.781,N,84.365,W
6/26/2012,12:24:49,28.779,N,84.365,W
6/26/2012,12:26:49,28.776,N,84.365,W
6/26/2012,12:28:49,28.774,N,84.365,W
6/26/2012,12:30:49,28.772,N,84.365,W
6/26/2012,12:32:50,28.771,N,84.365,W
6/26/2012,12:34:50,28.769,N,84.364,W
6/26/2012,12:36:50,28.768,N,84.364,W
6/26/2012,12:38:50,28.766,N,84.363,W
6/26/2012,12:40:50,28.765,N,84.362,W
6/26/2012,12:42:50,28.764,N,84.361,W
6/26/2012,12:44:50,28.763,N,84.36,W
6/26/2012,12:46:50,28.762,N,84.359,W
6/26/2012,12:48:49,28.762,N,84.357,W
6/26/2012,12:50:49,28.761,N,84.356,W
6/26/2012,12:52:49,28.761,N,84.354,W
6/26/2012,12:54:49,28.76,N,84.353,W
6/26/2012,12:56:49,28.76,N,84.351,W
6/26/2012,12:58:49,28.76,N,84.349,W
6/26/2012,13:00:49,28.76,N,84.347,W
6/26/2012,13:02:50,28.761,N,84.345,W
6/26/2012,13:04:50,28.761,N,84.343,W
6/26/2012,13:06:50,28.761,N,84.341,W
6/26/2012,13:08:50,28.762,N,84.338,W
6/26/2012,13:10:50,28.763,N,84.336,W
6/26/2012,13:12:50,28.764,N,84.333,W
6/26/2012,13:14:50,28.764,N,84.331,W
6/26/2012,13:16:50,28.766,N,84.328,W
6/26/2012,13:18:49,28.767,N,84.325,W
6/26/2012,13:20:49,28.768,N,84.322,W
6/26/2012,13:22:49,28.769,N,84.319,W
6/26/2012,13:24:49,28.771,N,84.316,W
6/26/2012,13:26:49,28.773,N,84.312,W
6/26/2012,13:28:49,28.774,N,84.309,W
6/26/2012,13:30:49,28.776,N,84.306,W
6/26/2012,13:32:50,28.778,N,84.302,W
6/26/2012,13:34:50,28.78,N,84.298,W
6/26/2012,13:36:50,28.782,N,84.295,W
6/26/2012,13:38:50,28.784,N,84.291,W
6/26/2012,13:40:50,28.787,N,84.287,W
6/26/2012,13:42:50,28.789,N,84.283,W
6/26/2012,13:44:50,28.792,N,84.279,W
6/26/2012,13:46:50,28.794,N,84.275,W
6/26/2012,13:48:49,28.797,N,84.271,W
6/26/2012,13:50:49,28.8,N,84.266,W
6/26/2012,13:52:49,28.802,N,84.262,W
6/26/2012,13:54:49,28.805,N,84.258,W
6/26/2012,13:56:49,28.808,N,84.253,W
6/26/2012,13:58:49,28.811,N,84.249,W
6/26/2012,14:00:49,28.815,N,84.244,W
6/26/2012,14:02:50,28.818,N,84.239,W
6/26/2012,14:04:50,28.821,N,84.235,W
6/26/2012,14:06:50,28.825,N,84.23,W
6/26/2012,14:08:50,28.828,N,84.225,W
6/26/2012,14:10:50,28.832,N,84.22,W
6/26/2012,14:12:50,28.835,N,84.215,W
6/26/2012,14:14:43,28.839,N,84.21,W
6/26/2012,14:16:44,28.845,N,84.2,W
6/26/2012,14:18:44,28.852,N,84.191,W
6/26/2012,14:20:44,28.858,N,84.181,W
6/26/2012,14:22:44,28.865,N,84.171,W
6/26/2012,14:24:44,28.871,N,84.162,W
6/26/2012,14:26:44,28.878,N,84.152,W
6/26/2012,14:28:44,28.884,N,84.143,W
6/26/2012,14:30:44,28.891,N,84.133,W
6/26/2012,14:32:43,28.897,N,84.124,W
6/26/2012,14:34:43,28.904,N,84.115,W
6/26/2012,14:36:43,28.91,N,84.106,W
6/26/2012,14:38:43,28.916,N,84.097,W
6/26/2012,14:40:43,28.923,N,84.088,W
6/26/2012,14:42:43,28.929,N,84.079,W
6/26/2012,14:44:43,28.935,N,84.071,W
6/26/2012,14:46:44,28.941,N,84.063,W
6/26/2012,14:48:44,28.947,N,84.055,W
6/26/2012,14:50:44,28.953,N,84.047,W
6/26/2012,14:52:44,28.959,N,84.039,W
6/26/2012,14:54:44,28.964,N,84.032,W
6/26/2012,14:56:44,28.97,N,84.025,W
6/26/2012,14:58:44,28.975,N,84.018,W
6/26/2012,15:00:44,28.98,N,84.011,W
6/26/2012,15:02:43,28.985,N,84.005,W
6/26/2012,15:04:43,28.99,N,83.999,W
6/26/2012,15:06:43,28.995,N,83.993,W
6/26/2012,15:08:43,28.999,N,83.988,W
6/26/2012,15:10:43,29.004,N,83.983,W
6/26/2012,15:12:43,29.008,N,83.978,W
6/26/2012,15:14:43,29.013,N,83.973,W
6/26/2012,15:16:44,29.017,N,83.968,W
6/26/2012,15:18:44,29.021,N,83.964,W
6/26/2012,15:20:44,29.025,N,83.96,W
6/26/2012,15:22:44,29.029,N,83.956,W
6/26/2012,15:24:44,29.032,N,83.952,W
6/26/2012,15:26:44,29.036,N,83.948,W
6/26/2012,15:28:44,29.039,N,83.945,W
6/26/2012,15:30:44,29.043,N,83.942,W
6/26/2012,15:32:43,29.046,N,83.939,W
6/26/2012,15:34:43,29.05,N,83.936,W
6/26/2012,15:36:43,29.053,N,83.933,W
6/26/2012,15:38:43,29.056,N,83.931,W
6/26/2012,15:40:43,29.059,N,83.928,W
6/26/2012,15:42:43,29.062,N,83.926,W
6/26/2012,15:44:43,29.065,N,83.924,W
6/26/2012,15:46:44,29.067,N,83.922,W
6/26/2012,15:48:44,29.07,N,83.92,W
6/26/2012,15:50:44,29.073,N,83.918,W
6/26/2012,15:50:45,29.073,N,83.918,W
6/26/2012,15:52:46,29.076,N,83.915,W
6/26/2012,15:54:46,29.079,N,83.912,W
6/26/2012,15:56:46,29.082,N,83.91,W
6/26/2012,15:58:46,29.085,N,83.908,W
6/26/2012,16:00:46,29.088,N,83.906,W
6/26/2012,16:02:46,29.091,N,83.904,W
6/26/2012,16:04:46,29.094,N,83.902,W
6/26/2012,16:06:45,29.096,N,83.901,W
6/26/2012,16:08:45,29.098,N,83.9,W
6/26/2012,16:10:45,29.101,N,83.899,W
6/26/2012,16:12:45,29.103,N,83.898,W
6/26/2012,16:14:45,29.105,N,83.898,W
6/26/2012,16:16:45,29.107,N,83.897,W
6/26/2012,16:18:45,29.108,N,83.897,W
6/26/2012,16:20:45,29.11,N,83.898,W
6/26/2012,16:22:46,29.112,N,83.898,W
6/26/2012,16:24:44,29.113,N,83.899,W
6/26/2012,16:26:44,29.114,N,83.894,W
6/26/2012,16:28:44,29.116,N,83.889,W
6/26/2012,16:30:44,29.117,N,83.884,W
6/26/2012,16:32:44,29.119,N,83.88,W
6/26/2012,16:34:45,29.12,N,83.875,W
6/26/2012,16:36:45,29.122,N,83.87,W
6/26/2012,16:38:45,29.123,N,83.865,W
6/26/2012,16:40:45,29.125,N,83.86,W
6/26/2012,16:42:45,29.126,N,83.855,W
6/26/2012,16:44:45,29.128,N,83.85,W
6/26/2012,16:46:45,29.129,N,83.845,W
6/26/2012,16:48:45,29.131,N,83.841,W
6/26/2012,16:50:44,29.132,N,83.836,W
6/26/2012,16:52:44,29.134,N,83.831,W
6/26/2012,16:54:44,29.135,N,83.826,W
6/26/2012,16:56:44,29.136,N,83.821,W
6/26/2012,16:58:44,29.138,N,83.816,W
6/26/2012,17:00:44,29.139,N,83.811,W
6/26/2012,17:02:44,29.141,N,83.806,W
6/26/2012,17:04:45,29.142,N,83.802,W
6/26/2012,17:06:45,29.144,N,83.797,W
6/26/2012,17:08:45,29.145,N,83.792,W
6/26/2012,17:10:45,29.147,N,83.787,W
6/26/2012,17:12:45,29.148,N,83.782,W
6/26/2012,17:14:45,29.15,N,83.777,W
6/26/2012,17:16:45,29.151,N,83.772,W
6/26/2012,17:18:45,29.153,N,83.767,W
6/26/2012,17:20:44,29.154,N,83.762,W
6/26/2012,17:22:44,29.155,N,83.757,W
6/26/2012,17:24:44,29.157,N,83.753,W
6/26/2012,17:26:44,29.158,N,83.748,W
6/26/2012,17:28:44,29.16,N,83.743,W
6/26/2012,17:30:44,29.161,N,83.738,W
6/26/2012,17:32:44,29.163,N,83.733,W
6/26/2012,17:34:45,29.164,N,83.728,W
6/26/2012,17:36:45,29.166,N,83.723,W
6/26/2012,17:38:45,29.167,N,83.718,W
6/26/2012,17:40:45,29.168,N,83.713,W
6/26/2012,17:42:45,29.17,N,83.708,W
6/26/2012,17:44:45,29.171,N,83.703,W
6/26/2012,17:46:45,29.173,N,83.698,W
6/26/2012,17:48:45,29.174,N,83.693,W
6/26/2012,17:50:44,29.176,N,83.689,W
6/26/2012,17:52:44,29.177,N,83.684,W
6/26/2012,17:54:44,29.178,N,83.679,W
6/26/2012,17:56:44,29.18,N,83.674,W
6/26/2012,17:58:44,29.181,N,83.669,W
6/26/2012,18:00:44,29.183,N,83.664,W
6/26/2012,18:02:44,29.184,N,83.659,W
6/26/2012,18:04:45,29.186,N,83.654,W
6/26/2012,18:06:45,29.187,N,83.649,W
6/26/2012,18:08:45,29.188,N,83.644,W
6/26/2012,18:10:45,29.19,N,83.639,W
6/26/2012,18:12:45,29.191,N,83.634,W
6/26/2012,18:14:45,29.193,N,83.629,W
6/26/2012,18:16:45,29.194,N,83.624,W
6/26/2012,18:18:45,29.195,N,83.619,W
6/26/2012,18:20:44,29.197,N,83.614,W
6/26/2012,18:22:44,29.198,N,83.609,W
6/26/2012,18:24:44,29.2,N,83.604,W
6/26/2012,18:26:44,29.201,N,83.599,W
6/26/2012,18:28:44,29.202,N,83.594,W
6/26/2012,18:30:44,29.204,N,83.589,W
6/26/2012,18:32:44,29.205,N,83.584,W
6/26/2012,18:34:45,29.207,N,83.579,W
6/26/2012,18:36:45,29.208,N,83.574,W
6/26/2012,18:38:45,29.209,N,83.569,W
6/26/2012,18:40:45,29.211,N,83.564,W
6/26/2012,18:42:45,29.212,N,83.559,W
6/26/2012,18:44:45,29.213,N,83.554,W
6/26/2012,18:46:45,29.215,N,83.549,W
6/26/2012,18:48:45,29.216,N,83.544,W
6/26/2012,18:50:44,29.218,N,83.539,W
6/26/2012,18:52:44,29.219,N,83.533,W
6/26/2012,18:54:44,29.22,N,83.528,W
6/26/2012,18:56:44,29.222,N,83.523,W
6/26/2012,18:58:44,29.223,N,83.518,W
6/26/2012,19:00:44,29.224,N,83.513,W
6/26/2012,19:02:44,29.226,N,83.508,W
6/26/2012,19:04:45,29.227,N,83.503,W
6/26/2012,19:06:45,29.228,N,83.498,W
6/26/2012,19:08:45,29.23,N,83.493,W
6/26/2012,19:10:45,29.231,N,83.488,W
6/26/2012,19:12:45,29.232,N,83.483,W
6/26/2012,19:14:45,29.234,N,83.477,W
6/26/2012,19:16:45,29.235,N,83.472,W
6/26/2012,19:18:45,29.236,N,83.467,W
6/26/2012,19:20:44,29.238,N,83.462,W
6/26/2012,19:22:44,29.239,N,83.457,W
6/26/2012,19:24:44,29.24,N,83.452,W
6/26/2012,19:26:44,29.242,N,83.447,W
6/26/2012,19:28:44,29.243,N,83.441,W
6/26/2012,19:30:44,29.244,N,83.436,W
6/26/2012,19:32:44,29.246,N,83.431,W
6/26/2012,19:34:45,29.247,N,83.426,W
6/26/2012,19:36:45,29.248,N,83.421,W
6/26/2012,19:38:45,29.25,N,83.416,W
6/26/2012,19:40:45,29.251,N,83.41,W
6/26/2012,19:42:45,29.252,N,83.405,W
6/26/2012,19:44:45,29.254,N,83.4,W
6/26/2012,19:46:45,29.255,N,83.395,W
6/26/2012,19:48:45,29.256,N,83.39,W
6/26/2012,19:50:44,29.257,N,83.384,W
6/26/2012,19:52:44,29.259,N,83.379,W
6/26/2012,19:54:44,29.26,N,83.374,W
6/26/2012,19:56:44,29.261,N,83.369,W
6/26/2012,19:58:44,29.262,N,83.363,W
6/26/2012,20:00:44,29.264,N,83.358,W
6/26/2012,20:02:44,29.265,N,83.353,W
6/26/2012,20:04:45,29.266,N,83.348,W
6/26/2012,20:06:45,29.268,N,83.342,W
6/26/2012,20:08:45,29.269,N,83.337,W
6/26/2012,20:10:45,29.27,N,83.332,W
6/26/2012,20:12:45,29.271,N,83.327,W
6/26/2012,20:14:45,29.273,N,83.321,W
6/26/2012,20:16:45,29.274,N,83.316,W
6/26/2012,20:18:45,29.275,N,83.311,W
6/26/2012,20:20:44,29.276,N,83.305,W
6/26/2012,20:22:44,29.278,N,83.3,W
6/26/2012,20:24:44,29.279,N,83.295,W
6/26/2012,20:26:44,29.28,N,83.289,W
6/26/2012,20:28:44,29.281,N,83.284,W
6/26/2012,20:30:44,29.282,N,83.279,W
6/26/2012,20:32:44,29.284,N,83.273,W
6/26/2012,20:34:45,29.285,N,83.268,W
6/26/2012,20:36:45,29.286,N,83.263,W
6/26/2012,20:38:45,29.287,N,83.257,W
6/26/2012,20:40:45,29.288,N,83.252,W
6/26/2012,20:42:45,29.29,N,83.247,W
6/26/2012,20:44:45,29.291,N,83.241,W
6/26/2012,20:46:45,29.292,N,83.236,W
6/26/2012,20:48:45,29.293,N,83.23,W
6/26/2012,20:50:44,29.294,N,83.225,W
6/26/2012,20:52:44,29.296,N,83.22,W
6/26/2012,20:54:44,29.297,N,83.214,W
6/26/2012,20:56:44,29.298,N,83.209,W
6/26/2012,20:58:44,29.299,N,83.203,W
6/26/2012,21:00:44,29.3,N,83.198,W
6/26/2012,21:02:44,29.302,N,83.193,W
6/26/2012,21:04:45,29.303,N,83.187,W
6/26/2012,21:06:45,29.304,N,83.182,W
6/26/2012,21:08:45,29.305,N,83.176,W
6/26/2012,21:10:45,29.306,N,83.171,W
6/26/2012,21:12:45,29.307,N,83.165,W
6/26/2012,21:14:45,29.309,N,83.16,W
6/26/2012,21:16:45,29.31,N,83.154,W
6/26/2012,21:18:45,29.311,N,83.149,W
6/26/2012,21:20:44,29.312,N,83.144,W
6/26/2012,21:22:44,29.313,N,83.138,W
6/26/2012,21:24:44,29.314,N,83.133,W
6/26/2012,21:26:44,29.316,N,83.127,W
6/26/2012,21:28:44,29.317,N,83.122,W
6/26/2012,21:30:44,29.318,N,83.116,W
6/26/2012,21:32:44,29.319,N,83.111,W
6/26/2012,21:34:45,29.32,N,83.105,W
6/26/2012,21:36:45,29.321,N,83.1,W
6/26/2012,21:38:45,29.323,N,83.094,W
6/26/2012,21:40:45,29.324,N,83.089,W
6/26/2012,21:42:45,29.325,N,83.083,W
6/26/2012,21:44:45,29.326,N,83.078,W
6/26/2012,21:46:45,29.327,N,83.072,W
6/26/2012,21:48:45,29.328,N,83.067,W
6/26/2012,21:50:44,29.329,N,83.061,W
6/26/2012,21:52:44,29.33,N,83.056,W
6/26/2012,21:54:44,29.332,N,83.05,W
6/26/2012,21:56:44,29.333,N,83.045,W
6/26/2012,21:58:44,29.334,N,83.039,W
6/26/2012,22:00:44,29.335,N,83.034,W
6/26/2012,22:02:44,29.336,N,83.028,W
6/26/2012,22:04:45,29.337,N,83.023,W
6/26/2012,22:06:45,29.338,N,83.017,W
6/26/2012,22:08:45,29.339,N,83.011,W
6/26/2012,22:10:45,29.341,N,83.006,W
6/26/2012,22:12:45,29.342,N,83,W
6/26/2012,22:14:45,29.343,N,82.995,W
6/26/2012,22:16:45,29.344,N,82.989,W
6/26/2012,22:18:45,29.345,N,82.984,W
6/26/2012,22:20:44,29.346,N,82.978,W
6/26/2012,22:22:44,29.347,N,82.973,W
6/26/2012,22:24:44,29.348,N,82.967,W
6/26/2012,22:26:44,29.349,N,82.961,W
6/26/2012,22:28:44,29.351,N,82.956,W
6/26/2012,22:30:44,29.352,N,82.95,W
6/26/2012,22:32:44,29.353,N,82.945,W
6/26/2012,22:34:45,29.354,N,82.939,W
6/26/2012,22:36:45,29.355,N,82.934,W
6/26/2012,22:38:45,29.356,N,82.928,W
6/26/2012,22:40:45,29.357,N,82.922,W
6/26/2012,22:42:45,29.358,N,82.917,W
6/26/2012,22:44:45,29.359,N,82.911,W
6/26/2012,22:46:45,29.36,N,82.906,W
6/26/2012,22:48:45,29.362,N,82.9,W
6/26/2012,22:50:44,29.363,N,82.894,W
6/26/2012,22:52:44,29.364,N,82.889,W
6/26/2012,22:54:44,29.365,N,82.883,W
6/26/2012,22:56:44,29.366,N,82.878,W
6/26/2012,22:58:44,29.367,N,82.872,W
6/26/2012,23:00:44,29.368,N,82.866,W
6/26/2012,23:02:44,29.369,N,82.861,W
6/26/2012,23:04:45,29.37,N,82.855,W
6/26/2012,23:06:45,29.371,N,82.85,W
6/26/2012,23:08:45,29.372,N,82.844,W
6/26/2012,23:10:45,29.373,N,82.838,W
6/26/2012,23:12:45,29.375,N,82.833,W
6/26/2012,23:14:45,29.376,N,82.827,W
6/26/2012,23:16:45,29.377,N,82.822,W
6/26/2012,23:18:45,29.378,N,82.816,W
6/26/2012,23:20:44,29.379,N,82.81,W
6/26/2012,23:22:44,29.38,N,82.805,W
6/26/2012,23:24:44,29.381,N,82.799,W
6/26/2012,23:26:44,29.382,N,82.793,W
6/26/2012,23:28:44,29.383,N,82.788,W
6/26/2012,23:30:44,29.384,N,82.782,W
6/26/2012,23:32:44,29.385,N,82.777,W
6/26/2012,23:34:45,29.386,N,82.771,W
6/26/2012,23:36:45,29.388,N,82.765,W
6/26/2012,23:38:45,29.389,N,82.76,W
6/26/2012,23:40:45,29.39,N,82.754,W
6/26/2012,23:42:45,29.391,N,82.749,W
6/26/2012,23:44:45,29.392,N,82.743,W
6/26/2012,23:46:45,29.393,N,82.737,W
6/26/2012,23:48:45,29.394,N,82.732,W
6/26/2012,23:50:44,29.395,N,82.726,W
6/26/2012,23:52:44,29.396,N,82.72,W
6/26/2012,23:54:44,29.397,N,82.715,W
6/26/2012,23:56:44,29.398,N,82.709,W
6/26/2012,23:58:44,29.399,N,82.704,W
