Track,for,Michael,2018,,,
Date,Time,(UTC),Latitude,Longitude,,Category
MM/DD/Year,HH:MM:SS,(deg),(deg),,,
10/7/2018,18:08:20,18.871,N,86.294,W,5
10/7/2018,18:10:19,18.877,N,86.276,W,5
10/7/2018,18:12:19,18.884,N,86.258,W,5
10/7/2018,18:14:20,18.89,N,86.24,W,5
10/7/2018,18:16:20,18.896,N,86.222,W,5
10/7/2018,18:18:19,18.903,N,86.204,W,5
10/7/2018,18:20:19,18.909,N,86.186,W,5
10/7/2018,18:22:20,18.915,N,86.168,W,5
10/7/2018,18:24:20,18.921,N,86.15,W,5
10/7/2018,18:26:19,18.928,N,86.132,W,5
10/7/2018,18:28:19,18.934,N,86.114,W,5
10/7/2018,18:30:20,18.94,N,86.096,W,5
10/7/2018,18:32:20,18.946,N,86.078,W,5
10/7/2018,18:34:19,18.953,N,86.06,W,5
10/7/2018,18:36:20,18.959,N,86.042,W,5
10/7/2018,18:38:20,18.965,N,86.025,W,5
10/7/2018,18:40:19,18.971,N,86.007,W,5
10/7/2018,18:42:19,18.978,N,85.989,W,5
10/7/2018,18:44:20,18.984,N,85.972,W,5
10/7/2018,18:46:20,18.99,N,85.954,W,5
10/7/2018,18:48:19,18.997,N,85.937,W,5
10/7/2018,18:50:19,19.003,N,85.92,W,5
10/7/2018,18:52:20,19.009,N,85.903,W,5
10/7/2018,18:54:20,19.015,N,85.885,W,5
10/7/2018,18:56:19,19.022,N,85.869,W,5
10/7/2018,18:58:19,19.028,N,85.852,W,5
10/7/2018,19:00:20,19.034,N,85.835,W,5
10/7/2018,19:02:20,19.041,N,85.818,W,5
10/7/2018,19:04:19,19.047,N,85.802,W,5
10/7/2018,19:06:20,19.053,N,85.785,W,5
10/7/2018,19:08:20,19.06,N,85.769,W,5
10/7/2018,19:10:19,19.066,N,85.753,W,5
10/7/2018,19:12:19,19.072,N,85.737,W,5
10/7/2018,19:14:20,19.079,N,85.721,W,5
10/7/2018,19:16:20,19.085,N,85.706,W,5
10/7/2018,19:18:19,19.092,N,85.69,W,5
10/7/2018,19:20:19,19.098,N,85.675,W,5
10/7/2018,19:22:20,19.104,N,85.66,W,5
10/7/2018,19:24:20,19.111,N,85.645,W,5
10/7/2018,19:26:19,19.117,N,85.63,W,5
10/7/2018,19:28:19,19.124,N,85.616,W,5
10/7/2018,19:30:20,19.13,N,85.601,W,5
10/7/2018,19:32:20,19.137,N,85.587,W,5
10/7/2018,19:34:19,19.143,N,85.573,W,5
10/7/2018,19:36:20,19.15,N,85.56,W,5
10/7/2018,19:38:20,19.156,N,85.546,W,5
10/7/2018,19:40:19,19.163,N,85.533,W,5
10/7/2018,19:42:19,19.169,N,85.52,W,5
10/7/2018,19:44:20,19.176,N,85.507,W,5
10/7/2018,19:46:20,19.182,N,85.494,W,5
10/7/2018,19:48:19,19.189,N,85.482,W,5
10/7/2018,19:50:19,19.195,N,85.47,W,5
10/7/2018,19:52:20,19.202,N,85.458,W,5
10/7/2018,19:54:20,19.209,N,85.446,W,5
10/7/2018,19:56:19,19.215,N,85.435,W,5
10/7/2018,19:58:19,19.222,N,85.424,W,5
10/7/2018,20:00:20,19.229,N,85.413,W,5
10/7/2018,20:02:20,19.235,N,85.403,W,5
10/7/2018,20:04:19,19.242,N,85.393,W,5
10/7/2018,20:06:20,19.249,N,85.383,W,5
10/7/2018,20:08:20,19.255,N,85.373,W,5
10/7/2018,20:10:19,19.262,N,85.364,W,5
10/7/2018,20:12:19,19.269,N,85.355,W,5
10/7/2018,20:14:20,19.276,N,85.346,W,5
10/7/2018,20:16:20,19.282,N,85.338,W,5
10/7/2018,20:18:19,19.289,N,85.33,W,5
10/7/2018,20:20:19,19.296,N,85.322,W,5
10/7/2018,20:22:20,19.303,N,85.315,W,5
10/7/2018,20:24:20,19.31,N,85.308,W,5
10/7/2018,20:26:19,19.317,N,85.301,W,5
10/7/2018,20:28:19,19.324,N,85.294,W,5
10/7/2018,20:30:20,19.33,N,85.288,W,5
10/7/2018,20:32:20,19.337,N,85.283,W,5
10/7/2018,20:34:19,19.344,N,85.278,W,5
10/7/2018,20:36:20,19.351,N,85.273,W,5
10/7/2018,20:38:20,19.358,N,85.268,W,5
10/7/2018,20:40:19,19.365,N,85.264,W,5
10/7/2018,20:42:19,19.372,N,85.26,W,5
10/7/2018,20:44:20,19.379,N,85.257,W,5
10/7/2018,20:46:20,19.387,N,85.254,W,5
10/7/2018,20:48:19,19.394,N,85.251,W,5
10/7/2018,20:50:19,19.401,N,85.249,W,5
10/7/2018,20:52:20,19.408,N,85.247,W,5
10/7/2018,20:54:20,19.415,N,85.246,W,5
10/7/2018,20:56:19,19.422,N,85.245,W,5
10/7/2018,20:58:19,19.43,N,85.245,W,5
10/7/2018,21:00:20,19.437,N,85.245,W,5
10/7/2018,21:02:20,19.444,N,85.245,W,5
10/7/2018,21:04:19,19.451,N,85.246,W,5
10/7/2018,21:06:20,19.459,N,85.247,W,5
10/7/2018,21:08:20,19.466,N,85.249,W,5
10/7/2018,21:10:19,19.473,N,85.251,W,5
10/7/2018,21:12:19,19.481,N,85.254,W,5
10/7/2018,21:14:20,19.488,N,85.257,W,5
10/7/2018,21:16:20,19.496,N,85.261,W,5
10/7/2018,21:18:19,19.503,N,85.265,W,5
10/7/2018,21:20:19,19.511,N,85.269,W,5
10/7/2018,21:22:20,19.518,N,85.274,W,5
10/7/2018,21:24:20,19.526,N,85.28,W,5
10/7/2018,21:26:19,19.533,N,85.286,W,5
10/7/2018,21:28:19,19.541,N,85.293,W,5
10/7/2018,21:30:20,19.549,N,85.3,W,5
10/7/2018,21:32:20,19.556,N,85.308,W,5
10/7/2018,21:34:19,19.564,N,85.316,W,5
10/7/2018,21:36:20,19.572,N,85.324,W,5
10/7/2018,21:38:20,19.579,N,85.334,W,5
10/7/2018,21:40:19,19.587,N,85.343,W,5
10/7/2018,21:42:19,19.595,N,85.354,W,5
10/7/2018,21:44:20,19.603,N,85.365,W,5
10/7/2018,21:46:20,19.611,N,85.376,W,5
10/7/2018,21:48:19,19.619,N,85.388,W,5
10/7/2018,21:48:40,19.62,N,85.39,W,5
10/7/2018,21:50:39,19.626,N,85.389,W,5
10/7/2018,21:52:39,19.633,N,85.388,W,5
10/7/2018,21:54:40,19.639,N,85.387,W,5
10/7/2018,21:56:40,19.645,N,85.386,W,5
10/7/2018,21:58:39,19.651,N,85.385,W,5
10/7/2018,22:00:39,19.657,N,85.384,W,5
10/7/2018,22:02:40,19.663,N,85.383,W,5
10/7/2018,22:04:40,19.669,N,85.382,W,5
10/7/2018,22:06:39,19.675,N,85.381,W,5
10/7/2018,22:08:39,19.681,N,85.381,W,5
10/7/2018,22:10:40,19.687,N,85.38,W,5
10/7/2018,22:12:39,19.693,N,85.379,W,5
10/7/2018,22:14:39,19.699,N,85.378,W,5
10/7/2018,22:16:40,19.704,N,85.378,W,5
10/7/2018,22:18:40,19.71,N,85.377,W,5
10/7/2018,22:20:39,19.716,N,85.376,W,5
10/7/2018,22:22:39,19.721,N,85.376,W,5
10/7/2018,22:24:40,19.727,N,85.375,W,5
10/7/2018,22:26:40,19.732,N,85.374,W,5
10/7/2018,22:28:39,19.738,N,85.374,W,5
10/7/2018,22:30:39,19.743,N,85.373,W,5
10/7/2018,22:32:40,19.748,N,85.373,W,5
10/7/2018,22:34:40,19.753,N,85.372,W,5
10/7/2018,22:36:39,19.759,N,85.372,W,5
10/7/2018,22:38:39,19.764,N,85.371,W,5
10/7/2018,22:40:40,19.769,N,85.371,W,5
10/7/2018,22:42:39,19.774,N,85.371,W,5
10/7/2018,22:44:39,19.779,N,85.37,W,5
10/7/2018,22:46:40,19.784,N,85.37,W,5
10/7/2018,22:48:40,19.788,N,85.37,W,5
10/7/2018,22:50:39,19.793,N,85.37,W,5
10/7/2018,22:52:39,19.798,N,85.37,W,5
10/7/2018,22:54:40,19.802,N,85.369,W,5
10/7/2018,22:56:40,19.807,N,85.369,W,5
10/7/2018,22:58:39,19.812,N,85.369,W,5
10/7/2018,23:00:39,19.816,N,85.369,W,5
10/7/2018,23:02:40,19.82,N,85.369,W,5
10/7/2018,23:04:40,19.825,N,85.369,W,5
10/7/2018,23:06:39,19.829,N,85.369,W,5
10/7/2018,23:08:39,19.833,N,85.369,W,5
10/7/2018,23:10:40,19.837,N,85.369,W,5
10/7/2018,23:12:39,19.841,N,85.37,W,5
10/7/2018,23:14:39,19.845,N,85.37,W,5
10/7/2018,23:16:40,19.849,N,85.37,W,5
10/7/2018,23:18:40,19.853,N,85.37,W,5
10/7/2018,23:20:39,19.857,N,85.371,W,5
10/7/2018,23:22:39,19.86,N,85.371,W,5
10/7/2018,23:24:40,19.864,N,85.372,W,5
10/7/2018,23:26:40,19.867,N,85.372,W,5
10/7/2018,23:28:39,19.871,N,85.372,W,5
10/7/2018,23:30:39,19.874,N,85.373,W,5
10/7/2018,23:32:40,19.877,N,85.374,W,5
10/7/2018,23:34:40,19.881,N,85.374,W,5
10/7/2018,23:36:39,19.884,N,85.375,W,5
10/7/2018,23:38:39,19.887,N,85.376,W,5
10/7/2018,23:40:40,19.89,N,85.376,W,5
10/7/2018,23:42:39,19.893,N,85.377,W,5
10/7/2018,23:44:39,19.895,N,85.378,W,5
10/7/2018,23:46:40,19.898,N,85.379,W,5
10/7/2018,23:48:40,19.901,N,85.38,W,5
10/7/2018,23:50:39,19.903,N,85.381,W,5
10/7/2018,23:52:39,19.906,N,85.382,W,5
10/7/2018,23:54:40,19.908,N,85.383,W,5
10/7/2018,23:56:40,19.911,N,85.384,W,5
10/7/2018,23:58:39,19.913,N,85.385,W,5
10/8/2018,0:00:39,19.915,N,85.386,W,5
10/8/2018,0:02:40,19.917,N,85.387,W,5
10/8/2018,0:04:40,19.919,N,85.388,W,5
10/8/2018,0:06:39,19.921,N,85.39,W,5
10/8/2018,0:08:39,19.923,N,85.391,W,5
10/8/2018,0:10:40,19.925,N,85.392,W,5
10/8/2018,0:12:39,19.927,N,85.394,W,5
10/8/2018,0:14:39,19.928,N,85.395,W,5
10/8/2018,0:16:40,19.93,N,85.397,W,5
10/8/2018,0:18:40,19.932,N,85.398,W,5
10/8/2018,0:20:39,19.933,N,85.399,W,5
10/8/2018,0:22:39,19.935,N,85.401,W,5
10/8/2018,0:24:40,19.936,N,85.403,W,5
10/8/2018,0:26:40,19.937,N,85.404,W,5
10/8/2018,0:28:39,19.939,N,85.406,W,5
10/8/2018,0:30:39,19.94,N,85.407,W,5
10/8/2018,0:32:40,19.941,N,85.409,W,5
10/8/2018,0:34:40,19.942,N,85.411,W,5
10/8/2018,0:36:39,19.943,N,85.413,W,5
10/8/2018,0:38:39,19.944,N,85.414,W,5
10/8/2018,0:40:40,19.945,N,85.416,W,5
10/8/2018,0:42:39,19.946,N,85.418,W,5
10/8/2018,0:44:39,19.947,N,85.42,W,5
10/8/2018,0:46:40,19.947,N,85.421,W,5
10/8/2018,0:48:40,19.948,N,85.423,W,5
10/8/2018,0:50:39,19.949,N,85.425,W,5
10/8/2018,0:52:39,19.95,N,85.427,W,5
10/8/2018,0:54:40,19.95,N,85.429,W,5
10/8/2018,0:56:40,19.951,N,85.431,W,5
10/8/2018,0:58:39,19.951,N,85.433,W,5
10/8/2018,1:00:39,19.952,N,85.435,W,5
10/8/2018,1:02:40,19.952,N,85.437,W,5
10/8/2018,1:04:40,19.952,N,85.439,W,5
10/8/2018,1:06:39,19.953,N,85.441,W,5
10/8/2018,1:08:39,19.953,N,85.443,W,5
10/8/2018,1:10:40,19.953,N,85.445,W,5
10/8/2018,1:12:39,19.954,N,85.447,W,5
10/8/2018,1:14:39,19.954,N,85.449,W,5
10/8/2018,1:16:40,19.954,N,85.451,W,5
10/8/2018,1:18:40,19.954,N,85.453,W,5
10/8/2018,1:20:39,19.954,N,85.455,W,5
10/8/2018,1:22:39,19.954,N,85.457,W,5
10/8/2018,1:24:40,19.954,N,85.459,W,5
10/8/2018,1:26:40,19.954,N,85.461,W,5
10/8/2018,1:28:39,19.955,N,85.463,W,5
10/8/2018,1:30:39,19.954,N,85.465,W,5
10/8/2018,1:32:40,19.954,N,85.468,W,5
10/8/2018,1:34:40,19.954,N,85.47,W,5
10/8/2018,1:36:39,19.954,N,85.472,W,5
10/8/2018,1:38:39,19.954,N,85.474,W,5
10/8/2018,1:40:40,19.954,N,85.476,W,5
10/8/2018,1:42:39,19.954,N,85.478,W,5
10/8/2018,1:44:39,19.954,N,85.48,W,5
10/8/2018,1:46:40,19.954,N,85.482,W,5
10/8/2018,1:48:40,19.953,N,85.484,W,5
10/8/2018,1:50:39,19.953,N,85.487,W,5
10/8/2018,1:52:39,19.953,N,85.489,W,5
10/8/2018,1:54:40,19.953,N,85.491,W,5
10/8/2018,1:56:40,19.953,N,85.493,W,5
10/8/2018,1:58:39,19.952,N,85.495,W,5
10/8/2018,2:00:39,19.952,N,85.497,W,5
10/8/2018,2:02:40,19.952,N,85.499,W,5
10/8/2018,2:04:40,19.952,N,85.501,W,5
10/8/2018,2:06:39,19.951,N,85.503,W,5
10/8/2018,2:08:39,19.951,N,85.505,W,5
10/8/2018,2:10:40,19.951,N,85.507,W,5
10/8/2018,2:12:39,19.951,N,85.509,W,5
10/8/2018,2:14:39,19.95,N,85.511,W,5
10/8/2018,2:16:40,19.95,N,85.513,W,5
10/8/2018,2:18:40,19.95,N,85.515,W,5
10/8/2018,2:20:39,19.949,N,85.517,W,5
10/8/2018,2:22:39,19.949,N,85.519,W,5
10/8/2018,2:24:40,19.949,N,85.521,W,5
10/8/2018,2:26:40,19.949,N,85.523,W,5
10/8/2018,2:28:39,19.948,N,85.525,W,5
10/8/2018,2:30:39,19.948,N,85.526,W,5
10/8/2018,2:32:40,19.948,N,85.528,W,5
10/8/2018,2:34:40,19.948,N,85.53,W,5
10/8/2018,2:36:39,19.948,N,85.532,W,5
10/8/2018,2:38:39,19.947,N,85.534,W,5
10/8/2018,2:40:40,19.947,N,85.535,W,5
10/8/2018,2:42:39,19.947,N,85.537,W,5
10/8/2018,2:44:39,19.947,N,85.539,W,5
10/8/2018,2:46:40,19.947,N,85.541,W,5
10/8/2018,2:48:40,19.947,N,85.542,W,5
10/8/2018,2:50:39,19.947,N,85.544,W,5
10/8/2018,2:52:39,19.947,N,85.545,W,5
10/8/2018,2:54:40,19.947,N,85.547,W,5
10/8/2018,2:56:40,19.947,N,85.549,W,5
10/8/2018,2:58:39,19.947,N,85.55,W,5
10/8/2018,3:00:39,19.947,N,85.551,W,5
10/8/2018,3:02:40,19.947,N,85.553,W,5
10/8/2018,3:04:40,19.947,N,85.554,W,5
10/8/2018,3:06:39,19.947,N,85.556,W,5
10/8/2018,3:08:39,19.947,N,85.557,W,5
10/8/2018,3:10:40,19.947,N,85.558,W,5
10/8/2018,3:12:39,19.947,N,85.56,W,5
10/8/2018,3:14:39,19.948,N,85.561,W,5
10/8/2018,3:16:40,19.948,N,85.562,W,5
10/8/2018,3:18:40,19.948,N,85.563,W,5
10/8/2018,3:20:39,19.949,N,85.564,W,5
10/8/2018,3:22:39,19.949,N,85.566,W,5
10/8/2018,3:24:40,19.949,N,85.567,W,5
10/8/2018,3:26:40,19.95,N,85.568,W,5
10/8/2018,3:28:39,19.95,N,85.569,W,5
10/8/2018,3:30:39,19.951,N,85.569,W,5
10/8/2018,3:32:40,19.952,N,85.57,W,5
10/8/2018,3:34:40,19.952,N,85.571,W,5
10/8/2018,3:36:39,19.953,N,85.572,W,5
10/8/2018,3:38:39,19.954,N,85.573,W,5
10/8/2018,3:40:40,19.954,N,85.573,W,5
10/8/2018,3:42:39,19.955,N,85.574,W,5
10/8/2018,3:44:39,19.956,N,85.575,W,5
10/8/2018,3:46:40,19.957,N,85.575,W,5
10/8/2018,3:48:40,19.958,N,85.576,W,5
10/8/2018,3:50:39,19.959,N,85.576,W,5
10/8/2018,3:52:39,19.96,N,85.577,W,5
10/8/2018,3:54:40,19.961,N,85.577,W,5
10/8/2018,3:56:40,19.962,N,85.577,W,5
10/8/2018,3:58:39,19.964,N,85.578,W,5
10/8/2018,4:00:39,19.965,N,85.578,W,5
10/8/2018,4:02:40,19.966,N,85.578,W,5
10/8/2018,4:04:40,19.968,N,85.578,W,5
10/8/2018,4:06:39,19.969,N,85.578,W,5
10/8/2018,4:08:39,19.97,N,85.578,W,5
10/8/2018,4:10:40,19.972,N,85.578,W,5
10/8/2018,4:12:39,19.974,N,85.578,W,5
10/8/2018,4:14:39,19.975,N,85.578,W,5
10/8/2018,4:16:40,19.977,N,85.578,W,5
10/8/2018,4:18:40,19.978,N,85.578,W,5
10/8/2018,4:20:39,19.98,N,85.578,W,5
10/8/2018,4:22:39,19.982,N,85.578,W,5
10/8/2018,4:24:40,19.984,N,85.577,W,5
10/8/2018,4:26:40,19.985,N,85.577,W,5
10/8/2018,4:28:39,19.987,N,85.577,W,5
10/8/2018,4:30:39,19.989,N,85.576,W,5
10/8/2018,4:32:40,19.991,N,85.576,W,5
10/8/2018,4:34:40,19.993,N,85.576,W,5
10/8/2018,4:36:39,19.995,N,85.575,W,5
10/8/2018,4:38:39,19.997,N,85.575,W,5
10/8/2018,4:40:40,19.999,N,85.574,W,5
10/8/2018,4:42:39,20.002,N,85.573,W,5
10/8/2018,4:44:39,20.004,N,85.573,W,5
10/8/2018,4:46:40,20.006,N,85.572,W,5
10/8/2018,4:48:40,20.008,N,85.571,W,5
10/8/2018,4:50:39,20.011,N,85.571,W,5
10/8/2018,4:52:39,20.013,N,85.57,W,5
10/8/2018,4:54:40,20.015,N,85.569,W,5
10/8/2018,4:56:40,20.018,N,85.568,W,5
10/8/2018,4:58:39,20.02,N,85.567,W,5
10/8/2018,5:00:39,20.023,N,85.566,W,5
10/8/2018,5:02:40,20.025,N,85.565,W,5
10/8/2018,5:04:40,20.028,N,85.565,W,5
10/8/2018,5:05:44,20.029,N,85.564,W,5
10/8/2018,5:07:44,20.032,N,85.563,W,5
10/8/2018,5:09:43,20.035,N,85.562,W,5
10/8/2018,5:11:43,20.037,N,85.56,W,5
10/8/2018,5:13:44,20.04,N,85.559,W,5
10/8/2018,5:15:44,20.043,N,85.558,W,5
10/8/2018,5:17:43,20.046,N,85.557,W,5
10/8/2018,5:19:43,20.049,N,85.555,W,5
10/8/2018,5:21:44,20.052,N,85.554,W,5
10/8/2018,5:23:43,20.055,N,85.553,W,5
10/8/2018,5:25:43,20.058,N,85.551,W,5
10/8/2018,5:27:44,20.061,N,85.55,W,5
10/8/2018,5:29:44,20.064,N,85.549,W,5
10/8/2018,5:31:43,20.067,N,85.547,W,5
10/8/2018,5:33:43,20.07,N,85.546,W,5
10/8/2018,5:35:44,20.073,N,85.544,W,5
10/8/2018,5:37:44,20.076,N,85.543,W,5
10/8/2018,5:39:43,20.079,N,85.542,W,5
10/8/2018,5:41:43,20.082,N,85.54,W,5
10/8/2018,5:43:44,20.085,N,85.539,W,5
10/8/2018,5:45:44,20.088,N,85.537,W,5
10/8/2018,5:47:43,20.091,N,85.536,W,5
10/8/2018,5:49:43,20.094,N,85.534,W,5
10/8/2018,5:51:44,20.097,N,85.532,W,5
10/8/2018,5:53:43,20.1,N,85.531,W,5
10/8/2018,5:55:43,20.103,N,85.529,W,5
10/8/2018,5:57:44,20.107,N,85.528,W,5
10/8/2018,5:59:44,20.11,N,85.526,W,5
10/8/2018,6:01:43,20.113,N,85.524,W,5
10/8/2018,6:03:43,20.116,N,85.523,W,5
10/8/2018,6:05:44,20.119,N,85.521,W,5
10/8/2018,6:07:44,20.123,N,85.519,W,5
10/8/2018,6:09:43,20.126,N,85.518,W,5
10/8/2018,6:11:43,20.129,N,85.516,W,5
10/8/2018,6:13:44,20.133,N,85.514,W,5
10/8/2018,6:15:44,20.136,N,85.512,W,5
10/8/2018,6:17:43,20.139,N,85.511,W,5
10/8/2018,6:19:43,20.143,N,85.509,W,5
10/8/2018,6:21:44,20.146,N,85.507,W,5
10/8/2018,6:23:43,20.149,N,85.505,W,5
10/8/2018,6:25:43,20.153,N,85.504,W,5
10/8/2018,6:27:44,20.156,N,85.502,W,5
10/8/2018,6:29:44,20.16,N,85.5,W,5
10/8/2018,6:31:43,20.163,N,85.498,W,5
10/8/2018,6:33:43,20.167,N,85.496,W,5
10/8/2018,6:35:44,20.17,N,85.494,W,5
10/8/2018,6:37:44,20.174,N,85.492,W,5
10/8/2018,6:39:43,20.177,N,85.49,W,5
10/8/2018,6:41:43,20.181,N,85.488,W,5
10/8/2018,6:43:44,20.184,N,85.486,W,5
10/8/2018,6:45:44,20.188,N,85.484,W,5
10/8/2018,6:47:43,20.191,N,85.482,W,5
10/8/2018,6:49:43,20.195,N,85.48,W,5
10/8/2018,6:51:44,20.199,N,85.478,W,5
10/8/2018,6:53:43,20.202,N,85.476,W,5
10/8/2018,6:55:43,20.206,N,85.474,W,5
10/8/2018,6:57:44,20.21,N,85.472,W,5
10/8/2018,6:59:44,20.213,N,85.47,W,5
10/8/2018,7:01:43,20.217,N,85.468,W,5
10/8/2018,7:03:43,20.221,N,85.466,W,5
10/8/2018,7:05:44,20.225,N,85.464,W,5
10/8/2018,7:07:44,20.228,N,85.462,W,5
10/8/2018,7:09:43,20.232,N,85.46,W,5
10/8/2018,7:11:43,20.236,N,85.457,W,5
10/8/2018,7:13:44,20.24,N,85.455,W,5
10/8/2018,7:15:44,20.244,N,85.453,W,5
10/8/2018,7:17:43,20.248,N,85.451,W,5
10/8/2018,7:19:43,20.252,N,85.449,W,5
10/8/2018,7:21:44,20.255,N,85.446,W,5
10/8/2018,7:23:43,20.259,N,85.444,W,5
10/8/2018,7:25:43,20.263,N,85.442,W,5
10/8/2018,7:27:44,20.267,N,85.44,W,5
10/8/2018,7:29:44,20.271,N,85.437,W,5
10/8/2018,7:31:43,20.275,N,85.435,W,5
10/8/2018,7:33:43,20.279,N,85.433,W,5
10/8/2018,7:35:44,20.283,N,85.43,W,5
10/8/2018,7:37:44,20.287,N,85.428,W,5
10/8/2018,7:39:34,20.291,N,85.426,W,5
10/8/2018,7:41:33,20.295,N,85.424,W,5
10/8/2018,7:43:33,20.299,N,85.422,W,5
10/8/2018,7:45:34,20.304,N,85.419,W,5
10/8/2018,7:47:34,20.308,N,85.417,W,5
10/8/2018,7:49:33,20.312,N,85.415,W,5
10/8/2018,7:51:33,20.317,N,85.412,W,5
10/8/2018,7:53:34,20.321,N,85.41,W,5
10/8/2018,7:55:34,20.326,N,85.408,W,5
10/8/2018,7:57:33,20.33,N,85.405,W,5
10/8/2018,7:59:33,20.335,N,85.403,W,5
10/8/2018,8:01:34,20.339,N,85.401,W,5
10/8/2018,8:03:33,20.344,N,85.398,W,5
10/8/2018,8:05:33,20.348,N,85.396,W,5
10/8/2018,8:07:33,20.353,N,85.393,W,5
10/8/2018,8:09:33,20.358,N,85.391,W,5
10/8/2018,8:11:34,20.362,N,85.389,W,5
10/8/2018,8:13:34,20.367,N,85.386,W,5
10/8/2018,8:15:34,20.372,N,85.384,W,5
10/8/2018,8:17:34,20.376,N,85.381,W,5
10/8/2018,8:19:33,20.381,N,85.379,W,5
10/8/2018,8:21:33,20.386,N,85.376,W,5
10/8/2018,8:23:33,20.39,N,85.373,W,5
10/8/2018,8:25:33,20.395,N,85.371,W,5
10/8/2018,8:27:34,20.4,N,85.368,W,5
10/8/2018,8:29:34,20.405,N,85.366,W,5
10/8/2018,8:31:34,20.41,N,85.363,W,5
10/8/2018,8:33:33,20.415,N,85.361,W,5
10/8/2018,8:35:33,20.42,N,85.358,W,5
10/8/2018,8:37:33,20.424,N,85.355,W,5
10/8/2018,8:39:33,20.429,N,85.353,W,5
10/8/2018,8:41:34,20.434,N,85.35,W,5
10/8/2018,8:43:34,20.439,N,85.347,W,5
10/8/2018,8:45:34,20.444,N,85.345,W,5
10/8/2018,8:47:34,20.449,N,85.342,W,5
10/8/2018,8:49:33,20.454,N,85.339,W,5
10/8/2018,8:51:33,20.459,N,85.337,W,5
10/8/2018,8:53:33,20.464,N,85.334,W,5
10/8/2018,8:55:33,20.469,N,85.331,W,5
10/8/2018,8:57:34,20.474,N,85.328,W,5
10/8/2018,8:59:34,20.479,N,85.326,W,5
10/8/2018,9:01:34,20.484,N,85.323,W,5
10/8/2018,9:03:33,20.489,N,85.32,W,5
10/8/2018,9:05:33,20.494,N,85.317,W,5
10/8/2018,9:07:33,20.499,N,85.315,W,5
10/8/2018,9:09:33,20.504,N,85.312,W,5
10/8/2018,9:11:34,20.509,N,85.309,W,5
10/8/2018,9:13:34,20.514,N,85.306,W,5
10/8/2018,9:15:34,20.519,N,85.303,W,5
10/8/2018,9:17:34,20.524,N,85.301,W,5
10/8/2018,9:19:33,20.529,N,85.298,W,5
10/8/2018,9:21:33,20.534,N,85.295,W,5
10/8/2018,9:23:33,20.539,N,85.292,W,5
10/8/2018,9:25:33,20.544,N,85.289,W,5
10/8/2018,9:27:34,20.549,N,85.286,W,5
10/8/2018,9:29:34,20.555,N,85.283,W,5
10/8/2018,9:31:34,20.56,N,85.28,W,5
10/8/2018,9:33:33,20.565,N,85.278,W,5
10/8/2018,9:35:33,20.57,N,85.275,W,5
10/8/2018,9:37:33,20.575,N,85.272,W,5
10/8/2018,9:39:33,20.58,N,85.269,W,5
10/8/2018,9:41:34,20.585,N,85.266,W,5
10/8/2018,9:43:34,20.59,N,85.263,W,5
10/8/2018,9:45:34,20.595,N,85.26,W,5
10/8/2018,9:47:34,20.6,N,85.257,W,5
10/8/2018,9:49:33,20.605,N,85.254,W,5
10/8/2018,9:51:33,20.61,N,85.251,W,5
10/8/2018,9:53:33,20.614,N,85.248,W,5
10/8/2018,9:55:33,20.619,N,85.245,W,5
10/8/2018,9:57:34,20.624,N,85.242,W,5
10/8/2018,9:59:34,20.629,N,85.239,W,5
10/8/2018,10:01:34,20.634,N,85.236,W,5
10/8/2018,10:03:33,20.639,N,85.233,W,5
10/8/2018,10:05:33,20.644,N,85.23,W,5
10/8/2018,10:07:33,20.649,N,85.227,W,5
10/8/2018,10:09:33,20.654,N,85.224,W,5
10/8/2018,10:11:34,20.658,N,85.221,W,5
10/8/2018,10:13:34,20.663,N,85.218,W,5
10/8/2018,10:15:34,20.668,N,85.215,W,5
10/8/2018,10:17:34,20.673,N,85.212,W,5
10/8/2018,10:19:33,20.678,N,85.209,W,5
10/8/2018,10:21:33,20.682,N,85.206,W,5
10/8/2018,10:23:33,20.687,N,85.203,W,5
10/8/2018,10:25:33,20.692,N,85.2,W,5
10/8/2018,10:27:34,20.696,N,85.197,W,5
10/8/2018,10:29:34,20.701,N,85.194,W,5
10/8/2018,10:31:34,20.706,N,85.191,W,5
10/8/2018,10:33:33,20.71,N,85.188,W,5
10/8/2018,10:35:33,20.715,N,85.185,W,5
10/8/2018,10:37:33,20.719,N,85.182,W,5
10/8/2018,10:39:33,20.724,N,85.179,W,5
10/8/2018,10:41:34,20.729,N,85.176,W,5
10/8/2018,10:43:34,20.733,N,85.173,W,5
10/8/2018,10:45:34,20.738,N,85.17,W,5
10/8/2018,10:47:34,20.742,N,85.167,W,5
10/8/2018,10:49:33,20.747,N,85.164,W,5
10/8/2018,10:51:33,20.751,N,85.16,W,5
10/8/2018,10:53:33,20.755,N,85.157,W,5
10/8/2018,10:55:33,20.76,N,85.154,W,5
10/8/2018,10:57:34,20.764,N,85.151,W,5
10/8/2018,10:59:34,20.769,N,85.148,W,5
10/8/2018,11:01:34,20.773,N,85.145,W,5
10/8/2018,11:03:33,20.777,N,85.142,W,5
10/8/2018,11:05:33,20.782,N,85.139,W,5
10/8/2018,11:07:33,20.786,N,85.136,W,5
10/8/2018,11:09:33,20.79,N,85.133,W,5
10/8/2018,11:11:34,20.795,N,85.13,W,5
10/8/2018,11:13:34,20.799,N,85.127,W,5
10/8/2018,11:15:34,20.803,N,85.123,W,5
10/8/2018,11:17:34,20.807,N,85.12,W,5
10/8/2018,11:19:33,20.812,N,85.117,W,5
10/8/2018,11:21:33,20.816,N,85.114,W,5
10/8/2018,11:23:33,20.82,N,85.111,W,5
10/8/2018,11:25:33,20.824,N,85.108,W,5
10/8/2018,11:27:34,20.828,N,85.105,W,5
10/8/2018,11:29:34,20.833,N,85.102,W,5
10/8/2018,11:31:34,20.837,N,85.099,W,5
10/8/2018,11:33:33,20.841,N,85.096,W,5
10/8/2018,11:35:33,20.845,N,85.092,W,5
10/8/2018,11:36:27,20.847,N,85.091,W,5
10/8/2018,11:38:27,20.847,N,85.085,W,5
10/8/2018,11:40:28,20.848,N,85.078,W,5
10/8/2018,11:42:28,20.849,N,85.072,W,5
10/8/2018,11:44:28,20.85,N,85.066,W,5
10/8/2018,11:46:28,20.851,N,85.061,W,5
10/8/2018,11:48:27,20.852,N,85.055,W,5
10/8/2018,11:50:27,20.854,N,85.049,W,5
10/8/2018,11:52:27,20.855,N,85.044,W,5
10/8/2018,11:54:27,20.857,N,85.039,W,5
10/8/2018,11:56:28,20.859,N,85.034,W,5
10/8/2018,11:58:28,20.861,N,85.029,W,5
10/8/2018,12:00:28,20.863,N,85.024,W,5
10/8/2018,12:02:27,20.866,N,85.02,W,5
10/8/2018,12:04:27,20.869,N,85.016,W,5
10/8/2018,12:06:27,20.872,N,85.012,W,5
10/8/2018,12:08:27,20.875,N,85.008,W,5
10/8/2018,12:10:28,20.878,N,85.004,W,5
10/8/2018,12:12:28,20.882,N,85.001,W,5
10/8/2018,12:14:28,20.886,N,84.997,W,5
10/8/2018,12:16:28,20.89,N,84.994,W,5
10/8/2018,12:18:27,20.894,N,84.991,W,5
10/8/2018,12:20:27,20.898,N,84.988,W,5
10/8/2018,12:22:27,20.903,N,84.986,W,5
10/8/2018,12:24:27,20.907,N,84.983,W,5
10/8/2018,12:26:28,20.912,N,84.981,W,5
10/8/2018,12:28:28,20.917,N,84.979,W,5
10/8/2018,12:30:28,20.922,N,84.977,W,5
10/8/2018,12:32:27,20.928,N,84.975,W,5
10/8/2018,12:34:27,20.933,N,84.973,W,5
10/8/2018,12:36:27,20.939,N,84.971,W,5
10/8/2018,12:38:27,20.945,N,84.97,W,5
10/8/2018,12:40:28,20.95,N,84.968,W,5
10/8/2018,12:42:28,20.957,N,84.967,W,5
10/8/2018,12:44:28,20.963,N,84.966,W,5
10/8/2018,12:46:28,20.969,N,84.965,W,5
10/8/2018,12:48:27,20.976,N,84.964,W,5
10/8/2018,12:50:27,20.982,N,84.964,W,5
10/8/2018,12:52:27,20.989,N,84.963,W,5
10/8/2018,12:54:27,20.996,N,84.963,W,5
10/8/2018,12:56:28,21.003,N,84.962,W,5
10/8/2018,12:58:28,21.01,N,84.962,W,5
10/8/2018,12:58:44,21.011,N,84.962,W,5
10/8/2018,13:00:44,21.017,N,84.961,W,5
10/8/2018,13:02:43,21.023,N,84.96,W,5
10/8/2018,13:04:43,21.03,N,84.958,W,5
10/8/2018,13:06:43,21.036,N,84.958,W,5
10/8/2018,13:08:44,21.043,N,84.957,W,5
10/8/2018,13:10:44,21.05,N,84.956,W,5
10/8/2018,13:12:44,21.057,N,84.956,W,5
10/8/2018,13:14:44,21.064,N,84.956,W,5
10/8/2018,13:16:43,21.072,N,84.955,W,5
10/8/2018,13:18:43,21.079,N,84.955,W,5
10/8/2018,13:20:43,21.087,N,84.956,W,5
10/8/2018,13:22:43,21.095,N,84.956,W,5
10/8/2018,13:24:44,21.103,N,84.956,W,5
10/8/2018,13:26:44,21.111,N,84.957,W,5
10/8/2018,13:28:44,21.12,N,84.958,W,5
10/8/2018,13:30:44,21.128,N,84.959,W,5
10/8/2018,13:32:43,21.137,N,84.96,W,5
10/8/2018,13:34:43,21.146,N,84.961,W,5
10/8/2018,13:36:43,21.155,N,84.963,W,5
10/8/2018,13:38:44,21.164,N,84.964,W,5
10/8/2018,13:40:44,21.174,N,84.966,W,5
10/8/2018,13:42:44,21.183,N,84.967,W,5
10/8/2018,13:44:44,21.192,N,84.969,W,5
10/8/2018,13:46:43,21.202,N,84.971,W,5
10/8/2018,13:48:43,21.212,N,84.973,W,5
10/8/2018,13:50:43,21.221,N,84.976,W,5
10/8/2018,13:52:43,21.231,N,84.978,W,5
10/8/2018,13:54:44,21.241,N,84.98,W,5
10/8/2018,13:56:44,21.251,N,84.983,W,5
10/8/2018,13:58:44,21.26,N,84.985,W,5
10/8/2018,14:00:44,21.27,N,84.988,W,5
10/8/2018,14:02:43,21.28,N,84.99,W,5
10/8/2018,14:04:43,21.29,N,84.993,W,5
10/8/2018,14:06:43,21.3,N,84.996,W,5
10/8/2018,14:08:44,21.31,N,84.998,W,5
10/8/2018,14:09:49,21.315,N,85,W,5
10/8/2018,14:11:49,21.323,N,85.001,W,5
10/8/2018,14:13:49,21.33,N,85.002,W,5
10/8/2018,14:15:48,21.338,N,85.003,W,5
10/8/2018,14:17:48,21.345,N,85.004,W,5
10/8/2018,14:19:48,21.353,N,85.005,W,5
10/8/2018,14:21:48,21.36,N,85.006,W,5
10/8/2018,14:23:49,21.367,N,85.007,W,5
10/8/2018,14:25:49,21.374,N,85.008,W,5
10/8/2018,14:27:49,21.381,N,85.01,W,5
10/8/2018,14:29:48,21.388,N,85.011,W,5
10/8/2018,14:31:48,21.395,N,85.012,W,5
10/8/2018,14:33:48,21.402,N,85.013,W,5
10/8/2018,14:35:48,21.408,N,85.014,W,5
10/8/2018,14:37:49,21.415,N,85.015,W,5
10/8/2018,14:39:49,21.421,N,85.016,W,5
10/8/2018,14:41:49,21.428,N,85.017,W,5
10/8/2018,14:43:49,21.434,N,85.018,W,5
10/8/2018,14:45:48,21.44,N,85.019,W,5
10/8/2018,14:47:48,21.446,N,85.02,W,5
10/8/2018,14:49:48,21.452,N,85.021,W,5
10/8/2018,14:51:48,21.458,N,85.022,W,5
10/8/2018,14:53:49,21.463,N,85.023,W,5
10/8/2018,14:55:49,21.469,N,85.024,W,5
10/8/2018,14:57:49,21.474,N,85.025,W,5
10/8/2018,14:59:48,21.48,N,85.026,W,5
10/8/2018,15:01:48,21.485,N,85.027,W,5
10/8/2018,15:03:48,21.49,N,85.028,W,5
10/8/2018,15:05:48,21.495,N,85.029,W,5
10/8/2018,15:07:49,21.5,N,85.03,W,5
10/8/2018,15:09:49,21.504,N,85.031,W,5
10/8/2018,15:11:49,21.509,N,85.032,W,5
10/8/2018,15:13:49,21.513,N,85.033,W,5
10/8/2018,15:15:48,21.517,N,85.034,W,5
10/8/2018,15:17:48,21.522,N,85.036,W,5
10/8/2018,15:19:48,21.526,N,85.037,W,5
10/8/2018,15:21:48,21.529,N,85.038,W,5
10/8/2018,15:23:49,21.533,N,85.039,W,5
10/8/2018,15:25:49,21.537,N,85.04,W,5
10/8/2018,15:27:49,21.54,N,85.041,W,5
10/8/2018,15:29:48,21.543,N,85.042,W,5
10/8/2018,15:31:48,21.546,N,85.043,W,5
10/8/2018,15:33:48,21.549,N,85.044,W,5
10/8/2018,15:35:48,21.552,N,85.045,W,5
10/8/2018,15:37:49,21.555,N,85.046,W,5
10/8/2018,15:39:49,21.557,N,85.047,W,5
10/8/2018,15:41:49,21.56,N,85.048,W,5
10/8/2018,15:43:49,21.562,N,85.049,W,5
10/8/2018,15:45:48,21.564,N,85.05,W,5
10/8/2018,15:47:48,21.565,N,85.051,W,5
10/8/2018,15:49:48,21.567,N,85.052,W,5
10/8/2018,15:51:48,21.569,N,85.053,W,5
10/8/2018,15:53:49,21.57,N,85.054,W,5
10/8/2018,15:55:49,21.571,N,85.055,W,5
10/8/2018,15:57:49,21.572,N,85.056,W,5
10/8/2018,15:59:48,21.573,N,85.057,W,5
10/8/2018,16:01:48,21.573,N,85.058,W,5
10/8/2018,16:03:48,21.574,N,85.059,W,5
10/8/2018,16:05:48,21.574,N,85.06,W,5
10/8/2018,16:07:49,21.574,N,85.061,W,5
10/8/2018,16:09:49,21.573,N,85.062,W,5
10/8/2018,16:11:49,21.573,N,85.063,W,5
10/8/2018,16:13:49,21.572,N,85.064,W,5
10/8/2018,16:15:48,21.572,N,85.065,W,5
10/8/2018,16:17:48,21.571,N,85.066,W,5
10/8/2018,16:19:48,21.569,N,85.067,W,5
10/8/2018,16:21:48,21.568,N,85.067,W,5
10/8/2018,16:23:49,21.566,N,85.068,W,5
10/8/2018,16:25:49,21.565,N,85.069,W,5
10/8/2018,16:27:49,21.563,N,85.07,W,5
10/8/2018,16:29:48,21.56,N,85.071,W,5
10/8/2018,16:31:48,21.558,N,85.072,W,5
10/8/2018,16:33:48,21.555,N,85.073,W,5
10/8/2018,16:35:48,21.553,N,85.074,W,5
10/8/2018,16:37:49,21.55,N,85.075,W,5
10/8/2018,16:39:49,21.546,N,85.076,W,5
10/8/2018,16:41:49,21.543,N,85.077,W,5
10/8/2018,16:43:49,21.539,N,85.078,W,5
10/8/2018,16:45:48,21.536,N,85.079,W,5
10/8/2018,16:47:48,21.532,N,85.08,W,5
10/8/2018,16:49:48,21.528,N,85.081,W,5
10/8/2018,16:51:48,21.524,N,85.082,W,5
10/8/2018,16:52:10,21.523,N,85.082,W,5
10/8/2018,16:54:11,21.527,N,85.083,W,5
10/8/2018,16:56:11,21.53,N,85.085,W,5
10/8/2018,16:58:11,21.534,N,85.086,W,5
10/8/2018,17:00:11,21.537,N,85.088,W,5
10/8/2018,17:02:10,21.541,N,85.089,W,5
10/8/2018,17:04:10,21.545,N,85.091,W,5
10/8/2018,17:06:10,21.548,N,85.092,W,5
10/8/2018,17:08:11,21.552,N,85.094,W,5
10/8/2018,17:10:11,21.556,N,85.095,W,5
10/8/2018,17:12:11,21.56,N,85.097,W,5
10/8/2018,17:14:11,21.564,N,85.098,W,5
10/8/2018,17:16:10,21.567,N,85.1,W,5
10/8/2018,17:18:10,21.571,N,85.101,W,5
10/8/2018,17:20:10,21.575,N,85.103,W,5
10/8/2018,17:22:10,21.579,N,85.105,W,5
10/8/2018,17:24:11,21.583,N,85.106,W,5
10/8/2018,17:26:11,21.588,N,85.108,W,5
10/8/2018,17:28:11,21.592,N,85.109,W,5
10/8/2018,17:30:11,21.596,N,85.111,W,5
10/8/2018,17:32:10,21.6,N,85.113,W,5
10/8/2018,17:34:10,21.604,N,85.115,W,5
10/8/2018,17:36:10,21.609,N,85.116,W,5
10/8/2018,17:38:11,21.613,N,85.118,W,5
10/8/2018,17:40:11,21.618,N,85.12,W,5
10/8/2018,17:42:11,21.622,N,85.122,W,5
10/8/2018,17:44:11,21.626,N,85.123,W,5
10/8/2018,17:46:10,21.631,N,85.125,W,5
10/8/2018,17:48:10,21.636,N,85.127,W,5
10/8/2018,17:50:10,21.64,N,85.129,W,5
10/8/2018,17:52:10,21.645,N,85.131,W,5
10/8/2018,17:54:11,21.649,N,85.133,W,5
10/8/2018,17:56:11,21.654,N,85.134,W,5
10/8/2018,17:58:11,21.659,N,85.136,W,5
10/8/2018,18:00:11,21.664,N,85.138,W,5
10/8/2018,18:02:10,21.669,N,85.14,W,5
10/8/2018,18:04:10,21.673,N,85.142,W,5
10/8/2018,18:06:10,21.678,N,85.144,W,5
10/8/2018,18:08:11,21.683,N,85.146,W,5
10/8/2018,18:10:11,21.688,N,85.148,W,5
10/8/2018,18:12:11,21.693,N,85.15,W,5
10/8/2018,18:14:11,21.698,N,85.152,W,5
10/8/2018,18:16:10,21.703,N,85.154,W,5
10/8/2018,18:18:10,21.708,N,85.156,W,5
10/8/2018,18:20:10,21.713,N,85.157,W,5
10/8/2018,18:22:10,21.719,N,85.159,W,5
10/8/2018,18:24:11,21.724,N,85.161,W,5
10/8/2018,18:26:11,21.729,N,85.163,W,5
10/8/2018,18:28:11,21.734,N,85.165,W,5
10/8/2018,18:30:11,21.739,N,85.167,W,5
10/8/2018,18:32:10,21.745,N,85.169,W,5
10/8/2018,18:34:10,21.75,N,85.171,W,5
10/8/2018,18:36:10,21.755,N,85.173,W,5
10/8/2018,18:38:11,21.761,N,85.175,W,5
10/8/2018,18:40:11,21.766,N,85.177,W,5
10/8/2018,18:42:11,21.772,N,85.179,W,5
10/8/2018,18:44:11,21.777,N,85.181,W,5
10/8/2018,18:46:10,21.782,N,85.183,W,5
10/8/2018,18:48:10,21.788,N,85.185,W,5
10/8/2018,18:50:10,21.793,N,85.187,W,5
10/8/2018,18:52:10,21.799,N,85.189,W,5
10/8/2018,18:54:11,21.804,N,85.191,W,5
10/8/2018,18:56:11,21.81,N,85.193,W,5
10/8/2018,18:58:11,21.816,N,85.195,W,5
10/8/2018,19:00:11,21.821,N,85.197,W,5
10/8/2018,19:02:10,21.827,N,85.199,W,5
10/8/2018,19:04:10,21.833,N,85.2,W,5
10/8/2018,19:06:10,21.838,N,85.202,W,5
10/8/2018,19:08:11,21.844,N,85.204,W,5
10/8/2018,19:10:11,21.85,N,85.206,W,5
10/8/2018,19:12:11,21.855,N,85.208,W,5
10/8/2018,19:14:11,21.861,N,85.21,W,5
10/8/2018,19:16:10,21.867,N,85.212,W,5
10/8/2018,19:18:10,21.873,N,85.214,W,5
10/8/2018,19:20:10,21.878,N,85.215,W,5
10/8/2018,19:22:10,21.884,N,85.217,W,5
10/8/2018,19:24:11,21.89,N,85.219,W,5
10/8/2018,19:26:11,21.896,N,85.221,W,5
10/8/2018,19:28:11,21.902,N,85.222,W,5
10/8/2018,19:30:11,21.908,N,85.224,W,5
10/8/2018,19:32:10,21.913,N,85.226,W,5
10/8/2018,19:34:10,21.919,N,85.228,W,5
10/8/2018,19:36:10,21.925,N,85.229,W,5
10/8/2018,19:38:11,21.931,N,85.231,W,5
10/8/2018,19:40:11,21.937,N,85.233,W,5
10/8/2018,19:42:11,21.943,N,85.234,W,5
10/8/2018,19:44:11,21.949,N,85.236,W,5
10/8/2018,19:46:10,21.955,N,85.238,W,5
10/8/2018,19:48:10,21.961,N,85.239,W,5
10/8/2018,19:50:10,21.967,N,85.241,W,5
10/8/2018,19:52:10,21.973,N,85.242,W,5
10/8/2018,19:54:11,21.979,N,85.244,W,5
10/8/2018,19:56:11,21.985,N,85.245,W,5
10/8/2018,19:58:11,21.991,N,85.247,W,5
10/8/2018,20:00:11,21.997,N,85.248,W,5
10/8/2018,20:02:10,22.003,N,85.25,W,5
10/8/2018,20:04:10,22.009,N,85.251,W,5
10/8/2018,20:06:10,22.015,N,85.252,W,5
10/8/2018,20:08:11,22.021,N,85.254,W,5
10/8/2018,20:10:11,22.027,N,85.255,W,5
10/8/2018,20:12:11,22.033,N,85.256,W,5
10/8/2018,20:14:11,22.039,N,85.258,W,5
10/8/2018,20:16:10,22.045,N,85.259,W,5
10/8/2018,20:18:10,22.051,N,85.26,W,5
10/8/2018,20:20:10,22.057,N,85.261,W,5
10/8/2018,20:22:10,22.063,N,85.262,W,5
10/8/2018,20:24:11,22.069,N,85.263,W,5
10/8/2018,20:26:11,22.075,N,85.265,W,5
10/8/2018,20:28:11,22.081,N,85.266,W,5
10/8/2018,20:30:11,22.087,N,85.267,W,5
10/8/2018,20:32:10,22.093,N,85.268,W,5
10/8/2018,20:34:10,22.099,N,85.269,W,5
10/8/2018,20:36:10,22.105,N,85.269,W,5
10/8/2018,20:38:11,22.111,N,85.27,W,5
10/8/2018,20:40:11,22.117,N,85.271,W,5
10/8/2018,20:42:11,22.123,N,85.272,W,5
10/8/2018,20:44:11,22.129,N,85.273,W,5
10/8/2018,20:46:10,22.135,N,85.274,W,5
10/8/2018,20:48:10,22.141,N,85.274,W,5
10/8/2018,20:50:10,22.146,N,85.275,W,5
10/8/2018,20:52:10,22.152,N,85.276,W,5
10/8/2018,20:54:11,22.158,N,85.276,W,5
10/8/2018,20:56:11,22.164,N,85.277,W,5
10/8/2018,20:58:11,22.17,N,85.277,W,5
10/8/2018,21:00:11,22.176,N,85.278,W,5
10/8/2018,21:02:10,22.182,N,85.278,W,5
10/8/2018,21:04:10,22.188,N,85.278,W,5
10/8/2018,21:06:10,22.194,N,85.279,W,5
10/8/2018,21:08:11,22.2,N,85.279,W,5
10/8/2018,21:10:11,22.205,N,85.279,W,5
10/8/2018,21:12:11,22.211,N,85.28,W,5
10/8/2018,21:14:11,22.217,N,85.28,W,5
10/8/2018,21:16:10,22.223,N,85.28,W,5
10/8/2018,21:18:10,22.229,N,85.28,W,5
10/8/2018,21:20:10,22.235,N,85.28,W,5
10/8/2018,21:22:10,22.24,N,85.28,W,5
10/8/2018,21:24:11,22.246,N,85.28,W,5
10/8/2018,21:26:11,22.252,N,85.28,W,5
10/8/2018,21:28:11,22.258,N,85.28,W,5
10/8/2018,21:30:11,22.264,N,85.28,W,5
10/8/2018,21:32:10,22.269,N,85.28,W,5
10/8/2018,21:34:10,22.275,N,85.28,W,5
10/8/2018,21:36:10,22.281,N,85.28,W,5
10/8/2018,21:38:11,22.287,N,85.28,W,5
10/8/2018,21:40:11,22.292,N,85.279,W,5
10/8/2018,21:42:11,22.298,N,85.279,W,5
10/8/2018,21:44:11,22.304,N,85.279,W,5
10/8/2018,21:46:10,22.309,N,85.279,W,5
10/8/2018,21:48:10,22.315,N,85.278,W,5
10/8/2018,21:50:10,22.321,N,85.278,W,5
10/8/2018,21:52:10,22.327,N,85.277,W,5
10/8/2018,21:54:11,22.332,N,85.277,W,5
10/8/2018,21:56:11,22.338,N,85.277,W,5
10/8/2018,21:58:11,22.344,N,85.276,W,5
10/8/2018,22:00:11,22.349,N,85.276,W,5
10/8/2018,22:02:10,22.355,N,85.275,W,5
10/8/2018,22:04:10,22.361,N,85.274,W,5
10/8/2018,22:06:10,22.366,N,85.274,W,5
10/8/2018,22:08:11,22.372,N,85.273,W,5
10/8/2018,22:10:11,22.378,N,85.273,W,5
10/8/2018,22:12:11,22.383,N,85.272,W,5
10/8/2018,22:14:11,22.389,N,85.271,W,5
10/8/2018,22:16:10,22.394,N,85.271,W,5
10/8/2018,22:18:10,22.4,N,85.27,W,5
10/8/2018,22:20:10,22.406,N,85.269,W,5
10/8/2018,22:22:10,22.411,N,85.268,W,5
10/8/2018,22:24:11,22.417,N,85.267,W,5
10/8/2018,22:26:11,22.423,N,85.267,W,5
10/8/2018,22:28:11,22.428,N,85.266,W,5
10/8/2018,22:30:11,22.434,N,85.265,W,5
10/8/2018,22:32:10,22.439,N,85.264,W,5
10/8/2018,22:34:10,22.445,N,85.263,W,5
10/8/2018,22:36:10,22.45,N,85.262,W,5
10/8/2018,22:38:11,22.456,N,85.261,W,5
10/8/2018,22:40:11,22.462,N,85.26,W,5
10/8/2018,22:42:11,22.467,N,85.259,W,5
10/8/2018,22:44:11,22.473,N,85.258,W,5
10/8/2018,22:46:10,22.478,N,85.257,W,5
10/8/2018,22:48:10,22.484,N,85.256,W,5
10/8/2018,22:50:10,22.489,N,85.255,W,5
10/8/2018,22:52:10,22.495,N,85.254,W,5
10/8/2018,22:54:11,22.5,N,85.253,W,5
10/8/2018,22:56:11,22.506,N,85.252,W,5
10/8/2018,22:58:11,22.512,N,85.251,W,5
10/8/2018,23:00:11,22.517,N,85.25,W,5
10/8/2018,23:02:10,22.523,N,85.248,W,5
10/8/2018,23:04:10,22.528,N,85.247,W,5
10/8/2018,23:06:10,22.534,N,85.246,W,5
10/8/2018,23:08:11,22.539,N,85.245,W,5
10/8/2018,23:10:11,22.545,N,85.244,W,5
10/8/2018,23:12:11,22.55,N,85.242,W,5
10/8/2018,23:14:11,22.556,N,85.241,W,5
10/8/2018,23:16:10,22.561,N,85.24,W,5
10/8/2018,23:18:10,22.567,N,85.239,W,5
10/8/2018,23:19:24,22.57,N,85.238,W,5
10/8/2018,23:21:23,22.577,N,85.235,W,5
10/8/2018,23:23:23,22.584,N,85.232,W,5
10/8/2018,23:25:23,22.59,N,85.23,W,5
10/8/2018,23:27:23,22.597,N,85.227,W,5
10/8/2018,23:29:24,22.603,N,85.225,W,5
10/8/2018,23:31:24,22.61,N,85.222,W,5
10/8/2018,23:33:24,22.616,N,85.22,W,5
10/8/2018,23:35:24,22.622,N,85.218,W,5
10/8/2018,23:37:23,22.628,N,85.216,W,5
10/8/2018,23:39:23,22.634,N,85.215,W,5
10/8/2018,23:41:23,22.64,N,85.213,W,5
10/8/2018,23:43:23,22.645,N,85.212,W,5
10/8/2018,23:45:24,22.651,N,85.21,W,5
10/8/2018,23:47:24,22.656,N,85.209,W,5
10/8/2018,23:49:24,22.661,N,85.208,W,5
10/8/2018,23:51:23,22.667,N,85.207,W,5
10/8/2018,23:53:23,22.672,N,85.205,W,5
10/8/2018,23:55:23,22.677,N,85.205,W,5
10/8/2018,23:57:23,22.682,N,85.204,W,5
10/8/2018,23:59:24,22.687,N,85.203,W,5
10/9/2018,0:01:24,22.691,N,85.202,W,5
10/9/2018,0:03:24,22.696,N,85.202,W,5
10/9/2018,0:05:24,22.701,N,85.201,W,5
10/9/2018,0:07:23,22.705,N,85.201,W,5
10/9/2018,0:09:23,22.71,N,85.201,W,5
10/9/2018,0:11:23,22.714,N,85.2,W,5
10/9/2018,0:13:23,22.719,N,85.2,W,5
10/9/2018,0:14:56,22.722,N,85.2,W,5
10/9/2018,0:16:56,22.722,N,85.191,W,5
10/9/2018,0:18:56,22.722,N,85.182,W,5
10/9/2018,0:20:55,22.722,N,85.174,W,5
10/9/2018,0:22:55,22.723,N,85.166,W,5
10/9/2018,0:24:55,22.723,N,85.159,W,5
10/9/2018,0:26:56,22.724,N,85.153,W,5
10/9/2018,0:28:56,22.725,N,85.148,W,5
10/9/2018,0:30:56,22.727,N,85.144,W,5
10/9/2018,0:32:56,22.73,N,85.141,W,5
10/9/2018,0:34:55,22.733,N,85.14,W,5
10/9/2018,0:36:55,22.737,N,85.14,W,5
10/9/2018,0:38:55,22.741,N,85.142,W,5
10/9/2018,0:40:55,22.747,N,85.146,W,5
10/9/2018,0:42:56,22.753,N,85.151,W,5
10/9/2018,0:44:56,22.759,N,85.157,W,5
10/9/2018,0:46:56,22.766,N,85.165,W,5
10/9/2018,0:48:56,22.774,N,85.173,W,5
10/9/2018,0:50:55,22.782,N,85.183,W,5
10/9/2018,0:52:55,22.791,N,85.194,W,5
10/9/2018,0:54:55,22.8,N,85.206,W,5
10/9/2018,0:54:57,22.8,N,85.206,W,5
10/9/2018,0:56:57,22.81,N,85.221,W,5
10/9/2018,0:58:57,22.821,N,85.236,W,5
10/9/2018,1:00:57,22.831,N,85.251,W,5
10/9/2018,1:02:58,22.842,N,85.265,W,5
10/9/2018,1:04:58,22.852,N,85.28,W,5
10/9/2018,1:06:58,22.863,N,85.295,W,5
10/9/2018,1:08:58,22.873,N,85.31,W,5
10/9/2018,1:10:57,22.884,N,85.325,W,5
10/9/2018,1:12:57,22.894,N,85.34,W,5
10/9/2018,1:14:03,22.9,N,85.348,W,5
10/9/2018,1:16:03,22.91,N,85.362,W,5
10/9/2018,1:18:03,22.92,N,85.376,W,5
10/9/2018,1:20:04,22.93,N,85.39,W,5
10/9/2018,1:22:04,22.939,N,85.403,W,5
10/9/2018,1:24:04,22.949,N,85.417,W,5
10/9/2018,1:26:03,22.958,N,85.43,W,5
10/9/2018,1:28:03,22.967,N,85.442,W,5
10/9/2018,1:30:03,22.976,N,85.455,W,5
10/9/2018,1:32:03,22.985,N,85.467,W,5
10/9/2018,1:34:04,22.993,N,85.478,W,5
10/9/2018,1:36:04,23.001,N,85.489,W,5
10/9/2018,1:38:04,23.009,N,85.5,W,5
10/9/2018,1:40:04,23.017,N,85.511,W,5
10/9/2018,1:42:03,23.025,N,85.521,W,5
10/9/2018,1:44:03,23.032,N,85.53,W,5
10/9/2018,1:46:03,23.038,N,85.539,W,5
10/9/2018,1:48:03,23.045,N,85.548,W,5
10/9/2018,1:50:04,23.051,N,85.556,W,5
10/9/2018,1:52:04,23.057,N,85.563,W,5
10/9/2018,1:54:04,23.063,N,85.57,W,5
10/9/2018,1:56:03,23.068,N,85.576,W,5
10/9/2018,1:58:03,23.073,N,85.582,W,5
10/9/2018,2:00:03,23.077,N,85.587,W,5
10/9/2018,2:02:03,23.081,N,85.591,W,5
10/9/2018,2:04:04,23.085,N,85.595,W,5
10/9/2018,2:06:04,23.088,N,85.598,W,5
10/9/2018,2:08:04,23.091,N,85.601,W,5
10/9/2018,2:10:04,23.093,N,85.602,W,5
10/9/2018,2:12:03,23.095,N,85.603,W,5
10/9/2018,2:14:03,23.096,N,85.604,W,5
10/9/2018,2:16:03,23.098,N,85.604,W,5
10/9/2018,2:18:03,23.098,N,85.603,W,5
10/9/2018,2:20:04,23.099,N,85.601,W,5
10/9/2018,2:22:04,23.099,N,85.599,W,5
10/9/2018,2:24:04,23.099,N,85.597,W,5
10/9/2018,2:26:03,23.098,N,85.594,W,5
10/9/2018,2:28:03,23.098,N,85.591,W,5
10/9/2018,2:30:03,23.097,N,85.587,W,5
10/9/2018,2:32:03,23.096,N,85.583,W,5
10/9/2018,2:34:04,23.095,N,85.579,W,5
10/9/2018,2:36:04,23.094,N,85.574,W,5
10/9/2018,2:38:04,23.093,N,85.569,W,5
10/9/2018,2:40:04,23.091,N,85.564,W,5
10/9/2018,2:42:03,23.09,N,85.559,W,5
10/9/2018,2:44:03,23.088,N,85.554,W,5
10/9/2018,2:46:03,23.087,N,85.548,W,5
10/9/2018,2:48:03,23.085,N,85.543,W,5
10/9/2018,2:50:04,23.084,N,85.537,W,5
10/9/2018,2:52:04,23.083,N,85.532,W,5
10/9/2018,2:54:04,23.082,N,85.526,W,5
10/9/2018,2:56:03,23.08,N,85.52,W,5
10/9/2018,2:58:03,23.08,N,85.515,W,5
10/9/2018,3:00:03,23.079,N,85.51,W,5
10/9/2018,3:02:03,23.078,N,85.505,W,5
10/9/2018,3:03:29,23.078,N,85.501,W,5
10/9/2018,3:05:28,23.083,N,85.504,W,5
10/9/2018,3:07:28,23.088,N,85.507,W,5
10/9/2018,3:09:28,23.093,N,85.51,W,5
10/9/2018,3:11:28,23.098,N,85.513,W,5
10/9/2018,3:13:29,23.103,N,85.516,W,5
10/9/2018,3:15:29,23.109,N,85.519,W,5
10/9/2018,3:17:29,23.114,N,85.522,W,5
10/9/2018,3:19:29,23.12,N,85.525,W,5
10/9/2018,3:21:28,23.125,N,85.528,W,5
10/9/2018,3:23:28,23.131,N,85.531,W,5
10/9/2018,3:25:28,23.137,N,85.534,W,5
10/9/2018,3:27:29,23.143,N,85.538,W,5
10/9/2018,3:29:29,23.149,N,85.541,W,5
10/9/2018,3:31:29,23.155,N,85.544,W,5
10/9/2018,3:33:29,23.161,N,85.547,W,5
10/9/2018,3:35:28,23.168,N,85.55,W,5
10/9/2018,3:37:28,23.174,N,85.553,W,5
10/9/2018,3:39:28,23.181,N,85.557,W,5
10/9/2018,3:41:28,23.188,N,85.56,W,5
10/9/2018,3:43:29,23.195,N,85.563,W,5
10/9/2018,3:45:29,23.202,N,85.566,W,5
10/9/2018,3:47:29,23.209,N,85.569,W,5
10/9/2018,3:49:29,23.216,N,85.573,W,5
10/9/2018,3:51:28,23.223,N,85.576,W,5
10/9/2018,3:53:28,23.231,N,85.579,W,5
10/9/2018,3:55:28,23.238,N,85.583,W,5
10/9/2018,3:57:29,23.246,N,85.586,W,5
10/9/2018,3:59:29,23.254,N,85.589,W,5
10/9/2018,4:01:29,23.262,N,85.593,W,5
10/9/2018,4:03:29,23.27,N,85.596,W,5
10/9/2018,4:05:28,23.278,N,85.599,W,5
10/9/2018,4:07:28,23.286,N,85.603,W,5
10/9/2018,4:09:28,23.295,N,85.606,W,5
10/9/2018,4:11:28,23.303,N,85.61,W,5
10/9/2018,4:13:29,23.312,N,85.613,W,5
10/9/2018,4:15:29,23.321,N,85.616,W,5
10/9/2018,4:17:29,23.329,N,85.62,W,5
10/9/2018,4:19:29,23.338,N,85.623,W,5
10/9/2018,4:21:28,23.347,N,85.627,W,5
10/9/2018,4:23:28,23.356,N,85.63,W,5
10/9/2018,4:25:28,23.365,N,85.634,W,5
10/9/2018,4:27:29,23.374,N,85.637,W,5
10/9/2018,4:29:29,23.384,N,85.641,W,5
10/9/2018,4:31:29,23.393,N,85.644,W,5
10/9/2018,4:33:29,23.402,N,85.647,W,5
10/9/2018,4:34:55,23.409,N,85.65,W,5
10/9/2018,4:36:55,23.416,N,85.653,W,5
10/9/2018,4:38:55,23.423,N,85.656,W,5
10/9/2018,4:40:55,23.429,N,85.659,W,5
10/9/2018,4:42:56,23.436,N,85.662,W,5
10/9/2018,4:44:56,23.443,N,85.665,W,5
10/9/2018,4:46:56,23.45,N,85.668,W,5
10/9/2018,4:48:56,23.456,N,85.671,W,5
10/9/2018,4:50:55,23.463,N,85.674,W,5
10/9/2018,4:52:55,23.469,N,85.677,W,5
10/9/2018,4:54:55,23.476,N,85.68,W,5
10/9/2018,4:56:56,23.483,N,85.683,W,5
10/9/2018,4:58:56,23.489,N,85.686,W,5
10/9/2018,5:00:56,23.496,N,85.689,W,5
10/9/2018,5:02:56,23.502,N,85.692,W,5
10/9/2018,5:04:55,23.508,N,85.695,W,5
10/9/2018,5:06:55,23.515,N,85.698,W,5
10/9/2018,5:08:55,23.521,N,85.701,W,5
10/9/2018,5:10:55,23.527,N,85.704,W,5
10/9/2018,5:12:56,23.534,N,85.707,W,5
10/9/2018,5:14:56,23.54,N,85.709,W,5
10/9/2018,5:16:56,23.546,N,85.712,W,5
10/9/2018,5:18:56,23.552,N,85.715,W,5
10/9/2018,5:20:55,23.558,N,85.718,W,5
10/9/2018,5:22:55,23.564,N,85.721,W,5
10/9/2018,5:24:55,23.57,N,85.723,W,5
10/9/2018,5:26:56,23.576,N,85.726,W,5
10/9/2018,5:28:56,23.582,N,85.729,W,5
10/9/2018,5:30:56,23.588,N,85.732,W,5
10/9/2018,5:32:56,23.594,N,85.734,W,5
10/9/2018,5:34:55,23.6,N,85.737,W,5
10/9/2018,5:36:55,23.606,N,85.74,W,5
10/9/2018,5:38:55,23.611,N,85.742,W,5
10/9/2018,5:40:55,23.617,N,85.745,W,5
10/9/2018,5:42:56,23.623,N,85.747,W,5
10/9/2018,5:44:56,23.628,N,85.75,W,5
10/9/2018,5:46:56,23.634,N,85.753,W,5
10/9/2018,5:48:56,23.639,N,85.755,W,5
10/9/2018,5:50:55,23.645,N,85.758,W,5
10/9/2018,5:52:55,23.65,N,85.76,W,5
10/9/2018,5:54:55,23.656,N,85.763,W,5
10/9/2018,5:56:56,23.661,N,85.765,W,5
10/9/2018,5:58:56,23.667,N,85.768,W,5
10/9/2018,6:00:56,23.672,N,85.77,W,5
10/9/2018,6:02:56,23.677,N,85.773,W,5
10/9/2018,6:04:55,23.682,N,85.775,W,5
10/9/2018,6:06:55,23.688,N,85.777,W,5
10/9/2018,6:08:55,23.693,N,85.78,W,5
10/9/2018,6:10:55,23.698,N,85.782,W,5
10/9/2018,6:12:56,23.703,N,85.785,W,5
10/9/2018,6:14:56,23.708,N,85.787,W,5
10/9/2018,6:16:56,23.713,N,85.789,W,5
10/9/2018,6:18:56,23.718,N,85.792,W,5
10/9/2018,6:20:55,23.723,N,85.794,W,5
10/9/2018,6:22:55,23.728,N,85.796,W,5
10/9/2018,6:24:55,23.733,N,85.799,W,5
10/9/2018,6:26:56,23.738,N,85.801,W,5
10/9/2018,6:28:56,23.743,N,85.803,W,5
10/9/2018,6:30:56,23.748,N,85.805,W,5
10/9/2018,6:32:56,23.753,N,85.808,W,5
10/9/2018,6:34:55,23.758,N,85.81,W,5
10/9/2018,6:36:55,23.763,N,85.812,W,5
10/9/2018,6:38:55,23.768,N,85.814,W,5
10/9/2018,6:40:55,23.773,N,85.817,W,5
10/9/2018,6:42:56,23.778,N,85.819,W,5
10/9/2018,6:44:56,23.782,N,85.821,W,5
10/9/2018,6:46:56,23.787,N,85.823,W,5
10/9/2018,6:48:56,23.792,N,85.825,W,5
10/9/2018,6:50:55,23.797,N,85.828,W,5
10/9/2018,6:52:55,23.802,N,85.83,W,5
10/9/2018,6:54:55,23.806,N,85.832,W,5
10/9/2018,6:56:56,23.811,N,85.834,W,5
10/9/2018,6:58:56,23.816,N,85.836,W,5
10/9/2018,7:00:56,23.821,N,85.838,W,5
10/9/2018,7:02:56,23.825,N,85.84,W,5
10/9/2018,7:04:55,23.83,N,85.843,W,5
10/9/2018,7:06:55,23.835,N,85.845,W,5
10/9/2018,7:08:55,23.84,N,85.847,W,5
10/9/2018,7:10:55,23.844,N,85.849,W,5
10/9/2018,7:12:56,23.849,N,85.851,W,5
10/9/2018,7:14:56,23.854,N,85.853,W,5
10/9/2018,7:16:56,23.859,N,85.855,W,5
10/9/2018,7:18:56,23.863,N,85.857,W,5
10/9/2018,7:20:55,23.868,N,85.859,W,5
10/9/2018,7:22:55,23.873,N,85.862,W,5
10/9/2018,7:24:55,23.878,N,85.864,W,5
10/9/2018,7:26:56,23.882,N,85.866,W,5
10/9/2018,7:28:56,23.887,N,85.868,W,5
10/9/2018,7:30:56,23.892,N,85.87,W,5
10/9/2018,7:32:56,23.897,N,85.872,W,5
10/9/2018,7:34:55,23.901,N,85.874,W,5
10/9/2018,7:36:55,23.906,N,85.876,W,5
10/9/2018,7:38:55,23.911,N,85.878,W,5
10/9/2018,7:40:55,23.916,N,85.88,W,5
10/9/2018,7:42:56,23.921,N,85.882,W,5
10/9/2018,7:44:56,23.926,N,85.884,W,5
10/9/2018,7:46:56,23.931,N,85.886,W,5
10/9/2018,7:48:56,23.935,N,85.889,W,5
10/9/2018,7:50:55,23.94,N,85.891,W,5
10/9/2018,7:52:55,23.945,N,85.893,W,5
10/9/2018,7:54:55,23.95,N,85.895,W,5
10/9/2018,7:56:56,23.955,N,85.897,W,5
10/9/2018,7:58:56,23.96,N,85.899,W,5
10/9/2018,8:00:56,23.965,N,85.901,W,5
10/9/2018,8:02:56,23.97,N,85.903,W,5
10/9/2018,8:04:55,23.975,N,85.905,W,5
10/9/2018,8:06:55,23.98,N,85.907,W,5
10/9/2018,8:08:55,23.985,N,85.909,W,5
10/9/2018,8:10:55,23.991,N,85.911,W,5
10/9/2018,8:12:56,23.996,N,85.913,W,5
10/9/2018,8:14:56,24.001,N,85.916,W,5
10/9/2018,8:16:56,24.006,N,85.918,W,5
10/9/2018,8:18:56,24.011,N,85.92,W,5
10/9/2018,8:20:55,24.017,N,85.922,W,5
10/9/2018,8:22:55,24.022,N,85.924,W,5
10/9/2018,8:24:55,24.027,N,85.926,W,5
10/9/2018,8:26:56,24.033,N,85.928,W,5
10/9/2018,8:28:56,24.038,N,85.93,W,5
10/9/2018,8:30:56,24.043,N,85.932,W,5
10/9/2018,8:32:56,24.049,N,85.935,W,5
10/9/2018,8:34:55,24.054,N,85.937,W,5
10/9/2018,8:36:55,24.06,N,85.939,W,5
10/9/2018,8:38:55,24.065,N,85.941,W,5
10/9/2018,8:40:55,24.071,N,85.943,W,5
10/9/2018,8:42:56,24.076,N,85.945,W,5
10/9/2018,8:44:56,24.082,N,85.947,W,5
10/9/2018,8:46:56,24.087,N,85.949,W,5
10/9/2018,8:48:56,24.093,N,85.952,W,5
10/9/2018,8:50:55,24.098,N,85.954,W,5
10/9/2018,8:52:55,24.104,N,85.956,W,5
10/9/2018,8:54:55,24.109,N,85.958,W,5
10/9/2018,8:56:56,24.115,N,85.96,W,5
10/9/2018,8:58:56,24.121,N,85.962,W,5
10/9/2018,9:00:56,24.126,N,85.964,W,5
10/9/2018,9:02:56,24.132,N,85.967,W,5
10/9/2018,9:04:55,24.138,N,85.969,W,5
10/9/2018,9:06:55,24.143,N,85.971,W,5
10/9/2018,9:08:55,24.149,N,85.973,W,5
10/9/2018,9:10:55,24.155,N,85.975,W,5
10/9/2018,9:11:38,24.157,N,85.976,W,5
10/9/2018,9:13:38,24.165,N,85.978,W,5
10/9/2018,9:15:37,24.174,N,85.979,W,5
10/9/2018,9:17:37,24.182,N,85.981,W,5
10/9/2018,9:19:37,24.19,N,85.982,W,5
10/9/2018,9:21:37,24.198,N,85.984,W,5
10/9/2018,9:23:38,24.206,N,85.986,W,5
10/9/2018,9:25:38,24.213,N,85.987,W,5
10/9/2018,9:27:38,24.221,N,85.989,W,5
10/9/2018,9:29:37,24.228,N,85.991,W,5
10/9/2018,9:31:37,24.235,N,85.993,W,5
10/9/2018,9:33:37,24.243,N,85.995,W,5
10/9/2018,9:35:37,24.25,N,85.996,W,5
10/9/2018,9:37:38,24.257,N,85.998,W,5
10/9/2018,9:39:38,24.263,N,86,W,5
10/9/2018,9:41:38,24.27,N,86.002,W,5
10/9/2018,9:43:38,24.277,N,86.004,W,5
10/9/2018,9:45:37,24.283,N,86.006,W,5
10/9/2018,9:47:37,24.289,N,86.009,W,5
10/9/2018,9:49:37,24.295,N,86.011,W,5
10/9/2018,9:51:37,24.302,N,86.013,W,5
10/9/2018,9:53:38,24.308,N,86.015,W,5
10/9/2018,9:55:38,24.313,N,86.017,W,5
10/9/2018,9:57:38,24.319,N,86.019,W,5
10/9/2018,9:59:37,24.325,N,86.022,W,5
10/9/2018,10:01:37,24.331,N,86.024,W,5
10/9/2018,10:03:37,24.336,N,86.026,W,5
10/9/2018,10:05:37,24.341,N,86.029,W,5
10/9/2018,10:07:38,24.347,N,86.031,W,5
10/9/2018,10:09:38,24.352,N,86.034,W,5
10/9/2018,10:11:38,24.357,N,86.036,W,5
10/9/2018,10:13:38,24.362,N,86.038,W,5
10/9/2018,10:15:37,24.367,N,86.041,W,5
10/9/2018,10:17:37,24.372,N,86.043,W,5
10/9/2018,10:19:37,24.377,N,86.046,W,5
10/9/2018,10:21:37,24.382,N,86.048,W,5
10/9/2018,10:23:38,24.386,N,86.051,W,5
10/9/2018,10:25:38,24.391,N,86.054,W,5
10/9/2018,10:27:38,24.395,N,86.056,W,5
10/9/2018,10:29:37,24.4,N,86.059,W,5
10/9/2018,10:31:37,24.404,N,86.061,W,5
10/9/2018,10:33:37,24.408,N,86.064,W,5
10/9/2018,10:35:37,24.413,N,86.067,W,5
10/9/2018,10:37:38,24.417,N,86.07,W,5
10/9/2018,10:39:38,24.421,N,86.072,W,5
10/9/2018,10:40:10,24.422,N,86.073,W,5
10/9/2018,10:42:10,24.426,N,86.076,W,5
10/9/2018,10:44:09,24.43,N,86.079,W,5
10/9/2018,10:46:09,24.434,N,86.083,W,5
10/9/2018,10:48:09,24.438,N,86.086,W,5
10/9/2018,10:50:10,24.442,N,86.089,W,5
10/9/2018,10:52:10,24.446,N,86.092,W,5
10/9/2018,10:54:10,24.45,N,86.096,W,5
10/9/2018,10:56:10,24.453,N,86.099,W,5
10/9/2018,10:58:09,24.457,N,86.102,W,5
10/9/2018,11:00:09,24.46,N,86.106,W,5
10/9/2018,11:02:09,24.464,N,86.109,W,5
10/9/2018,11:04:09,24.467,N,86.112,W,5
10/9/2018,11:06:10,24.471,N,86.115,W,5
10/9/2018,11:08:10,24.474,N,86.119,W,5
10/9/2018,11:10:10,24.477,N,86.122,W,5
10/9/2018,11:12:10,24.481,N,86.125,W,5
10/9/2018,11:14:09,24.484,N,86.128,W,5
10/9/2018,11:16:09,24.487,N,86.131,W,5
10/9/2018,11:18:09,24.49,N,86.134,W,5
10/9/2018,11:20:10,24.494,N,86.137,W,5
10/9/2018,11:22:10,24.497,N,86.14,W,5
10/9/2018,11:24:10,24.5,N,86.142,W,5
10/9/2018,11:26:10,24.503,N,86.145,W,5
10/9/2018,11:28:09,24.506,N,86.148,W,5
10/9/2018,11:30:09,24.51,N,86.15,W,5
10/9/2018,11:32:09,24.513,N,86.152,W,5
10/9/2018,11:34:09,24.516,N,86.155,W,5
10/9/2018,11:36:10,24.519,N,86.157,W,5
10/9/2018,11:38:10,24.523,N,86.159,W,5
10/9/2018,11:40:10,24.526,N,86.161,W,5
10/9/2018,11:41:26,24.528,N,86.162,W,5
10/9/2018,11:43:25,24.532,N,86.163,W,5
10/9/2018,11:45:25,24.535,N,86.164,W,5
10/9/2018,11:47:25,24.539,N,86.165,W,5
10/9/2018,11:49:26,24.542,N,86.166,W,5
10/9/2018,11:51:26,24.546,N,86.166,W,5
10/9/2018,11:53:26,24.549,N,86.166,W,5
10/9/2018,11:55:26,24.553,N,86.166,W,5
10/9/2018,11:57:25,24.556,N,86.166,W,5
10/9/2018,11:59:25,24.56,N,86.166,W,5
10/9/2018,12:01:25,24.564,N,86.165,W,5
10/9/2018,12:03:25,24.567,N,86.165,W,5
10/9/2018,12:05:26,24.571,N,86.164,W,5
10/9/2018,12:07:26,24.575,N,86.163,W,5
10/9/2018,12:09:26,24.578,N,86.161,W,5
10/9/2018,12:11:26,24.582,N,86.16,W,5
10/9/2018,12:13:25,24.586,N,86.159,W,5
10/9/2018,12:15:25,24.59,N,86.157,W,5
10/9/2018,12:17:25,24.593,N,86.156,W,5
10/9/2018,12:19:26,24.597,N,86.154,W,5
10/9/2018,12:21:26,24.601,N,86.152,W,5
10/9/2018,12:23:26,24.605,N,86.151,W,5
10/9/2018,12:25:26,24.609,N,86.149,W,5
10/9/2018,12:27:25,24.613,N,86.147,W,5
10/9/2018,12:29:25,24.617,N,86.145,W,5
10/9/2018,12:31:25,24.621,N,86.143,W,5
10/9/2018,12:33:25,24.625,N,86.141,W,5
10/9/2018,12:35:26,24.63,N,86.139,W,5
10/9/2018,12:37:26,24.634,N,86.138,W,5
10/9/2018,12:39:26,24.638,N,86.136,W,5
10/9/2018,12:41:26,24.643,N,86.134,W,5
10/9/2018,12:43:25,24.647,N,86.132,W,5
10/9/2018,12:45:25,24.652,N,86.131,W,5
10/9/2018,12:47:25,24.656,N,86.129,W,5
10/9/2018,12:49:26,24.661,N,86.127,W,5
10/9/2018,12:51:26,24.666,N,86.126,W,5
10/9/2018,12:53:26,24.671,N,86.125,W,5
10/9/2018,12:55:26,24.676,N,86.123,W,5
10/9/2018,12:57:25,24.681,N,86.122,W,5
10/9/2018,12:59:25,24.686,N,86.122,W,5
10/9/2018,13:01:25,24.691,N,86.121,W,5
10/9/2018,13:03:25,24.696,N,86.12,W,5
10/9/2018,13:05:26,24.702,N,86.12,W,5
10/9/2018,13:07:26,24.707,N,86.12,W,5
10/9/2018,13:09:26,24.713,N,86.119,W,5
10/9/2018,13:11:26,24.718,N,86.12,W,5
10/9/2018,13:13:23,24.724,N,86.12,W,5
10/9/2018,13:15:24,24.73,N,86.121,W,5
10/9/2018,13:17:24,24.736,N,86.123,W,5
10/9/2018,13:19:24,24.742,N,86.124,W,5
10/9/2018,13:21:23,24.748,N,86.126,W,5
10/9/2018,13:23:23,24.755,N,86.128,W,5
10/9/2018,13:25:23,24.761,N,86.13,W,5
10/9/2018,13:27:23,24.767,N,86.132,W,5
10/9/2018,13:29:24,24.774,N,86.134,W,5
10/9/2018,13:31:24,24.781,N,86.137,W,5
10/9/2018,13:33:24,24.788,N,86.139,W,5
10/9/2018,13:35:24,24.794,N,86.142,W,5
10/9/2018,13:37:23,24.801,N,86.145,W,5
10/9/2018,13:39:23,24.808,N,86.148,W,5
10/9/2018,13:41:23,24.815,N,86.151,W,5
10/9/2018,13:43:23,24.823,N,86.154,W,5
10/9/2018,13:45:24,24.83,N,86.157,W,5
10/9/2018,13:47:24,24.837,N,86.16,W,5
10/9/2018,13:49:24,24.844,N,86.163,W,5
10/9/2018,13:51:23,24.852,N,86.167,W,5
10/9/2018,13:53:23,24.859,N,86.17,W,5
10/9/2018,13:55:23,24.866,N,86.173,W,5
10/9/2018,13:57:23,24.874,N,86.177,W,5
10/9/2018,13:59:24,24.881,N,86.181,W,5
10/9/2018,14:01:24,24.889,N,86.184,W,5
10/9/2018,14:03:24,24.896,N,86.188,W,5
10/9/2018,14:05:24,24.903,N,86.191,W,5
10/9/2018,14:07:23,24.911,N,86.195,W,5
10/9/2018,14:09:23,24.918,N,86.199,W,5
10/9/2018,14:11:23,24.926,N,86.203,W,5
10/9/2018,14:13:23,24.933,N,86.206,W,5
10/9/2018,14:15:24,24.941,N,86.21,W,5
10/9/2018,14:17:24,24.948,N,86.214,W,5
10/9/2018,14:19:24,24.955,N,86.217,W,5
10/9/2018,14:21:23,24.963,N,86.221,W,5
10/9/2018,14:23:23,24.97,N,86.225,W,5
10/9/2018,14:25:23,24.977,N,86.229,W,5
10/9/2018,14:26:13,24.98,N,86.23,W,5
10/9/2018,14:28:13,24.986,N,86.233,W,5
10/9/2018,14:30:13,24.993,N,86.235,W,5
10/9/2018,14:32:14,24.999,N,86.238,W,5
10/9/2018,14:34:14,25.005,N,86.24,W,5
10/9/2018,14:36:14,25.012,N,86.242,W,5
10/9/2018,14:38:14,25.018,N,86.245,W,5
10/9/2018,14:40:13,25.024,N,86.247,W,5
10/9/2018,14:42:13,25.03,N,86.249,W,5
10/9/2018,14:44:13,25.036,N,86.252,W,5
10/9/2018,14:46:14,25.042,N,86.254,W,5
10/9/2018,14:48:14,25.048,N,86.256,W,5
10/9/2018,14:50:14,25.053,N,86.258,W,5
10/9/2018,14:52:14,25.059,N,86.26,W,5
10/9/2018,14:54:13,25.065,N,86.262,W,5
10/9/2018,14:56:13,25.07,N,86.264,W,5
10/9/2018,14:58:13,25.076,N,86.266,W,5
10/9/2018,15:00:13,25.081,N,86.268,W,5
10/9/2018,15:02:14,25.087,N,86.269,W,5
10/9/2018,15:04:14,25.092,N,86.271,W,5
10/9/2018,15:06:14,25.097,N,86.273,W,5
10/9/2018,15:08:14,25.103,N,86.275,W,5
10/9/2018,15:10:13,25.108,N,86.276,W,5
10/9/2018,15:12:13,25.113,N,86.278,W,5
10/9/2018,15:14:13,25.118,N,86.279,W,5
10/9/2018,15:16:14,25.123,N,86.28,W,5
10/9/2018,15:18:14,25.127,N,86.282,W,5
10/9/2018,15:20:14,25.132,N,86.283,W,5
10/9/2018,15:22:14,25.137,N,86.284,W,5
10/9/2018,15:24:13,25.141,N,86.285,W,5
10/9/2018,15:26:13,25.146,N,86.286,W,5
10/9/2018,15:28:13,25.15,N,86.287,W,5
10/9/2018,15:30:13,25.154,N,86.288,W,5
10/9/2018,15:32:14,25.158,N,86.289,W,5
10/9/2018,15:34:14,25.162,N,86.29,W,5
10/9/2018,15:36:14,25.166,N,86.291,W,5
10/9/2018,15:38:14,25.17,N,86.291,W,5
10/9/2018,15:40:13,25.174,N,86.292,W,5
10/9/2018,15:42:13,25.178,N,86.292,W,5
10/9/2018,15:44:13,25.181,N,86.293,W,5
10/9/2018,15:46:14,25.185,N,86.293,W,5
10/9/2018,15:48:14,25.188,N,86.293,W,5
10/9/2018,15:50:14,25.192,N,86.294,W,5
10/9/2018,15:52:14,25.195,N,86.294,W,5
10/9/2018,15:54:13,25.198,N,86.294,W,5
10/9/2018,15:56:13,25.201,N,86.294,W,5
10/9/2018,15:58:13,25.204,N,86.294,W,5
10/9/2018,16:00:14,25.207,N,86.294,W,5
10/9/2018,16:02:14,25.21,N,86.294,W,5
10/9/2018,16:04:14,25.213,N,86.294,W,5
10/9/2018,16:06:14,25.216,N,86.293,W,5
10/9/2018,16:08:14,25.219,N,86.293,W,5
10/9/2018,16:10:13,25.221,N,86.293,W,5
10/9/2018,16:12:13,25.224,N,86.293,W,5
10/9/2018,16:14:13,25.227,N,86.292,W,5
10/9/2018,16:16:13,25.229,N,86.292,W,5
10/9/2018,16:18:13,25.232,N,86.291,W,5
10/9/2018,16:20:13,25.234,N,86.291,W,5
10/9/2018,16:22:13,25.237,N,86.29,W,5
10/9/2018,16:24:14,25.239,N,86.29,W,5
10/9/2018,16:26:14,25.242,N,86.289,W,5
10/9/2018,16:28:14,25.244,N,86.288,W,5
10/9/2018,16:30:14,25.247,N,86.288,W,5
10/9/2018,16:32:14,25.249,N,86.287,W,5
10/9/2018,16:34:14,25.251,N,86.286,W,5
10/9/2018,16:36:14,25.254,N,86.286,W,5
10/9/2018,16:38:14,25.256,N,86.285,W,5
10/9/2018,16:38:18,25.256,N,86.285,W,5
10/9/2018,16:40:18,25.262,N,86.286,W,5
10/9/2018,16:42:18,25.267,N,86.286,W,5
10/9/2018,16:44:18,25.273,N,86.287,W,5
10/9/2018,16:46:18,25.279,N,86.288,W,5
10/9/2018,16:48:18,25.285,N,86.289,W,5
10/9/2018,16:50:17,25.29,N,86.289,W,5
10/9/2018,16:52:17,25.296,N,86.29,W,5
10/9/2018,16:54:17,25.302,N,86.291,W,5
10/9/2018,16:56:17,25.309,N,86.291,W,5
10/9/2018,16:58:17,25.315,N,86.292,W,5
10/9/2018,17:00:17,25.321,N,86.293,W,5
10/9/2018,17:02:17,25.327,N,86.293,W,5
10/9/2018,17:04:17,25.334,N,86.294,W,5
10/9/2018,17:06:18,25.34,N,86.295,W,5
10/9/2018,17:08:18,25.346,N,86.295,W,5
10/9/2018,17:10:18,25.353,N,86.296,W,5
10/9/2018,17:12:18,25.359,N,86.297,W,5
10/9/2018,17:14:18,25.366,N,86.297,W,5
10/9/2018,17:16:18,25.373,N,86.298,W,5
10/9/2018,17:18:18,25.379,N,86.298,W,5
10/9/2018,17:20:17,25.386,N,86.299,W,5
10/9/2018,17:22:17,25.393,N,86.3,W,5
10/9/2018,17:24:17,25.399,N,86.3,W,5
10/9/2018,17:26:17,25.406,N,86.301,W,5
10/9/2018,17:28:17,25.413,N,86.302,W,5
10/9/2018,17:30:17,25.42,N,86.302,W,5
10/9/2018,17:32:17,25.427,N,86.303,W,5
10/9/2018,17:34:17,25.434,N,86.304,W,5
10/9/2018,17:36:18,25.441,N,86.304,W,5
10/9/2018,17:38:18,25.448,N,86.305,W,5
10/9/2018,17:40:18,25.455,N,86.306,W,5
10/9/2018,17:42:18,25.462,N,86.306,W,5
10/9/2018,17:44:18,25.469,N,86.307,W,5
10/9/2018,17:46:18,25.476,N,86.308,W,5
10/9/2018,17:48:18,25.483,N,86.309,W,5
10/9/2018,17:50:17,25.491,N,86.309,W,5
10/9/2018,17:52:17,25.498,N,86.31,W,5
10/9/2018,17:54:17,25.505,N,86.311,W,5
10/9/2018,17:56:17,25.512,N,86.311,W,5
10/9/2018,17:58:17,25.519,N,86.312,W,5
10/9/2018,18:00:17,25.527,N,86.313,W,5
10/9/2018,18:02:17,25.534,N,86.314,W,5
10/9/2018,18:04:17,25.541,N,86.314,W,5
10/9/2018,18:06:18,25.548,N,86.315,W,5
10/9/2018,18:08:18,25.556,N,86.316,W,5
10/9/2018,18:10:18,25.563,N,86.317,W,5
10/9/2018,18:12:18,25.57,N,86.318,W,5
10/9/2018,18:14:18,25.577,N,86.318,W,5
10/9/2018,18:16:18,25.585,N,86.319,W,5
10/9/2018,18:18:18,25.592,N,86.32,W,5
10/9/2018,18:20:17,25.599,N,86.321,W,5
10/9/2018,18:22:17,25.606,N,86.322,W,5
10/9/2018,18:24:17,25.614,N,86.323,W,5
10/9/2018,18:26:17,25.621,N,86.324,W,5
10/9/2018,18:28:17,25.628,N,86.324,W,5
10/9/2018,18:30:17,25.635,N,86.325,W,5
10/9/2018,18:32:17,25.642,N,86.326,W,5
10/9/2018,18:34:17,25.65,N,86.327,W,5
10/9/2018,18:36:18,25.657,N,86.328,W,5
10/9/2018,18:38:18,25.664,N,86.329,W,5
10/9/2018,18:40:18,25.671,N,86.33,W,5
10/9/2018,18:42:18,25.678,N,86.331,W,5
10/9/2018,18:44:18,25.685,N,86.332,W,5
10/9/2018,18:46:18,25.692,N,86.333,W,5
10/9/2018,18:48:18,25.699,N,86.334,W,5
10/9/2018,18:50:17,25.706,N,86.335,W,5
10/9/2018,18:52:17,25.713,N,86.336,W,5
10/9/2018,18:54:17,25.72,N,86.338,W,5
10/9/2018,18:56:17,25.727,N,86.339,W,5
10/9/2018,18:58:17,25.734,N,86.34,W,5
10/9/2018,19:00:17,25.741,N,86.341,W,5
10/9/2018,19:02:17,25.748,N,86.342,W,5
10/9/2018,19:04:17,25.754,N,86.343,W,5
10/9/2018,19:06:18,25.761,N,86.345,W,5
10/9/2018,19:08:18,25.768,N,86.346,W,5
10/9/2018,19:10:18,25.774,N,86.347,W,5
10/9/2018,19:12:18,25.781,N,86.349,W,5
10/9/2018,19:14:18,25.788,N,86.35,W,5
10/9/2018,19:16:18,25.794,N,86.351,W,5
10/9/2018,19:18:18,25.801,N,86.353,W,5
10/9/2018,19:20:17,25.807,N,86.354,W,5
10/9/2018,19:22:17,25.813,N,86.355,W,5
10/9/2018,19:24:17,25.82,N,86.357,W,5
10/9/2018,19:26:17,25.826,N,86.358,W,5
10/9/2018,19:28:17,25.832,N,86.36,W,5
10/9/2018,19:30:17,25.839,N,86.361,W,5
10/9/2018,19:32:17,25.845,N,86.363,W,5
10/9/2018,19:34:17,25.851,N,86.364,W,5
10/9/2018,19:36:18,25.857,N,86.366,W,5
10/9/2018,19:38:18,25.863,N,86.367,W,5
10/9/2018,19:40:18,25.869,N,86.369,W,5
10/9/2018,19:42:18,25.875,N,86.371,W,5
10/9/2018,19:44:18,25.881,N,86.372,W,5
10/9/2018,19:46:18,25.887,N,86.374,W,5
10/9/2018,19:48:18,25.893,N,86.375,W,5
10/9/2018,19:50:17,25.899,N,86.377,W,5
10/9/2018,19:52:17,25.905,N,86.379,W,5
10/9/2018,19:54:17,25.911,N,86.381,W,5
10/9/2018,19:56:17,25.917,N,86.382,W,5
10/9/2018,19:58:17,25.922,N,86.384,W,5
10/9/2018,20:00:17,25.928,N,86.386,W,5
10/9/2018,20:02:17,25.934,N,86.387,W,5
10/9/2018,20:04:17,25.94,N,86.389,W,5
10/9/2018,20:06:18,25.945,N,86.391,W,5
10/9/2018,20:08:18,25.951,N,86.393,W,5
10/9/2018,20:10:18,25.957,N,86.395,W,5
10/9/2018,20:12:18,25.962,N,86.396,W,5
10/9/2018,20:14:18,25.968,N,86.398,W,5
10/9/2018,20:16:18,25.973,N,86.4,W,5
10/9/2018,20:18:18,25.979,N,86.402,W,5
10/9/2018,20:20:17,25.984,N,86.404,W,5
10/9/2018,20:22:17,25.99,N,86.406,W,5
10/9/2018,20:24:17,25.995,N,86.408,W,5
10/9/2018,20:26:17,26.001,N,86.409,W,5
10/9/2018,20:28:17,26.006,N,86.411,W,5
10/9/2018,20:30:02,26.011,N,86.413,W,5
10/9/2018,20:32:02,26.013,N,86.417,W,5
10/9/2018,20:34:02,26.016,N,86.421,W,5
10/9/2018,20:36:01,26.019,N,86.424,W,5
10/9/2018,20:38:01,26.022,N,86.427,W,5
10/9/2018,20:40:01,26.025,N,86.431,W,5
10/9/2018,20:42:01,26.029,N,86.434,W,5
10/9/2018,20:44:01,26.033,N,86.437,W,5
10/9/2018,20:46:01,26.037,N,86.439,W,5
10/9/2018,20:48:01,26.041,N,86.442,W,5
10/9/2018,20:50:01,26.045,N,86.445,W,5
10/9/2018,20:52:02,26.05,N,86.447,W,5
10/9/2018,20:54:02,26.055,N,86.449,W,5
10/9/2018,20:56:02,26.06,N,86.451,W,5
10/9/2018,20:58:02,26.065,N,86.453,W,5
10/9/2018,21:00:02,26.07,N,86.455,W,5
10/9/2018,21:02:02,26.076,N,86.457,W,5
10/9/2018,21:04:02,26.082,N,86.459,W,5
10/9/2018,21:06:01,26.088,N,86.46,W,5
10/9/2018,21:08:01,26.094,N,86.462,W,5
10/9/2018,21:10:01,26.1,N,86.463,W,5
10/9/2018,21:12:01,26.106,N,86.465,W,5
10/9/2018,21:14:01,26.113,N,86.466,W,5
10/9/2018,21:16:01,26.119,N,86.467,W,5
10/9/2018,21:18:01,26.126,N,86.468,W,5
10/9/2018,21:20:01,26.133,N,86.469,W,5
10/9/2018,21:22:02,26.14,N,86.47,W,5
10/9/2018,21:24:02,26.147,N,86.47,W,5
10/9/2018,21:26:02,26.155,N,86.471,W,5
10/9/2018,21:28:02,26.162,N,86.472,W,5
10/9/2018,21:28:49,26.165,N,86.472,W,5
10/9/2018,21:30:48,26.173,N,86.473,W,5
10/9/2018,21:32:48,26.18,N,86.473,W,5
10/9/2018,21:34:48,26.188,N,86.474,W,5
10/9/2018,21:36:48,26.196,N,86.474,W,5
10/9/2018,21:38:48,26.204,N,86.475,W,5
10/9/2018,21:40:48,26.213,N,86.475,W,5
10/9/2018,21:42:48,26.221,N,86.475,W,5
10/9/2018,21:44:49,26.229,N,86.475,W,5
10/9/2018,21:46:49,26.238,N,86.475,W,5
10/9/2018,21:48:49,26.246,N,86.475,W,5
10/9/2018,21:50:49,26.255,N,86.475,W,5
10/9/2018,21:52:49,26.263,N,86.475,W,5
10/9/2018,21:54:49,26.272,N,86.475,W,5
10/9/2018,21:56:49,26.28,N,86.475,W,5
10/9/2018,21:58:49,26.289,N,86.475,W,5
10/9/2018,22:00:48,26.297,N,86.475,W,5
10/9/2018,22:02:48,26.306,N,86.475,W,5
10/9/2018,22:04:48,26.314,N,86.474,W,5
10/9/2018,22:06:48,26.322,N,86.474,W,5
10/9/2018,22:08:48,26.33,N,86.474,W,5
10/9/2018,22:10:48,26.338,N,86.474,W,5
10/9/2018,22:10:50,26.338,N,86.474,W,5
10/9/2018,22:12:50,26.345,N,86.474,W,5
10/9/2018,22:14:50,26.353,N,86.473,W,5
10/9/2018,22:16:50,26.36,N,86.473,W,5
10/9/2018,22:18:50,26.367,N,86.472,W,5
10/9/2018,22:20:51,26.374,N,86.472,W,5
10/9/2018,22:22:51,26.38,N,86.471,W,5
10/9/2018,22:24:51,26.387,N,86.471,W,5
10/9/2018,22:26:51,26.394,N,86.47,W,5
10/9/2018,22:28:51,26.4,N,86.47,W,5
10/9/2018,22:30:51,26.407,N,86.47,W,5
10/9/2018,22:32:51,26.413,N,86.469,W,5
10/9/2018,22:34:51,26.419,N,86.469,W,5
10/9/2018,22:36:50,26.425,N,86.469,W,5
10/9/2018,22:38:50,26.432,N,86.469,W,5
10/9/2018,22:40:50,26.438,N,86.469,W,5
10/9/2018,22:42:50,26.444,N,86.469,W,5
10/9/2018,22:44:50,26.449,N,86.469,W,5
10/9/2018,22:46:50,26.455,N,86.469,W,5
10/9/2018,22:48:50,26.461,N,86.47,W,5
10/9/2018,22:50:51,26.467,N,86.47,W,5
10/9/2018,22:52:51,26.472,N,86.471,W,5
10/9/2018,22:54:51,26.478,N,86.472,W,5
10/9/2018,22:56:51,26.484,N,86.473,W,5
10/9/2018,22:58:51,26.489,N,86.474,W,5
10/9/2018,23:00:51,26.495,N,86.476,W,5
10/9/2018,23:02:51,26.5,N,86.477,W,5
10/9/2018,23:04:51,26.505,N,86.479,W,5
10/9/2018,23:06:50,26.511,N,86.481,W,5
10/9/2018,23:07:22,26.512,N,86.481,W,5
10/9/2018,23:09:22,26.517,N,86.484,W,5
10/9/2018,23:11:22,26.522,N,86.486,W,5
10/9/2018,23:13:22,26.528,N,86.489,W,5
10/9/2018,23:15:22,26.533,N,86.492,W,5
10/9/2018,23:17:21,26.538,N,86.494,W,5
10/9/2018,23:19:21,26.543,N,86.497,W,5
10/9/2018,23:21:21,26.548,N,86.5,W,5
10/9/2018,23:23:21,26.553,N,86.502,W,5
10/9/2018,23:25:21,26.558,N,86.505,W,5
10/9/2018,23:27:21,26.563,N,86.507,W,5
10/9/2018,23:29:21,26.569,N,86.509,W,5
10/9/2018,23:31:22,26.574,N,86.511,W,5
10/9/2018,23:33:22,26.579,N,86.513,W,5
10/9/2018,23:35:22,26.584,N,86.515,W,5
10/9/2018,23:35:47,26.585,N,86.515,W,5
10/9/2018,23:37:47,26.59,N,86.517,W,5
10/9/2018,23:39:46,26.595,N,86.518,W,5
10/9/2018,23:41:46,26.601,N,86.52,W,5
10/9/2018,23:43:46,26.606,N,86.521,W,5
10/9/2018,23:45:46,26.611,N,86.523,W,5
10/9/2018,23:47:46,26.616,N,86.524,W,5
10/9/2018,23:49:46,26.621,N,86.525,W,5
10/9/2018,23:51:46,26.627,N,86.525,W,5
10/9/2018,23:53:46,26.632,N,86.526,W,5
10/9/2018,23:55:47,26.637,N,86.526,W,5
10/9/2018,23:57:47,26.643,N,86.526,W,5
10/9/2018,23:59:47,26.648,N,86.526,W,5
10/10/2018,0:01:47,26.653,N,86.526,W,5
10/10/2018,0:03:47,26.659,N,86.526,W,5
10/10/2018,0:05:47,26.664,N,86.525,W,5
10/10/2018,0:07:47,26.669,N,86.524,W,5
10/10/2018,0:09:46,26.675,N,86.523,W,5
10/10/2018,0:11:46,26.68,N,86.521,W,5
10/10/2018,0:13:46,26.685,N,86.52,W,5
10/10/2018,0:15:26,26.69,N,86.518,W,5
10/10/2018,0:17:26,26.695,N,86.518,W,5
10/10/2018,0:19:26,26.701,N,86.518,W,5
10/10/2018,0:21:26,26.707,N,86.518,W,5
10/10/2018,0:23:26,26.712,N,86.518,W,5
10/10/2018,0:25:26,26.718,N,86.519,W,5
10/10/2018,0:27:26,26.723,N,86.519,W,5
10/10/2018,0:29:27,26.729,N,86.519,W,5
10/10/2018,0:31:27,26.735,N,86.519,W,5
10/10/2018,0:33:27,26.74,N,86.519,W,5
10/10/2018,0:35:27,26.746,N,86.519,W,5
10/10/2018,0:37:27,26.752,N,86.519,W,5
10/10/2018,0:39:27,26.758,N,86.519,W,5
10/10/2018,0:41:27,26.764,N,86.519,W,5
10/10/2018,0:43:27,26.77,N,86.519,W,5
10/10/2018,0:45:26,26.776,N,86.519,W,5
10/10/2018,0:47:26,26.782,N,86.519,W,5
10/10/2018,0:49:26,26.788,N,86.519,W,5
10/10/2018,0:51:26,26.794,N,86.519,W,5
10/10/2018,0:53:26,26.8,N,86.519,W,5
10/10/2018,0:55:26,26.806,N,86.519,W,5
10/10/2018,0:57:26,26.812,N,86.519,W,5
10/10/2018,0:59:27,26.819,N,86.519,W,5
10/10/2018,1:01:27,26.825,N,86.519,W,5
10/10/2018,1:03:27,26.831,N,86.519,W,5
10/10/2018,1:05:27,26.838,N,86.519,W,5
10/10/2018,1:07:27,26.844,N,86.519,W,5
10/10/2018,1:09:27,26.851,N,86.519,W,5
10/10/2018,1:11:27,26.857,N,86.519,W,5
10/10/2018,1:13:27,26.864,N,86.519,W,5
10/10/2018,1:15:26,26.871,N,86.519,W,5
10/10/2018,1:17:26,26.877,N,86.519,W,5
10/10/2018,1:19:26,26.884,N,86.519,W,5
10/10/2018,1:21:26,26.891,N,86.519,W,5
10/10/2018,1:23:26,26.897,N,86.519,W,5
10/10/2018,1:25:26,26.904,N,86.519,W,5
10/10/2018,1:27:26,26.911,N,86.519,W,5
10/10/2018,1:29:27,26.918,N,86.519,W,5
10/10/2018,1:31:27,26.924,N,86.519,W,5
10/10/2018,1:33:27,26.931,N,86.519,W,5
10/10/2018,1:35:27,26.938,N,86.519,W,5
10/10/2018,1:37:27,26.945,N,86.519,W,5
10/10/2018,1:39:27,26.952,N,86.519,W,5
10/10/2018,1:41:27,26.958,N,86.519,W,5
10/10/2018,1:43:27,26.965,N,86.519,W,5
10/10/2018,1:45:26,26.972,N,86.52,W,5
10/10/2018,1:47:26,26.979,N,86.52,W,5
10/10/2018,1:49:26,26.985,N,86.52,W,5
10/10/2018,1:51:26,26.992,N,86.52,W,5
10/10/2018,1:53:26,26.999,N,86.521,W,5
10/10/2018,1:55:26,27.005,N,86.521,W,5
10/10/2018,1:57:26,27.012,N,86.521,W,5
10/10/2018,1:59:27,27.018,N,86.522,W,5
10/10/2018,2:01:27,27.025,N,86.522,W,5
10/10/2018,2:03:27,27.032,N,86.523,W,5
10/10/2018,2:05:27,27.038,N,86.523,W,5
10/10/2018,2:07:27,27.044,N,86.524,W,5
10/10/2018,2:09:27,27.051,N,86.525,W,5
10/10/2018,2:10:28,27.054,N,86.525,W,5
10/10/2018,2:12:28,27.05,N,86.531,W,5
10/10/2018,2:14:28,27.046,N,86.538,W,5
10/10/2018,2:16:28,27.042,N,86.544,W,5
10/10/2018,2:18:27,27.039,N,86.55,W,5
10/10/2018,2:20:27,27.036,N,86.556,W,5
10/10/2018,2:22:27,27.032,N,86.562,W,5
10/10/2018,2:24:27,27.03,N,86.568,W,5
10/10/2018,2:26:27,27.027,N,86.574,W,5
10/10/2018,2:28:27,27.025,N,86.58,W,5
10/10/2018,2:30:27,27.023,N,86.585,W,5
10/10/2018,2:32:28,27.021,N,86.59,W,5
10/10/2018,2:34:28,27.021,N,86.595,W,5
10/10/2018,2:36:28,27.02,N,86.6,W,5
10/10/2018,2:38:28,27.02,N,86.604,W,5
10/10/2018,2:40:28,27.021,N,86.609,W,5
10/10/2018,2:42:28,27.022,N,86.612,W,5
10/10/2018,2:44:28,27.024,N,86.616,W,5
10/10/2018,2:46:28,27.026,N,86.619,W,5
10/10/2018,2:48:27,27.029,N,86.622,W,5
10/10/2018,2:50:27,27.033,N,86.624,W,5
10/10/2018,2:52:27,27.037,N,86.627,W,5
10/10/2018,2:54:27,27.042,N,86.628,W,5
10/10/2018,2:56:27,27.048,N,86.63,W,5
10/10/2018,2:58:27,27.054,N,86.631,W,5
10/10/2018,3:00:27,27.06,N,86.632,W,5
10/10/2018,3:02:28,27.067,N,86.633,W,5
10/10/2018,3:04:28,27.075,N,86.634,W,5
10/10/2018,3:06:28,27.083,N,86.634,W,5
10/10/2018,3:08:28,27.091,N,86.634,W,5
10/10/2018,3:10:28,27.1,N,86.634,W,5
10/10/2018,3:12:28,27.11,N,86.633,W,5
10/10/2018,3:14:28,27.12,N,86.632,W,5
10/10/2018,3:16:28,27.13,N,86.632,W,5
10/10/2018,3:18:27,27.14,N,86.63,W,5
10/10/2018,3:20:27,27.151,N,86.629,W,5
10/10/2018,3:22:27,27.162,N,86.628,W,5
10/10/2018,3:24:27,27.174,N,86.626,W,5
10/10/2018,3:26:27,27.186,N,86.624,W,5
10/10/2018,3:28:27,27.198,N,86.623,W,5
10/10/2018,3:30:27,27.21,N,86.62,W,5
10/10/2018,3:32:28,27.223,N,86.618,W,5
10/10/2018,3:34:28,27.236,N,86.616,W,5
10/10/2018,3:36:28,27.249,N,86.614,W,5
10/10/2018,3:38:28,27.262,N,86.611,W,5
10/10/2018,3:40:28,27.275,N,86.609,W,5
10/10/2018,3:42:28,27.289,N,86.606,W,5
10/10/2018,3:43:48,27.298,N,86.604,W,5
10/10/2018,3:45:48,27.312,N,86.601,W,5
10/10/2018,3:47:48,27.326,N,86.598,W,5
10/10/2018,3:49:48,27.34,N,86.596,W,5
10/10/2018,3:51:48,27.354,N,86.593,W,5
10/10/2018,3:53:48,27.368,N,86.59,W,5
10/10/2018,3:55:48,27.382,N,86.587,W,5
10/10/2018,3:57:47,27.396,N,86.584,W,5
10/10/2018,3:58:10,27.399,N,86.583,W,5
10/10/2018,4:00:10,27.413,N,86.58,W,5
10/10/2018,4:02:11,27.426,N,86.577,W,5
10/10/2018,4:04:11,27.44,N,86.575,W,5
10/10/2018,4:06:11,27.453,N,86.572,W,5
10/10/2018,4:08:11,27.466,N,86.57,W,5
10/10/2018,4:10:11,27.48,N,86.567,W,5
10/10/2018,4:12:11,27.492,N,86.565,W,5
10/10/2018,4:14:11,27.505,N,86.562,W,5
10/10/2018,4:16:10,27.517,N,86.56,W,5
10/10/2018,4:18:10,27.53,N,86.558,W,5
10/10/2018,4:20:10,27.542,N,86.556,W,5
10/10/2018,4:22:10,27.553,N,86.554,W,5
10/10/2018,4:24:10,27.565,N,86.552,W,5
10/10/2018,4:26:10,27.576,N,86.55,W,5
10/10/2018,4:28:10,27.587,N,86.549,W,5
10/10/2018,4:30:10,27.597,N,86.547,W,5
10/10/2018,4:32:11,27.608,N,86.546,W,5
10/10/2018,4:34:11,27.618,N,86.545,W,5
10/10/2018,4:36:11,27.627,N,86.544,W,5
10/10/2018,4:38:11,27.636,N,86.543,W,5
10/10/2018,4:40:11,27.645,N,86.542,W,5
10/10/2018,4:42:11,27.654,N,86.541,W,5
10/10/2018,4:44:11,27.661,N,86.541,W,5
10/10/2018,4:46:10,27.669,N,86.541,W,5
10/10/2018,4:48:10,27.676,N,86.541,W,5
10/10/2018,4:50:10,27.683,N,86.541,W,5
10/10/2018,4:52:10,27.689,N,86.541,W,5
10/10/2018,4:54:10,27.695,N,86.542,W,5
10/10/2018,4:56:10,27.7,N,86.543,W,5
10/10/2018,4:58:10,27.705,N,86.544,W,5
10/10/2018,5:00:10,27.709,N,86.545,W,5
10/10/2018,5:02:11,27.713,N,86.546,W,5
10/10/2018,5:04:11,27.716,N,86.548,W,5
10/10/2018,5:06:11,27.719,N,86.549,W,5
10/10/2018,5:08:11,27.721,N,86.551,W,5
10/10/2018,5:10:11,27.724,N,86.553,W,5
10/10/2018,5:12:11,27.725,N,86.556,W,5
10/10/2018,5:14:11,27.727,N,86.558,W,5
10/10/2018,5:16:10,27.728,N,86.56,W,5
10/10/2018,5:18:10,27.729,N,86.563,W,5
10/10/2018,5:20:10,27.729,N,86.566,W,5
10/10/2018,5:22:10,27.73,N,86.568,W,5
10/10/2018,5:24:10,27.73,N,86.571,W,5
10/10/2018,5:26:10,27.73,N,86.574,W,5
10/10/2018,5:28:10,27.729,N,86.577,W,5
10/10/2018,5:30:10,27.729,N,86.58,W,5
10/10/2018,5:32:11,27.729,N,86.583,W,5
10/10/2018,5:34:11,27.728,N,86.586,W,5
10/10/2018,5:36:11,27.728,N,86.589,W,5
10/10/2018,5:38:11,27.727,N,86.591,W,5
10/10/2018,5:39:56,27.727,N,86.594,W,5
10/10/2018,5:41:56,27.733,N,86.593,W,5
10/10/2018,5:43:56,27.74,N,86.593,W,5
10/10/2018,5:45:56,27.746,N,86.592,W,5
10/10/2018,5:47:56,27.752,N,86.592,W,5
10/10/2018,5:49:55,27.759,N,86.591,W,5
10/10/2018,5:51:55,27.765,N,86.59,W,5
10/10/2018,5:53:55,27.771,N,86.59,W,5
10/10/2018,5:55:55,27.777,N,86.589,W,5
10/10/2018,5:57:55,27.784,N,86.588,W,5
10/10/2018,5:59:55,27.79,N,86.587,W,5
10/10/2018,6:01:55,27.796,N,86.586,W,5
10/10/2018,6:03:55,27.803,N,86.585,W,5
10/10/2018,6:05:56,27.809,N,86.584,W,5
10/10/2018,6:07:56,27.815,N,86.583,W,5
10/10/2018,6:09:56,27.822,N,86.582,W,5
10/10/2018,6:11:56,27.828,N,86.581,W,5
10/10/2018,6:13:56,27.834,N,86.58,W,5
10/10/2018,6:15:56,27.841,N,86.579,W,5
10/10/2018,6:17:56,27.847,N,86.578,W,5
10/10/2018,6:19:55,27.853,N,86.577,W,5
10/10/2018,6:21:55,27.86,N,86.576,W,5
10/10/2018,6:23:55,27.866,N,86.575,W,5
10/10/2018,6:25:55,27.872,N,86.574,W,5
10/10/2018,6:27:55,27.879,N,86.573,W,5
10/10/2018,6:29:55,27.885,N,86.571,W,5
10/10/2018,6:31:55,27.892,N,86.57,W,5
10/10/2018,6:33:55,27.898,N,86.569,W,5
10/10/2018,6:35:56,27.905,N,86.568,W,5
10/10/2018,6:37:56,27.911,N,86.567,W,5
10/10/2018,6:39:56,27.918,N,86.566,W,5
10/10/2018,6:41:56,27.924,N,86.564,W,5
10/10/2018,6:43:56,27.931,N,86.563,W,5
10/10/2018,6:45:56,27.937,N,86.562,W,5
10/10/2018,6:47:56,27.944,N,86.561,W,5
10/10/2018,6:49:55,27.95,N,86.56,W,5
10/10/2018,6:51:55,27.957,N,86.558,W,5
10/10/2018,6:53:55,27.964,N,86.557,W,5
10/10/2018,6:55:55,27.97,N,86.556,W,5
10/10/2018,6:57:55,27.977,N,86.555,W,5
10/10/2018,6:59:55,27.984,N,86.554,W,5
10/10/2018,7:01:55,27.991,N,86.553,W,5
10/10/2018,7:03:55,27.997,N,86.551,W,5
10/10/2018,7:05:56,28.004,N,86.55,W,5
10/10/2018,7:07:56,28.011,N,86.549,W,5
10/10/2018,7:09:56,28.018,N,86.548,W,5
10/10/2018,7:11:56,28.025,N,86.547,W,5
10/10/2018,7:13:56,28.032,N,86.546,W,5
10/10/2018,7:15:56,28.039,N,86.545,W,5
10/10/2018,7:17:56,28.046,N,86.544,W,5
10/10/2018,7:19:55,28.053,N,86.543,W,5
10/10/2018,7:21:55,28.06,N,86.542,W,5
10/10/2018,7:23:55,28.067,N,86.541,W,5
10/10/2018,7:25:35,28.073,N,86.54,W,5
10/10/2018,7:27:35,28.082,N,86.54,W,5
10/10/2018,7:29:35,28.091,N,86.54,W,5
10/10/2018,7:31:35,28.099,N,86.54,W,5
10/10/2018,7:33:35,28.108,N,86.54,W,5
10/10/2018,7:35:35,28.117,N,86.54,W,5
10/10/2018,7:37:34,28.126,N,86.54,W,5
10/10/2018,7:39:34,28.135,N,86.54,W,5
10/10/2018,7:41:34,28.144,N,86.541,W,5
10/10/2018,7:43:34,28.153,N,86.541,W,5
10/10/2018,7:45:34,28.162,N,86.541,W,5
10/10/2018,7:47:34,28.171,N,86.541,W,5
10/10/2018,7:49:34,28.18,N,86.541,W,5
10/10/2018,7:51:35,28.189,N,86.541,W,5
10/10/2018,7:53:35,28.197,N,86.541,W,5
10/10/2018,7:55:35,28.206,N,86.541,W,5
10/10/2018,7:57:35,28.215,N,86.541,W,5
10/10/2018,7:59:35,28.224,N,86.541,W,5
10/10/2018,8:01:35,28.233,N,86.541,W,5
10/10/2018,8:03:35,28.241,N,86.541,W,5
10/10/2018,8:05:35,28.25,N,86.541,W,5
10/10/2018,8:07:34,28.258,N,86.54,W,5
10/10/2018,8:09:34,28.267,N,86.54,W,5
10/10/2018,8:11:34,28.275,N,86.54,W,5
10/10/2018,8:13:34,28.283,N,86.54,W,5
10/10/2018,8:15:34,28.292,N,86.539,W,5
10/10/2018,8:17:34,28.3,N,86.539,W,5
10/10/2018,8:19:34,28.308,N,86.538,W,5
10/10/2018,8:21:35,28.316,N,86.538,W,5
10/10/2018,8:23:35,28.323,N,86.537,W,5
10/10/2018,8:25:35,28.331,N,86.537,W,5
10/10/2018,8:27:35,28.339,N,86.536,W,5
10/10/2018,8:29:35,28.346,N,86.535,W,5
10/10/2018,8:31:35,28.353,N,86.534,W,5
10/10/2018,8:33:35,28.361,N,86.533,W,5
10/10/2018,8:35:35,28.368,N,86.532,W,5
10/10/2018,8:37:34,28.375,N,86.531,W,5
10/10/2018,8:39:34,28.381,N,86.53,W,5
10/10/2018,8:41:34,28.388,N,86.529,W,5
10/10/2018,8:43:34,28.395,N,86.528,W,5
10/10/2018,8:45:34,28.401,N,86.526,W,5
10/10/2018,8:47:34,28.408,N,86.525,W,5
10/10/2018,8:49:34,28.414,N,86.524,W,5
10/10/2018,8:51:35,28.42,N,86.522,W,5
10/10/2018,8:53:35,28.426,N,86.521,W,5
10/10/2018,8:55:35,28.432,N,86.519,W,5
10/10/2018,8:57:35,28.438,N,86.518,W,5
10/10/2018,8:59:35,28.444,N,86.516,W,5
10/10/2018,9:01:35,28.45,N,86.514,W,5
10/10/2018,9:03:35,28.456,N,86.513,W,5
10/10/2018,9:04:19,28.458,N,86.512,W,5
10/10/2018,9:06:19,28.464,N,86.51,W,5
10/10/2018,9:08:18,28.469,N,86.509,W,5
10/10/2018,9:10:18,28.475,N,86.507,W,5
10/10/2018,9:12:18,28.48,N,86.505,W,5
10/10/2018,9:14:18,28.485,N,86.503,W,5
10/10/2018,9:16:18,28.491,N,86.502,W,5
10/10/2018,9:18:18,28.496,N,86.5,W,5
10/10/2018,9:20:18,28.501,N,86.498,W,5
10/10/2018,9:22:19,28.506,N,86.496,W,5
10/10/2018,9:24:19,28.512,N,86.494,W,5
10/10/2018,9:26:19,28.517,N,86.492,W,5
10/10/2018,9:28:19,28.522,N,86.49,W,5
10/10/2018,9:30:19,28.527,N,86.488,W,5
10/10/2018,9:32:19,28.532,N,86.486,W,5
10/10/2018,9:34:19,28.537,N,86.483,W,5
10/10/2018,9:36:19,28.542,N,86.481,W,5
10/10/2018,9:38:18,28.547,N,86.479,W,5
10/10/2018,9:40:18,28.552,N,86.477,W,5
10/10/2018,9:42:18,28.557,N,86.475,W,5
10/10/2018,9:44:18,28.562,N,86.472,W,5
10/10/2018,9:46:18,28.567,N,86.47,W,5
10/10/2018,9:48:18,28.572,N,86.468,W,5
10/10/2018,9:49:06,28.574,N,86.467,W,5
10/10/2018,9:51:06,28.579,N,86.465,W,5
10/10/2018,9:53:06,28.585,N,86.463,W,5
10/10/2018,9:55:06,28.59,N,86.46,W,5
10/10/2018,9:57:06,28.596,N,86.458,W,5
10/10/2018,9:59:06,28.601,N,86.456,W,5
10/10/2018,10:01:06,28.606,N,86.454,W,5
10/10/2018,10:03:05,28.612,N,86.451,W,5
10/10/2018,10:05:05,28.618,N,86.449,W,5
10/10/2018,10:07:05,28.623,N,86.446,W,5
10/10/2018,10:09:05,28.629,N,86.444,W,5
10/10/2018,10:11:05,28.634,N,86.442,W,5
10/10/2018,10:13:05,28.64,N,86.439,W,5
10/10/2018,10:15:05,28.646,N,86.437,W,5
10/10/2018,10:17:06,28.651,N,86.434,W,5
10/10/2018,10:19:06,28.657,N,86.431,W,5
10/10/2018,10:21:06,28.663,N,86.429,W,5
10/10/2018,10:23:06,28.669,N,86.426,W,5
10/10/2018,10:25:06,28.675,N,86.424,W,5
10/10/2018,10:27:06,28.68,N,86.421,W,5
10/10/2018,10:29:06,28.686,N,86.418,W,5
10/10/2018,10:31:06,28.692,N,86.416,W,5
10/10/2018,10:33:05,28.698,N,86.413,W,5
10/10/2018,10:35:05,28.704,N,86.41,W,5
10/10/2018,10:37:05,28.71,N,86.408,W,5
10/10/2018,10:39:05,28.716,N,86.405,W,5
10/10/2018,10:41:05,28.722,N,86.402,W,5
10/10/2018,10:43:05,28.728,N,86.4,W,5
10/10/2018,10:45:05,28.733,N,86.397,W,5
10/10/2018,10:47:06,28.739,N,86.394,W,5
10/10/2018,10:49:06,28.745,N,86.392,W,5
10/10/2018,10:51:06,28.751,N,86.389,W,5
10/10/2018,10:53:06,28.757,N,86.386,W,5
10/10/2018,10:55:06,28.763,N,86.384,W,5
10/10/2018,10:57:06,28.769,N,86.381,W,5
10/10/2018,10:59:06,28.775,N,86.379,W,5
10/10/2018,11:01:06,28.781,N,86.376,W,5
10/10/2018,11:03:05,28.787,N,86.373,W,5
10/10/2018,11:05:05,28.793,N,86.371,W,5
10/10/2018,11:07:05,28.798,N,86.368,W,5
10/10/2018,11:09:05,28.804,N,86.366,W,5
10/10/2018,11:11:05,28.81,N,86.364,W,5
10/10/2018,11:13:05,28.816,N,86.361,W,5
10/10/2018,11:15:05,28.822,N,86.359,W,5
10/10/2018,11:16:37,28.826,N,86.357,W,5
10/10/2018,11:18:37,28.811,N,86.348,W,5
10/10/2018,11:20:37,28.796,N,86.34,W,5
10/10/2018,11:22:37,28.783,N,86.331,W,5
10/10/2018,11:24:37,28.77,N,86.323,W,5
10/10/2018,11:26:37,28.758,N,86.316,W,5
10/10/2018,11:28:37,28.747,N,86.309,W,5
10/10/2018,11:30:38,28.738,N,86.302,W,5
10/10/2018,11:32:38,28.73,N,86.295,W,5
10/10/2018,11:34:38,28.723,N,86.29,W,5
10/10/2018,11:36:38,28.719,N,86.284,W,5
10/10/2018,11:38:38,28.716,N,86.28,W,5
10/10/2018,11:40:38,28.715,N,86.276,W,5
10/10/2018,11:42:38,28.716,N,86.273,W,5
10/10/2018,11:44:37,28.719,N,86.27,W,5
10/10/2018,11:46:37,28.723,N,86.268,W,5
10/10/2018,11:48:37,28.729,N,86.266,W,5
10/10/2018,11:50:37,28.736,N,86.265,W,5
10/10/2018,11:52:37,28.745,N,86.264,W,5
10/10/2018,11:54:37,28.755,N,86.263,W,5
10/10/2018,11:56:37,28.766,N,86.264,W,5
10/10/2018,11:58:37,28.778,N,86.264,W,5
10/10/2018,12:00:38,28.792,N,86.265,W,5
10/10/2018,12:02:38,28.807,N,86.266,W,5
10/10/2018,12:04:38,28.822,N,86.268,W,5
10/10/2018,12:06:38,28.839,N,86.269,W,5
10/10/2018,12:08:38,28.856,N,86.272,W,5
10/10/2018,12:10:38,28.874,N,86.274,W,5
10/10/2018,12:12:38,28.893,N,86.277,W,5
10/10/2018,12:14:37,28.913,N,86.279,W,5
10/10/2018,12:16:37,28.933,N,86.282,W,5
10/10/2018,12:18:37,28.953,N,86.285,W,5
10/10/2018,12:20:37,28.974,N,86.289,W,5
10/10/2018,12:22:37,28.996,N,86.292,W,5
10/10/2018,12:23:41,29.007,N,86.294,W,5
10/10/2018,12:25:42,29.029,N,86.298,W,5
10/10/2018,12:27:42,29.051,N,86.301,W,5
10/10/2018,12:29:42,29.073,N,86.305,W,5
10/10/2018,12:30:22,29.08,N,86.306,W,5
10/10/2018,12:32:22,29.099,N,86.308,W,5
10/10/2018,12:34:23,29.115,N,86.308,W,5
10/10/2018,12:36:23,29.128,N,86.306,W,5
10/10/2018,12:38:23,29.138,N,86.302,W,5
10/10/2018,12:40:23,29.144,N,86.295,W,5
10/10/2018,12:42:23,29.146,N,86.286,W,5
10/10/2018,12:44:23,29.144,N,86.274,W,5
10/10/2018,12:46:23,29.14,N,86.261,W,5
10/10/2018,12:48:22,29.134,N,86.247,W,5
10/10/2018,12:50:22,29.128,N,86.232,W,5
10/10/2018,12:51:14,29.125,N,86.226,W,5
10/10/2018,12:53:14,29.129,N,86.218,W,5
10/10/2018,12:55:14,29.134,N,86.21,W,5
10/10/2018,12:57:15,29.138,N,86.202,W,5
10/10/2018,12:59:15,29.143,N,86.193,W,5
10/10/2018,13:01:15,29.147,N,86.185,W,5
10/10/2018,13:03:15,29.152,N,86.177,W,5
10/10/2018,13:05:15,29.156,N,86.17,W,5
10/10/2018,13:07:15,29.16,N,86.162,W,5
10/10/2018,13:09:15,29.165,N,86.156,W,5
10/10/2018,13:11:15,29.169,N,86.149,W,5
10/10/2018,13:12:06,29.171,N,86.147,W,5
10/10/2018,13:14:06,29.175,N,86.143,W,5
10/10/2018,13:16:06,29.179,N,86.139,W,5
10/10/2018,13:18:06,29.183,N,86.137,W,5
10/10/2018,13:20:07,29.187,N,86.136,W,5
10/10/2018,13:22:07,29.191,N,86.135,W,5
10/10/2018,13:24:07,29.195,N,86.136,W,5
10/10/2018,13:26:07,29.199,N,86.137,W,5
10/10/2018,13:28:07,29.202,N,86.139,W,5
10/10/2018,13:30:07,29.206,N,86.141,W,5
10/10/2018,13:32:07,29.21,N,86.143,W,5
10/10/2018,13:34:07,29.214,N,86.146,W,5
10/10/2018,13:36:06,29.218,N,86.148,W,5
10/10/2018,13:38:06,29.222,N,86.151,W,5
10/10/2018,13:40:06,29.226,N,86.153,W,5
10/10/2018,13:42:06,29.23,N,86.155,W,5
10/10/2018,13:42:26,29.231,N,86.155,W,5
10/10/2018,13:44:27,29.235,N,86.154,W,5
10/10/2018,13:46:27,29.24,N,86.154,W,5
10/10/2018,13:48:27,29.245,N,86.153,W,5
10/10/2018,13:50:27,29.25,N,86.151,W,5
10/10/2018,13:52:27,29.254,N,86.15,W,5
10/10/2018,13:54:27,29.259,N,86.148,W,5
10/10/2018,13:56:27,29.265,N,86.146,W,5
10/10/2018,13:58:27,29.27,N,86.144,W,5
10/10/2018,14:00:26,29.275,N,86.142,W,5
10/10/2018,14:02:26,29.281,N,86.139,W,5
10/10/2018,14:04:26,29.286,N,86.136,W,5
10/10/2018,14:06:26,29.292,N,86.133,W,5
10/10/2018,14:08:26,29.297,N,86.129,W,5
10/10/2018,14:10:26,29.303,N,86.126,W,5
10/10/2018,14:11:56,29.307,N,86.123,W,5
10/10/2018,14:13:56,29.312,N,86.12,W,5
10/10/2018,14:15:56,29.317,N,86.116,W,5
10/10/2018,14:17:56,29.322,N,86.112,W,5
10/10/2018,14:19:56,29.327,N,86.108,W,5
10/10/2018,14:21:57,29.331,N,86.104,W,5
10/10/2018,14:23:57,29.336,N,86.099,W,5
10/10/2018,14:25:57,29.341,N,86.094,W,5
10/10/2018,14:27:57,29.346,N,86.089,W,5
10/10/2018,14:29:57,29.35,N,86.083,W,5
10/10/2018,14:31:57,29.355,N,86.077,W,5
10/10/2018,14:33:57,29.359,N,86.071,W,5
10/10/2018,14:35:57,29.364,N,86.064,W,5
10/10/2018,14:37:56,29.369,N,86.058,W,5
10/10/2018,14:39:56,29.373,N,86.051,W,5
10/10/2018,14:41:56,29.378,N,86.043,W,5
10/10/2018,14:43:56,29.382,N,86.036,W,5
10/10/2018,14:45:56,29.387,N,86.028,W,5
10/10/2018,14:47:56,29.391,N,86.021,W,5
10/10/2018,14:49:56,29.396,N,86.013,W,5
10/10/2018,14:51:57,29.401,N,86.005,W,5
10/10/2018,14:53:57,29.406,N,85.997,W,5
10/10/2018,14:55:57,29.411,N,85.989,W,5
10/10/2018,14:57:57,29.416,N,85.98,W,5
10/10/2018,14:59:57,29.421,N,85.972,W,5
10/10/2018,15:01:57,29.426,N,85.964,W,5
10/10/2018,15:03:57,29.431,N,85.956,W,5
10/10/2018,15:05:57,29.437,N,85.948,W,5
10/10/2018,15:07:56,29.443,N,85.94,W,5
10/10/2018,15:09:56,29.448,N,85.932,W,5
10/10/2018,15:11:27,29.453,N,85.926,W,5
10/10/2018,15:13:27,29.459,N,85.919,W,5
10/10/2018,15:15:26,29.466,N,85.912,W,5
10/10/2018,15:17:26,29.472,N,85.905,W,5
10/10/2018,15:19:26,29.479,N,85.898,W,5
10/10/2018,15:21:26,29.486,N,85.891,W,5
10/10/2018,15:23:26,29.493,N,85.884,W,5
10/10/2018,15:25:26,29.5,N,85.878,W,5
10/10/2018,15:27:26,29.507,N,85.871,W,5
10/10/2018,15:29:27,29.515,N,85.864,W,5
10/10/2018,15:31:27,29.522,N,85.857,W,5
10/10/2018,15:33:27,29.53,N,85.85,W,5
10/10/2018,15:35:27,29.537,N,85.844,W,5
10/10/2018,15:37:27,29.545,N,85.837,W,5
10/10/2018,15:39:27,29.553,N,85.83,W,5
10/10/2018,15:41:27,29.561,N,85.824,W,5
10/10/2018,15:43:27,29.569,N,85.817,W,5
10/10/2018,15:45:26,29.577,N,85.811,W,5
10/10/2018,15:47:26,29.586,N,85.805,W,5
10/10/2018,15:49:26,29.594,N,85.799,W,5
10/10/2018,15:51:26,29.603,N,85.792,W,5
10/10/2018,15:53:26,29.611,N,85.786,W,5
10/10/2018,15:55:26,29.62,N,85.781,W,5
10/10/2018,15:57:26,29.629,N,85.775,W,5
10/10/2018,15:58:51,29.635,N,85.771,W,5
10/10/2018,16:00:51,29.645,N,85.768,W,5
10/10/2018,16:02:51,29.656,N,85.765,W,5
10/10/2018,16:04:51,29.666,N,85.762,W,5
10/10/2018,16:06:51,29.677,N,85.76,W,5
10/10/2018,16:08:52,29.687,N,85.757,W,5
10/10/2018,16:10:52,29.698,N,85.754,W,5
10/10/2018,16:12:52,29.708,N,85.751,W,5
10/10/2018,16:14:52,29.718,N,85.748,W,5
10/10/2018,16:16:52,29.729,N,85.745,W,5
10/10/2018,16:18:52,29.739,N,85.742,W,5
10/10/2018,16:20:52,29.749,N,85.739,W,5
10/10/2018,16:22:52,29.759,N,85.736,W,5
10/10/2018,16:24:51,29.769,N,85.733,W,5
10/10/2018,16:26:51,29.78,N,85.73,W,5
10/10/2018,16:28:51,29.79,N,85.726,W,5
10/10/2018,16:30:51,29.8,N,85.723,W,5
10/10/2018,16:32:51,29.81,N,85.72,W,5
10/10/2018,16:34:51,29.82,N,85.717,W,5
10/10/2018,16:36:51,29.83,N,85.714,W,5
10/10/2018,16:38:52,29.84,N,85.71,W,5
10/10/2018,16:40:52,29.85,N,85.707,W,5
10/10/2018,16:42:52,29.859,N,85.704,W,5
10/10/2018,16:44:52,29.869,N,85.7,W,5
10/10/2018,16:46:52,29.879,N,85.697,W,5
10/10/2018,16:48:52,29.889,N,85.694,W,5
10/10/2018,16:50:52,29.898,N,85.69,W,5
10/10/2018,16:52:52,29.908,N,85.687,W,5
10/10/2018,16:54:51,29.918,N,85.683,W,5
10/10/2018,16:56:51,29.927,N,85.679,W,5
10/10/2018,16:58:51,29.937,N,85.676,W,5
10/10/2018,17:00:51,29.946,N,85.672,W,5
10/10/2018,17:02:51,29.956,N,85.669,W,5
10/10/2018,17:04:51,29.965,N,85.665,W,5
10/10/2018,17:06:51,29.974,N,85.661,W,5
10/10/2018,17:08:52,29.983,N,85.657,W,5
10/10/2018,17:10:52,29.993,N,85.653,W,5
10/10/2018,17:12:52,30.002,N,85.65,W,5
10/10/2018,17:14:52,30.011,N,85.646,W,5
10/10/2018,17:16:52,30.02,N,85.642,W,5
10/10/2018,17:18:52,30.029,N,85.638,W,5
10/10/2018,17:20:52,30.038,N,85.634,W,5
10/10/2018,17:22:52,30.047,N,85.63,W,5
10/10/2018,17:24:51,30.055,N,85.626,W,5
10/10/2018,17:26:51,30.064,N,85.621,W,5
10/10/2018,17:28:51,30.073,N,85.617,W,5
10/10/2018,17:30:51,30.081,N,85.613,W,5
10/10/2018,17:32:51,30.09,N,85.609,W,5
10/10/2018,17:34:51,30.099,N,85.604,W,5
10/10/2018,17:36:51,30.107,N,85.6,W,5
10/10/2018,17:38:52,30.115,N,85.595,W,5
10/10/2018,17:40:52,30.124,N,85.591,W,5
10/10/2018,17:42:52,30.132,N,85.586,W,5
10/10/2018,17:44:52,30.14,N,85.582,W,5
10/10/2018,17:46:52,30.148,N,85.577,W,5
10/10/2018,17:48:52,30.156,N,85.572,W,5
10/10/2018,17:50:52,30.164,N,85.568,W,5
10/10/2018,17:52:52,30.172,N,85.563,W,5
10/10/2018,17:54:51,30.18,N,85.558,W,5
10/10/2018,17:56:51,30.188,N,85.553,W,5
10/10/2018,17:58:51,30.196,N,85.548,W,5
10/10/2018,18:00:51,30.204,N,85.543,W,5
10/10/2018,18:02:51,30.211,N,85.538,W,5
10/10/2018,18:04:51,30.219,N,85.533,W,5
10/10/2018,18:06:51,30.226,N,85.528,W,5
10/10/2018,18:08:52,30.234,N,85.523,W,5
10/10/2018,18:10:52,30.241,N,85.518,W,5
10/10/2018,18:12:52,30.249,N,85.513,W,5
10/10/2018,18:14:52,30.256,N,85.508,W,5
10/10/2018,18:16:52,30.264,N,85.502,W,5
10/10/2018,18:18:52,30.271,N,85.497,W,5
10/10/2018,18:20:52,30.278,N,85.492,W,5
10/10/2018,18:22:52,30.285,N,85.487,W,5
10/10/2018,18:24:51,30.292,N,85.481,W,5
10/10/2018,18:26:51,30.3,N,85.476,W,5
10/10/2018,18:28:51,30.307,N,85.47,W,5
10/10/2018,18:30:51,30.314,N,85.465,W,5
10/10/2018,18:32:51,30.321,N,85.459,W,5
10/10/2018,18:34:51,30.328,N,85.454,W,5
10/10/2018,18:36:51,30.335,N,85.448,W,5
10/10/2018,18:38:52,30.341,N,85.443,W,5
10/10/2018,18:40:52,30.348,N,85.437,W,5
10/10/2018,18:42:52,30.355,N,85.431,W,5
10/10/2018,18:44:52,30.362,N,85.426,W,5
10/10/2018,18:46:52,30.369,N,85.42,W,5
10/10/2018,18:48:52,30.375,N,85.414,W,5
10/10/2018,18:50:52,30.382,N,85.408,W,5
10/10/2018,18:52:52,30.389,N,85.403,W,5
10/10/2018,18:54:51,30.395,N,85.397,W,5
10/10/2018,18:56:51,30.402,N,85.391,W,5
10/10/2018,18:58:51,30.408,N,85.385,W,5
10/10/2018,19:00:51,30.415,N,85.379,W,5
10/10/2018,19:02:51,30.421,N,85.374,W,5
10/10/2018,19:04:51,30.428,N,85.368,W,5
10/10/2018,19:06:51,30.434,N,85.362,W,5
10/10/2018,19:08:52,30.441,N,85.356,W,5
10/10/2018,19:10:52,30.447,N,85.35,W,5
10/10/2018,19:12:52,30.454,N,85.344,W,5
10/10/2018,19:14:52,30.46,N,85.338,W,5
10/10/2018,19:16:52,30.466,N,85.332,W,5
10/10/2018,19:18:52,30.473,N,85.326,W,5
10/10/2018,19:20:52,30.479,N,85.32,W,5
10/10/2018,19:22:52,30.485,N,85.314,W,5
10/10/2018,19:24:51,30.492,N,85.308,W,5
10/10/2018,19:26:51,30.498,N,85.302,W,5
10/10/2018,19:28:51,30.504,N,85.296,W,5
10/10/2018,19:30:51,30.51,N,85.289,W,5
10/10/2018,19:32:51,30.516,N,85.283,W,5
10/10/2018,19:34:51,30.523,N,85.277,W,5
10/10/2018,19:36:51,30.529,N,85.271,W,5
10/10/2018,19:38:52,30.535,N,85.265,W,5
10/10/2018,19:40:52,30.541,N,85.259,W,5
10/10/2018,19:42:52,30.547,N,85.253,W,5
10/10/2018,19:44:52,30.554,N,85.247,W,5
10/10/2018,19:46:52,30.56,N,85.24,W,5
10/10/2018,19:48:52,30.566,N,85.234,W,5
10/10/2018,19:50:52,30.572,N,85.228,W,5
10/10/2018,19:52:52,30.578,N,85.222,W,5
10/10/2018,19:54:51,30.584,N,85.216,W,5
10/10/2018,19:56:51,30.59,N,85.21,W,5
10/10/2018,19:58:51,30.597,N,85.203,W,5
