Track,for,Kirk,2018,,
Date,Time,(UTC),Latitude,Longitude,
MM/DD/Year,HH:MM:SS,(deg),(deg),,
9/26/2018,14:14:51,12.023,N,54.163,W
9/26/2018,14:16:50,12.031,N,54.169,W
9/26/2018,14:18:51,12.038,N,54.176,W
9/26/2018,14:20:50,12.046,N,54.182,W
9/26/2018,14:22:51,12.054,N,54.188,W
9/26/2018,14:24:50,12.061,N,54.195,W
9/26/2018,14:26:51,12.069,N,54.201,W
9/26/2018,14:28:50,12.076,N,54.208,W
9/26/2018,14:30:51,12.084,N,54.214,W
9/26/2018,14:32:50,12.091,N,54.221,W
9/26/2018,14:34:51,12.099,N,54.227,W
9/26/2018,14:36:50,12.106,N,54.234,W
9/26/2018,14:38:51,12.113,N,54.24,W
9/26/2018,14:40:50,12.121,N,54.246,W
9/26/2018,14:42:50,12.128,N,54.253,W
9/26/2018,14:44:51,12.136,N,54.259,W
9/26/2018,14:46:50,12.143,N,54.266,W
9/26/2018,14:48:51,12.15,N,54.272,W
9/26/2018,14:50:50,12.158,N,54.279,W
9/26/2018,14:52:51,12.165,N,54.285,W
9/26/2018,14:54:50,12.172,N,54.292,W
9/26/2018,14:56:51,12.18,N,54.298,W
9/26/2018,14:58:50,12.187,N,54.305,W
9/26/2018,15:00:51,12.194,N,54.311,W
9/26/2018,15:02:50,12.201,N,54.318,W
9/26/2018,15:04:51,12.208,N,54.324,W
9/26/2018,15:06:50,12.215,N,54.331,W
9/26/2018,15:08:51,12.222,N,54.337,W
9/26/2018,15:10:50,12.229,N,54.344,W
9/26/2018,15:12:50,12.236,N,54.35,W
9/26/2018,15:14:51,12.243,N,54.357,W
9/26/2018,15:16:50,12.25,N,54.363,W
9/26/2018,15:18:51,12.257,N,54.37,W
9/26/2018,15:20:50,12.263,N,54.376,W
9/26/2018,15:22:51,12.27,N,54.383,W
9/26/2018,15:24:50,12.276,N,54.39,W
9/26/2018,15:26:51,12.283,N,54.396,W
9/26/2018,15:28:50,12.289,N,54.403,W
9/26/2018,15:30:51,12.296,N,54.409,W
9/26/2018,15:32:50,12.302,N,54.416,W
9/26/2018,15:34:51,12.308,N,54.423,W
9/26/2018,15:36:50,12.315,N,54.429,W
9/26/2018,15:38:51,12.321,N,54.436,W
9/26/2018,15:40:50,12.327,N,54.442,W
9/26/2018,15:42:50,12.333,N,54.449,W
9/26/2018,15:44:51,12.339,N,54.456,W
9/26/2018,15:46:50,12.345,N,54.462,W
9/26/2018,15:48:51,12.35,N,54.469,W
9/26/2018,15:50:50,12.356,N,54.476,W
9/26/2018,15:52:51,12.362,N,54.483,W
9/26/2018,15:54:50,12.367,N,54.489,W
9/26/2018,15:56:51,12.372,N,54.496,W
9/26/2018,15:58:50,12.378,N,54.503,W
9/26/2018,16:00:50,12.383,N,54.51,W
9/26/2018,16:02:51,12.388,N,54.516,W
9/26/2018,16:04:51,12.393,N,54.523,W
9/26/2018,16:06:50,12.398,N,54.53,W
9/26/2018,16:08:50,12.403,N,54.537,W
9/26/2018,16:10:51,12.408,N,54.544,W
9/26/2018,16:12:50,12.412,N,54.551,W
9/26/2018,16:14:50,12.417,N,54.557,W
9/26/2018,16:16:51,12.421,N,54.564,W
9/26/2018,16:18:51,12.425,N,54.571,W
9/26/2018,16:20:50,12.43,N,54.578,W
9/26/2018,16:22:50,12.434,N,54.585,W
9/26/2018,16:24:51,12.438,N,54.592,W
9/26/2018,16:26:51,12.441,N,54.599,W
9/26/2018,16:28:50,12.445,N,54.606,W
9/26/2018,16:30:50,12.449,N,54.613,W
9/26/2018,16:32:51,12.452,N,54.62,W
9/26/2018,16:34:51,12.456,N,54.627,W
9/26/2018,16:36:50,12.459,N,54.634,W
9/26/2018,16:38:50,12.462,N,54.641,W
9/26/2018,16:40:51,12.465,N,54.648,W
9/26/2018,16:42:50,12.468,N,54.655,W
9/26/2018,16:44:50,12.471,N,54.662,W
9/26/2018,16:46:51,12.473,N,54.67,W
9/26/2018,16:48:51,12.476,N,54.677,W
9/26/2018,16:50:50,12.478,N,54.684,W
9/26/2018,16:52:50,12.48,N,54.691,W
9/26/2018,16:54:51,12.482,N,54.698,W
9/26/2018,16:56:51,12.484,N,54.706,W
9/26/2018,16:58:50,12.486,N,54.713,W
9/26/2018,17:00:50,12.487,N,54.72,W
9/26/2018,17:02:51,12.489,N,54.728,W
9/26/2018,17:04:51,12.49,N,54.735,W
9/26/2018,17:06:50,12.491,N,54.742,W
9/26/2018,17:08:50,12.492,N,54.75,W
9/26/2018,17:10:51,12.493,N,54.757,W
9/26/2018,17:12:50,12.493,N,54.765,W
9/26/2018,17:14:50,12.494,N,54.772,W
9/26/2018,17:16:51,12.494,N,54.779,W
9/26/2018,17:18:51,12.494,N,54.787,W
9/26/2018,17:20:50,12.494,N,54.794,W
9/26/2018,17:22:50,12.494,N,54.802,W
9/26/2018,17:23:21,12.494,N,54.804,W
9/26/2018,17:25:21,12.496,N,54.811,W
9/26/2018,17:27:22,12.499,N,54.818,W
9/26/2018,17:29:22,12.501,N,54.825,W
9/26/2018,17:31:21,12.503,N,54.832,W
9/26/2018,17:33:21,12.506,N,54.838,W
9/26/2018,17:35:22,12.508,N,54.845,W
9/26/2018,17:37:22,12.51,N,54.852,W
9/26/2018,17:39:21,12.512,N,54.859,W
9/26/2018,17:41:21,12.515,N,54.866,W
9/26/2018,17:43:22,12.517,N,54.872,W
9/26/2018,17:45:22,12.519,N,54.879,W
9/26/2018,17:47:21,12.521,N,54.886,W
9/26/2018,17:49:22,12.523,N,54.893,W
9/26/2018,17:51:22,12.525,N,54.899,W
9/26/2018,17:53:21,12.528,N,54.906,W
9/26/2018,17:55:21,12.53,N,54.912,W
9/26/2018,17:57:22,12.532,N,54.919,W
9/26/2018,17:59:22,12.534,N,54.926,W
9/26/2018,18:01:21,12.536,N,54.932,W
9/26/2018,18:03:21,12.538,N,54.939,W
9/26/2018,18:05:22,12.54,N,54.945,W
9/26/2018,18:07:22,12.541,N,54.952,W
9/26/2018,18:09:21,12.543,N,54.958,W
9/26/2018,18:11:21,12.545,N,54.965,W
9/26/2018,18:13:22,12.547,N,54.971,W
9/26/2018,18:15:22,12.549,N,54.977,W
9/26/2018,18:17:21,12.551,N,54.984,W
9/26/2018,18:19:22,12.552,N,54.99,W
9/26/2018,18:21:22,12.554,N,54.996,W
9/26/2018,18:23:21,12.556,N,55.003,W
9/26/2018,18:25:21,12.557,N,55.009,W
9/26/2018,18:27:22,12.559,N,55.015,W
9/26/2018,18:29:22,12.561,N,55.021,W
9/26/2018,18:31:21,12.562,N,55.027,W
9/26/2018,18:33:21,12.564,N,55.033,W
9/26/2018,18:35:22,12.565,N,55.04,W
9/26/2018,18:37:22,12.567,N,55.046,W
9/26/2018,18:39:21,12.568,N,55.052,W
9/26/2018,18:41:21,12.57,N,55.058,W
9/26/2018,18:43:22,12.571,N,55.064,W
9/26/2018,18:45:22,12.572,N,55.069,W
9/26/2018,18:47:21,12.574,N,55.075,W
9/26/2018,18:49:22,12.575,N,55.081,W
9/26/2018,18:51:22,12.576,N,55.087,W
9/26/2018,18:53:21,12.577,N,55.093,W
9/26/2018,18:55:21,12.578,N,55.099,W
9/26/2018,18:57:22,12.58,N,55.104,W
9/26/2018,18:59:22,12.581,N,55.11,W
9/26/2018,19:01:21,12.582,N,55.116,W
9/26/2018,19:03:21,12.583,N,55.121,W
9/26/2018,19:05:22,12.584,N,55.127,W
9/26/2018,19:07:22,12.585,N,55.132,W
9/26/2018,19:09:21,12.586,N,55.138,W
9/26/2018,19:11:21,12.586,N,55.143,W
9/26/2018,19:13:22,12.587,N,55.149,W
9/26/2018,19:15:22,12.588,N,55.154,W
9/26/2018,19:17:21,12.589,N,55.159,W
9/26/2018,19:19:22,12.589,N,55.165,W
9/26/2018,19:21:22,12.59,N,55.17,W
9/26/2018,19:23:21,12.591,N,55.175,W
9/26/2018,19:25:21,12.591,N,55.181,W
9/26/2018,19:27:22,12.592,N,55.186,W
9/26/2018,19:29:22,12.592,N,55.191,W
9/26/2018,19:31:21,12.593,N,55.196,W
9/26/2018,19:33:21,12.593,N,55.201,W
9/26/2018,19:35:22,12.594,N,55.206,W
9/26/2018,19:37:22,12.594,N,55.211,W
9/26/2018,19:39:21,12.595,N,55.217,W
9/26/2018,19:41:21,12.595,N,55.222,W
9/26/2018,19:43:22,12.596,N,55.227,W
9/26/2018,19:45:22,12.596,N,55.232,W
9/26/2018,19:47:21,12.596,N,55.237,W
9/26/2018,19:49:22,12.597,N,55.242,W
9/26/2018,19:51:22,12.597,N,55.247,W
9/26/2018,19:53:21,12.597,N,55.252,W
9/26/2018,19:55:21,12.597,N,55.257,W
9/26/2018,19:57:22,12.598,N,55.262,W
9/26/2018,19:59:22,12.598,N,55.267,W
9/26/2018,20:01:21,12.598,N,55.272,W
9/26/2018,20:03:21,12.598,N,55.277,W
9/26/2018,20:05:22,12.598,N,55.282,W
9/26/2018,20:07:22,12.598,N,55.287,W
9/26/2018,20:09:21,12.599,N,55.292,W
9/26/2018,20:11:21,12.599,N,55.297,W
9/26/2018,20:13:22,12.599,N,55.302,W
9/26/2018,20:15:22,12.599,N,55.307,W
9/26/2018,20:17:21,12.599,N,55.312,W
9/26/2018,20:19:22,12.599,N,55.317,W
9/26/2018,20:21:22,12.599,N,55.322,W
9/26/2018,20:23:21,12.599,N,55.327,W
9/26/2018,20:25:21,12.6,N,55.332,W
9/26/2018,20:27:22,12.6,N,55.338,W
9/26/2018,20:29:22,12.6,N,55.343,W
9/26/2018,20:31:21,12.6,N,55.348,W
9/26/2018,20:33:21,12.6,N,55.353,W
9/26/2018,20:35:22,12.6,N,55.358,W
9/26/2018,20:37:22,12.6,N,55.363,W
9/26/2018,20:39:21,12.6,N,55.369,W
9/26/2018,20:41:21,12.6,N,55.374,W
9/26/2018,20:43:22,12.601,N,55.379,W
9/26/2018,20:45:22,12.601,N,55.385,W
9/26/2018,20:47:21,12.601,N,55.39,W
9/26/2018,20:49:22,12.601,N,55.395,W
9/26/2018,20:51:22,12.601,N,55.401,W
9/26/2018,20:53:21,12.601,N,55.406,W
9/26/2018,20:55:21,12.601,N,55.412,W
9/26/2018,20:57:22,12.602,N,55.417,W
9/26/2018,20:59:22,12.602,N,55.423,W
9/26/2018,21:01:21,12.602,N,55.429,W
9/26/2018,21:03:21,12.602,N,55.434,W
9/26/2018,21:05:22,12.602,N,55.44,W
9/26/2018,21:07:22,12.603,N,55.446,W
9/26/2018,21:09:21,12.603,N,55.452,W
9/26/2018,21:11:21,12.603,N,55.458,W
9/26/2018,21:13:22,12.604,N,55.464,W
9/26/2018,21:15:22,12.604,N,55.47,W
9/26/2018,21:17:21,12.604,N,55.476,W
9/26/2018,21:19:22,12.605,N,55.482,W
9/26/2018,21:21:22,12.605,N,55.488,W
9/26/2018,21:23:21,12.606,N,55.494,W
9/26/2018,21:25:21,12.606,N,55.5,W
9/26/2018,21:27:22,12.607,N,55.507,W
9/26/2018,21:29:22,12.607,N,55.513,W
9/26/2018,21:31:21,12.608,N,55.519,W
9/26/2018,21:33:21,12.608,N,55.526,W
9/26/2018,21:35:22,12.609,N,55.533,W
9/26/2018,21:37:22,12.609,N,55.539,W
9/26/2018,21:39:21,12.61,N,55.546,W
9/26/2018,21:41:21,12.611,N,55.553,W
9/26/2018,21:43:22,12.612,N,55.56,W
9/26/2018,21:45:22,12.612,N,55.567,W
9/26/2018,21:47:21,12.613,N,55.574,W
9/26/2018,21:49:22,12.614,N,55.581,W
9/26/2018,21:51:22,12.615,N,55.588,W
9/26/2018,21:53:21,12.616,N,55.595,W
9/26/2018,21:55:21,12.617,N,55.602,W
9/26/2018,21:57:22,12.618,N,55.61,W
9/26/2018,21:59:22,12.619,N,55.617,W
9/26/2018,22:01:21,12.62,N,55.625,W
9/26/2018,22:03:21,12.621,N,55.633,W
9/26/2018,22:05:22,12.622,N,55.64,W
9/26/2018,22:07:22,12.623,N,55.648,W
9/26/2018,22:09:21,12.625,N,55.656,W
9/26/2018,22:11:21,12.626,N,55.664,W
9/26/2018,22:13:22,12.627,N,55.672,W
9/26/2018,22:15:22,12.629,N,55.68,W
9/26/2018,22:17:21,12.63,N,55.689,W
9/26/2018,22:19:22,12.632,N,55.697,W
9/26/2018,22:21:22,12.633,N,55.706,W
9/26/2018,22:23:21,12.635,N,55.714,W
9/26/2018,22:25:21,12.637,N,55.723,W
9/26/2018,22:27:22,12.638,N,55.732,W
9/26/2018,22:29:22,12.64,N,55.741,W
9/26/2018,22:31:21,12.642,N,55.749,W
9/26/2018,22:33:21,12.644,N,55.758,W
9/26/2018,22:35:22,12.646,N,55.768,W
9/26/2018,22:37:22,12.648,N,55.777,W
9/26/2018,22:39:21,12.65,N,55.786,W
9/26/2018,22:41:21,12.652,N,55.795,W
9/26/2018,22:43:22,12.654,N,55.805,W
9/26/2018,22:45:22,12.656,N,55.814,W
9/26/2018,22:47:21,12.658,N,55.824,W
9/26/2018,22:49:22,12.66,N,55.834,W
9/26/2018,22:51:22,12.662,N,55.843,W
9/26/2018,22:53:21,12.665,N,55.853,W
9/26/2018,22:55:21,12.667,N,55.863,W
9/26/2018,22:57:22,12.669,N,55.873,W
9/26/2018,22:59:22,12.672,N,55.883,W
9/26/2018,23:01:21,12.674,N,55.893,W
9/26/2018,23:03:21,12.676,N,55.903,W
9/26/2018,23:05:22,12.679,N,55.913,W
9/26/2018,23:07:22,12.681,N,55.924,W
9/26/2018,23:09:21,12.684,N,55.934,W
9/26/2018,23:11:21,12.686,N,55.944,W
9/26/2018,23:13:22,12.689,N,55.955,W
9/26/2018,23:15:22,12.692,N,55.965,W
9/26/2018,23:17:21,12.694,N,55.976,W
9/26/2018,23:19:22,12.697,N,55.987,W
9/26/2018,23:21:22,12.7,N,55.997,W
9/26/2018,23:21:28,12.7,N,55.998,W
9/26/2018,23:23:28,12.702,N,56.013,W
9/26/2018,23:25:27,12.703,N,56.028,W
9/26/2018,23:27:27,12.705,N,56.044,W
9/26/2018,23:29:28,12.707,N,56.059,W
9/26/2018,23:31:28,12.709,N,56.073,W
9/26/2018,23:33:27,12.711,N,56.088,W
9/26/2018,23:35:27,12.713,N,56.103,W
9/26/2018,23:37:28,12.715,N,56.117,W
9/26/2018,23:39:28,12.718,N,56.131,W
9/26/2018,23:41:27,12.72,N,56.145,W
9/26/2018,23:43:28,12.722,N,56.159,W
9/26/2018,23:45:28,12.725,N,56.173,W
9/26/2018,23:47:27,12.727,N,56.187,W
9/26/2018,23:49:27,12.73,N,56.201,W
9/26/2018,23:51:28,12.732,N,56.214,W
9/26/2018,23:53:28,12.735,N,56.227,W
9/26/2018,23:55:27,12.738,N,56.24,W
9/26/2018,23:57:27,12.741,N,56.253,W
9/26/2018,23:59:28,12.743,N,56.266,W
9/27/2018,0:01:28,12.746,N,56.279,W
9/27/2018,0:03:27,12.749,N,56.292,W
9/27/2018,0:05:27,12.752,N,56.304,W
9/27/2018,0:07:28,12.756,N,56.317,W
9/27/2018,0:09:28,12.759,N,56.329,W
9/27/2018,0:11:27,12.762,N,56.341,W
9/27/2018,0:13:28,12.765,N,56.353,W
9/27/2018,0:15:28,12.769,N,56.365,W
9/27/2018,0:17:27,12.772,N,56.377,W
9/27/2018,0:19:27,12.775,N,56.389,W
9/27/2018,0:21:28,12.779,N,56.4,W
9/27/2018,0:23:28,12.782,N,56.412,W
9/27/2018,0:25:27,12.786,N,56.423,W
9/27/2018,0:27:27,12.79,N,56.434,W
9/27/2018,0:29:28,12.793,N,56.445,W
9/27/2018,0:31:28,12.797,N,56.456,W
9/27/2018,0:33:27,12.801,N,56.467,W
9/27/2018,0:35:27,12.805,N,56.478,W
9/27/2018,0:37:28,12.809,N,56.489,W
9/27/2018,0:39:28,12.812,N,56.499,W
9/27/2018,0:41:27,12.816,N,56.51,W
9/27/2018,0:43:28,12.82,N,56.52,W
9/27/2018,0:45:28,12.824,N,56.531,W
9/27/2018,0:47:27,12.829,N,56.541,W
9/27/2018,0:49:27,12.833,N,56.551,W
9/27/2018,0:51:28,12.837,N,56.561,W
9/27/2018,0:53:28,12.841,N,56.571,W
9/27/2018,0:55:27,12.845,N,56.581,W
9/27/2018,0:57:27,12.85,N,56.591,W
9/27/2018,0:59:28,12.854,N,56.601,W
9/27/2018,1:01:28,12.859,N,56.61,W
9/27/2018,1:03:27,12.863,N,56.62,W
9/27/2018,1:05:27,12.867,N,56.629,W
9/27/2018,1:07:28,12.872,N,56.639,W
9/27/2018,1:09:28,12.876,N,56.648,W
9/27/2018,1:11:27,12.881,N,56.657,W
9/27/2018,1:13:28,12.886,N,56.666,W
9/27/2018,1:15:28,12.89,N,56.676,W
9/27/2018,1:15:47,12.891,N,56.677,W
9/27/2018,1:17:46,12.896,N,56.687,W
9/27/2018,1:19:46,12.901,N,56.697,W
9/27/2018,1:21:47,12.906,N,56.706,W
9/27/2018,1:23:47,12.911,N,56.716,W
9/27/2018,1:25:46,12.916,N,56.725,W
9/27/2018,1:27:46,12.921,N,56.735,W
9/27/2018,1:29:47,12.926,N,56.744,W
9/27/2018,1:31:46,12.932,N,56.753,W
9/27/2018,1:33:46,12.937,N,56.762,W
9/27/2018,1:35:47,12.942,N,56.771,W
9/27/2018,1:37:47,12.947,N,56.78,W
9/27/2018,1:39:46,12.953,N,56.789,W
9/27/2018,1:41:46,12.958,N,56.798,W
9/27/2018,1:43:47,12.964,N,56.806,W
9/27/2018,1:45:47,12.969,N,56.815,W
9/27/2018,1:47:46,12.974,N,56.823,W
9/27/2018,1:49:46,12.98,N,56.832,W
9/27/2018,1:51:47,12.985,N,56.84,W
9/27/2018,1:53:47,12.991,N,56.848,W
9/27/2018,1:55:46,12.996,N,56.857,W
9/27/2018,1:57:46,13.001,N,56.865,W
9/27/2018,1:59:47,13.007,N,56.873,W
9/27/2018,2:01:46,13.012,N,56.881,W
9/27/2018,2:03:46,13.018,N,56.889,W
9/27/2018,2:05:47,13.023,N,56.896,W
9/27/2018,2:07:47,13.028,N,56.904,W
9/27/2018,2:09:46,13.034,N,56.912,W
9/27/2018,2:11:46,13.039,N,56.919,W
9/27/2018,2:13:47,13.044,N,56.927,W
9/27/2018,2:15:47,13.05,N,56.934,W
9/27/2018,2:17:46,13.055,N,56.942,W
9/27/2018,2:19:46,13.06,N,56.949,W
9/27/2018,2:21:47,13.065,N,56.956,W
9/27/2018,2:23:47,13.07,N,56.963,W
9/27/2018,2:25:46,13.075,N,56.97,W
9/27/2018,2:27:46,13.08,N,56.978,W
9/27/2018,2:29:47,13.085,N,56.984,W
9/27/2018,2:31:46,13.09,N,56.991,W
9/27/2018,2:33:46,13.095,N,56.998,W
9/27/2018,2:35:47,13.099,N,57.005,W
9/27/2018,2:37:47,13.104,N,57.012,W
9/27/2018,2:39:46,13.109,N,57.018,W
9/27/2018,2:41:46,13.113,N,57.025,W
9/27/2018,2:43:47,13.118,N,57.031,W
9/27/2018,2:44:52,13.12,N,57.035,W
9/27/2018,2:46:51,13.124,N,57.042,W
9/27/2018,2:48:51,13.129,N,57.05,W
9/27/2018,2:50:52,13.133,N,57.057,W
9/27/2018,2:52:52,13.137,N,57.064,W
9/27/2018,2:54:51,13.142,N,57.071,W
9/27/2018,2:56:52,13.146,N,57.078,W
9/27/2018,2:58:52,13.15,N,57.085,W
9/27/2018,3:00:51,13.154,N,57.092,W
9/27/2018,3:02:51,13.158,N,57.099,W
9/27/2018,3:04:52,13.162,N,57.105,W
9/27/2018,3:06:52,13.166,N,57.112,W
9/27/2018,3:08:51,13.169,N,57.119,W
9/27/2018,3:10:51,13.173,N,57.125,W
9/27/2018,3:12:52,13.177,N,57.132,W
9/27/2018,3:14:52,13.181,N,57.138,W
9/27/2018,3:16:51,13.184,N,57.145,W
9/27/2018,3:18:51,13.188,N,57.151,W
9/27/2018,3:20:52,13.191,N,57.157,W
9/27/2018,3:22:52,13.194,N,57.164,W
9/27/2018,3:24:51,13.198,N,57.17,W
9/27/2018,3:26:52,13.201,N,57.176,W
9/27/2018,3:28:52,13.204,N,57.182,W
9/27/2018,3:30:51,13.207,N,57.188,W
9/27/2018,3:32:51,13.21,N,57.194,W
9/27/2018,3:34:52,13.213,N,57.199,W
9/27/2018,3:36:52,13.216,N,57.205,W
9/27/2018,3:38:51,13.219,N,57.211,W
9/27/2018,3:40:51,13.222,N,57.216,W
9/27/2018,3:42:52,13.224,N,57.222,W
9/27/2018,3:44:52,13.227,N,57.227,W
9/27/2018,3:46:51,13.229,N,57.232,W
9/27/2018,3:48:51,13.232,N,57.237,W
9/27/2018,3:50:52,13.234,N,57.243,W
9/27/2018,3:52:52,13.236,N,57.248,W
9/27/2018,3:54:51,13.238,N,57.253,W
9/27/2018,3:56:52,13.24,N,57.257,W
9/27/2018,3:58:52,13.242,N,57.262,W
9/27/2018,4:00:51,13.244,N,57.267,W
9/27/2018,4:02:51,13.246,N,57.271,W
9/27/2018,4:04:52,13.248,N,57.276,W
9/27/2018,4:06:52,13.249,N,57.28,W
9/27/2018,4:08:51,13.251,N,57.285,W
9/27/2018,4:10:51,13.252,N,57.289,W
9/27/2018,4:12:52,13.254,N,57.293,W
9/27/2018,4:14:52,13.255,N,57.297,W
9/27/2018,4:16:51,13.256,N,57.301,W
9/27/2018,4:18:51,13.257,N,57.305,W
9/27/2018,4:20:52,13.258,N,57.308,W
9/27/2018,4:22:52,13.259,N,57.312,W
9/27/2018,4:24:51,13.26,N,57.316,W
9/27/2018,4:26:52,13.26,N,57.319,W
9/27/2018,4:28:52,13.261,N,57.322,W
9/27/2018,4:30:51,13.261,N,57.326,W
9/27/2018,4:32:51,13.262,N,57.329,W
9/27/2018,4:34:52,13.262,N,57.332,W
9/27/2018,4:35:11,13.262,N,57.332,W
9/27/2018,4:37:11,13.264,N,57.337,W
9/27/2018,4:39:10,13.267,N,57.343,W
9/27/2018,4:41:10,13.269,N,57.348,W
9/27/2018,4:43:11,13.272,N,57.354,W
9/27/2018,4:45:11,13.274,N,57.359,W
9/27/2018,4:47:10,13.277,N,57.365,W
9/27/2018,4:49:11,13.279,N,57.37,W
9/27/2018,4:51:11,13.282,N,57.376,W
9/27/2018,4:53:10,13.284,N,57.381,W
9/27/2018,4:55:10,13.287,N,57.387,W
9/27/2018,4:57:11,13.289,N,57.392,W
9/27/2018,4:59:11,13.292,N,57.398,W
9/27/2018,5:01:10,13.294,N,57.403,W
9/27/2018,5:03:10,13.297,N,57.409,W
9/27/2018,5:05:11,13.299,N,57.414,W
9/27/2018,5:07:11,13.301,N,57.42,W
9/27/2018,5:09:10,13.304,N,57.425,W
9/27/2018,5:11:10,13.306,N,57.431,W
9/27/2018,5:13:11,13.309,N,57.436,W
9/27/2018,5:15:11,13.311,N,57.442,W
9/27/2018,5:17:10,13.314,N,57.447,W
9/27/2018,5:19:11,13.316,N,57.453,W
9/27/2018,5:21:11,13.318,N,57.458,W
9/27/2018,5:23:10,13.321,N,57.464,W
9/27/2018,5:25:10,13.323,N,57.469,W
9/27/2018,5:27:11,13.326,N,57.475,W
9/27/2018,5:29:11,13.328,N,57.48,W
9/27/2018,5:31:10,13.33,N,57.486,W
9/27/2018,5:33:10,13.333,N,57.491,W
9/27/2018,5:35:11,13.335,N,57.497,W
9/27/2018,5:37:11,13.337,N,57.502,W
9/27/2018,5:39:10,13.34,N,57.508,W
9/27/2018,5:41:10,13.342,N,57.514,W
9/27/2018,5:43:11,13.344,N,57.519,W
9/27/2018,5:45:11,13.347,N,57.525,W
9/27/2018,5:47:10,13.349,N,57.53,W
9/27/2018,5:49:11,13.351,N,57.536,W
9/27/2018,5:51:11,13.354,N,57.542,W
9/27/2018,5:53:10,13.356,N,57.547,W
9/27/2018,5:55:10,13.358,N,57.553,W
9/27/2018,5:57:11,13.36,N,57.558,W
9/27/2018,5:59:11,13.363,N,57.564,W
9/27/2018,6:01:10,13.365,N,57.57,W
9/27/2018,6:03:10,13.367,N,57.575,W
9/27/2018,6:05:11,13.37,N,57.581,W
9/27/2018,6:07:11,13.372,N,57.587,W
9/27/2018,6:09:10,13.374,N,57.592,W
9/27/2018,6:11:10,13.376,N,57.598,W
9/27/2018,6:13:11,13.378,N,57.603,W
9/27/2018,6:15:11,13.381,N,57.609,W
9/27/2018,6:17:10,13.383,N,57.615,W
9/27/2018,6:19:11,13.385,N,57.62,W
9/27/2018,6:21:11,13.387,N,57.626,W
9/27/2018,6:23:10,13.389,N,57.632,W
9/27/2018,6:25:10,13.392,N,57.638,W
9/27/2018,6:27:11,13.394,N,57.643,W
9/27/2018,6:29:11,13.396,N,57.649,W
9/27/2018,6:31:10,13.398,N,57.655,W
9/27/2018,6:33:10,13.4,N,57.66,W
9/27/2018,6:35:11,13.402,N,57.666,W
9/27/2018,6:37:11,13.405,N,57.672,W
9/27/2018,6:39:10,13.407,N,57.678,W
9/27/2018,6:41:10,13.409,N,57.683,W
9/27/2018,6:43:11,13.411,N,57.689,W
9/27/2018,6:45:11,13.413,N,57.695,W
9/27/2018,6:47:10,13.415,N,57.701,W
9/27/2018,6:49:11,13.417,N,57.706,W
9/27/2018,6:51:11,13.419,N,57.712,W
9/27/2018,6:53:10,13.421,N,57.718,W
9/27/2018,6:55:10,13.423,N,57.724,W
9/27/2018,6:57:11,13.425,N,57.729,W
9/27/2018,6:59:11,13.428,N,57.735,W
9/27/2018,7:01:10,13.43,N,57.741,W
9/27/2018,7:03:10,13.432,N,57.747,W
9/27/2018,7:05:11,13.434,N,57.753,W
9/27/2018,7:07:11,13.436,N,57.758,W
9/27/2018,7:09:10,13.438,N,57.764,W
9/27/2018,7:11:10,13.44,N,57.77,W
9/27/2018,7:13:11,13.442,N,57.776,W
9/27/2018,7:15:11,13.444,N,57.782,W
9/27/2018,7:17:10,13.446,N,57.788,W
9/27/2018,7:19:11,13.447,N,57.794,W
9/27/2018,7:21:11,13.449,N,57.799,W
9/27/2018,7:23:10,13.451,N,57.805,W
9/27/2018,7:25:10,13.453,N,57.811,W
9/27/2018,7:27:11,13.455,N,57.817,W
9/27/2018,7:29:11,13.457,N,57.823,W
9/27/2018,7:31:10,13.459,N,57.829,W
9/27/2018,7:33:10,13.461,N,57.835,W
9/27/2018,7:35:11,13.463,N,57.841,W
9/27/2018,7:37:11,13.465,N,57.846,W
9/27/2018,7:39:10,13.467,N,57.852,W
9/27/2018,7:41:10,13.468,N,57.858,W
9/27/2018,7:43:11,13.47,N,57.864,W
9/27/2018,7:45:11,13.472,N,57.87,W
9/27/2018,7:47:10,13.474,N,57.876,W
9/27/2018,7:49:11,13.476,N,57.882,W
9/27/2018,7:51:11,13.478,N,57.888,W
9/27/2018,7:53:10,13.479,N,57.894,W
9/27/2018,7:55:10,13.481,N,57.9,W
9/27/2018,7:57:11,13.483,N,57.906,W
9/27/2018,7:59:11,13.485,N,57.912,W
9/27/2018,8:01:10,13.487,N,57.918,W
9/27/2018,8:03:10,13.488,N,57.924,W
9/27/2018,8:05:10,13.49,N,57.929,W
9/27/2018,8:07:10,13.492,N,57.935,W
9/27/2018,8:09:11,13.494,N,57.941,W
9/27/2018,8:11:11,13.495,N,57.947,W
9/27/2018,8:13:11,13.497,N,57.953,W
9/27/2018,8:15:11,13.499,N,57.959,W
9/27/2018,8:17:10,13.5,N,57.965,W
9/27/2018,8:19:10,13.502,N,57.971,W
9/27/2018,8:21:10,13.504,N,57.977,W
9/27/2018,8:23:11,13.506,N,57.983,W
9/27/2018,8:25:11,13.507,N,57.989,W
9/27/2018,8:27:11,13.509,N,57.995,W
9/27/2018,8:29:11,13.511,N,58.001,W
9/27/2018,8:31:10,13.512,N,58.007,W
9/27/2018,8:33:10,13.514,N,58.013,W
9/27/2018,8:35:10,13.515,N,58.019,W
9/27/2018,8:37:10,13.517,N,58.026,W
9/27/2018,8:39:11,13.519,N,58.032,W
9/27/2018,8:41:11,13.52,N,58.038,W
9/27/2018,8:43:11,13.522,N,58.044,W
9/27/2018,8:45:11,13.523,N,58.05,W
9/27/2018,8:47:10,13.525,N,58.056,W
9/27/2018,8:49:10,13.526,N,58.062,W
9/27/2018,8:51:10,13.528,N,58.068,W
9/27/2018,8:53:11,13.53,N,58.074,W
9/27/2018,8:55:11,13.531,N,58.08,W
9/27/2018,8:57:11,13.533,N,58.086,W
9/27/2018,8:59:11,13.534,N,58.092,W
9/27/2018,9:01:10,13.536,N,58.098,W
9/27/2018,9:03:10,13.537,N,58.104,W
9/27/2018,9:05:10,13.539,N,58.11,W
9/27/2018,9:07:10,13.54,N,58.116,W
9/27/2018,9:09:11,13.541,N,58.123,W
9/27/2018,9:11:11,13.543,N,58.129,W
9/27/2018,9:13:11,13.544,N,58.135,W
9/27/2018,9:15:11,13.546,N,58.141,W
9/27/2018,9:17:10,13.547,N,58.147,W
9/27/2018,9:19:10,13.549,N,58.153,W
9/27/2018,9:21:10,13.55,N,58.159,W
9/27/2018,9:23:11,13.551,N,58.165,W
9/27/2018,9:25:11,13.553,N,58.171,W
9/27/2018,9:27:11,13.554,N,58.178,W
9/27/2018,9:29:11,13.555,N,58.184,W
9/27/2018,9:31:10,13.557,N,58.19,W
9/27/2018,9:33:10,13.558,N,58.196,W
9/27/2018,9:35:10,13.559,N,58.202,W
9/27/2018,9:37:10,13.561,N,58.208,W
9/27/2018,9:39:11,13.562,N,58.214,W
9/27/2018,9:41:11,13.563,N,58.221,W
9/27/2018,9:43:11,13.565,N,58.227,W
9/27/2018,9:45:11,13.566,N,58.233,W
9/27/2018,9:47:10,13.567,N,58.239,W
9/27/2018,9:49:10,13.568,N,58.245,W
9/27/2018,9:51:10,13.57,N,58.251,W
9/27/2018,9:53:11,13.571,N,58.257,W
9/27/2018,9:55:11,13.572,N,58.264,W
9/27/2018,9:57:11,13.573,N,58.27,W
9/27/2018,9:59:11,13.575,N,58.276,W
9/27/2018,10:01:10,13.576,N,58.282,W
9/27/2018,10:03:10,13.577,N,58.288,W
9/27/2018,10:05:10,13.578,N,58.294,W
9/27/2018,10:07:10,13.579,N,58.301,W
9/27/2018,10:09:11,13.58,N,58.307,W
9/27/2018,10:11:11,13.582,N,58.313,W
9/27/2018,10:13:11,13.583,N,58.319,W
9/27/2018,10:15:11,13.584,N,58.325,W
9/27/2018,10:17:10,13.585,N,58.332,W
9/27/2018,10:19:10,13.586,N,58.338,W
9/27/2018,10:21:10,13.587,N,58.344,W
9/27/2018,10:23:11,13.588,N,58.35,W
9/27/2018,10:25:11,13.589,N,58.356,W
9/27/2018,10:27:11,13.59,N,58.363,W
9/27/2018,10:29:11,13.591,N,58.369,W
9/27/2018,10:31:10,13.592,N,58.375,W
9/27/2018,10:33:10,13.593,N,58.381,W
9/27/2018,10:35:10,13.594,N,58.387,W
9/27/2018,10:37:10,13.595,N,58.394,W
9/27/2018,10:39:11,13.596,N,58.4,W
9/27/2018,10:41:11,13.597,N,58.406,W
9/27/2018,10:43:11,13.598,N,58.412,W
9/27/2018,10:45:11,13.599,N,58.419,W
9/27/2018,10:47:10,13.6,N,58.425,W
9/27/2018,10:49:10,13.601,N,58.431,W
9/27/2018,10:51:10,13.602,N,58.437,W
9/27/2018,10:53:11,13.603,N,58.443,W
9/27/2018,10:55:11,13.604,N,58.45,W
9/27/2018,10:57:11,13.605,N,58.456,W
9/27/2018,10:59:11,13.606,N,58.462,W
9/27/2018,11:01:10,13.607,N,58.468,W
9/27/2018,11:03:10,13.608,N,58.475,W
9/27/2018,11:05:10,13.609,N,58.481,W
9/27/2018,11:07:10,13.61,N,58.487,W
9/27/2018,11:09:11,13.61,N,58.493,W
9/27/2018,11:11:11,13.611,N,58.5,W
9/27/2018,11:13:11,13.612,N,58.506,W
9/27/2018,11:15:11,13.613,N,58.512,W
9/27/2018,11:17:10,13.614,N,58.518,W
9/27/2018,11:19:10,13.615,N,58.525,W
9/27/2018,11:21:10,13.616,N,58.531,W
9/27/2018,11:23:11,13.616,N,58.537,W
9/27/2018,11:25:11,13.617,N,58.543,W
9/27/2018,11:27:11,13.618,N,58.55,W
9/27/2018,11:29:11,13.619,N,58.556,W
9/27/2018,11:31:10,13.62,N,58.562,W
9/27/2018,11:33:10,13.62,N,58.568,W
9/27/2018,11:35:10,13.621,N,58.575,W
9/27/2018,11:37:10,13.622,N,58.581,W
9/27/2018,11:39:11,13.623,N,58.587,W
9/27/2018,11:41:11,13.623,N,58.594,W
9/27/2018,11:43:11,13.624,N,58.6,W
9/27/2018,11:45:11,13.625,N,58.606,W
9/27/2018,11:47:10,13.626,N,58.612,W
9/27/2018,11:49:10,13.626,N,58.619,W
9/27/2018,11:51:10,13.627,N,58.625,W
9/27/2018,11:53:11,13.628,N,58.631,W
9/27/2018,11:53:26,13.628,N,58.632,W
9/27/2018,11:55:26,13.624,N,58.638,W
9/27/2018,11:57:25,13.621,N,58.645,W
9/27/2018,11:59:25,13.618,N,58.651,W
9/27/2018,12:01:25,13.615,N,58.658,W
9/27/2018,12:03:25,13.612,N,58.664,W
9/27/2018,12:05:26,13.609,N,58.67,W
9/27/2018,12:07:26,13.607,N,58.677,W
9/27/2018,12:09:26,13.605,N,58.683,W
9/27/2018,12:11:26,13.602,N,58.69,W
9/27/2018,12:13:25,13.6,N,58.696,W
9/27/2018,12:15:25,13.599,N,58.702,W
9/27/2018,12:17:25,13.597,N,58.709,W
9/27/2018,12:19:26,13.595,N,58.715,W
9/27/2018,12:21:26,13.594,N,58.721,W
9/27/2018,12:23:26,13.593,N,58.728,W
9/27/2018,12:25:26,13.592,N,58.734,W
9/27/2018,12:27:25,13.591,N,58.74,W
9/27/2018,12:29:25,13.59,N,58.747,W
9/27/2018,12:31:25,13.59,N,58.753,W
9/27/2018,12:33:25,13.589,N,58.759,W
9/27/2018,12:35:26,13.589,N,58.766,W
9/27/2018,12:37:26,13.589,N,58.772,W
9/27/2018,12:39:26,13.589,N,58.778,W
9/27/2018,12:41:26,13.589,N,58.785,W
9/27/2018,12:43:25,13.589,N,58.791,W
9/27/2018,12:45:25,13.589,N,58.797,W
9/27/2018,12:47:25,13.59,N,58.804,W
9/27/2018,12:49:26,13.591,N,58.81,W
9/27/2018,12:51:26,13.591,N,58.816,W
9/27/2018,12:53:26,13.592,N,58.823,W
9/27/2018,12:55:26,13.593,N,58.829,W
9/27/2018,12:57:25,13.595,N,58.835,W
9/27/2018,12:59:25,13.596,N,58.841,W
9/27/2018,13:01:25,13.597,N,58.848,W
9/27/2018,13:03:25,13.599,N,58.854,W
9/27/2018,13:05:26,13.6,N,58.86,W
9/27/2018,13:07:26,13.602,N,58.867,W
9/27/2018,13:09:26,13.604,N,58.873,W
9/27/2018,13:11:26,13.606,N,58.879,W
9/27/2018,13:13:25,13.608,N,58.885,W
9/27/2018,13:15:25,13.61,N,58.892,W
9/27/2018,13:17:25,13.613,N,58.898,W
9/27/2018,13:19:26,13.615,N,58.904,W
9/27/2018,13:21:26,13.618,N,58.91,W
9/27/2018,13:23:26,13.62,N,58.917,W
9/27/2018,13:25:26,13.623,N,58.923,W
9/27/2018,13:27:25,13.626,N,58.929,W
9/27/2018,13:29:25,13.629,N,58.935,W
9/27/2018,13:31:25,13.632,N,58.942,W
9/27/2018,13:33:25,13.635,N,58.948,W
9/27/2018,13:35:26,13.638,N,58.954,W
9/27/2018,13:37:26,13.642,N,58.96,W
9/27/2018,13:39:26,13.645,N,58.967,W
9/27/2018,13:41:26,13.649,N,58.973,W
9/27/2018,13:43:25,13.652,N,58.979,W
9/27/2018,13:45:25,13.656,N,58.985,W
9/27/2018,13:47:25,13.659,N,58.992,W
9/27/2018,13:49:26,13.663,N,58.998,W
9/27/2018,13:49:48,13.664,N,58.999,W
9/27/2018,13:51:48,13.668,N,59.006,W
9/27/2018,13:53:49,13.672,N,59.012,W
9/27/2018,13:55:49,13.676,N,59.019,W
9/27/2018,13:57:49,13.681,N,59.025,W
9/27/2018,13:59:48,13.685,N,59.032,W
9/27/2018,14:01:48,13.69,N,59.039,W
9/27/2018,14:03:48,13.694,N,59.045,W
9/27/2018,14:05:48,13.699,N,59.052,W
9/27/2018,14:07:49,13.704,N,59.058,W
9/27/2018,14:09:49,13.709,N,59.065,W
9/27/2018,14:11:49,13.713,N,59.071,W
9/27/2018,14:13:49,13.718,N,59.078,W
9/27/2018,14:15:48,13.723,N,59.084,W
9/27/2018,14:17:48,13.728,N,59.091,W
9/27/2018,14:19:48,13.734,N,59.097,W
9/27/2018,14:21:48,13.739,N,59.104,W
9/27/2018,14:23:49,13.744,N,59.11,W
9/27/2018,14:25:49,13.749,N,59.117,W
9/27/2018,14:27:49,13.754,N,59.123,W
9/27/2018,14:29:48,13.76,N,59.129,W
9/27/2018,14:31:48,13.765,N,59.136,W
9/27/2018,14:33:48,13.77,N,59.142,W
9/27/2018,14:35:48,13.775,N,59.148,W
9/27/2018,14:37:49,13.781,N,59.154,W
9/27/2018,14:39:49,13.786,N,59.161,W
9/27/2018,14:41:49,13.791,N,59.167,W
9/27/2018,14:43:49,13.797,N,59.173,W
9/27/2018,14:45:48,13.802,N,59.179,W
9/27/2018,14:47:48,13.807,N,59.185,W
9/27/2018,14:49:48,13.813,N,59.191,W
9/27/2018,14:51:48,13.818,N,59.197,W
9/27/2018,14:53:49,13.823,N,59.203,W
9/27/2018,14:55:49,13.828,N,59.209,W
9/27/2018,14:57:49,13.833,N,59.215,W
9/27/2018,14:59:48,13.838,N,59.221,W
9/27/2018,15:01:48,13.844,N,59.226,W
9/27/2018,15:03:48,13.849,N,59.232,W
9/27/2018,15:05:48,13.854,N,59.238,W
9/27/2018,15:07:49,13.858,N,59.244,W
9/27/2018,15:09:49,13.863,N,59.249,W
9/27/2018,15:11:49,13.868,N,59.255,W
9/27/2018,15:13:49,13.873,N,59.26,W
9/27/2018,15:15:48,13.878,N,59.266,W
9/27/2018,15:16:19,13.879,N,59.267,W
9/27/2018,15:18:19,13.884,N,59.273,W
9/27/2018,15:20:19,13.888,N,59.278,W
9/27/2018,15:22:18,13.893,N,59.284,W
9/27/2018,15:24:18,13.898,N,59.29,W
9/27/2018,15:26:18,13.902,N,59.295,W
9/27/2018,15:28:18,13.907,N,59.301,W
9/27/2018,15:30:19,13.912,N,59.306,W
9/27/2018,15:32:19,13.916,N,59.312,W
9/27/2018,15:34:19,13.921,N,59.317,W
9/27/2018,15:36:19,13.925,N,59.323,W
9/27/2018,15:38:18,13.93,N,59.328,W
9/27/2018,15:40:18,13.934,N,59.333,W
9/27/2018,15:42:18,13.939,N,59.339,W
9/27/2018,15:44:18,13.943,N,59.344,W
9/27/2018,15:46:19,13.948,N,59.349,W
9/27/2018,15:48:19,13.952,N,59.354,W
9/27/2018,15:50:19,13.956,N,59.359,W
9/27/2018,15:52:18,13.961,N,59.364,W
9/27/2018,15:54:18,13.965,N,59.369,W
9/27/2018,15:56:18,13.969,N,59.374,W
9/27/2018,15:58:18,13.974,N,59.379,W
9/27/2018,16:00:19,13.978,N,59.384,W
9/27/2018,16:02:19,13.982,N,59.389,W
9/27/2018,16:04:19,13.986,N,59.394,W
9/27/2018,16:06:19,13.991,N,59.399,W
9/27/2018,16:08:18,13.995,N,59.403,W
9/27/2018,16:10:18,13.999,N,59.408,W
9/27/2018,16:12:18,14.003,N,59.412,W
9/27/2018,16:14:18,14.007,N,59.417,W
9/27/2018,16:16:19,14.011,N,59.422,W
9/27/2018,16:18:19,14.015,N,59.426,W
9/27/2018,16:20:19,14.019,N,59.43,W
9/27/2018,16:22:18,14.023,N,59.435,W
9/27/2018,16:24:18,14.027,N,59.439,W
9/27/2018,16:26:18,14.031,N,59.443,W
9/27/2018,16:28:18,14.035,N,59.447,W
9/27/2018,16:30:19,14.039,N,59.451,W
9/27/2018,16:32:08,14.042,N,59.455,W
9/27/2018,16:34:09,14.046,N,59.46,W
9/27/2018,16:36:09,14.05,N,59.465,W
9/27/2018,16:38:09,14.054,N,59.469,W
9/27/2018,16:40:08,14.058,N,59.474,W
9/27/2018,16:42:08,14.061,N,59.479,W
9/27/2018,16:44:08,14.065,N,59.484,W
9/27/2018,16:46:08,14.069,N,59.488,W
9/27/2018,16:48:09,14.073,N,59.493,W
9/27/2018,16:50:09,14.076,N,59.498,W
9/27/2018,16:52:09,14.08,N,59.503,W
9/27/2018,16:54:09,14.083,N,59.507,W
9/27/2018,16:56:08,14.087,N,59.512,W
9/27/2018,16:58:08,14.09,N,59.517,W
9/27/2018,17:00:08,14.094,N,59.521,W
9/27/2018,17:02:08,14.097,N,59.526,W
9/27/2018,17:04:09,14.101,N,59.531,W
9/27/2018,17:06:09,14.104,N,59.535,W
9/27/2018,17:08:09,14.107,N,59.54,W
9/27/2018,17:10:08,14.111,N,59.544,W
9/27/2018,17:12:08,14.114,N,59.549,W
9/27/2018,17:14:08,14.117,N,59.553,W
9/27/2018,17:16:08,14.12,N,59.558,W
9/27/2018,17:18:09,14.123,N,59.562,W
9/27/2018,17:20:09,14.126,N,59.567,W
9/27/2018,17:22:09,14.129,N,59.571,W
9/27/2018,17:24:09,14.132,N,59.576,W
9/27/2018,17:26:08,14.135,N,59.58,W
9/27/2018,17:28:08,14.138,N,59.585,W
9/27/2018,17:30:08,14.141,N,59.589,W
9/27/2018,17:32:08,14.144,N,59.593,W
9/27/2018,17:34:09,14.146,N,59.598,W
9/27/2018,17:36:09,14.149,N,59.602,W
9/27/2018,17:38:09,14.152,N,59.606,W
9/27/2018,17:40:08,14.154,N,59.611,W
9/27/2018,17:42:08,14.157,N,59.615,W
9/27/2018,17:44:08,14.159,N,59.619,W
9/27/2018,17:46:08,14.162,N,59.623,W
9/27/2018,17:48:09,14.164,N,59.628,W
9/27/2018,17:50:09,14.166,N,59.632,W
9/27/2018,17:52:09,14.168,N,59.636,W
9/27/2018,17:54:09,14.171,N,59.64,W
9/27/2018,17:56:08,14.173,N,59.644,W
9/27/2018,17:58:08,14.175,N,59.648,W
9/27/2018,18:00:08,14.177,N,59.652,W
9/27/2018,18:02:08,14.179,N,59.657,W
9/27/2018,18:04:09,14.18,N,59.661,W
9/27/2018,18:06:09,14.182,N,59.665,W
9/27/2018,18:08:09,14.184,N,59.669,W
9/27/2018,18:10:08,14.186,N,59.672,W
9/27/2018,18:12:08,14.187,N,59.676,W
9/27/2018,18:14:08,14.189,N,59.68,W
9/27/2018,18:16:08,14.19,N,59.684,W
9/27/2018,18:18:09,14.191,N,59.688,W
9/27/2018,18:20:09,14.193,N,59.692,W
9/27/2018,18:22:09,14.194,N,59.696,W
9/27/2018,18:24:09,14.195,N,59.699,W
9/27/2018,18:26:08,14.196,N,59.703,W
9/27/2018,18:28:08,14.197,N,59.707,W
9/27/2018,18:30:08,14.198,N,59.711,W
9/27/2018,18:32:08,14.199,N,59.714,W
9/27/2018,18:34:09,14.2,N,59.718,W
9/27/2018,18:36:09,14.201,N,59.721,W
9/27/2018,18:38:09,14.201,N,59.725,W
9/27/2018,18:40:08,14.202,N,59.729,W
9/27/2018,18:42:08,14.202,N,59.732,W
9/27/2018,18:44:08,14.203,N,59.736,W
9/27/2018,18:46:08,14.203,N,59.739,W
9/27/2018,18:48:09,14.204,N,59.743,W
9/27/2018,18:50:09,14.204,N,59.746,W
9/27/2018,18:52:09,14.204,N,59.749,W
9/27/2018,18:54:09,14.204,N,59.753,W
9/27/2018,18:56:08,14.204,N,59.756,W
9/27/2018,18:58:08,14.204,N,59.759,W
9/27/2018,19:00:08,14.204,N,59.763,W
9/27/2018,19:02:08,14.203,N,59.766,W
9/27/2018,19:04:09,14.203,N,59.769,W
9/27/2018,19:06:09,14.203,N,59.773,W
9/27/2018,19:08:09,14.202,N,59.776,W
9/27/2018,19:10:08,14.202,N,59.779,W
9/27/2018,19:12:08,14.201,N,59.782,W
9/27/2018,19:14:08,14.201,N,59.785,W
9/27/2018,19:16:08,14.2,N,59.789,W
9/27/2018,19:18:09,14.199,N,59.792,W
9/27/2018,19:20:09,14.199,N,59.795,W
9/27/2018,19:22:09,14.198,N,59.798,W
9/27/2018,19:24:09,14.197,N,59.801,W
9/27/2018,19:26:08,14.196,N,59.805,W
9/27/2018,19:28:08,14.195,N,59.808,W
9/27/2018,19:30:08,14.194,N,59.811,W
9/27/2018,19:32:08,14.192,N,59.814,W
9/27/2018,19:34:09,14.191,N,59.817,W
9/27/2018,19:36:09,14.19,N,59.82,W
9/27/2018,19:38:09,14.189,N,59.824,W
9/27/2018,19:40:08,14.187,N,59.827,W
9/27/2018,19:42:08,14.186,N,59.83,W
9/27/2018,19:44:08,14.184,N,59.833,W
9/27/2018,19:46:08,14.183,N,59.836,W
9/27/2018,19:48:09,14.181,N,59.839,W
9/27/2018,19:50:09,14.18,N,59.843,W
9/27/2018,19:52:09,14.178,N,59.846,W
9/27/2018,19:54:09,14.176,N,59.849,W
9/27/2018,19:56:08,14.174,N,59.852,W
9/27/2018,19:58:08,14.173,N,59.856,W
9/27/2018,20:00:08,14.171,N,59.859,W
9/27/2018,20:02:08,14.169,N,59.862,W
9/27/2018,20:04:09,14.167,N,59.866,W
9/27/2018,20:06:09,14.165,N,59.869,W
9/27/2018,20:08:09,14.163,N,59.872,W
9/27/2018,20:10:08,14.161,N,59.876,W
9/27/2018,20:12:08,14.159,N,59.879,W
9/27/2018,20:14:08,14.156,N,59.882,W
9/27/2018,20:16:08,14.154,N,59.886,W
9/27/2018,20:18:09,14.152,N,59.889,W
9/27/2018,20:20:09,14.15,N,59.893,W
9/27/2018,20:22:09,14.147,N,59.896,W
9/27/2018,20:24:09,14.145,N,59.9,W
9/27/2018,20:26:08,14.143,N,59.903,W
9/27/2018,20:28:08,14.14,N,59.907,W
9/27/2018,20:30:08,14.138,N,59.911,W
9/27/2018,20:32:08,14.135,N,59.914,W
9/27/2018,20:34:09,14.133,N,59.918,W
9/27/2018,20:36:09,14.13,N,59.922,W
9/27/2018,20:38:09,14.127,N,59.926,W
9/27/2018,20:40:08,14.125,N,59.929,W
9/27/2018,20:42:08,14.122,N,59.933,W
9/27/2018,20:44:08,14.119,N,59.937,W
9/27/2018,20:46:08,14.117,N,59.941,W
9/27/2018,20:48:09,14.114,N,59.945,W
9/27/2018,20:50:09,14.111,N,59.949,W
9/27/2018,20:52:09,14.108,N,59.953,W
9/27/2018,20:54:09,14.106,N,59.957,W
9/27/2018,20:56:08,14.103,N,59.962,W
9/27/2018,20:58:08,14.1,N,59.966,W
9/27/2018,21:00:08,14.097,N,59.97,W
9/27/2018,21:02:08,14.094,N,59.974,W
9/27/2018,21:04:09,14.091,N,59.979,W
9/27/2018,21:06:09,14.088,N,59.983,W
9/27/2018,21:08:09,14.085,N,59.988,W
9/27/2018,21:10:08,14.082,N,59.992,W
9/27/2018,21:12:08,14.079,N,59.997,W
9/27/2018,21:14:08,14.076,N,60.002,W
9/27/2018,21:16:08,14.073,N,60.006,W
9/27/2018,21:18:09,14.07,N,60.011,W
9/27/2018,21:20:09,14.067,N,60.016,W
9/27/2018,21:22:09,14.064,N,60.021,W
9/27/2018,21:24:09,14.061,N,60.026,W
9/27/2018,21:26:08,14.058,N,60.031,W
9/27/2018,21:28:08,14.055,N,60.036,W
9/27/2018,21:30:08,14.052,N,60.041,W
9/27/2018,21:32:08,14.049,N,60.046,W
9/27/2018,21:34:09,14.046,N,60.052,W
9/27/2018,21:36:09,14.042,N,60.057,W
9/27/2018,21:38:09,14.039,N,60.062,W
9/27/2018,21:40:08,14.036,N,60.068,W
9/27/2018,21:42:08,14.033,N,60.073,W
9/27/2018,21:44:08,14.03,N,60.079,W
9/27/2018,21:46:08,14.027,N,60.085,W
9/27/2018,21:48:09,14.023,N,60.091,W
9/27/2018,21:50:09,14.02,N,60.097,W
9/27/2018,21:52:09,14.017,N,60.103,W
9/27/2018,21:54:09,14.014,N,60.109,W
9/27/2018,21:56:08,14.011,N,60.115,W
9/27/2018,21:58:08,14.008,N,60.121,W
9/27/2018,22:00:08,14.004,N,60.127,W
9/27/2018,22:02:08,14.001,N,60.134,W
9/27/2018,22:04:09,13.998,N,60.14,W
9/27/2018,22:06:09,13.995,N,60.147,W
9/27/2018,22:08:09,13.992,N,60.153,W
9/27/2018,22:10:08,13.989,N,60.16,W
9/27/2018,22:12:08,13.986,N,60.167,W
9/27/2018,22:14:08,13.982,N,60.174,W
9/27/2018,22:16:08,13.979,N,60.181,W
9/27/2018,22:18:09,13.976,N,60.188,W
9/27/2018,22:20:09,13.973,N,60.195,W
9/27/2018,22:22:09,13.97,N,60.202,W
9/27/2018,22:24:09,13.967,N,60.21,W
9/27/2018,22:26:08,13.964,N,60.217,W
9/27/2018,22:28:08,13.961,N,60.224,W
9/27/2018,22:30:08,13.957,N,60.232,W
9/27/2018,22:32:08,13.954,N,60.24,W
9/27/2018,22:34:09,13.951,N,60.247,W
9/27/2018,22:36:09,13.948,N,60.255,W
9/27/2018,22:38:09,13.945,N,60.263,W
9/27/2018,22:40:08,13.942,N,60.271,W
9/27/2018,22:42:08,13.939,N,60.279,W
9/27/2018,22:44:08,13.936,N,60.287,W
9/27/2018,22:46:08,13.933,N,60.295,W
9/27/2018,22:48:09,13.93,N,60.303,W
9/27/2018,22:50:09,13.927,N,60.311,W
9/27/2018,22:52:09,13.923,N,60.32,W
9/27/2018,22:54:09,13.92,N,60.328,W
9/27/2018,22:56:08,13.917,N,60.337,W
9/27/2018,22:58:08,13.914,N,60.345,W
9/27/2018,23:00:08,13.911,N,60.354,W
9/27/2018,23:02:08,13.908,N,60.362,W
9/27/2018,23:04:09,13.905,N,60.371,W
9/27/2018,23:06:09,13.902,N,60.38,W
9/27/2018,23:08:09,13.899,N,60.389,W
9/27/2018,23:10:08,13.896,N,60.398,W
9/27/2018,23:12:08,13.893,N,60.406,W
9/27/2018,23:14:08,13.89,N,60.415,W
9/27/2018,23:16:08,13.887,N,60.425,W
9/27/2018,23:18:09,13.884,N,60.434,W
9/27/2018,23:20:09,13.881,N,60.443,W
9/27/2018,23:22:09,13.878,N,60.452,W
9/27/2018,23:24:09,13.875,N,60.461,W
9/27/2018,23:26:08,13.872,N,60.471,W
9/27/2018,23:28:08,13.869,N,60.48,W
9/27/2018,23:30:08,13.866,N,60.49,W
9/27/2018,23:32:08,13.863,N,60.499,W
9/27/2018,23:34:09,13.86,N,60.509,W
9/27/2018,23:36:09,13.857,N,60.518,W
9/27/2018,23:36:32,13.856,N,60.52,W
9/27/2018,23:38:32,13.855,N,60.531,W
9/27/2018,23:40:32,13.854,N,60.541,W
9/27/2018,23:42:32,13.853,N,60.552,W
9/27/2018,23:44:31,13.852,N,60.563,W
9/27/2018,23:46:31,13.85,N,60.573,W
9/27/2018,23:48:31,13.849,N,60.584,W
9/27/2018,23:50:32,13.847,N,60.595,W
9/27/2018,23:52:32,13.846,N,60.605,W
9/27/2018,23:54:32,13.844,N,60.616,W
9/27/2018,23:56:32,13.842,N,60.627,W
9/27/2018,23:58:31,13.84,N,60.637,W
9/28/2018,0:00:31,13.838,N,60.648,W
9/28/2018,0:02:31,13.836,N,60.658,W
9/28/2018,0:04:31,13.834,N,60.669,W
9/28/2018,0:06:32,13.832,N,60.68,W
9/28/2018,0:08:32,13.83,N,60.69,W
9/28/2018,0:10:32,13.828,N,60.701,W
9/28/2018,0:12:32,13.825,N,60.711,W
9/28/2018,0:14:31,13.823,N,60.722,W
9/28/2018,0:16:31,13.82,N,60.732,W
9/28/2018,0:18:31,13.818,N,60.743,W
9/28/2018,0:20:32,13.815,N,60.753,W
9/28/2018,0:22:32,13.812,N,60.764,W
9/28/2018,0:24:32,13.809,N,60.774,W
9/28/2018,0:26:32,13.807,N,60.785,W
9/28/2018,0:28:31,13.804,N,60.795,W
9/28/2018,0:30:31,13.801,N,60.806,W
9/28/2018,0:32:31,13.797,N,60.816,W
9/28/2018,0:34:31,13.794,N,60.827,W
9/28/2018,0:36:32,13.791,N,60.837,W
9/28/2018,0:38:32,13.788,N,60.848,W
9/28/2018,0:40:32,13.785,N,60.858,W
9/28/2018,0:42:32,13.781,N,60.869,W
9/28/2018,0:44:31,13.778,N,60.879,W
9/28/2018,0:46:31,13.774,N,60.89,W
9/28/2018,0:48:31,13.771,N,60.9,W
9/28/2018,0:50:32,13.767,N,60.91,W
9/28/2018,0:52:32,13.763,N,60.921,W
9/28/2018,0:54:32,13.76,N,60.931,W
9/28/2018,0:56:32,13.756,N,60.942,W
9/28/2018,0:58:31,13.752,N,60.952,W
9/28/2018,1:00:31,13.748,N,60.962,W
9/28/2018,1:02:31,13.744,N,60.973,W
9/28/2018,1:04:31,13.74,N,60.983,W
9/28/2018,1:06:32,13.736,N,60.994,W
9/28/2018,1:08:32,13.732,N,61.004,W
9/28/2018,1:10:32,13.728,N,61.014,W
9/28/2018,1:12:32,13.723,N,61.025,W
9/28/2018,1:14:31,13.719,N,61.035,W
9/28/2018,1:16:31,13.715,N,61.045,W
9/28/2018,1:18:31,13.711,N,61.056,W
9/28/2018,1:20:32,13.706,N,61.066,W
9/28/2018,1:22:32,13.702,N,61.076,W
9/28/2018,1:24:32,13.697,N,61.087,W
9/28/2018,1:26:32,13.693,N,61.097,W
9/28/2018,1:26:55,13.692,N,61.099,W
9/28/2018,1:28:55,13.688,N,61.11,W
9/28/2018,1:30:55,13.683,N,61.121,W
9/28/2018,1:32:54,13.679,N,61.133,W
9/28/2018,1:34:54,13.674,N,61.144,W
9/28/2018,1:36:54,13.669,N,61.155,W
9/28/2018,1:38:55,13.665,N,61.166,W
9/28/2018,1:40:55,13.66,N,61.177,W
9/28/2018,1:42:55,13.655,N,61.188,W
9/28/2018,1:44:55,13.65,N,61.199,W
9/28/2018,1:46:54,13.645,N,61.211,W
9/28/2018,1:48:54,13.64,N,61.222,W
9/28/2018,1:50:54,13.635,N,61.233,W
9/28/2018,1:52:54,13.63,N,61.244,W
9/28/2018,1:54:55,13.625,N,61.255,W
9/28/2018,1:56:55,13.62,N,61.266,W
9/28/2018,1:58:55,13.615,N,61.277,W
9/28/2018,2:00:55,13.61,N,61.287,W
9/28/2018,2:02:54,13.605,N,61.298,W
9/28/2018,2:04:54,13.6,N,61.309,W
9/28/2018,2:06:54,13.595,N,61.32,W
9/28/2018,2:08:55,13.589,N,61.33,W
9/28/2018,2:10:55,13.584,N,61.341,W
9/28/2018,2:12:55,13.579,N,61.351,W
9/28/2018,2:14:55,13.574,N,61.362,W
9/28/2018,2:16:54,13.568,N,61.372,W
9/28/2018,2:18:54,13.563,N,61.382,W
9/28/2018,2:20:54,13.558,N,61.392,W
9/28/2018,2:22:54,13.552,N,61.402,W
9/28/2018,2:24:55,13.547,N,61.412,W
9/28/2018,2:26:55,13.542,N,61.422,W
9/28/2018,2:28:55,13.536,N,61.432,W
9/28/2018,2:30:55,13.531,N,61.442,W
9/28/2018,2:32:54,13.526,N,61.451,W
9/28/2018,2:34:54,13.52,N,61.46,W
9/28/2018,2:36:54,13.515,N,61.47,W
9/28/2018,2:38:55,13.51,N,61.479,W
9/28/2018,2:40:55,13.505,N,61.488,W
9/28/2018,2:42:55,13.499,N,61.497,W
9/28/2018,2:44:55,13.494,N,61.506,W
9/28/2018,2:46:54,13.489,N,61.514,W
9/28/2018,2:48:54,13.484,N,61.523,W
9/28/2018,2:50:54,13.478,N,61.531,W
9/28/2018,2:51:52,13.476,N,61.535,W
9/28/2018,2:53:51,13.471,N,61.544,W
9/28/2018,2:55:51,13.466,N,61.553,W
9/28/2018,2:57:51,13.461,N,61.561,W
9/28/2018,2:59:51,13.456,N,61.57,W
9/28/2018,3:01:52,13.451,N,61.578,W
9/28/2018,3:03:52,13.446,N,61.586,W
9/28/2018,3:05:52,13.441,N,61.595,W
9/28/2018,3:07:52,13.437,N,61.603,W
9/28/2018,3:09:51,13.432,N,61.611,W
9/28/2018,3:11:51,13.427,N,61.619,W
9/28/2018,3:13:51,13.422,N,61.626,W
9/28/2018,3:15:52,13.417,N,61.634,W
9/28/2018,3:17:52,13.412,N,61.641,W
9/28/2018,3:19:52,13.407,N,61.649,W
9/28/2018,3:21:52,13.403,N,61.656,W
9/28/2018,3:23:51,13.398,N,61.663,W
9/28/2018,3:25:51,13.393,N,61.67,W
9/28/2018,3:27:51,13.388,N,61.677,W
9/28/2018,3:29:51,13.383,N,61.683,W
9/28/2018,3:31:52,13.379,N,61.69,W
9/28/2018,3:33:52,13.374,N,61.696,W
9/28/2018,3:35:52,13.369,N,61.703,W
9/28/2018,3:37:52,13.364,N,61.709,W
9/28/2018,3:39:51,13.36,N,61.715,W
9/28/2018,3:41:51,13.355,N,61.72,W
9/28/2018,3:43:51,13.35,N,61.726,W
9/28/2018,3:45:52,13.346,N,61.732,W
9/28/2018,3:47:52,13.341,N,61.737,W
9/28/2018,3:49:52,13.336,N,61.742,W
9/28/2018,3:51:52,13.332,N,61.747,W
9/28/2018,3:53:51,13.327,N,61.752,W
9/28/2018,3:55:51,13.322,N,61.756,W
9/28/2018,3:57:51,13.318,N,61.761,W
9/28/2018,3:59:51,13.313,N,61.765,W
9/28/2018,4:01:52,13.309,N,61.769,W
9/28/2018,4:03:52,13.304,N,61.773,W
9/28/2018,4:05:52,13.299,N,61.777,W
9/28/2018,4:07:52,13.295,N,61.781,W
9/28/2018,4:09:51,13.29,N,61.784,W
9/28/2018,4:11:51,13.286,N,61.787,W
9/28/2018,4:13:51,13.282,N,61.79,W
9/28/2018,4:15:52,13.277,N,61.793,W
9/28/2018,4:17:52,13.273,N,61.796,W
9/28/2018,4:19:52,13.268,N,61.798,W
9/28/2018,4:21:52,13.264,N,61.801,W
9/28/2018,4:23:51,13.259,N,61.803,W
9/28/2018,4:25:51,13.255,N,61.804,W
9/28/2018,4:27:51,13.251,N,61.806,W
9/28/2018,4:29:51,13.246,N,61.807,W
9/28/2018,4:31:52,13.242,N,61.809,W
9/28/2018,4:33:52,13.238,N,61.81,W
9/28/2018,4:34:40,13.236,N,61.81,W
9/28/2018,4:36:39,13.232,N,61.815,W
9/28/2018,4:38:39,13.228,N,61.82,W
9/28/2018,4:40:39,13.225,N,61.826,W
9/28/2018,4:42:40,13.221,N,61.831,W
9/28/2018,4:44:40,13.217,N,61.836,W
9/28/2018,4:46:40,13.214,N,61.841,W
9/28/2018,4:48:40,13.21,N,61.846,W
9/28/2018,4:50:39,13.207,N,61.851,W
9/28/2018,4:52:39,13.203,N,61.856,W
9/28/2018,4:54:39,13.2,N,61.861,W
9/28/2018,4:56:39,13.197,N,61.866,W
9/28/2018,4:58:40,13.194,N,61.872,W
9/28/2018,5:00:40,13.19,N,61.877,W
9/28/2018,5:02:40,13.187,N,61.882,W
9/28/2018,5:04:40,13.184,N,61.887,W
9/28/2018,5:06:39,13.181,N,61.892,W
9/28/2018,5:08:39,13.178,N,61.897,W
9/28/2018,5:10:39,13.176,N,61.902,W
9/28/2018,5:12:40,13.173,N,61.907,W
9/28/2018,5:14:40,13.17,N,61.912,W
9/28/2018,5:16:40,13.167,N,61.917,W
9/28/2018,5:18:40,13.165,N,61.921,W
9/28/2018,5:20:39,13.162,N,61.926,W
9/28/2018,5:22:39,13.16,N,61.931,W
9/28/2018,5:24:39,13.157,N,61.936,W
9/28/2018,5:26:39,13.155,N,61.941,W
9/28/2018,5:28:40,13.153,N,61.946,W
9/28/2018,5:30:40,13.151,N,61.951,W
9/28/2018,5:32:40,13.149,N,61.956,W
9/28/2018,5:34:40,13.147,N,61.961,W
9/28/2018,5:36:39,13.145,N,61.965,W
9/28/2018,5:38:39,13.143,N,61.97,W
9/28/2018,5:40:39,13.141,N,61.975,W
9/28/2018,5:42:40,13.139,N,61.98,W
9/28/2018,5:44:40,13.138,N,61.984,W
9/28/2018,5:46:40,13.136,N,61.989,W
9/28/2018,5:48:40,13.135,N,61.994,W
9/28/2018,5:50:39,13.133,N,61.999,W
9/28/2018,5:52:39,13.132,N,62.003,W
9/28/2018,5:54:39,13.131,N,62.008,W
9/28/2018,5:56:39,13.13,N,62.013,W
9/28/2018,5:58:40,13.129,N,62.017,W
9/28/2018,6:00:40,13.128,N,62.022,W
9/28/2018,6:02:40,13.127,N,62.026,W
9/28/2018,6:04:40,13.126,N,62.031,W
9/28/2018,6:06:39,13.125,N,62.036,W
9/28/2018,6:08:39,13.125,N,62.04,W
9/28/2018,6:10:39,13.124,N,62.045,W
9/28/2018,6:12:40,13.124,N,62.049,W
9/28/2018,6:14:40,13.124,N,62.054,W
9/28/2018,6:16:40,13.123,N,62.058,W
9/28/2018,6:18:40,13.123,N,62.063,W
9/28/2018,6:20:39,13.123,N,62.067,W
9/28/2018,6:22:39,13.123,N,62.072,W
9/28/2018,6:24:39,13.124,N,62.076,W
9/28/2018,6:26:39,13.124,N,62.08,W
9/28/2018,6:28:40,13.124,N,62.085,W
9/28/2018,6:30:40,13.125,N,62.089,W
9/28/2018,6:32:40,13.125,N,62.093,W
9/28/2018,6:34:40,13.126,N,62.098,W
9/28/2018,6:36:39,13.127,N,62.102,W
9/28/2018,6:38:39,13.127,N,62.106,W
9/28/2018,6:40:39,13.128,N,62.11,W
9/28/2018,6:42:40,13.129,N,62.115,W
9/28/2018,6:44:40,13.131,N,62.119,W
9/28/2018,6:46:40,13.132,N,62.123,W
9/28/2018,6:48:40,13.133,N,62.127,W
9/28/2018,6:50:39,13.134,N,62.132,W
9/28/2018,6:52:39,13.136,N,62.136,W
9/28/2018,6:54:39,13.137,N,62.14,W
9/28/2018,6:56:39,13.139,N,62.144,W
9/28/2018,6:58:40,13.141,N,62.148,W
9/28/2018,7:00:40,13.143,N,62.152,W
9/28/2018,7:02:40,13.144,N,62.157,W
9/28/2018,7:04:40,13.146,N,62.161,W
9/28/2018,7:06:39,13.148,N,62.165,W
9/28/2018,7:08:39,13.15,N,62.169,W
9/28/2018,7:10:39,13.153,N,62.173,W
9/28/2018,7:12:40,13.155,N,62.177,W
9/28/2018,7:14:40,13.157,N,62.181,W
9/28/2018,7:16:40,13.159,N,62.185,W
9/28/2018,7:18:40,13.162,N,62.189,W
9/28/2018,7:20:39,13.164,N,62.194,W
9/28/2018,7:22:39,13.167,N,62.198,W
9/28/2018,7:24:39,13.169,N,62.202,W
9/28/2018,7:26:39,13.172,N,62.206,W
9/28/2018,7:28:40,13.175,N,62.21,W
9/28/2018,7:30:40,13.178,N,62.214,W
9/28/2018,7:32:40,13.18,N,62.218,W
9/28/2018,7:34:40,13.183,N,62.222,W
9/28/2018,7:36:39,13.186,N,62.226,W
9/28/2018,7:38:39,13.189,N,62.231,W
9/28/2018,7:40:39,13.192,N,62.235,W
9/28/2018,7:42:40,13.195,N,62.239,W
9/28/2018,7:44:40,13.198,N,62.243,W
9/28/2018,7:46:40,13.202,N,62.247,W
9/28/2018,7:48:40,13.205,N,62.251,W
9/28/2018,7:50:39,13.208,N,62.256,W
9/28/2018,7:52:39,13.211,N,62.26,W
9/28/2018,7:54:39,13.215,N,62.264,W
9/28/2018,7:56:39,13.218,N,62.268,W
9/28/2018,7:58:40,13.222,N,62.272,W
9/28/2018,8:00:40,13.225,N,62.277,W
9/28/2018,8:02:40,13.229,N,62.281,W
9/28/2018,8:04:40,13.232,N,62.285,W
9/28/2018,8:06:39,13.236,N,62.289,W
9/28/2018,8:08:39,13.239,N,62.294,W
9/28/2018,8:10:39,13.243,N,62.298,W
9/28/2018,8:12:40,13.247,N,62.302,W
9/28/2018,8:14:40,13.25,N,62.307,W
9/28/2018,8:16:40,13.254,N,62.311,W
9/28/2018,8:18:40,13.258,N,62.315,W
9/28/2018,8:20:39,13.261,N,62.32,W
9/28/2018,8:22:39,13.265,N,62.324,W
9/28/2018,8:24:39,13.269,N,62.329,W
9/28/2018,8:26:39,13.273,N,62.333,W
9/28/2018,8:28:40,13.277,N,62.337,W
9/28/2018,8:30:40,13.28,N,62.342,W
9/28/2018,8:32:40,13.284,N,62.347,W
9/28/2018,8:34:40,13.288,N,62.351,W
9/28/2018,8:36:39,13.292,N,62.356,W
9/28/2018,8:38:39,13.296,N,62.36,W
9/28/2018,8:40:39,13.3,N,62.365,W
9/28/2018,8:42:40,13.304,N,62.37,W
9/28/2018,8:44:40,13.308,N,62.374,W
9/28/2018,8:46:40,13.312,N,62.379,W
9/28/2018,8:48:40,13.315,N,62.384,W
9/28/2018,8:50:39,13.319,N,62.388,W
9/28/2018,8:52:39,13.323,N,62.393,W
9/28/2018,8:54:39,13.327,N,62.398,W
9/28/2018,8:56:39,13.331,N,62.403,W
9/28/2018,8:58:40,13.335,N,62.408,W
9/28/2018,9:00:40,13.339,N,62.413,W
9/28/2018,9:02:40,13.343,N,62.418,W
9/28/2018,9:04:40,13.347,N,62.423,W
9/28/2018,9:06:39,13.351,N,62.428,W
9/28/2018,9:08:39,13.355,N,62.433,W
9/28/2018,9:10:39,13.358,N,62.438,W
9/28/2018,9:12:40,13.362,N,62.443,W
9/28/2018,9:14:40,13.366,N,62.448,W
9/28/2018,9:16:40,13.37,N,62.454,W
9/28/2018,9:18:40,13.374,N,62.459,W
9/28/2018,9:20:39,13.378,N,62.464,W
9/28/2018,9:22:39,13.381,N,62.47,W
9/28/2018,9:24:39,13.385,N,62.475,W
9/28/2018,9:26:39,13.389,N,62.48,W
9/28/2018,9:28:40,13.393,N,62.486,W
9/28/2018,9:30:40,13.396,N,62.491,W
9/28/2018,9:32:40,13.4,N,62.497,W
9/28/2018,9:34:40,13.404,N,62.503,W
9/28/2018,9:36:39,13.407,N,62.508,W
9/28/2018,9:38:39,13.411,N,62.514,W
9/28/2018,9:40:39,13.414,N,62.52,W
9/28/2018,9:42:40,13.418,N,62.525,W
9/28/2018,9:44:40,13.421,N,62.531,W
9/28/2018,9:46:40,13.425,N,62.537,W
9/28/2018,9:48:40,13.428,N,62.543,W
9/28/2018,9:50:39,13.431,N,62.549,W
9/28/2018,9:52:39,13.435,N,62.555,W
9/28/2018,9:54:39,13.438,N,62.561,W
9/28/2018,9:56:39,13.441,N,62.567,W
9/28/2018,9:58:40,13.444,N,62.574,W
9/28/2018,10:00:40,13.448,N,62.58,W
9/28/2018,10:02:40,13.451,N,62.586,W
9/28/2018,10:04:40,13.454,N,62.593,W
9/28/2018,10:06:39,13.457,N,62.599,W
9/28/2018,10:08:39,13.46,N,62.605,W
9/28/2018,10:10:39,13.463,N,62.612,W
9/28/2018,10:12:40,13.465,N,62.619,W
9/28/2018,10:14:40,13.468,N,62.625,W
9/28/2018,10:16:40,13.471,N,62.632,W
9/28/2018,10:18:40,13.474,N,62.639,W
9/28/2018,10:20:39,13.476,N,62.645,W
9/28/2018,10:22:39,13.479,N,62.652,W
9/28/2018,10:24:39,13.482,N,62.659,W
9/28/2018,10:26:39,13.484,N,62.666,W
9/28/2018,10:28:40,13.487,N,62.673,W
9/28/2018,10:30:40,13.489,N,62.68,W
9/28/2018,10:32:40,13.492,N,62.687,W
9/28/2018,10:34:40,13.494,N,62.694,W
9/28/2018,10:36:39,13.497,N,62.701,W
9/28/2018,10:38:39,13.499,N,62.709,W
9/28/2018,10:40:39,13.501,N,62.716,W
9/28/2018,10:42:40,13.504,N,62.723,W
9/28/2018,10:44:40,13.506,N,62.73,W
9/28/2018,10:46:40,13.508,N,62.738,W
9/28/2018,10:48:40,13.51,N,62.745,W
9/28/2018,10:50:39,13.512,N,62.753,W
9/28/2018,10:52:39,13.514,N,62.76,W
9/28/2018,10:54:39,13.517,N,62.768,W
9/28/2018,10:56:39,13.519,N,62.775,W
9/28/2018,10:58:40,13.521,N,62.783,W
9/28/2018,11:00:40,13.523,N,62.791,W
9/28/2018,11:02:40,13.524,N,62.798,W
9/28/2018,11:04:40,13.526,N,62.806,W
9/28/2018,11:06:39,13.528,N,62.814,W
9/28/2018,11:08:39,13.53,N,62.822,W
9/28/2018,11:10:39,13.532,N,62.83,W
9/28/2018,11:12:40,13.534,N,62.837,W
9/28/2018,11:14:40,13.535,N,62.845,W
9/28/2018,11:16:40,13.537,N,62.853,W
9/28/2018,11:18:40,13.539,N,62.861,W
9/28/2018,11:20:39,13.54,N,62.869,W
9/28/2018,11:22:39,13.542,N,62.877,W
9/28/2018,11:24:39,13.544,N,62.885,W
9/28/2018,11:26:39,13.545,N,62.894,W
9/28/2018,11:28:40,13.547,N,62.902,W
9/28/2018,11:30:40,13.548,N,62.91,W
9/28/2018,11:32:40,13.55,N,62.918,W
9/28/2018,11:34:40,13.551,N,62.926,W
9/28/2018,11:36:39,13.553,N,62.935,W
9/28/2018,11:36:59,13.553,N,62.936,W
9/28/2018,11:38:59,13.546,N,62.946,W
9/28/2018,11:40:59,13.54,N,62.956,W
9/28/2018,11:42:58,13.534,N,62.966,W
9/28/2018,11:44:58,13.529,N,62.975,W
9/28/2018,11:46:58,13.523,N,62.985,W
9/28/2018,11:48:58,13.518,N,62.995,W
9/28/2018,11:50:59,13.514,N,63.004,W
9/28/2018,11:52:59,13.509,N,63.014,W
9/28/2018,11:54:59,13.505,N,63.023,W
9/28/2018,11:56:59,13.501,N,63.033,W
9/28/2018,11:58:58,13.498,N,63.042,W
9/28/2018,12:00:58,13.495,N,63.052,W
9/28/2018,12:02:58,13.492,N,63.061,W
9/28/2018,12:04:59,13.489,N,63.071,W
9/28/2018,12:06:59,13.487,N,63.08,W
9/28/2018,12:08:59,13.485,N,63.089,W
9/28/2018,12:10:59,13.483,N,63.098,W
9/28/2018,12:12:58,13.481,N,63.108,W
9/28/2018,12:14:58,13.48,N,63.117,W
9/28/2018,12:16:58,13.479,N,63.126,W
9/28/2018,12:18:58,13.479,N,63.135,W
9/28/2018,12:20:59,13.478,N,63.144,W
9/28/2018,12:22:59,13.478,N,63.153,W
9/28/2018,12:24:59,13.478,N,63.162,W
9/28/2018,12:26:59,13.478,N,63.171,W
9/28/2018,12:28:58,13.479,N,63.18,W
9/28/2018,12:30:58,13.48,N,63.189,W
9/28/2018,12:32:58,13.481,N,63.198,W
9/28/2018,12:34:59,13.482,N,63.206,W
9/28/2018,12:36:59,13.483,N,63.215,W
9/28/2018,12:38:59,13.485,N,63.224,W
9/28/2018,12:40:59,13.487,N,63.233,W
9/28/2018,12:42:58,13.489,N,63.241,W
9/28/2018,12:44:58,13.492,N,63.25,W
9/28/2018,12:46:58,13.495,N,63.259,W
9/28/2018,12:48:58,13.497,N,63.267,W
9/28/2018,12:50:59,13.501,N,63.276,W
9/28/2018,12:52:59,13.504,N,63.284,W
9/28/2018,12:54:59,13.507,N,63.293,W
9/28/2018,12:56:59,13.511,N,63.301,W
9/28/2018,12:58:58,13.515,N,63.31,W
9/28/2018,13:00:58,13.519,N,63.318,W
9/28/2018,13:02:58,13.524,N,63.327,W
9/28/2018,13:04:59,13.528,N,63.335,W
9/28/2018,13:06:59,13.533,N,63.343,W
9/28/2018,13:08:59,13.538,N,63.352,W
9/28/2018,13:10:59,13.543,N,63.36,W
9/28/2018,13:12:58,13.548,N,63.368,W
9/28/2018,13:14:58,13.554,N,63.377,W
9/28/2018,13:16:58,13.559,N,63.385,W
9/28/2018,13:18:58,13.565,N,63.393,W
9/28/2018,13:20:59,13.571,N,63.401,W
9/28/2018,13:22:59,13.577,N,63.409,W
9/28/2018,13:24:59,13.584,N,63.417,W
9/28/2018,13:26:59,13.59,N,63.426,W
9/28/2018,13:28:58,13.597,N,63.434,W
9/28/2018,13:30:58,13.603,N,63.442,W
9/28/2018,13:32:16,13.608,N,63.447,W
9/28/2018,13:34:16,13.621,N,63.457,W
9/28/2018,13:36:16,13.634,N,63.467,W
9/28/2018,13:38:16,13.647,N,63.477,W
9/28/2018,13:40:17,13.659,N,63.487,W
9/28/2018,13:42:17,13.672,N,63.497,W
9/28/2018,13:44:17,13.684,N,63.507,W
9/28/2018,13:46:17,13.696,N,63.517,W
9/28/2018,13:48:16,13.708,N,63.526,W
9/28/2018,13:50:16,13.72,N,63.536,W
9/28/2018,13:52:16,13.732,N,63.545,W
9/28/2018,13:54:17,13.744,N,63.554,W
9/28/2018,13:56:17,13.755,N,63.563,W
9/28/2018,13:58:17,13.766,N,63.572,W
9/28/2018,14:00:17,13.778,N,63.581,W
9/28/2018,14:02:16,13.789,N,63.59,W
9/28/2018,14:04:16,13.799,N,63.599,W
9/28/2018,14:06:16,13.81,N,63.607,W
9/28/2018,14:08:16,13.821,N,63.616,W
9/28/2018,14:10:17,13.831,N,63.624,W
9/28/2018,14:12:17,13.841,N,63.632,W
9/28/2018,14:14:17,13.851,N,63.64,W
9/28/2018,14:16:17,13.861,N,63.648,W
9/28/2018,14:18:16,13.871,N,63.656,W
9/28/2018,14:20:16,13.881,N,63.664,W
9/28/2018,14:22:16,13.89,N,63.672,W
9/28/2018,14:24:17,13.899,N,63.679,W
9/28/2018,14:26:17,13.908,N,63.687,W
9/28/2018,14:28:17,13.917,N,63.694,W
9/28/2018,14:30:17,13.926,N,63.701,W
9/28/2018,14:32:16,13.935,N,63.709,W
9/28/2018,14:34:16,13.944,N,63.716,W
9/28/2018,14:36:16,13.952,N,63.723,W
9/28/2018,14:38:16,13.96,N,63.729,W
9/28/2018,14:40:17,13.969,N,63.736,W
9/28/2018,14:42:17,13.977,N,63.743,W
9/28/2018,14:44:17,13.985,N,63.749,W
9/28/2018,14:46:17,13.992,N,63.756,W
9/28/2018,14:48:16,14,N,63.762,W
9/28/2018,14:50:16,14.008,N,63.769,W
9/28/2018,14:52:16,14.015,N,63.775,W
9/28/2018,14:54:17,14.023,N,63.781,W
9/28/2018,14:56:17,14.03,N,63.787,W
9/28/2018,14:58:17,14.037,N,63.793,W
9/28/2018,15:00:17,14.044,N,63.799,W
9/28/2018,15:02:16,14.051,N,63.805,W
9/28/2018,15:04:16,14.058,N,63.811,W
9/28/2018,15:06:16,14.064,N,63.816,W
9/28/2018,15:08:16,14.071,N,63.822,W
9/28/2018,15:10:17,14.077,N,63.827,W
9/28/2018,15:12:17,14.084,N,63.833,W
9/28/2018,15:14:17,14.09,N,63.838,W
9/28/2018,15:16:17,14.096,N,63.844,W
9/28/2018,15:18:16,14.102,N,63.849,W
9/28/2018,15:20:16,14.108,N,63.854,W
9/28/2018,15:22:16,14.114,N,63.859,W
9/28/2018,15:24:17,14.12,N,63.864,W
9/28/2018,15:26:17,14.126,N,63.869,W
9/28/2018,15:28:17,14.132,N,63.874,W
9/28/2018,15:30:17,14.137,N,63.879,W
9/28/2018,15:32:16,14.143,N,63.884,W
9/28/2018,15:34:16,14.148,N,63.889,W
9/28/2018,15:36:16,14.154,N,63.894,W
9/28/2018,15:38:16,14.159,N,63.898,W
9/28/2018,15:40:17,14.164,N,63.903,W
9/28/2018,15:42:17,14.17,N,63.908,W
9/28/2018,15:44:17,14.175,N,63.912,W
9/28/2018,15:46:17,14.18,N,63.917,W
9/28/2018,15:48:16,14.185,N,63.921,W
9/28/2018,15:50:16,14.19,N,63.926,W
9/28/2018,15:52:16,14.195,N,63.93,W
9/28/2018,15:54:17,14.2,N,63.934,W
9/28/2018,15:56:17,14.204,N,63.939,W
9/28/2018,15:58:17,14.209,N,63.943,W
9/28/2018,16:00:17,14.214,N,63.947,W
9/28/2018,16:02:16,14.219,N,63.952,W
9/28/2018,16:04:16,14.223,N,63.956,W
9/28/2018,16:06:16,14.228,N,63.96,W
9/28/2018,16:08:16,14.232,N,63.964,W
9/28/2018,16:10:16,14.237,N,63.968,W
9/28/2018,16:12:16,14.241,N,63.972,W
9/28/2018,16:14:16,14.246,N,63.976,W
9/28/2018,16:16:16,14.25,N,63.981,W
9/28/2018,16:18:17,14.255,N,63.985,W
9/28/2018,16:20:17,14.259,N,63.989,W
9/28/2018,16:22:17,14.264,N,63.993,W
9/28/2018,16:24:17,14.268,N,63.997,W
9/28/2018,16:26:17,14.272,N,64.001,W
9/28/2018,16:28:17,14.277,N,64.005,W
9/28/2018,16:30:17,14.281,N,64.009,W
9/28/2018,16:32:16,14.285,N,64.013,W
9/28/2018,16:34:16,14.29,N,64.017,W
9/28/2018,16:36:16,14.294,N,64.02,W
9/28/2018,16:38:16,14.298,N,64.024,W
