Track,for,Ana,2015,,,
Date,Time,(UTC),Latitude,Longitude,,Category
MM/DD/Year,HH:MM:SS,(deg),(deg),,,
5/7/2015,11:53:59,30.587,N,77.503,W,0
5/7/2015,11:56:00,30.591,N,77.502,W,0
5/7/2015,11:57:59,30.596,N,77.501,W,0
5/7/2015,12:00:00,30.6,N,77.5,W,0
5/7/2015,12:02:00,30.604,N,77.499,W,0
5/7/2015,12:03:59,30.609,N,77.498,W,0
5/7/2015,12:06:00,30.613,N,77.497,W,0
5/7/2015,12:07:59,30.618,N,77.495,W,0
5/7/2015,12:10:00,30.622,N,77.494,W,0
5/7/2015,12:11:59,30.627,N,77.493,W,0
5/7/2015,12:14:00,30.631,N,77.492,W,0
5/7/2015,12:15:59,30.636,N,77.491,W,0
5/7/2015,12:18:00,30.64,N,77.49,W,0
5/7/2015,12:19:59,30.645,N,77.489,W,0
5/7/2015,12:22:00,30.649,N,77.487,W,0
5/7/2015,12:23:59,30.654,N,77.486,W,0
5/7/2015,12:26:00,30.658,N,77.485,W,0
5/7/2015,12:27:59,30.663,N,77.484,W,0
5/7/2015,12:30:00,30.667,N,77.483,W,0
5/7/2015,12:32:00,30.671,N,77.482,W,0
5/7/2015,12:33:59,30.676,N,77.481,W,0
5/7/2015,12:36:00,30.68,N,77.479,W,0
5/7/2015,12:37:59,30.685,N,77.478,W,0
5/7/2015,12:40:00,30.689,N,77.477,W,0
5/7/2015,12:41:59,30.694,N,77.476,W,0
5/7/2015,12:44:00,30.698,N,77.475,W,0
5/7/2015,12:45:59,30.703,N,77.474,W,0
5/7/2015,12:48:00,30.707,N,77.473,W,0
5/7/2015,12:49:59,30.712,N,77.472,W,0
5/7/2015,12:52:00,30.716,N,77.471,W,0
5/7/2015,12:53:59,30.72,N,77.47,W,0
5/7/2015,12:56:00,30.725,N,77.469,W,0
5/7/2015,12:57:59,30.729,N,77.467,W,0
5/7/2015,13:00:00,30.734,N,77.466,W,0
5/7/2015,13:02:00,30.738,N,77.465,W,0
5/7/2015,13:03:59,30.743,N,77.464,W,0
5/7/2015,13:06:00,30.747,N,77.463,W,0
5/7/2015,13:07:59,30.751,N,77.462,W,0
5/7/2015,13:10:00,30.756,N,77.461,W,0
5/7/2015,13:11:59,30.76,N,77.46,W,0
5/7/2015,13:14:00,30.765,N,77.459,W,0
5/7/2015,13:15:59,30.769,N,77.458,W,0
5/7/2015,13:18:00,30.774,N,77.457,W,0
5/7/2015,13:19:59,30.778,N,77.456,W,0
5/7/2015,13:22:00,30.782,N,77.455,W,0
5/7/2015,13:23:59,30.787,N,77.454,W,0
5/7/2015,13:26:00,30.791,N,77.453,W,0
5/7/2015,13:27:59,30.796,N,77.453,W,0
5/7/2015,13:30:00,30.8,N,77.452,W,0
5/7/2015,13:32:00,30.804,N,77.451,W,0
5/7/2015,13:33:59,30.809,N,77.45,W,0
5/7/2015,13:36:00,30.813,N,77.449,W,0
5/7/2015,13:37:59,30.817,N,77.448,W,0
5/7/2015,13:40:00,30.822,N,77.447,W,0
5/7/2015,13:41:59,30.826,N,77.446,W,0
5/7/2015,13:44:00,30.831,N,77.445,W,0
5/7/2015,13:45:59,30.835,N,77.445,W,0
5/7/2015,13:48:00,30.839,N,77.444,W,0
5/7/2015,13:49:59,30.844,N,77.443,W,0
5/7/2015,13:52:00,30.848,N,77.442,W,0
5/7/2015,13:53:59,30.852,N,77.441,W,0
5/7/2015,13:56:00,30.857,N,77.441,W,0
5/7/2015,13:57:59,30.861,N,77.44,W,0
5/7/2015,14:00:00,30.865,N,77.439,W,0
5/7/2015,14:02:00,30.87,N,77.438,W,0
5/7/2015,14:03:59,30.874,N,77.438,W,0
5/7/2015,14:06:00,30.878,N,77.437,W,0
5/7/2015,14:07:59,30.883,N,77.436,W,0
5/7/2015,14:10:00,30.887,N,77.435,W,0
5/7/2015,14:11:59,30.891,N,77.435,W,0
5/7/2015,14:14:00,30.895,N,77.434,W,0
5/7/2015,14:15:59,30.9,N,77.434,W,0
5/7/2015,14:18:00,30.904,N,77.433,W,0
5/7/2015,14:19:59,30.908,N,77.432,W,0
5/7/2015,14:22:00,30.913,N,77.432,W,0
5/7/2015,14:23:59,30.917,N,77.431,W,0
5/7/2015,14:26:00,30.921,N,77.431,W,0
5/7/2015,14:27:59,30.925,N,77.43,W,0
5/7/2015,14:30:00,30.93,N,77.43,W,0
5/7/2015,14:32:00,30.934,N,77.429,W,0
5/7/2015,14:33:59,30.938,N,77.429,W,0
5/7/2015,14:36:00,30.942,N,77.428,W,0
5/7/2015,14:37:59,30.946,N,77.428,W,0
5/7/2015,14:40:00,30.951,N,77.427,W,0
5/7/2015,14:41:59,30.955,N,77.427,W,0
5/7/2015,14:44:00,30.959,N,77.426,W,0
5/7/2015,14:45:59,30.963,N,77.426,W,0
5/7/2015,14:48:00,30.968,N,77.426,W,0
5/7/2015,14:49:59,30.972,N,77.425,W,0
5/7/2015,14:52:00,30.976,N,77.425,W,0
5/7/2015,14:53:59,30.98,N,77.425,W,0
5/7/2015,14:56:00,30.984,N,77.424,W,0
5/7/2015,14:57:59,30.988,N,77.424,W,0
5/7/2015,15:00:00,30.993,N,77.424,W,0
5/7/2015,15:02:00,30.997,N,77.424,W,0
5/7/2015,15:03:59,31.001,N,77.423,W,0
5/7/2015,15:06:00,31.005,N,77.423,W,0
5/7/2015,15:07:59,31.009,N,77.423,W,0
5/7/2015,15:10:00,31.013,N,77.423,W,0
5/7/2015,15:11:59,31.017,N,77.423,W,0
5/7/2015,15:14:00,31.021,N,77.423,W,0
5/7/2015,15:15:59,31.025,N,77.423,W,0
5/7/2015,15:18:00,31.03,N,77.423,W,0
5/7/2015,15:19:59,31.034,N,77.423,W,0
5/7/2015,15:22:00,31.038,N,77.423,W,0
5/7/2015,15:23:59,31.042,N,77.423,W,0
5/7/2015,15:26:00,31.046,N,77.423,W,0
5/7/2015,15:27:59,31.05,N,77.423,W,0
5/7/2015,15:30:00,31.054,N,77.423,W,0
5/7/2015,15:32:00,31.058,N,77.423,W,0
5/7/2015,15:33:59,31.062,N,77.423,W,0
5/7/2015,15:36:00,31.066,N,77.423,W,0
5/7/2015,15:37:59,31.07,N,77.423,W,0
5/7/2015,15:40:00,31.074,N,77.424,W,0
5/7/2015,15:41:59,31.078,N,77.424,W,0
5/7/2015,15:44:00,31.082,N,77.424,W,0
5/7/2015,15:45:59,31.086,N,77.424,W,0
5/7/2015,15:48:00,31.09,N,77.425,W,0
5/7/2015,15:49:59,31.094,N,77.425,W,0
5/7/2015,15:52:00,31.098,N,77.425,W,0
5/7/2015,15:53:59,31.102,N,77.426,W,0
5/7/2015,15:56:00,31.105,N,77.426,W,0
5/7/2015,15:57:59,31.109,N,77.427,W,0
5/7/2015,16:00:00,31.113,N,77.427,W,0
5/7/2015,16:01:59,31.117,N,77.428,W,0
5/7/2015,16:04:00,31.121,N,77.428,W,0
5/7/2015,16:06:00,31.125,N,77.429,W,0
5/7/2015,16:07:59,31.129,N,77.429,W,0
5/7/2015,16:09:59,31.133,N,77.43,W,0
5/7/2015,16:12:00,31.136,N,77.431,W,0
5/7/2015,16:14:00,31.14,N,77.431,W,0
5/7/2015,16:15:59,31.144,N,77.432,W,0
5/7/2015,16:17:59,31.148,N,77.433,W,0
5/7/2015,16:20:00,31.152,N,77.433,W,0
5/7/2015,16:22:00,31.155,N,77.434,W,0
5/7/2015,16:23:59,31.159,N,77.435,W,0
5/7/2015,16:25:59,31.163,N,77.436,W,0
5/7/2015,16:28:00,31.167,N,77.437,W,0
5/7/2015,16:30:00,31.171,N,77.438,W,0
5/7/2015,16:31:59,31.174,N,77.439,W,0
5/7/2015,16:34:00,31.178,N,77.44,W,0
5/7/2015,16:36:00,31.182,N,77.441,W,0
5/7/2015,16:37:59,31.185,N,77.442,W,0
5/7/2015,16:39:59,31.189,N,77.443,W,0
5/7/2015,16:42:00,31.193,N,77.444,W,0
5/7/2015,16:44:00,31.196,N,77.445,W,0
5/7/2015,16:45:59,31.2,N,77.446,W,0
5/7/2015,16:47:59,31.204,N,77.447,W,0
5/7/2015,16:50:00,31.207,N,77.448,W,0
5/7/2015,16:52:00,31.211,N,77.45,W,0
5/7/2015,16:53:59,31.215,N,77.451,W,0
5/7/2015,16:55:59,31.218,N,77.452,W,0
5/7/2015,16:58:00,31.222,N,77.454,W,0
5/7/2015,17:00:00,31.225,N,77.455,W,0
5/7/2015,17:01:59,31.229,N,77.456,W,0
5/7/2015,17:04:00,31.232,N,77.458,W,0
5/7/2015,17:06:00,31.236,N,77.459,W,0
5/7/2015,17:07:59,31.24,N,77.461,W,0
5/7/2015,17:09:59,31.243,N,77.462,W,0
5/7/2015,17:12:00,31.247,N,77.464,W,0
5/7/2015,17:14:00,31.25,N,77.466,W,0
5/7/2015,17:15:59,31.253,N,77.467,W,0
5/7/2015,17:17:59,31.257,N,77.469,W,0
5/7/2015,17:20:00,31.26,N,77.471,W,0
5/7/2015,17:22:00,31.264,N,77.473,W,0
5/7/2015,17:23:59,31.267,N,77.474,W,0
5/7/2015,17:25:59,31.271,N,77.476,W,0
5/7/2015,17:28:00,31.274,N,77.478,W,0
5/7/2015,17:30:00,31.277,N,77.48,W,0
5/7/2015,17:31:59,31.281,N,77.482,W,0
5/7/2015,17:34:00,31.284,N,77.484,W,0
5/7/2015,17:36:00,31.288,N,77.486,W,0
5/7/2015,17:37:59,31.291,N,77.488,W,0
5/7/2015,17:39:59,31.294,N,77.49,W,0
5/7/2015,17:42:00,31.297,N,77.492,W,0
5/7/2015,17:44:00,31.301,N,77.495,W,0
5/7/2015,17:45:59,31.304,N,77.497,W,0
5/7/2015,17:47:59,31.307,N,77.499,W,0
5/7/2015,17:50:00,31.311,N,77.501,W,0
5/7/2015,17:52:00,31.314,N,77.504,W,0
5/7/2015,17:53:58,31.317,N,77.506,W,0
5/7/2015,17:55:57,31.32,N,77.507,W,0
5/7/2015,17:57:57,31.323,N,77.508,W,0
5/7/2015,17:59:58,31.327,N,77.509,W,0
5/7/2015,18:01:58,31.33,N,77.51,W,0
5/7/2015,18:03:57,31.333,N,77.511,W,0
5/7/2015,18:05:58,31.336,N,77.512,W,0
5/7/2015,18:07:58,31.339,N,77.513,W,0
5/7/2015,18:09:57,31.342,N,77.514,W,0
5/7/2015,18:11:57,31.345,N,77.515,W,0
5/7/2015,18:13:58,31.348,N,77.516,W,0
5/7/2015,18:15:58,31.351,N,77.517,W,0
5/7/2015,18:17:57,31.354,N,77.518,W,0
5/7/2015,18:19:57,31.357,N,77.519,W,0
5/7/2015,18:21:58,31.36,N,77.52,W,0
5/7/2015,18:23:58,31.363,N,77.521,W,0
5/7/2015,18:25:57,31.366,N,77.521,W,0
5/7/2015,18:27:57,31.369,N,77.522,W,0
5/7/2015,18:29:58,31.372,N,77.523,W,0
5/7/2015,18:31:58,31.375,N,77.523,W,0
5/7/2015,18:33:57,31.377,N,77.524,W,0
5/7/2015,18:35:58,31.38,N,77.525,W,0
5/7/2015,18:37:58,31.383,N,77.525,W,0
5/7/2015,18:39:57,31.386,N,77.526,W,0
5/7/2015,18:41:57,31.388,N,77.527,W,0
5/7/2015,18:43:58,31.391,N,77.527,W,0
5/7/2015,18:45:58,31.394,N,77.528,W,0
5/7/2015,18:47:57,31.396,N,77.528,W,0
5/7/2015,18:49:57,31.399,N,77.529,W,0
5/7/2015,18:51:58,31.401,N,77.529,W,0
5/7/2015,18:53:58,31.404,N,77.529,W,0
5/7/2015,18:55:57,31.407,N,77.53,W,0
5/7/2015,18:57:57,31.409,N,77.53,W,0
5/7/2015,18:59:58,31.411,N,77.53,W,0
5/7/2015,19:01:58,31.414,N,77.531,W,0
5/7/2015,19:03:57,31.416,N,77.531,W,0
5/7/2015,19:05:58,31.419,N,77.531,W,0
5/7/2015,19:07:58,31.421,N,77.531,W,0
5/7/2015,19:09:57,31.423,N,77.531,W,0
5/7/2015,19:11:57,31.425,N,77.531,W,0
5/7/2015,19:13:58,31.428,N,77.531,W,0
5/7/2015,19:15:58,31.43,N,77.532,W,0
5/7/2015,19:17:57,31.432,N,77.532,W,0
5/7/2015,19:19:57,31.434,N,77.531,W,0
5/7/2015,19:21:58,31.436,N,77.531,W,0
5/7/2015,19:23:58,31.438,N,77.531,W,0
5/7/2015,19:25:57,31.44,N,77.531,W,0
5/7/2015,19:27:57,31.442,N,77.531,W,0
5/7/2015,19:29:58,31.444,N,77.531,W,0
5/7/2015,19:31:58,31.446,N,77.531,W,0
5/7/2015,19:33:57,31.448,N,77.53,W,0
5/7/2015,19:35:58,31.45,N,77.53,W,0
5/7/2015,19:37:58,31.452,N,77.53,W,0
5/7/2015,19:39:57,31.454,N,77.529,W,0
5/7/2015,19:41:57,31.456,N,77.529,W,0
5/7/2015,19:43:58,31.457,N,77.529,W,0
5/7/2015,19:45:58,31.459,N,77.528,W,0
5/7/2015,19:47:57,31.461,N,77.528,W,0
5/7/2015,19:49:57,31.462,N,77.528,W,0
5/7/2015,19:51:58,31.464,N,77.527,W,0
5/7/2015,19:53:58,31.466,N,77.527,W,0
5/7/2015,19:55:57,31.467,N,77.526,W,0
5/7/2015,19:57:57,31.469,N,77.526,W,0
5/7/2015,19:59:58,31.47,N,77.525,W,0
5/7/2015,20:01:58,31.472,N,77.525,W,0
5/7/2015,20:03:57,31.473,N,77.524,W,0
5/7/2015,20:05:58,31.474,N,77.523,W,0
5/7/2015,20:07:58,31.476,N,77.523,W,0
5/7/2015,20:09:57,31.477,N,77.522,W,0
5/7/2015,20:11:57,31.479,N,77.522,W,0
5/7/2015,20:13:58,31.48,N,77.521,W,0
5/7/2015,20:15:58,31.481,N,77.52,W,0
5/7/2015,20:17:57,31.482,N,77.52,W,0
5/7/2015,20:19:57,31.484,N,77.519,W,0
5/7/2015,20:21:58,31.485,N,77.518,W,0
5/7/2015,20:23:58,31.486,N,77.518,W,0
5/7/2015,20:25:57,31.487,N,77.517,W,0
5/7/2015,20:27:57,31.488,N,77.516,W,0
5/7/2015,20:29:58,31.489,N,77.516,W,0
5/7/2015,20:31:58,31.49,N,77.515,W,0
5/7/2015,20:33:57,31.491,N,77.514,W,0
5/7/2015,20:35:58,31.492,N,77.514,W,0
5/7/2015,20:37:58,31.493,N,77.513,W,0
5/7/2015,20:39:57,31.494,N,77.512,W,0
5/7/2015,20:41:57,31.495,N,77.511,W,0
5/7/2015,20:43:58,31.496,N,77.511,W,0
5/7/2015,20:45:58,31.497,N,77.51,W,0
5/7/2015,20:47:57,31.497,N,77.509,W,0
5/7/2015,20:49:57,31.498,N,77.509,W,0
5/7/2015,20:51:58,31.499,N,77.508,W,0
5/7/2015,20:53:58,31.5,N,77.507,W,0
5/7/2015,20:55:57,31.5,N,77.507,W,0
5/7/2015,20:57:57,31.501,N,77.506,W,0
5/7/2015,20:59:58,31.502,N,77.505,W,0
5/7/2015,21:01:58,31.502,N,77.504,W,0
5/7/2015,21:03:57,31.503,N,77.504,W,0
5/7/2015,21:05:58,31.503,N,77.503,W,0
5/7/2015,21:07:58,31.504,N,77.503,W,0
5/7/2015,21:09:57,31.504,N,77.502,W,0
5/7/2015,21:11:57,31.505,N,77.501,W,0
5/7/2015,21:13:58,31.505,N,77.501,W,0
5/7/2015,21:15:58,31.506,N,77.5,W,0
5/7/2015,21:17:57,31.506,N,77.499,W,0
5/7/2015,21:19:57,31.506,N,77.499,W,0
5/7/2015,21:21:58,31.507,N,77.498,W,0
5/7/2015,21:23:58,31.507,N,77.498,W,0
5/7/2015,21:25:57,31.507,N,77.497,W,0
5/7/2015,21:27:57,31.508,N,77.497,W,0
5/7/2015,21:29:58,31.508,N,77.496,W,0
5/7/2015,21:31:58,31.508,N,77.496,W,0
5/7/2015,21:33:57,31.508,N,77.495,W,0
5/7/2015,21:35:58,31.508,N,77.495,W,0
5/7/2015,21:37:58,31.509,N,77.495,W,0
5/7/2015,21:39:57,31.509,N,77.494,W,0
5/7/2015,21:41:57,31.509,N,77.494,W,0
5/7/2015,21:43:58,31.509,N,77.493,W,0
5/7/2015,21:45:58,31.509,N,77.493,W,0
5/7/2015,21:47:57,31.509,N,77.493,W,0
5/7/2015,21:49:57,31.509,N,77.493,W,0
5/7/2015,21:51:58,31.509,N,77.492,W,0
5/7/2015,21:53:58,31.509,N,77.492,W,0
5/7/2015,21:55:57,31.509,N,77.492,W,0
5/7/2015,21:57:57,31.508,N,77.492,W,0
5/7/2015,21:59:58,31.508,N,77.492,W,0
5/7/2015,22:01:58,31.508,N,77.492,W,0
5/7/2015,22:03:57,31.508,N,77.491,W,0
5/7/2015,22:05:58,31.508,N,77.491,W,0
5/7/2015,22:07:58,31.508,N,77.491,W,0
5/7/2015,22:09:57,31.507,N,77.491,W,0
5/7/2015,22:11:57,31.507,N,77.492,W,0
5/7/2015,22:13:58,31.507,N,77.492,W,0
5/7/2015,22:15:58,31.506,N,77.492,W,0
5/7/2015,22:17:57,31.506,N,77.492,W,0
5/7/2015,22:19:57,31.506,N,77.492,W,0
5/7/2015,22:21:58,31.505,N,77.492,W,0
5/7/2015,22:23:58,31.505,N,77.493,W,0
5/7/2015,22:25:57,31.504,N,77.493,W,0
5/7/2015,22:27:57,31.504,N,77.493,W,0
5/7/2015,22:29:58,31.503,N,77.494,W,0
5/7/2015,22:31:58,31.503,N,77.494,W,0
5/7/2015,22:33:57,31.502,N,77.495,W,0
5/7/2015,22:35:58,31.502,N,77.495,W,0
5/7/2015,22:37:58,31.501,N,77.496,W,0
5/7/2015,22:39:57,31.5,N,77.496,W,0
5/7/2015,22:41:57,31.5,N,77.497,W,0
5/7/2015,22:43:58,31.499,N,77.497,W,0
5/7/2015,22:45:58,31.498,N,77.498,W,0
5/7/2015,22:47:57,31.498,N,77.499,W,0
5/7/2015,22:49:57,31.497,N,77.499,W,0
5/7/2015,22:51:58,31.496,N,77.5,W,0
5/7/2015,22:53:58,31.496,N,77.501,W,0
5/7/2015,22:55:57,31.495,N,77.502,W,0
5/7/2015,22:57:57,31.494,N,77.503,W,0
5/7/2015,22:59:58,31.493,N,77.503,W,0
5/7/2015,23:01:58,31.492,N,77.504,W,0
5/7/2015,23:03:57,31.491,N,77.505,W,0
5/7/2015,23:05:58,31.491,N,77.506,W,0
5/7/2015,23:07:58,31.49,N,77.507,W,0
5/7/2015,23:09:34,31.489,N,77.508,W,0
5/7/2015,23:11:33,31.489,N,77.509,W,0
5/7/2015,23:13:33,31.488,N,77.51,W,0
5/7/2015,23:15:34,31.488,N,77.511,W,0
5/7/2015,23:17:34,31.487,N,77.512,W,0
5/7/2015,23:19:33,31.487,N,77.513,W,0
5/7/2015,23:21:33,31.486,N,77.514,W,0
5/7/2015,23:23:34,31.486,N,77.516,W,0
5/7/2015,23:25:34,31.485,N,77.517,W,0
5/7/2015,23:27:33,31.484,N,77.518,W,0
5/7/2015,23:29:33,31.484,N,77.519,W,0
5/7/2015,23:31:34,31.483,N,77.52,W,0
5/7/2015,23:33:33,31.482,N,77.522,W,0
5/7/2015,23:35:33,31.482,N,77.523,W,0
5/7/2015,23:37:34,31.481,N,77.524,W,0
5/7/2015,23:39:34,31.48,N,77.525,W,0
5/7/2015,23:41:33,31.479,N,77.527,W,0
5/7/2015,23:43:33,31.478,N,77.528,W,0
5/7/2015,23:45:34,31.477,N,77.529,W,0
5/7/2015,23:47:34,31.476,N,77.531,W,0
5/7/2015,23:49:33,31.475,N,77.532,W,0
5/7/2015,23:51:33,31.474,N,77.534,W,0
5/7/2015,23:53:34,31.473,N,77.535,W,0
5/7/2015,23:55:34,31.472,N,77.537,W,0
5/7/2015,23:57:33,31.471,N,77.538,W,0
5/7/2015,23:59:33,31.47,N,77.54,W,0
5/8/2015,0:01:34,31.469,N,77.541,W,0
5/8/2015,0:03:33,31.468,N,77.543,W,0
5/8/2015,0:05:33,31.467,N,77.544,W,0
5/8/2015,0:07:34,31.465,N,77.546,W,0
5/8/2015,0:09:34,31.464,N,77.547,W,0
5/8/2015,0:11:33,31.463,N,77.549,W,0
5/8/2015,0:13:33,31.462,N,77.551,W,0
5/8/2015,0:15:34,31.46,N,77.552,W,0
5/8/2015,0:17:34,31.459,N,77.554,W,0
5/8/2015,0:19:33,31.458,N,77.556,W,0
5/8/2015,0:21:33,31.456,N,77.557,W,0
5/8/2015,0:23:34,31.455,N,77.559,W,0
5/8/2015,0:25:34,31.453,N,77.561,W,0
5/8/2015,0:27:33,31.452,N,77.562,W,0
5/8/2015,0:29:33,31.45,N,77.564,W,0
5/8/2015,0:31:34,31.449,N,77.566,W,0
5/8/2015,0:33:33,31.447,N,77.568,W,0
5/8/2015,0:35:33,31.446,N,77.569,W,0
5/8/2015,0:37:34,31.444,N,77.571,W,0
5/8/2015,0:39:34,31.443,N,77.573,W,0
5/8/2015,0:41:33,31.441,N,77.575,W,0
5/8/2015,0:43:33,31.439,N,77.577,W,0
5/8/2015,0:45:34,31.438,N,77.578,W,0
5/8/2015,0:47:34,31.436,N,77.58,W,0
5/8/2015,0:49:33,31.434,N,77.582,W,0
5/8/2015,0:51:33,31.432,N,77.584,W,0
5/8/2015,0:53:34,31.431,N,77.586,W,0
5/8/2015,0:55:34,31.429,N,77.588,W,0
5/8/2015,0:57:33,31.427,N,77.59,W,0
5/8/2015,0:59:33,31.425,N,77.591,W,0
5/8/2015,1:01:34,31.424,N,77.593,W,0
5/8/2015,1:03:33,31.422,N,77.595,W,0
5/8/2015,1:05:33,31.42,N,77.597,W,0
5/8/2015,1:07:34,31.418,N,77.599,W,0
5/8/2015,1:09:34,31.416,N,77.601,W,0
5/8/2015,1:11:33,31.414,N,77.603,W,0
5/8/2015,1:13:33,31.412,N,77.605,W,0
5/8/2015,1:15:34,31.41,N,77.607,W,0
5/8/2015,1:17:34,31.408,N,77.609,W,0
5/8/2015,1:19:33,31.406,N,77.611,W,0
5/8/2015,1:19:55,31.406,N,77.611,W,0
5/8/2015,1:21:55,31.405,N,77.612,W,0
5/8/2015,1:23:56,31.403,N,77.614,W,0
5/8/2015,1:25:56,31.402,N,77.615,W,0
5/8/2015,1:27:55,31.4,N,77.617,W,0
5/8/2015,1:29:55,31.399,N,77.618,W,0
5/8/2015,1:31:56,31.397,N,77.62,W,0
5/8/2015,1:33:56,31.396,N,77.621,W,0
5/8/2015,1:35:55,31.395,N,77.623,W,0
5/8/2015,1:37:56,31.393,N,77.624,W,0
5/8/2015,1:39:56,31.392,N,77.625,W,0
5/8/2015,1:41:55,31.39,N,77.627,W,0
5/8/2015,1:43:55,31.389,N,77.628,W,0
5/8/2015,1:45:56,31.387,N,77.63,W,0
5/8/2015,1:47:56,31.386,N,77.631,W,0
5/8/2015,1:49:55,31.384,N,77.633,W,0
5/8/2015,1:51:55,31.383,N,77.634,W,0
5/8/2015,1:53:56,31.381,N,77.635,W,0
5/8/2015,1:55:56,31.38,N,77.637,W,0
5/8/2015,1:57:55,31.378,N,77.638,W,0
5/8/2015,1:59:55,31.377,N,77.639,W,0
5/8/2015,2:01:56,31.375,N,77.641,W,0
5/8/2015,2:03:56,31.374,N,77.642,W,0
5/8/2015,2:05:55,31.372,N,77.643,W,0
5/8/2015,2:07:56,31.37,N,77.645,W,0
5/8/2015,2:09:56,31.369,N,77.646,W,0
5/8/2015,2:11:55,31.367,N,77.647,W,0
5/8/2015,2:13:55,31.366,N,77.649,W,0
5/8/2015,2:15:56,31.364,N,77.65,W,0
5/8/2015,2:17:56,31.362,N,77.651,W,0
5/8/2015,2:19:55,31.361,N,77.653,W,0
5/8/2015,2:21:55,31.359,N,77.654,W,0
5/8/2015,2:23:56,31.358,N,77.655,W,0
5/8/2015,2:25:56,31.356,N,77.657,W,0
5/8/2015,2:27:55,31.354,N,77.658,W,0
5/8/2015,2:29:55,31.353,N,77.659,W,0
5/8/2015,2:31:56,31.351,N,77.66,W,0
5/8/2015,2:33:56,31.349,N,77.662,W,0
5/8/2015,2:35:55,31.348,N,77.663,W,0
5/8/2015,2:37:56,31.346,N,77.664,W,0
5/8/2015,2:39:56,31.344,N,77.665,W,0
5/8/2015,2:41:55,31.342,N,77.666,W,0
5/8/2015,2:43:55,31.341,N,77.668,W,0
5/8/2015,2:45:56,31.339,N,77.669,W,0
5/8/2015,2:47:56,31.337,N,77.67,W,0
5/8/2015,2:49:55,31.336,N,77.671,W,0
5/8/2015,2:51:55,31.334,N,77.672,W,0
5/8/2015,2:53:56,31.332,N,77.674,W,0
5/8/2015,2:55:56,31.33,N,77.675,W,0
5/8/2015,2:57:55,31.328,N,77.676,W,0
5/8/2015,2:59:55,31.327,N,77.677,W,0
5/8/2015,3:01:56,31.325,N,77.678,W,0
5/8/2015,3:03:56,31.323,N,77.679,W,0
5/8/2015,3:05:55,31.321,N,77.68,W,0
5/8/2015,3:07:56,31.319,N,77.681,W,0
5/8/2015,3:09:56,31.317,N,77.683,W,0
5/8/2015,3:11:55,31.316,N,77.684,W,0
5/8/2015,3:13:55,31.314,N,77.685,W,0
5/8/2015,3:15:56,31.312,N,77.686,W,0
5/8/2015,3:17:56,31.31,N,77.687,W,0
5/8/2015,3:19:55,31.308,N,77.688,W,0
5/8/2015,3:21:55,31.306,N,77.689,W,0
5/8/2015,3:23:56,31.304,N,77.69,W,0
5/8/2015,3:25:56,31.302,N,77.691,W,0
5/8/2015,3:27:55,31.3,N,77.692,W,0
5/8/2015,3:29:55,31.298,N,77.693,W,0
5/8/2015,3:31:56,31.296,N,77.694,W,0
5/8/2015,3:33:56,31.294,N,77.695,W,0
5/8/2015,3:35:55,31.292,N,77.696,W,0
5/8/2015,3:37:56,31.29,N,77.697,W,0
5/8/2015,3:39:56,31.288,N,77.698,W,0
5/8/2015,3:41:55,31.286,N,77.699,W,0
5/8/2015,3:43:55,31.284,N,77.7,W,0
5/8/2015,3:45:56,31.282,N,77.701,W,0
5/8/2015,3:47:56,31.28,N,77.701,W,0
5/8/2015,3:49:55,31.278,N,77.702,W,0
5/8/2015,3:51:55,31.276,N,77.703,W,0
5/8/2015,3:53:56,31.274,N,77.704,W,0
5/8/2015,3:55:56,31.271,N,77.705,W,0
5/8/2015,3:57:55,31.269,N,77.706,W,0
5/8/2015,3:59:55,31.267,N,77.707,W,0
5/8/2015,4:01:56,31.265,N,77.708,W,0
5/8/2015,4:03:56,31.263,N,77.708,W,0
5/8/2015,4:05:55,31.261,N,77.709,W,0
5/8/2015,4:07:56,31.258,N,77.71,W,0
5/8/2015,4:09:56,31.256,N,77.711,W,0
5/8/2015,4:11:55,31.254,N,77.712,W,0
5/8/2015,4:13:55,31.252,N,77.712,W,0
5/8/2015,4:15:56,31.249,N,77.713,W,0
5/8/2015,4:17:56,31.247,N,77.714,W,0
5/8/2015,4:19:55,31.245,N,77.715,W,0
5/8/2015,4:21:55,31.243,N,77.715,W,0
5/8/2015,4:23:56,31.24,N,77.716,W,0
5/8/2015,4:25:56,31.238,N,77.717,W,0
5/8/2015,4:27:55,31.236,N,77.717,W,0
5/8/2015,4:29:55,31.234,N,77.718,W,0
5/8/2015,4:31:56,31.231,N,77.719,W,0
5/8/2015,4:33:56,31.229,N,77.719,W,0
5/8/2015,4:35:55,31.227,N,77.72,W,0
5/8/2015,4:37:56,31.224,N,77.72,W,0
5/8/2015,4:39:56,31.222,N,77.721,W,0
5/8/2015,4:41:55,31.22,N,77.721,W,0
5/8/2015,4:43:55,31.217,N,77.722,W,0
5/8/2015,4:45:56,31.215,N,77.723,W,0
5/8/2015,4:47:56,31.213,N,77.723,W,0
5/8/2015,4:49:55,31.211,N,77.724,W,0
5/8/2015,4:51:55,31.208,N,77.724,W,0
5/8/2015,4:53:56,31.206,N,77.724,W,0
5/8/2015,4:55:56,31.204,N,77.725,W,0
5/8/2015,4:57:55,31.201,N,77.725,W,0
5/8/2015,4:59:55,31.199,N,77.726,W,0
5/8/2015,5:01:56,31.197,N,77.726,W,0
5/8/2015,5:03:56,31.194,N,77.727,W,0
5/8/2015,5:05:55,31.192,N,77.727,W,0
5/8/2015,5:07:56,31.19,N,77.727,W,0
5/8/2015,5:09:56,31.187,N,77.728,W,0
5/8/2015,5:11:55,31.185,N,77.728,W,0
5/8/2015,5:13:55,31.183,N,77.728,W,0
5/8/2015,5:15:56,31.181,N,77.728,W,0
5/8/2015,5:17:56,31.178,N,77.729,W,0
5/8/2015,5:19:55,31.176,N,77.729,W,0
5/8/2015,5:21:55,31.174,N,77.729,W,0
5/8/2015,5:23:56,31.171,N,77.729,W,0
5/8/2015,5:25:56,31.169,N,77.729,W,0
5/8/2015,5:27:55,31.167,N,77.729,W,0
5/8/2015,5:29:55,31.165,N,77.73,W,0
5/8/2015,5:31:56,31.162,N,77.73,W,0
5/8/2015,5:33:56,31.16,N,77.73,W,0
5/8/2015,5:35:55,31.158,N,77.73,W,0
5/8/2015,5:37:56,31.156,N,77.73,W,0
5/8/2015,5:39:56,31.154,N,77.73,W,0
5/8/2015,5:41:55,31.151,N,77.73,W,0
5/8/2015,5:43:55,31.149,N,77.73,W,0
5/8/2015,5:45:56,31.147,N,77.73,W,0
5/8/2015,5:47:56,31.145,N,77.73,W,0
5/8/2015,5:49:55,31.143,N,77.729,W,0
5/8/2015,5:51:55,31.141,N,77.729,W,0
5/8/2015,5:53:56,31.138,N,77.729,W,0
5/8/2015,5:55:56,31.136,N,77.729,W,0
5/8/2015,5:57:55,31.134,N,77.729,W,0
5/8/2015,5:59:55,31.132,N,77.729,W,0
5/8/2015,6:01:56,31.13,N,77.728,W,0
5/8/2015,6:03:56,31.128,N,77.728,W,0
5/8/2015,6:05:55,31.126,N,77.728,W,0
5/8/2015,6:07:56,31.124,N,77.727,W,0
5/8/2015,6:09:56,31.122,N,77.727,W,0
5/8/2015,6:11:55,31.12,N,77.727,W,0
5/8/2015,6:13:55,31.118,N,77.726,W,0
5/8/2015,6:15:56,31.116,N,77.726,W,0
5/8/2015,6:17:56,31.114,N,77.725,W,0
5/8/2015,6:19:55,31.112,N,77.725,W,0
5/8/2015,6:21:55,31.11,N,77.724,W,0
5/8/2015,6:23:56,31.108,N,77.724,W,0
5/8/2015,6:25:56,31.107,N,77.723,W,0
5/8/2015,6:27:55,31.105,N,77.723,W,0
5/8/2015,6:29:55,31.103,N,77.722,W,0
5/8/2015,6:31:56,31.101,N,77.721,W,0
5/8/2015,6:33:56,31.099,N,77.721,W,0
5/8/2015,6:35:55,31.098,N,77.72,W,0
5/8/2015,6:37:56,31.096,N,77.719,W,0
5/8/2015,6:39:56,31.094,N,77.719,W,0
5/8/2015,6:41:55,31.092,N,77.718,W,0
5/8/2015,6:43:55,31.091,N,77.717,W,0
5/8/2015,6:45:56,31.089,N,77.716,W,0
5/8/2015,6:47:56,31.088,N,77.715,W,0
5/8/2015,6:49:55,31.086,N,77.714,W,0
5/8/2015,6:51:55,31.084,N,77.713,W,0
5/8/2015,6:53:56,31.083,N,77.712,W,0
5/8/2015,6:55:56,31.081,N,77.711,W,0
5/8/2015,6:57:55,31.08,N,77.71,W,0
5/8/2015,6:59:55,31.078,N,77.709,W,0
5/8/2015,7:01:56,31.077,N,77.708,W,0
5/8/2015,7:03:56,31.076,N,77.707,W,0
5/8/2015,7:05:55,31.074,N,77.706,W,0
5/8/2015,7:07:56,31.073,N,77.705,W,0
5/8/2015,7:09:56,31.071,N,77.704,W,0
5/8/2015,7:11:55,31.07,N,77.702,W,0
5/8/2015,7:13:55,31.069,N,77.701,W,0
5/8/2015,7:15:56,31.068,N,77.7,W,0
5/8/2015,7:17:56,31.066,N,77.698,W,0
5/8/2015,7:19:55,31.065,N,77.697,W,0
5/8/2015,7:21:55,31.064,N,77.696,W,0
5/8/2015,7:23:56,31.063,N,77.694,W,0
5/8/2015,7:25:56,31.062,N,77.693,W,0
5/8/2015,7:27:55,31.061,N,77.691,W,0
5/8/2015,7:29:55,31.06,N,77.69,W,0
5/8/2015,7:31:56,31.059,N,77.688,W,0
5/8/2015,7:33:56,31.058,N,77.686,W,0
5/8/2015,7:35:55,31.057,N,77.685,W,0
5/8/2015,7:37:56,31.056,N,77.683,W,0
5/8/2015,7:39:56,31.055,N,77.681,W,0
5/8/2015,7:41:55,31.055,N,77.68,W,0
5/8/2015,7:43:55,31.054,N,77.678,W,0
5/8/2015,7:45:56,31.053,N,77.676,W,0
5/8/2015,7:47:56,31.052,N,77.674,W,0
5/8/2015,7:49:55,31.052,N,77.672,W,0
5/8/2015,7:51:55,31.051,N,77.67,W,0
5/8/2015,7:53:56,31.051,N,77.668,W,0
5/8/2015,7:55:56,31.05,N,77.666,W,0
5/8/2015,7:57:55,31.05,N,77.664,W,0
5/8/2015,7:59:55,31.049,N,77.662,W,0
5/8/2015,8:01:56,31.049,N,77.66,W,0
5/8/2015,8:03:56,31.048,N,77.658,W,0
5/8/2015,8:05:55,31.048,N,77.656,W,0
5/8/2015,8:07:55,31.048,N,77.654,W,0
5/8/2015,8:09:55,31.047,N,77.651,W,0
5/8/2015,8:11:56,31.047,N,77.649,W,0
5/8/2015,8:13:56,31.047,N,77.647,W,0
5/8/2015,8:15:56,31.047,N,77.644,W,0
5/8/2015,8:17:56,31.047,N,77.642,W,0
5/8/2015,8:19:55,31.047,N,77.639,W,0
5/8/2015,8:21:55,31.047,N,77.637,W,0
5/8/2015,8:23:55,31.047,N,77.634,W,0
5/8/2015,8:25:55,31.047,N,77.632,W,0
5/8/2015,8:27:56,31.047,N,77.629,W,0
5/8/2015,8:29:56,31.047,N,77.626,W,0
5/8/2015,8:31:56,31.047,N,77.624,W,0
5/8/2015,8:33:56,31.048,N,77.621,W,0
5/8/2015,8:35:55,31.048,N,77.618,W,0
5/8/2015,8:37:55,31.048,N,77.615,W,0
5/8/2015,8:39:55,31.049,N,77.612,W,0
5/8/2015,8:41:56,31.049,N,77.609,W,0
5/8/2015,8:43:56,31.05,N,77.607,W,0
5/8/2015,8:45:56,31.05,N,77.604,W,0
5/8/2015,8:47:56,31.051,N,77.6,W,0
5/8/2015,8:49:55,31.052,N,77.597,W,0
5/8/2015,8:51:55,31.052,N,77.594,W,0
5/8/2015,8:53:55,31.053,N,77.591,W,0
5/8/2015,8:55:55,31.054,N,77.588,W,0
5/8/2015,8:57:56,31.055,N,77.585,W,0
5/8/2015,8:59:56,31.056,N,77.581,W,0
5/8/2015,9:01:56,31.057,N,77.578,W,0
5/8/2015,9:03:56,31.058,N,77.575,W,0
5/8/2015,9:05:55,31.059,N,77.571,W,0
5/8/2015,9:07:55,31.06,N,77.568,W,0
5/8/2015,9:09:55,31.061,N,77.565,W,0
5/8/2015,9:11:56,31.062,N,77.561,W,0
5/8/2015,9:13:56,31.063,N,77.557,W,0
5/8/2015,9:15:56,31.064,N,77.554,W,0
5/8/2015,9:17:56,31.066,N,77.55,W,0
5/8/2015,9:19:55,31.067,N,77.547,W,0
5/8/2015,9:21:55,31.068,N,77.543,W,0
5/8/2015,9:23:55,31.07,N,77.539,W,0
5/8/2015,9:25:55,31.071,N,77.536,W,0
5/8/2015,9:27:56,31.072,N,77.532,W,0
5/8/2015,9:29:56,31.074,N,77.528,W,0
5/8/2015,9:31:56,31.076,N,77.524,W,0
5/8/2015,9:33:56,31.077,N,77.52,W,0
5/8/2015,9:35:55,31.079,N,77.516,W,0
5/8/2015,9:37:55,31.08,N,77.512,W,0
5/8/2015,9:39:55,31.082,N,77.508,W,0
5/8/2015,9:41:56,31.084,N,77.504,W,0
5/8/2015,9:43:56,31.086,N,77.5,W,0
5/8/2015,9:45:56,31.087,N,77.496,W,0
5/8/2015,9:47:56,31.089,N,77.492,W,0
5/8/2015,9:49:55,31.091,N,77.488,W,0
5/8/2015,9:51:55,31.093,N,77.484,W,0
5/8/2015,9:53:55,31.095,N,77.48,W,0
5/8/2015,9:55:55,31.097,N,77.475,W,0
5/8/2015,9:57:56,31.099,N,77.471,W,0
5/8/2015,9:59:56,31.101,N,77.467,W,0
5/8/2015,10:01:56,31.103,N,77.463,W,0
5/8/2015,10:03:56,31.105,N,77.458,W,0
5/8/2015,10:05:55,31.107,N,77.454,W,0
5/8/2015,10:07:55,31.11,N,77.449,W,0
5/8/2015,10:09:55,31.112,N,77.445,W,0
5/8/2015,10:11:56,31.114,N,77.441,W,0
5/8/2015,10:13:56,31.116,N,77.436,W,0
5/8/2015,10:15:56,31.119,N,77.432,W,0
5/8/2015,10:17:56,31.121,N,77.427,W,0
5/8/2015,10:19:55,31.123,N,77.422,W,0
5/8/2015,10:21:55,31.126,N,77.418,W,0
5/8/2015,10:23:55,31.128,N,77.413,W,0
5/8/2015,10:25:55,31.131,N,77.409,W,0
5/8/2015,10:27:56,31.133,N,77.404,W,0
5/8/2015,10:29:56,31.136,N,77.399,W,0
5/8/2015,10:31:56,31.138,N,77.395,W,0
5/8/2015,10:33:56,31.141,N,77.39,W,0
5/8/2015,10:35:55,31.143,N,77.385,W,0
5/8/2015,10:37:55,31.146,N,77.38,W,0
5/8/2015,10:39:55,31.149,N,77.375,W,0
5/8/2015,10:41:56,31.151,N,77.371,W,0
5/8/2015,10:43:56,31.154,N,77.366,W,0
5/8/2015,10:45:56,31.157,N,77.361,W,0
5/8/2015,10:47:56,31.16,N,77.356,W,0
5/8/2015,10:49:55,31.162,N,77.351,W,0
5/8/2015,10:51:55,31.165,N,77.346,W,0
5/8/2015,10:53:55,31.168,N,77.341,W,0
5/8/2015,10:55:55,31.171,N,77.336,W,0
5/8/2015,10:57:56,31.174,N,77.331,W,0
5/8/2015,10:59:56,31.177,N,77.326,W,0
5/8/2015,11:01:56,31.18,N,77.321,W,0
5/8/2015,11:03:56,31.183,N,77.316,W,0
5/8/2015,11:05:55,31.186,N,77.311,W,0
5/8/2015,11:07:55,31.189,N,77.306,W,0
5/8/2015,11:09:55,31.192,N,77.301,W,0
5/8/2015,11:11:56,31.195,N,77.295,W,0
5/8/2015,11:13:56,31.198,N,77.29,W,0
5/8/2015,11:15:56,31.201,N,77.285,W,0
5/8/2015,11:17:56,31.204,N,77.28,W,0
5/8/2015,11:18:37,31.205,N,77.278,W,0
5/8/2015,11:20:37,31.208,N,77.272,W,0
5/8/2015,11:22:38,31.211,N,77.267,W,0
5/8/2015,11:24:38,31.215,N,77.261,W,0
5/8/2015,11:26:38,31.218,N,77.256,W,0
5/8/2015,11:28:38,31.221,N,77.25,W,0
5/8/2015,11:30:37,31.224,N,77.244,W,0
5/8/2015,11:32:37,31.228,N,77.239,W,0
5/8/2015,11:34:37,31.231,N,77.233,W,0
5/8/2015,11:36:37,31.234,N,77.227,W,0
5/8/2015,11:38:38,31.237,N,77.222,W,0
5/8/2015,11:40:38,31.241,N,77.216,W,0
5/8/2015,11:42:38,31.244,N,77.21,W,0
5/8/2015,11:44:37,31.247,N,77.205,W,0
5/8/2015,11:46:37,31.251,N,77.199,W,0
5/8/2015,11:48:37,31.254,N,77.193,W,0
5/8/2015,11:50:37,31.258,N,77.188,W,0
5/8/2015,11:52:38,31.261,N,77.182,W,0
5/8/2015,11:54:38,31.264,N,77.176,W,0
5/8/2015,11:56:38,31.268,N,77.171,W,0
5/8/2015,11:58:38,31.271,N,77.165,W,0
5/8/2015,12:00:37,31.275,N,77.159,W,0
5/8/2015,12:02:37,31.278,N,77.154,W,0
5/8/2015,12:04:37,31.282,N,77.148,W,0
5/8/2015,12:06:37,31.285,N,77.142,W,0
5/8/2015,12:08:38,31.289,N,77.137,W,0
5/8/2015,12:10:38,31.292,N,77.131,W,0
5/8/2015,12:12:38,31.296,N,77.125,W,0
5/8/2015,12:14:37,31.299,N,77.12,W,0
5/8/2015,12:16:37,31.303,N,77.114,W,0
5/8/2015,12:18:37,31.307,N,77.108,W,0
5/8/2015,12:20:37,31.31,N,77.103,W,0
5/8/2015,12:22:38,31.314,N,77.097,W,0
5/8/2015,12:24:38,31.317,N,77.091,W,0
5/8/2015,12:26:38,31.321,N,77.086,W,0
5/8/2015,12:28:38,31.325,N,77.08,W,0
5/8/2015,12:30:37,31.328,N,77.074,W,0
5/8/2015,12:32:37,31.332,N,77.069,W,0
5/8/2015,12:34:37,31.336,N,77.063,W,0
5/8/2015,12:36:37,31.339,N,77.058,W,0
5/8/2015,12:38:38,31.343,N,77.052,W,0
5/8/2015,12:40:38,31.347,N,77.046,W,0
5/8/2015,12:42:38,31.35,N,77.041,W,0
5/8/2015,12:44:37,31.354,N,77.035,W,0
5/8/2015,12:46:37,31.358,N,77.03,W,0
5/8/2015,12:48:37,31.361,N,77.024,W,0
5/8/2015,12:50:37,31.365,N,77.019,W,0
5/8/2015,12:52:38,31.369,N,77.013,W,0
5/8/2015,12:54:38,31.372,N,77.008,W,0
5/8/2015,12:56:38,31.376,N,77.002,W,0
5/8/2015,12:58:38,31.38,N,76.997,W,0
5/8/2015,13:00:37,31.384,N,76.991,W,0
5/8/2015,13:02:37,31.387,N,76.986,W,0
5/8/2015,13:04:37,31.391,N,76.98,W,0
5/8/2015,13:06:37,31.395,N,76.975,W,0
5/8/2015,13:08:38,31.399,N,76.97,W,0
5/8/2015,13:10:38,31.402,N,76.964,W,0
5/8/2015,13:12:38,31.406,N,76.959,W,0
5/8/2015,13:14:37,31.41,N,76.954,W,0
5/8/2015,13:16:37,31.414,N,76.948,W,0
5/8/2015,13:18:37,31.418,N,76.943,W,0
5/8/2015,13:19:25,31.419,N,76.941,W,0
5/8/2015,13:21:25,31.423,N,76.936,W,0
5/8/2015,13:23:25,31.426,N,76.931,W,0
5/8/2015,13:25:24,31.43,N,76.926,W,0
5/8/2015,13:27:24,31.433,N,76.921,W,0
5/8/2015,13:29:24,31.437,N,76.917,W,0
5/8/2015,13:31:25,31.441,N,76.912,W,0
5/8/2015,13:33:25,31.444,N,76.907,W,0
5/8/2015,13:35:25,31.448,N,76.902,W,0
5/8/2015,13:37:25,31.451,N,76.898,W,0
5/8/2015,13:39:24,31.455,N,76.893,W,0
5/8/2015,13:41:24,31.459,N,76.888,W,0
5/8/2015,13:43:24,31.462,N,76.884,W,0
5/8/2015,13:45:24,31.466,N,76.879,W,0
5/8/2015,13:47:25,31.47,N,76.875,W,0
5/8/2015,13:49:25,31.473,N,76.87,W,0
5/8/2015,13:51:25,31.477,N,76.866,W,0
5/8/2015,13:53:25,31.481,N,76.861,W,0
5/8/2015,13:55:24,31.484,N,76.857,W,0
5/8/2015,13:57:24,31.488,N,76.853,W,0
5/8/2015,13:59:24,31.491,N,76.848,W,0
5/8/2015,14:01:25,31.495,N,76.844,W,0
5/8/2015,14:03:25,31.499,N,76.84,W,0
5/8/2015,14:05:25,31.502,N,76.836,W,0
5/8/2015,14:07:25,31.506,N,76.832,W,0
5/8/2015,14:09:24,31.51,N,76.828,W,0
5/8/2015,14:11:24,31.514,N,76.823,W,0
5/8/2015,14:13:24,31.517,N,76.819,W,0
5/8/2015,14:15:24,31.521,N,76.816,W,0
5/8/2015,14:17:25,31.525,N,76.812,W,0
5/8/2015,14:19:25,31.528,N,76.808,W,0
5/8/2015,14:21:25,31.532,N,76.804,W,0
5/8/2015,14:23:25,31.536,N,76.8,W,0
5/8/2015,14:25:24,31.539,N,76.796,W,0
5/8/2015,14:27:24,31.543,N,76.793,W,0
5/8/2015,14:29:24,31.547,N,76.789,W,0
5/8/2015,14:31:25,31.55,N,76.786,W,0
5/8/2015,14:33:25,31.554,N,76.782,W,0
5/8/2015,14:35:25,31.558,N,76.779,W,0
5/8/2015,14:37:25,31.562,N,76.775,W,0
5/8/2015,14:39:24,31.565,N,76.772,W,0
5/8/2015,14:41:24,31.569,N,76.768,W,0
5/8/2015,14:43:24,31.573,N,76.765,W,0
5/8/2015,14:45:24,31.577,N,76.762,W,0
5/8/2015,14:47:25,31.58,N,76.759,W,0
5/8/2015,14:49:25,31.584,N,76.756,W,0
5/8/2015,14:51:25,31.588,N,76.753,W,0
5/8/2015,14:53:25,31.592,N,76.75,W,0
5/8/2015,14:55:24,31.595,N,76.747,W,0
5/8/2015,14:57:24,31.599,N,76.744,W,0
5/8/2015,14:59:24,31.603,N,76.741,W,0
5/8/2015,15:01:25,31.607,N,76.738,W,0
5/8/2015,15:03:25,31.611,N,76.735,W,0
5/8/2015,15:05:25,31.614,N,76.733,W,0
5/8/2015,15:07:25,31.618,N,76.73,W,0
5/8/2015,15:09:24,31.622,N,76.727,W,0
5/8/2015,15:11:24,31.626,N,76.725,W,0
5/8/2015,15:13:24,31.63,N,76.722,W,0
5/8/2015,15:15:24,31.633,N,76.72,W,0
5/8/2015,15:17:25,31.637,N,76.718,W,0
5/8/2015,15:19:25,31.641,N,76.715,W,0
5/8/2015,15:21:25,31.645,N,76.713,W,0
5/8/2015,15:23:25,31.649,N,76.711,W,0
5/8/2015,15:25:24,31.652,N,76.709,W,0
5/8/2015,15:27:24,31.656,N,76.707,W,0
5/8/2015,15:29:24,31.66,N,76.705,W,0
5/8/2015,15:31:25,31.664,N,76.703,W,0
5/8/2015,15:33:25,31.668,N,76.701,W,0
5/8/2015,15:35:25,31.672,N,76.699,W,0
5/8/2015,15:37:25,31.676,N,76.698,W,0
5/8/2015,15:39:24,31.68,N,76.696,W,0
5/8/2015,15:41:24,31.683,N,76.694,W,0
5/8/2015,15:43:24,31.687,N,76.693,W,0
5/8/2015,15:45:24,31.691,N,76.691,W,0
5/8/2015,15:47:25,31.695,N,76.69,W,0
5/8/2015,15:49:25,31.699,N,76.689,W,0
5/8/2015,15:51:25,31.703,N,76.687,W,0
5/8/2015,15:53:25,31.707,N,76.686,W,0
5/8/2015,15:55:24,31.711,N,76.685,W,0
5/8/2015,15:57:24,31.715,N,76.684,W,0
5/8/2015,15:59:24,31.719,N,76.683,W,0
5/8/2015,16:01:25,31.723,N,76.682,W,0
5/8/2015,16:03:25,31.727,N,76.681,W,0
5/8/2015,16:05:25,31.731,N,76.68,W,0
5/8/2015,16:07:25,31.734,N,76.68,W,0
5/8/2015,16:09:24,31.738,N,76.679,W,0
5/8/2015,16:11:24,31.742,N,76.679,W,0
5/8/2015,16:13:24,31.746,N,76.678,W,0
5/8/2015,16:15:24,31.75,N,76.678,W,0
5/8/2015,16:17:25,31.754,N,76.677,W,0
5/8/2015,16:19:25,31.758,N,76.677,W,0
5/8/2015,16:21:25,31.762,N,76.677,W,0
5/8/2015,16:23:25,31.766,N,76.677,W,0
5/8/2015,16:25:24,31.77,N,76.677,W,0
5/8/2015,16:27:24,31.774,N,76.676,W,0
5/8/2015,16:29:24,31.778,N,76.677,W,0
5/8/2015,16:31:25,31.782,N,76.677,W,0
5/8/2015,16:33:25,31.786,N,76.677,W,0
5/8/2015,16:35:25,31.79,N,76.677,W,0
5/8/2015,16:37:25,31.794,N,76.677,W,0
5/8/2015,16:39:24,31.798,N,76.678,W,0
5/8/2015,16:41:24,31.802,N,76.678,W,0
5/8/2015,16:43:24,31.806,N,76.678,W,0
5/8/2015,16:45:24,31.81,N,76.679,W,0
5/8/2015,16:47:25,31.814,N,76.68,W,0
5/8/2015,16:49:25,31.818,N,76.68,W,0
5/8/2015,16:51:25,31.822,N,76.681,W,0
5/8/2015,16:53:25,31.826,N,76.682,W,0
5/8/2015,16:55:24,31.83,N,76.682,W,0
5/8/2015,16:57:24,31.834,N,76.683,W,0
5/8/2015,16:59:24,31.838,N,76.684,W,0
5/8/2015,17:01:25,31.842,N,76.685,W,0
5/8/2015,17:03:25,31.846,N,76.686,W,0
5/8/2015,17:05:25,31.85,N,76.687,W,0
5/8/2015,17:07:25,31.854,N,76.688,W,0
5/8/2015,17:09:24,31.858,N,76.689,W,0
5/8/2015,17:11:24,31.862,N,76.691,W,0
5/8/2015,17:13:24,31.866,N,76.692,W,0
5/8/2015,17:15:24,31.87,N,76.693,W,0
5/8/2015,17:17:25,31.874,N,76.695,W,0
5/8/2015,17:19:25,31.878,N,76.696,W,0
5/8/2015,17:21:25,31.881,N,76.698,W,0
5/8/2015,17:23:25,31.885,N,76.699,W,0
5/8/2015,17:25:24,31.889,N,76.701,W,0
5/8/2015,17:27:24,31.893,N,76.702,W,0
5/8/2015,17:29:24,31.897,N,76.704,W,0
5/8/2015,17:31:25,31.901,N,76.706,W,0
5/8/2015,17:33:25,31.905,N,76.707,W,0
5/8/2015,17:35:25,31.908,N,76.709,W,0
5/8/2015,17:37:25,31.912,N,76.711,W,0
5/8/2015,17:39:24,31.916,N,76.713,W,0
5/8/2015,17:41:24,31.92,N,76.715,W,0
5/8/2015,17:43:24,31.924,N,76.717,W,0
5/8/2015,17:45:24,31.927,N,76.719,W,0
5/8/2015,17:47:25,31.931,N,76.721,W,0
5/8/2015,17:49:25,31.935,N,76.723,W,0
5/8/2015,17:51:25,31.939,N,76.725,W,0
5/8/2015,17:53:25,31.942,N,76.727,W,0
5/8/2015,17:55:24,31.946,N,76.729,W,0
5/8/2015,17:57:24,31.95,N,76.731,W,0
5/8/2015,17:59:24,31.953,N,76.734,W,0
5/8/2015,18:01:25,31.957,N,76.736,W,0
5/8/2015,18:03:25,31.961,N,76.738,W,0
5/8/2015,18:05:25,31.964,N,76.741,W,0
5/8/2015,18:07:25,31.968,N,76.743,W,0
5/8/2015,18:09:24,31.972,N,76.746,W,0
5/8/2015,18:11:24,31.975,N,76.748,W,0
5/8/2015,18:13:24,31.979,N,76.751,W,0
5/8/2015,18:15:24,31.982,N,76.753,W,0
5/8/2015,18:17:25,31.986,N,76.756,W,0
5/8/2015,18:19:25,31.989,N,76.758,W,0
5/8/2015,18:21:25,31.993,N,76.761,W,0
5/8/2015,18:23:25,31.996,N,76.764,W,0
5/8/2015,18:25:24,32,N,76.766,W,0
5/8/2015,18:27:24,32.003,N,76.769,W,0
5/8/2015,18:29:24,32.006,N,76.772,W,0
5/8/2015,18:31:25,32.01,N,76.774,W,0
5/8/2015,18:33:25,32.013,N,76.777,W,0
5/8/2015,18:35:25,32.016,N,76.78,W,0
5/8/2015,18:37:25,32.02,N,76.783,W,0
5/8/2015,18:39:24,32.023,N,76.786,W,0
5/8/2015,18:41:24,32.026,N,76.789,W,0
5/8/2015,18:43:24,32.03,N,76.792,W,0
5/8/2015,18:45:24,32.033,N,76.795,W,0
5/8/2015,18:47:25,32.036,N,76.798,W,0
5/8/2015,18:49:25,32.039,N,76.801,W,0
5/8/2015,18:51:25,32.042,N,76.804,W,0
5/8/2015,18:53:25,32.045,N,76.807,W,0
5/8/2015,18:55:24,32.048,N,76.81,W,0
5/8/2015,18:57:24,32.051,N,76.813,W,0
5/8/2015,18:59:24,32.055,N,76.816,W,0
5/8/2015,19:01:25,32.058,N,76.819,W,0
5/8/2015,19:03:25,32.061,N,76.822,W,0
5/8/2015,19:05:25,32.063,N,76.825,W,0
5/8/2015,19:07:25,32.066,N,76.828,W,0
5/8/2015,19:09:24,32.069,N,76.832,W,0
5/8/2015,19:11:24,32.072,N,76.835,W,0
5/8/2015,19:13:24,32.075,N,76.838,W,0
5/8/2015,19:15:24,32.078,N,76.841,W,0
5/8/2015,19:17:25,32.081,N,76.844,W,0
5/8/2015,19:19:25,32.083,N,76.848,W,0
5/8/2015,19:21:25,32.086,N,76.851,W,0
5/8/2015,19:23:25,32.089,N,76.854,W,0
5/8/2015,19:25:24,32.091,N,76.857,W,0
5/8/2015,19:27:24,32.094,N,76.861,W,0
5/8/2015,19:29:24,32.097,N,76.864,W,0
5/8/2015,19:31:25,32.099,N,76.867,W,0
5/8/2015,19:33:25,32.102,N,76.871,W,0
5/8/2015,19:35:25,32.104,N,76.874,W,0
5/8/2015,19:37:25,32.107,N,76.877,W,0
5/8/2015,19:39:24,32.109,N,76.881,W,0
5/8/2015,19:41:24,32.111,N,76.884,W,0
5/8/2015,19:43:24,32.114,N,76.887,W,0
5/8/2015,19:45:24,32.116,N,76.891,W,0
5/8/2015,19:47:25,32.118,N,76.894,W,0
5/8/2015,19:49:25,32.121,N,76.898,W,0
5/8/2015,19:51:25,32.123,N,76.901,W,0
5/8/2015,19:53:25,32.125,N,76.904,W,0
5/8/2015,19:55:24,32.127,N,76.908,W,0
5/8/2015,19:57:24,32.129,N,76.911,W,0
5/8/2015,19:59:24,32.131,N,76.914,W,0
5/8/2015,20:01:25,32.133,N,76.918,W,0
5/8/2015,20:03:25,32.135,N,76.921,W,0
5/8/2015,20:05:25,32.137,N,76.925,W,0
5/8/2015,20:07:25,32.139,N,76.928,W,0
5/8/2015,20:09:24,32.141,N,76.931,W,0
5/8/2015,20:11:24,32.143,N,76.935,W,0
5/8/2015,20:13:24,32.145,N,76.938,W,0
5/8/2015,20:15:24,32.146,N,76.941,W,0
5/8/2015,20:17:25,32.148,N,76.945,W,0
5/8/2015,20:19:25,32.15,N,76.948,W,0
5/8/2015,20:21:25,32.151,N,76.952,W,0
5/8/2015,20:23:25,32.153,N,76.955,W,0
5/8/2015,20:25:24,32.155,N,76.958,W,0
5/8/2015,20:27:24,32.156,N,76.962,W,0
5/8/2015,20:29:24,32.158,N,76.965,W,0
5/8/2015,20:31:25,32.159,N,76.968,W,0
5/8/2015,20:33:25,32.16,N,76.972,W,0
5/8/2015,20:35:25,32.162,N,76.975,W,0
5/8/2015,20:37:25,32.163,N,76.978,W,0
5/8/2015,20:39:24,32.164,N,76.981,W,0
5/8/2015,20:41:24,32.165,N,76.985,W,0
5/8/2015,20:43:24,32.166,N,76.988,W,0
5/8/2015,20:45:24,32.168,N,76.991,W,0
5/8/2015,20:47:25,32.169,N,76.995,W,0
5/8/2015,20:49:25,32.17,N,76.998,W,0
5/8/2015,20:51:25,32.171,N,77.001,W,0
5/8/2015,20:53:25,32.171,N,77.004,W,0
5/8/2015,20:55:24,32.172,N,77.007,W,0
5/8/2015,20:57:24,32.173,N,77.01,W,0
5/8/2015,20:59:24,32.174,N,77.014,W,0
5/8/2015,21:01:25,32.175,N,77.017,W,0
5/8/2015,21:03:25,32.175,N,77.02,W,0
5/8/2015,21:05:25,32.176,N,77.023,W,0
5/8/2015,21:07:25,32.177,N,77.026,W,0
5/8/2015,21:09:24,32.177,N,77.029,W,0
5/8/2015,21:11:24,32.178,N,77.032,W,0
5/8/2015,21:13:24,32.178,N,77.035,W,0
5/8/2015,21:15:24,32.179,N,77.039,W,0
5/8/2015,21:17:25,32.179,N,77.042,W,0
5/8/2015,21:19:25,32.179,N,77.045,W,0
5/8/2015,21:21:25,32.18,N,77.048,W,0
5/8/2015,21:23:25,32.18,N,77.051,W,0
5/8/2015,21:25:24,32.18,N,77.054,W,0
5/8/2015,21:27:24,32.18,N,77.057,W,0
5/8/2015,21:29:24,32.18,N,77.06,W,0
5/8/2015,21:31:25,32.181,N,77.063,W,0
5/8/2015,21:33:25,32.181,N,77.066,W,0
5/8/2015,21:35:25,32.181,N,77.069,W,0
5/8/2015,21:37:25,32.181,N,77.072,W,0
5/8/2015,21:39:24,32.181,N,77.075,W,0
5/8/2015,21:41:24,32.181,N,77.077,W,0
5/8/2015,21:43:24,32.18,N,77.08,W,0
5/8/2015,21:45:24,32.18,N,77.083,W,0
5/8/2015,21:47:25,32.18,N,77.086,W,0
5/8/2015,21:49:25,32.18,N,77.089,W,0
5/8/2015,21:51:25,32.18,N,77.092,W,0
5/8/2015,21:53:25,32.179,N,77.095,W,0
5/8/2015,21:55:24,32.179,N,77.098,W,0
5/8/2015,21:57:24,32.179,N,77.101,W,0
5/8/2015,21:59:24,32.178,N,77.103,W,0
5/8/2015,22:01:25,32.178,N,77.106,W,0
5/8/2015,22:03:25,32.177,N,77.109,W,0
5/8/2015,22:05:25,32.177,N,77.112,W,0
5/8/2015,22:07:25,32.176,N,77.115,W,0
5/8/2015,22:09:24,32.176,N,77.117,W,0
5/8/2015,22:11:24,32.175,N,77.12,W,0
5/8/2015,22:13:24,32.174,N,77.123,W,0
5/8/2015,22:15:24,32.174,N,77.126,W,0
5/8/2015,22:17:25,32.173,N,77.129,W,0
5/8/2015,22:19:25,32.172,N,77.131,W,0
5/8/2015,22:21:25,32.172,N,77.134,W,0
5/8/2015,22:23:25,32.171,N,77.137,W,0
5/8/2015,22:25:24,32.17,N,77.14,W,0
5/8/2015,22:27:24,32.169,N,77.142,W,0
5/8/2015,22:29:24,32.168,N,77.145,W,0
5/8/2015,22:31:25,32.167,N,77.148,W,0
5/8/2015,22:33:25,32.166,N,77.15,W,0
5/8/2015,22:35:25,32.165,N,77.153,W,0
5/8/2015,22:37:25,32.164,N,77.156,W,0
5/8/2015,22:39:24,32.163,N,77.158,W,0
5/8/2015,22:41:24,32.162,N,77.161,W,0
5/8/2015,22:43:24,32.161,N,77.164,W,0
5/8/2015,22:45:24,32.16,N,77.166,W,0
5/8/2015,22:47:25,32.159,N,77.169,W,0
5/8/2015,22:49:25,32.158,N,77.172,W,0
5/8/2015,22:51:25,32.157,N,77.174,W,0
5/8/2015,22:53:25,32.155,N,77.177,W,0
5/8/2015,22:55:24,32.154,N,77.179,W,0
5/8/2015,22:57:24,32.153,N,77.182,W,0
5/8/2015,22:59:24,32.152,N,77.185,W,0
5/8/2015,23:01:25,32.15,N,77.187,W,0
5/8/2015,23:03:25,32.149,N,77.19,W,0
5/8/2015,23:05:25,32.148,N,77.192,W,0
5/8/2015,23:07:25,32.146,N,77.195,W,0
5/8/2015,23:09:24,32.145,N,77.198,W,0
5/8/2015,23:11:24,32.143,N,77.2,W,0
5/8/2015,23:13:24,32.142,N,77.203,W,0
5/8/2015,23:15:24,32.141,N,77.205,W,0
5/8/2015,23:17:25,32.139,N,77.208,W,0
5/8/2015,23:19:25,32.138,N,77.21,W,0
5/8/2015,23:21:25,32.136,N,77.213,W,0
5/8/2015,23:23:25,32.134,N,77.215,W,0
5/8/2015,23:25:24,32.133,N,77.218,W,0
5/8/2015,23:27:24,32.131,N,77.22,W,0
5/8/2015,23:29:24,32.13,N,77.223,W,0
5/8/2015,23:31:25,32.128,N,77.225,W,0
5/8/2015,23:32:37,32.127,N,77.227,W,0
5/8/2015,23:34:37,32.123,N,77.233,W,0
5/8/2015,23:36:37,32.12,N,77.239,W,0
5/8/2015,23:38:38,32.117,N,77.245,W,0
5/8/2015,23:40:38,32.113,N,77.251,W,0
5/8/2015,23:42:38,32.11,N,77.257,W,0
5/8/2015,23:44:37,32.107,N,77.262,W,0
5/8/2015,23:46:37,32.104,N,77.267,W,0
5/8/2015,23:48:37,32.101,N,77.273,W,0
5/8/2015,23:50:37,32.098,N,77.277,W,0
5/8/2015,23:52:38,32.095,N,77.282,W,0
5/8/2015,23:54:38,32.092,N,77.287,W,0
5/8/2015,23:56:38,32.089,N,77.292,W,0
5/8/2015,23:58:38,32.086,N,77.296,W,0
5/9/2015,0:00:37,32.083,N,77.3,W,0
5/9/2015,0:02:37,32.081,N,77.304,W,0
5/9/2015,0:04:37,32.078,N,77.308,W,0
5/9/2015,0:06:37,32.076,N,77.312,W,0
5/9/2015,0:08:38,32.073,N,77.316,W,0
5/9/2015,0:10:38,32.071,N,77.319,W,0
5/9/2015,0:12:38,32.068,N,77.323,W,0
5/9/2015,0:14:37,32.066,N,77.326,W,0
5/9/2015,0:16:37,32.064,N,77.329,W,0
5/9/2015,0:18:37,32.061,N,77.332,W,0
5/9/2015,0:20:37,32.059,N,77.335,W,0
5/9/2015,0:22:38,32.057,N,77.338,W,0
5/9/2015,0:24:38,32.055,N,77.34,W,0
5/9/2015,0:26:38,32.053,N,77.343,W,0
5/9/2015,0:28:38,32.051,N,77.345,W,0
5/9/2015,0:30:37,32.049,N,77.347,W,0
5/9/2015,0:32:37,32.047,N,77.35,W,0
5/9/2015,0:34:37,32.045,N,77.352,W,0
5/9/2015,0:36:37,32.043,N,77.353,W,0
5/9/2015,0:38:38,32.042,N,77.355,W,0
5/9/2015,0:40:38,32.04,N,77.357,W,0
5/9/2015,0:42:38,32.038,N,77.358,W,0
5/9/2015,0:44:37,32.036,N,77.36,W,0
5/9/2015,0:46:37,32.035,N,77.361,W,0
5/9/2015,0:48:37,32.033,N,77.362,W,0
5/9/2015,0:50:37,32.032,N,77.363,W,0
5/9/2015,0:52:38,32.03,N,77.364,W,0
5/9/2015,0:54:38,32.029,N,77.365,W,0
5/9/2015,0:56:38,32.028,N,77.366,W,0
5/9/2015,0:58:38,32.026,N,77.366,W,0
5/9/2015,1:00:37,32.025,N,77.367,W,0
5/9/2015,1:02:37,32.024,N,77.367,W,0
5/9/2015,1:04:37,32.022,N,77.368,W,0
5/9/2015,1:06:37,32.021,N,77.368,W,0
5/9/2015,1:08:38,32.02,N,77.368,W,0
5/9/2015,1:10:38,32.019,N,77.368,W,0
5/9/2015,1:12:38,32.018,N,77.368,W,0
5/9/2015,1:14:37,32.017,N,77.368,W,0
5/9/2015,1:16:37,32.016,N,77.368,W,0
5/9/2015,1:18:37,32.015,N,77.368,W,0
5/9/2015,1:20:37,32.014,N,77.367,W,0
5/9/2015,1:22:38,32.013,N,77.367,W,0
5/9/2015,1:24:38,32.012,N,77.366,W,0
5/9/2015,1:26:38,32.011,N,77.365,W,0
5/9/2015,1:27:34,32.011,N,77.365,W,0
5/9/2015,1:29:34,32.01,N,77.366,W,0
5/9/2015,1:31:34,32.008,N,77.366,W,0
5/9/2015,1:33:33,32.007,N,77.367,W,0
5/9/2015,1:35:33,32.006,N,77.368,W,0
5/9/2015,1:37:33,32.004,N,77.368,W,0
5/9/2015,1:39:33,32.003,N,77.368,W,0
5/9/2015,1:41:34,32.002,N,77.369,W,0
5/9/2015,1:43:34,32.001,N,77.369,W,0
5/9/2015,1:45:34,32,N,77.369,W,0
5/9/2015,1:47:34,31.999,N,77.369,W,0
5/9/2015,1:49:33,31.997,N,77.369,W,0
5/9/2015,1:51:33,31.996,N,77.369,W,0
5/9/2015,1:53:33,31.996,N,77.368,W,0
5/9/2015,1:55:33,31.995,N,77.368,W,0
5/9/2015,1:57:34,31.994,N,77.367,W,0
5/9/2015,1:59:34,31.993,N,77.367,W,0
5/9/2015,2:01:34,31.992,N,77.366,W,0
5/9/2015,2:03:33,31.991,N,77.365,W,0
5/9/2015,2:05:33,31.99,N,77.364,W,0
5/9/2015,2:07:33,31.99,N,77.363,W,0
5/9/2015,2:09:33,31.989,N,77.362,W,0
5/9/2015,2:11:34,31.989,N,77.361,W,0
5/9/2015,2:13:34,31.988,N,77.36,W,0
5/9/2015,2:15:34,31.987,N,77.358,W,0
5/9/2015,2:17:34,31.987,N,77.356,W,0
5/9/2015,2:19:33,31.987,N,77.355,W,0
5/9/2015,2:21:33,31.986,N,77.353,W,0
5/9/2015,2:23:33,31.986,N,77.351,W,0
5/9/2015,2:25:33,31.986,N,77.349,W,0
5/9/2015,2:27:34,31.985,N,77.347,W,0
5/9/2015,2:29:34,31.985,N,77.344,W,0
5/9/2015,2:31:34,31.985,N,77.342,W,0
5/9/2015,2:33:33,31.985,N,77.339,W,0
5/9/2015,2:35:33,31.985,N,77.337,W,0
5/9/2015,2:37:33,31.985,N,77.334,W,0
5/9/2015,2:39:33,31.985,N,77.331,W,0
5/9/2015,2:41:34,31.985,N,77.328,W,0
5/9/2015,2:43:34,31.985,N,77.325,W,0
5/9/2015,2:45:34,31.985,N,77.321,W,0
5/9/2015,2:47:34,31.986,N,77.318,W,0
5/9/2015,2:49:33,31.986,N,77.314,W,0
5/9/2015,2:51:33,31.986,N,77.31,W,0
5/9/2015,2:53:33,31.987,N,77.306,W,0
5/9/2015,2:55:33,31.987,N,77.302,W,0
5/9/2015,2:57:34,31.988,N,77.298,W,0
5/9/2015,2:59:34,31.988,N,77.294,W,0
5/9/2015,3:01:34,31.989,N,77.289,W,0
5/9/2015,3:03:33,31.99,N,77.284,W,0
5/9/2015,3:05:33,31.991,N,77.28,W,0
5/9/2015,3:07:33,31.991,N,77.275,W,0
5/9/2015,3:09:33,31.992,N,77.27,W,0
5/9/2015,3:11:34,31.993,N,77.264,W,0
5/9/2015,3:13:34,31.994,N,77.259,W,0
5/9/2015,3:15:34,31.995,N,77.253,W,0
5/9/2015,3:17:34,31.996,N,77.247,W,0
5/9/2015,3:19:33,31.998,N,77.242,W,0
5/9/2015,3:21:33,31.999,N,77.235,W,0
5/9/2015,3:23:20,32,N,77.23,W,0
5/9/2015,3:25:19,32.001,N,77.228,W,0
5/9/2015,3:27:19,32.001,N,77.227,W,0
5/9/2015,3:29:19,32.002,N,77.225,W,0
5/9/2015,3:31:19,32.002,N,77.223,W,0
5/9/2015,3:33:20,32.003,N,77.222,W,0
5/9/2015,3:35:20,32.004,N,77.22,W,0
5/9/2015,3:37:20,32.005,N,77.218,W,0
5/9/2015,3:39:20,32.005,N,77.217,W,0
5/9/2015,3:41:19,32.006,N,77.215,W,0
5/9/2015,3:43:19,32.007,N,77.214,W,0
5/9/2015,3:45:19,32.008,N,77.213,W,0
5/9/2015,3:47:19,32.009,N,77.211,W,0
5/9/2015,3:49:20,32.01,N,77.21,W,0
5/9/2015,3:51:20,32.011,N,77.209,W,0
5/9/2015,3:53:20,32.012,N,77.207,W,0
5/9/2015,3:55:19,32.013,N,77.206,W,0
5/9/2015,3:57:19,32.015,N,77.205,W,0
5/9/2015,3:59:19,32.016,N,77.204,W,0
5/9/2015,4:01:19,32.017,N,77.203,W,0
5/9/2015,4:03:20,32.018,N,77.202,W,0
5/9/2015,4:05:20,32.02,N,77.2,W,0
5/9/2015,4:07:20,32.021,N,77.199,W,0
5/9/2015,4:09:20,32.023,N,77.199,W,0
5/9/2015,4:11:19,32.024,N,77.198,W,0
5/9/2015,4:13:19,32.026,N,77.197,W,0
5/9/2015,4:15:19,32.028,N,77.196,W,0
5/9/2015,4:17:19,32.029,N,77.195,W,0
5/9/2015,4:19:20,32.031,N,77.194,W,0
5/9/2015,4:21:20,32.033,N,77.194,W,0
5/9/2015,4:23:20,32.035,N,77.193,W,0
5/9/2015,4:25:19,32.037,N,77.192,W,0
5/9/2015,4:27:19,32.039,N,77.192,W,0
5/9/2015,4:29:19,32.041,N,77.191,W,0
5/9/2015,4:31:19,32.043,N,77.191,W,0
5/9/2015,4:33:20,32.045,N,77.19,W,0
5/9/2015,4:35:20,32.047,N,77.19,W,0
5/9/2015,4:37:20,32.049,N,77.19,W,0
5/9/2015,4:39:20,32.052,N,77.189,W,0
5/9/2015,4:41:19,32.054,N,77.189,W,0
5/9/2015,4:43:19,32.057,N,77.189,W,0
5/9/2015,4:45:19,32.059,N,77.189,W,0
5/9/2015,4:47:19,32.062,N,77.189,W,0
5/9/2015,4:49:20,32.064,N,77.189,W,0
5/9/2015,4:51:20,32.067,N,77.189,W,0
5/9/2015,4:53:20,32.07,N,77.189,W,0
5/9/2015,4:55:19,32.073,N,77.189,W,0
5/9/2015,4:57:19,32.076,N,77.189,W,0
5/9/2015,4:59:19,32.078,N,77.189,W,0
5/9/2015,5:01:19,32.082,N,77.19,W,0
5/9/2015,5:03:20,32.085,N,77.19,W,0
5/9/2015,5:05:20,32.088,N,77.191,W,0
5/9/2015,5:07:20,32.091,N,77.191,W,0
5/9/2015,5:09:20,32.094,N,77.192,W,0
5/9/2015,5:11:19,32.098,N,77.192,W,0
5/9/2015,5:13:19,32.101,N,77.193,W,0
5/9/2015,5:15:19,32.105,N,77.193,W,0
5/9/2015,5:17:19,32.108,N,77.194,W,0
5/9/2015,5:19:20,32.112,N,77.195,W,0
5/9/2015,5:21:20,32.116,N,77.196,W,0
5/9/2015,5:23:20,32.119,N,77.197,W,0
5/9/2015,5:25:19,32.123,N,77.198,W,0
5/9/2015,5:27:19,32.127,N,77.199,W,0
5/9/2015,5:29:19,32.131,N,77.2,W,0
5/9/2015,5:31:19,32.135,N,77.201,W,0
5/9/2015,5:33:20,32.14,N,77.202,W,0
5/9/2015,5:35:20,32.144,N,77.204,W,0
5/9/2015,5:37:20,32.148,N,77.205,W,0
5/9/2015,5:39:20,32.152,N,77.206,W,0
5/9/2015,5:41:19,32.157,N,77.208,W,0
5/9/2015,5:43:19,32.161,N,77.209,W,0
5/9/2015,5:45:19,32.166,N,77.211,W,0
5/9/2015,5:47:19,32.17,N,77.212,W,0
5/9/2015,5:49:20,32.175,N,77.214,W,0
5/9/2015,5:51:20,32.179,N,77.216,W,0
5/9/2015,5:53:20,32.184,N,77.217,W,0
5/9/2015,5:55:19,32.189,N,77.219,W,0
5/9/2015,5:57:19,32.194,N,77.221,W,0
5/9/2015,5:59:19,32.199,N,77.223,W,0
5/9/2015,6:01:19,32.203,N,77.225,W,0
5/9/2015,6:03:20,32.208,N,77.227,W,0
5/9/2015,6:05:20,32.213,N,77.229,W,0
5/9/2015,6:07:20,32.218,N,77.231,W,0
5/9/2015,6:09:20,32.223,N,77.233,W,0
5/9/2015,6:11:19,32.228,N,77.235,W,0
5/9/2015,6:13:19,32.234,N,77.237,W,0
5/9/2015,6:15:19,32.239,N,77.24,W,0
5/9/2015,6:17:19,32.244,N,77.242,W,0
5/9/2015,6:19:20,32.249,N,77.244,W,0
5/9/2015,6:21:20,32.254,N,77.247,W,0
5/9/2015,6:23:20,32.26,N,77.249,W,0
5/9/2015,6:25:19,32.265,N,77.251,W,0
5/9/2015,6:27:19,32.27,N,77.254,W,0
5/9/2015,6:29:19,32.276,N,77.257,W,0
5/9/2015,6:31:19,32.281,N,77.259,W,0
5/9/2015,6:33:20,32.286,N,77.262,W,0
5/9/2015,6:35:20,32.292,N,77.264,W,0
5/9/2015,6:37:20,32.297,N,77.267,W,0
5/9/2015,6:39:20,32.303,N,77.27,W,0
5/9/2015,6:41:19,32.308,N,77.272,W,0
5/9/2015,6:43:19,32.314,N,77.275,W,0
5/9/2015,6:45:19,32.319,N,77.278,W,0
5/9/2015,6:47:19,32.325,N,77.281,W,0
5/9/2015,6:49:20,32.33,N,77.284,W,0
5/9/2015,6:51:20,32.336,N,77.287,W,0
5/9/2015,6:53:20,32.341,N,77.29,W,0
5/9/2015,6:55:19,32.347,N,77.293,W,0
5/9/2015,6:57:19,32.352,N,77.296,W,0
5/9/2015,6:59:19,32.358,N,77.299,W,0
5/9/2015,7:01:19,32.363,N,77.302,W,0
5/9/2015,7:03:20,32.369,N,77.305,W,0
5/9/2015,7:05:20,32.374,N,77.308,W,0
5/9/2015,7:07:20,32.38,N,77.311,W,0
5/9/2015,7:09:20,32.385,N,77.314,W,0
5/9/2015,7:11:19,32.391,N,77.318,W,0
5/9/2015,7:13:19,32.396,N,77.321,W,0
5/9/2015,7:15:19,32.402,N,77.324,W,0
5/9/2015,7:17:19,32.407,N,77.328,W,0
5/9/2015,7:19:20,32.413,N,77.331,W,0
5/9/2015,7:21:20,32.418,N,77.334,W,0
5/9/2015,7:23:20,32.424,N,77.338,W,0
5/9/2015,7:25:19,32.429,N,77.341,W,0
5/9/2015,7:27:19,32.434,N,77.344,W,0
5/9/2015,7:29:19,32.44,N,77.348,W,0
5/9/2015,7:31:19,32.445,N,77.351,W,0
5/9/2015,7:33:20,32.451,N,77.355,W,0
5/9/2015,7:35:20,32.456,N,77.358,W,0
5/9/2015,7:37:20,32.461,N,77.362,W,0
5/9/2015,7:39:20,32.466,N,77.365,W,0
5/9/2015,7:41:19,32.472,N,77.369,W,0
5/9/2015,7:43:19,32.477,N,77.372,W,0
5/9/2015,7:45:19,32.482,N,77.376,W,0
5/9/2015,7:47:19,32.487,N,77.379,W,0
5/9/2015,7:49:20,32.492,N,77.383,W,0
5/9/2015,7:51:20,32.497,N,77.387,W,0
5/9/2015,7:53:20,32.502,N,77.39,W,0
5/9/2015,7:55:19,32.507,N,77.394,W,0
5/9/2015,7:57:19,32.512,N,77.398,W,0
5/9/2015,7:59:19,32.517,N,77.401,W,0
5/9/2015,8:01:19,32.522,N,77.405,W,0
5/9/2015,8:03:20,32.527,N,77.409,W,0
5/9/2015,8:05:20,32.531,N,77.412,W,0
5/9/2015,8:07:20,32.536,N,77.416,W,0
5/9/2015,8:09:20,32.541,N,77.42,W,0
5/9/2015,8:11:19,32.545,N,77.423,W,0
5/9/2015,8:13:19,32.55,N,77.427,W,0
5/9/2015,8:15:19,32.554,N,77.431,W,0
5/9/2015,8:17:19,32.559,N,77.435,W,0
5/9/2015,8:19:20,32.563,N,77.438,W,0
5/9/2015,8:21:20,32.568,N,77.442,W,0
5/9/2015,8:23:20,32.572,N,77.446,W,0
5/9/2015,8:25:19,32.576,N,77.45,W,0
5/9/2015,8:27:19,32.58,N,77.454,W,0
5/9/2015,8:29:19,32.584,N,77.457,W,0
5/9/2015,8:31:19,32.588,N,77.461,W,0
5/9/2015,8:33:20,32.592,N,77.465,W,0
5/9/2015,8:35:20,32.596,N,77.469,W,0
5/9/2015,8:37:20,32.6,N,77.472,W,0
5/9/2015,8:39:20,32.604,N,77.476,W,0
5/9/2015,8:41:19,32.607,N,77.48,W,0
5/9/2015,8:43:19,32.611,N,77.484,W,0
5/9/2015,8:45:19,32.615,N,77.488,W,0
5/9/2015,8:47:19,32.618,N,77.491,W,0
5/9/2015,8:49:20,32.621,N,77.495,W,0
5/9/2015,8:51:20,32.625,N,77.499,W,0
5/9/2015,8:53:20,32.628,N,77.503,W,0
5/9/2015,8:55:19,32.631,N,77.506,W,0
5/9/2015,8:57:19,32.634,N,77.51,W,0
5/9/2015,8:59:19,32.637,N,77.514,W,0
5/9/2015,9:01:19,32.64,N,77.518,W,0
5/9/2015,9:03:20,32.643,N,77.521,W,0
5/9/2015,9:05:20,32.645,N,77.525,W,0
5/9/2015,9:07:20,32.648,N,77.529,W,0
5/9/2015,9:09:20,32.65,N,77.532,W,0
5/9/2015,9:11:19,32.653,N,77.536,W,0
5/9/2015,9:13:19,32.655,N,77.54,W,0
5/9/2015,9:15:19,32.657,N,77.544,W,0
5/9/2015,9:17:19,32.659,N,77.547,W,0
5/9/2015,9:19:20,32.661,N,77.551,W,0
5/9/2015,9:21:20,32.663,N,77.554,W,0
5/9/2015,9:23:20,32.665,N,77.558,W,0
5/9/2015,9:25:19,32.667,N,77.562,W,0
5/9/2015,9:27:19,32.669,N,77.565,W,0
5/9/2015,9:29:19,32.67,N,77.569,W,0
5/9/2015,9:31:19,32.672,N,77.573,W,0
5/9/2015,9:33:20,32.673,N,77.576,W,0
5/9/2015,9:35:20,32.674,N,77.58,W,0
5/9/2015,9:37:20,32.676,N,77.583,W,0
5/9/2015,9:39:20,32.677,N,77.587,W,0
5/9/2015,9:41:19,32.678,N,77.59,W,0
5/9/2015,9:43:19,32.679,N,77.594,W,0
5/9/2015,9:45:19,32.68,N,77.597,W,0
5/9/2015,9:47:19,32.68,N,77.601,W,0
5/9/2015,9:49:20,32.681,N,77.604,W,0
5/9/2015,9:51:20,32.682,N,77.608,W,0
5/9/2015,9:53:20,32.682,N,77.612,W,0
5/9/2015,9:55:19,32.683,N,77.615,W,0
5/9/2015,9:57:19,32.683,N,77.618,W,0
5/9/2015,9:59:19,32.684,N,77.622,W,0
5/9/2015,10:01:19,32.684,N,77.625,W,0
5/9/2015,10:03:20,32.684,N,77.629,W,0
5/9/2015,10:05:20,32.684,N,77.632,W,0
5/9/2015,10:07:20,32.684,N,77.636,W,0
5/9/2015,10:09:20,32.684,N,77.639,W,0
5/9/2015,10:11:19,32.684,N,77.643,W,0
5/9/2015,10:13:19,32.684,N,77.646,W,0
5/9/2015,10:15:19,32.684,N,77.649,W,0
5/9/2015,10:17:19,32.683,N,77.653,W,0
5/9/2015,10:19:20,32.683,N,77.656,W,0
5/9/2015,10:21:20,32.682,N,77.66,W,0
5/9/2015,10:23:20,32.682,N,77.663,W,0
5/9/2015,10:25:19,32.681,N,77.666,W,0
5/9/2015,10:27:19,32.681,N,77.67,W,0
5/9/2015,10:29:19,32.68,N,77.673,W,0
5/9/2015,10:31:19,32.679,N,77.676,W,0
5/9/2015,10:33:20,32.678,N,77.68,W,0
5/9/2015,10:35:20,32.677,N,77.683,W,0
5/9/2015,10:37:20,32.676,N,77.686,W,0
5/9/2015,10:39:20,32.675,N,77.69,W,0
5/9/2015,10:41:19,32.674,N,77.693,W,0
5/9/2015,10:43:19,32.673,N,77.696,W,0
5/9/2015,10:45:19,32.672,N,77.7,W,0
5/9/2015,10:47:19,32.671,N,77.703,W,0
5/9/2015,10:49:20,32.669,N,77.706,W,0
5/9/2015,10:51:20,32.668,N,77.71,W,0
5/9/2015,10:53:20,32.667,N,77.713,W,0
5/9/2015,10:55:19,32.665,N,77.716,W,0
5/9/2015,10:57:19,32.664,N,77.719,W,0
5/9/2015,10:59:19,32.662,N,77.723,W,0
5/9/2015,11:01:19,32.66,N,77.726,W,0
5/9/2015,11:03:20,32.659,N,77.729,W,0
5/9/2015,11:05:20,32.657,N,77.733,W,0
5/9/2015,11:07:20,32.655,N,77.736,W,0
5/9/2015,11:09:20,32.653,N,77.739,W,0
5/9/2015,11:11:19,32.651,N,77.742,W,0
5/9/2015,11:13:19,32.649,N,77.745,W,0
5/9/2015,11:15:19,32.648,N,77.749,W,0
5/9/2015,11:17:19,32.645,N,77.752,W,0
5/9/2015,11:19:20,32.643,N,77.755,W,0
5/9/2015,11:21:20,32.641,N,77.758,W,0
5/9/2015,11:23:20,32.639,N,77.762,W,0
5/9/2015,11:25:19,32.637,N,77.765,W,0
5/9/2015,11:27:19,32.635,N,77.768,W,0
5/9/2015,11:29:19,32.633,N,77.771,W,0
5/9/2015,11:31:19,32.63,N,77.774,W,0
5/9/2015,11:33:20,32.628,N,77.778,W,0
5/9/2015,11:35:20,32.625,N,77.781,W,0
5/9/2015,11:37:20,32.623,N,77.784,W,0
5/9/2015,11:37:23,32.623,N,77.784,W,0
5/9/2015,11:39:23,32.62,N,77.791,W,0
5/9/2015,11:41:23,32.616,N,77.798,W,0
5/9/2015,11:43:23,32.613,N,77.805,W,0
5/9/2015,11:45:24,32.609,N,77.811,W,0
5/9/2015,11:47:24,32.606,N,77.817,W,0
5/9/2015,11:49:24,32.603,N,77.823,W,0
5/9/2015,11:51:23,32.6,N,77.829,W,0
5/9/2015,11:53:23,32.596,N,77.835,W,0
5/9/2015,11:55:23,32.593,N,77.84,W,0
5/9/2015,11:57:23,32.59,N,77.845,W,0
5/9/2015,11:59:24,32.587,N,77.85,W,0
5/9/2015,12:01:24,32.584,N,77.855,W,0
5/9/2015,12:03:24,32.58,N,77.86,W,0
5/9/2015,12:05:24,32.577,N,77.864,W,0
5/9/2015,12:07:23,32.574,N,77.868,W,0
5/9/2015,12:09:23,32.571,N,77.872,W,0
5/9/2015,12:11:23,32.568,N,77.876,W,0
5/9/2015,12:13:23,32.565,N,77.879,W,0
5/9/2015,12:15:24,32.562,N,77.883,W,0
5/9/2015,12:17:24,32.559,N,77.886,W,0
5/9/2015,12:19:24,32.556,N,77.889,W,0
5/9/2015,12:21:23,32.553,N,77.892,W,0
5/9/2015,12:23:23,32.551,N,77.895,W,0
5/9/2015,12:25:23,32.548,N,77.897,W,0
5/9/2015,12:27:23,32.545,N,77.9,W,0
5/9/2015,12:29:24,32.542,N,77.902,W,0
5/9/2015,12:31:24,32.539,N,77.904,W,0
5/9/2015,12:33:24,32.536,N,77.906,W,0
5/9/2015,12:35:24,32.534,N,77.907,W,0
5/9/2015,12:37:23,32.531,N,77.909,W,0
5/9/2015,12:39:23,32.528,N,77.91,W,0
5/9/2015,12:41:23,32.526,N,77.912,W,0
5/9/2015,12:43:23,32.523,N,77.913,W,0
5/9/2015,12:45:24,32.52,N,77.914,W,0
5/9/2015,12:47:24,32.518,N,77.915,W,0
5/9/2015,12:49:24,32.515,N,77.915,W,0
5/9/2015,12:51:23,32.512,N,77.916,W,0
5/9/2015,12:53:23,32.51,N,77.917,W,0
5/9/2015,12:55:23,32.507,N,77.917,W,0
5/9/2015,12:57:23,32.505,N,77.917,W,0
5/9/2015,12:59:24,32.502,N,77.917,W,0
5/9/2015,13:01:24,32.5,N,77.917,W,0
5/9/2015,13:02:36,32.498,N,77.917,W,0
5/9/2015,13:04:36,32.496,N,77.915,W,0
5/9/2015,13:06:36,32.493,N,77.913,W,0
5/9/2015,13:08:36,32.491,N,77.912,W,0
5/9/2015,13:10:35,32.489,N,77.91,W,0
5/9/2015,13:12:35,32.486,N,77.908,W,0
5/9/2015,13:14:35,32.484,N,77.906,W,0
5/9/2015,13:16:36,32.482,N,77.904,W,0
5/9/2015,13:18:36,32.48,N,77.902,W,0
5/9/2015,13:20:36,32.477,N,77.901,W,0
5/9/2015,13:22:36,32.475,N,77.899,W,0
5/9/2015,13:24:35,32.473,N,77.897,W,0
5/9/2015,13:26:35,32.47,N,77.895,W,0
5/9/2015,13:28:35,32.468,N,77.893,W,0
5/9/2015,13:30:35,32.466,N,77.892,W,0
5/9/2015,13:32:36,32.463,N,77.89,W,0
5/9/2015,13:34:36,32.461,N,77.888,W,0
5/9/2015,13:36:36,32.459,N,77.886,W,0
5/9/2015,13:38:36,32.456,N,77.884,W,0
5/9/2015,13:40:35,32.454,N,77.883,W,0
5/9/2015,13:42:35,32.452,N,77.881,W,0
5/9/2015,13:44:35,32.45,N,77.879,W,0
5/9/2015,13:46:36,32.447,N,77.877,W,0
5/9/2015,13:48:36,32.445,N,77.875,W,0
5/9/2015,13:50:36,32.443,N,77.873,W,0
5/9/2015,13:52:36,32.44,N,77.872,W,0
5/9/2015,13:54:35,32.438,N,77.87,W,0
5/9/2015,13:56:35,32.436,N,77.868,W,0
5/9/2015,13:58:35,32.433,N,77.866,W,0
5/9/2015,14:00:35,32.431,N,77.864,W,0
5/9/2015,14:02:36,32.429,N,77.863,W,0
5/9/2015,14:04:36,32.426,N,77.861,W,0
5/9/2015,14:06:36,32.424,N,77.859,W,0
5/9/2015,14:08:36,32.422,N,77.857,W,0
5/9/2015,14:10:35,32.42,N,77.855,W,0
5/9/2015,14:12:35,32.417,N,77.854,W,0
5/9/2015,14:14:35,32.415,N,77.852,W,0
5/9/2015,14:16:36,32.413,N,77.85,W,0
5/9/2015,14:18:36,32.41,N,77.848,W,0
5/9/2015,14:20:36,32.408,N,77.846,W,0
5/9/2015,14:22:36,32.406,N,77.844,W,0
5/9/2015,14:24:35,32.403,N,77.843,W,0
5/9/2015,14:26:35,32.401,N,77.841,W,0
5/9/2015,14:27:29,32.4,N,77.84,W,0
5/9/2015,14:29:29,32.398,N,77.838,W,0
5/9/2015,14:31:30,32.396,N,77.837,W,0
5/9/2015,14:33:30,32.394,N,77.835,W,0
5/9/2015,14:35:30,32.392,N,77.833,W,0
5/9/2015,14:37:30,32.39,N,77.832,W,0
5/9/2015,14:39:29,32.388,N,77.83,W,0
5/9/2015,14:41:29,32.387,N,77.828,W,0
5/9/2015,14:43:29,32.385,N,77.827,W,0
5/9/2015,14:45:30,32.383,N,77.825,W,0
5/9/2015,14:47:30,32.381,N,77.823,W,0
5/9/2015,14:49:30,32.38,N,77.822,W,0
5/9/2015,14:51:30,32.378,N,77.82,W,0
5/9/2015,14:53:29,32.376,N,77.819,W,0
5/9/2015,14:55:29,32.375,N,77.817,W,0
5/9/2015,14:57:29,32.373,N,77.816,W,0
5/9/2015,14:59:29,32.371,N,77.814,W,0
5/9/2015,15:01:30,32.37,N,77.812,W,0
5/9/2015,15:03:30,32.368,N,77.811,W,0
5/9/2015,15:05:30,32.367,N,77.809,W,0
5/9/2015,15:07:30,32.365,N,77.808,W,0
5/9/2015,15:09:29,32.364,N,77.806,W,0
5/9/2015,15:11:29,32.363,N,77.805,W,0
5/9/2015,15:13:29,32.361,N,77.804,W,0
5/9/2015,15:15:30,32.36,N,77.802,W,0
5/9/2015,15:17:30,32.359,N,77.801,W,0
5/9/2015,15:19:30,32.357,N,77.799,W,0
5/9/2015,15:21:30,32.356,N,77.798,W,0
5/9/2015,15:23:29,32.355,N,77.796,W,0
5/9/2015,15:25:29,32.354,N,77.795,W,0
5/9/2015,15:27:29,32.353,N,77.794,W,0
5/9/2015,15:29:29,32.352,N,77.792,W,0
5/9/2015,15:31:30,32.351,N,77.791,W,0
5/9/2015,15:33:30,32.35,N,77.79,W,0
5/9/2015,15:35:30,32.349,N,77.788,W,0
5/9/2015,15:37:30,32.348,N,77.787,W,0
5/9/2015,15:39:29,32.347,N,77.786,W,0
5/9/2015,15:41:29,32.346,N,77.784,W,0
5/9/2015,15:43:29,32.345,N,77.783,W,0
5/9/2015,15:45:30,32.345,N,77.782,W,0
5/9/2015,15:47:30,32.344,N,77.781,W,0
5/9/2015,15:49:30,32.343,N,77.78,W,0
5/9/2015,15:51:30,32.343,N,77.778,W,0
5/9/2015,15:53:29,32.342,N,77.777,W,0
5/9/2015,15:55:29,32.342,N,77.776,W,0
5/9/2015,15:57:29,32.341,N,77.775,W,0
5/9/2015,15:59:29,32.341,N,77.774,W,0
5/9/2015,16:01:30,32.34,N,77.773,W,0
5/9/2015,16:03:30,32.34,N,77.772,W,0
5/9/2015,16:05:30,32.34,N,77.771,W,0
5/9/2015,16:07:30,32.34,N,77.77,W,0
5/9/2015,16:09:29,32.339,N,77.768,W,0
5/9/2015,16:11:29,32.339,N,77.767,W,0
5/9/2015,16:13:29,32.339,N,77.766,W,0
5/9/2015,16:15:29,32.339,N,77.765,W,0
5/9/2015,16:17:29,32.339,N,77.765,W,0
5/9/2015,16:19:29,32.339,N,77.764,W,0
5/9/2015,16:21:29,32.339,N,77.763,W,0
5/9/2015,16:23:30,32.34,N,77.762,W,0
5/9/2015,16:25:30,32.34,N,77.761,W,0
5/9/2015,16:27:30,32.34,N,77.76,W,0
5/9/2015,16:29:30,32.341,N,77.759,W,0
5/9/2015,16:31:30,32.341,N,77.758,W,0
5/9/2015,16:33:30,32.341,N,77.758,W,0
5/9/2015,16:35:30,32.342,N,77.757,W,0
5/9/2015,16:37:30,32.342,N,77.756,W,0
5/9/2015,16:39:29,32.343,N,77.755,W,0
5/9/2015,16:41:29,32.344,N,77.755,W,0
5/9/2015,16:43:29,32.344,N,77.754,W,0
5/9/2015,16:45:29,32.345,N,77.753,W,0
5/9/2015,16:47:29,32.346,N,77.753,W,0
5/9/2015,16:49:29,32.347,N,77.752,W,0
5/9/2015,16:51:29,32.348,N,77.751,W,0
5/9/2015,16:53:30,32.349,N,77.751,W,0
5/9/2015,16:55:30,32.35,N,77.75,W,0
5/9/2015,16:57:30,32.351,N,77.75,W,0
5/9/2015,16:59:30,32.353,N,77.749,W,0
5/9/2015,17:01:30,32.354,N,77.749,W,0
5/9/2015,17:03:30,32.355,N,77.748,W,0
5/9/2015,17:05:30,32.357,N,77.748,W,0
5/9/2015,17:07:30,32.358,N,77.747,W,0
5/9/2015,17:09:29,32.36,N,77.747,W,0
5/9/2015,17:11:29,32.361,N,77.746,W,0
5/9/2015,17:13:29,32.363,N,77.746,W,0
5/9/2015,17:15:29,32.365,N,77.746,W,0
5/9/2015,17:17:29,32.366,N,77.745,W,0
5/9/2015,17:19:29,32.368,N,77.745,W,0
5/9/2015,17:21:29,32.37,N,77.745,W,0
5/9/2015,17:23:30,32.372,N,77.745,W,0
5/9/2015,17:25:30,32.374,N,77.744,W,0
5/9/2015,17:27:30,32.376,N,77.744,W,0
5/9/2015,17:29:30,32.378,N,77.744,W,0
5/9/2015,17:31:30,32.381,N,77.744,W,0
5/9/2015,17:33:30,32.383,N,77.744,W,0
5/9/2015,17:35:30,32.385,N,77.744,W,0
5/9/2015,17:37:30,32.388,N,77.744,W,0
5/9/2015,17:39:29,32.39,N,77.744,W,0
5/9/2015,17:41:29,32.393,N,77.744,W,0
5/9/2015,17:43:29,32.395,N,77.744,W,0
5/9/2015,17:45:29,32.398,N,77.744,W,0
5/9/2015,17:47:29,32.4,N,77.744,W,0
5/9/2015,17:49:29,32.403,N,77.744,W,0
5/9/2015,17:51:29,32.406,N,77.744,W,0
5/9/2015,17:53:30,32.409,N,77.744,W,0
5/9/2015,17:55:30,32.412,N,77.744,W,0
5/9/2015,17:57:30,32.414,N,77.744,W,0
5/9/2015,17:59:30,32.417,N,77.745,W,0
5/9/2015,18:01:30,32.42,N,77.745,W,0
5/9/2015,18:03:30,32.423,N,77.745,W,0
5/9/2015,18:05:30,32.427,N,77.745,W,0
5/9/2015,18:07:30,32.43,N,77.746,W,0
5/9/2015,18:09:29,32.433,N,77.746,W,0
5/9/2015,18:11:29,32.436,N,77.746,W,0
5/9/2015,18:13:29,32.439,N,77.746,W,0
5/9/2015,18:15:29,32.443,N,77.747,W,0
5/9/2015,18:17:29,32.446,N,77.747,W,0
5/9/2015,18:19:29,32.449,N,77.748,W,0
5/9/2015,18:21:29,32.453,N,77.748,W,0
5/9/2015,18:23:30,32.456,N,77.749,W,0
5/9/2015,18:25:30,32.46,N,77.749,W,0
5/9/2015,18:27:30,32.463,N,77.75,W,0
5/9/2015,18:29:30,32.467,N,77.75,W,0
5/9/2015,18:31:30,32.471,N,77.751,W,0
5/9/2015,18:33:30,32.474,N,77.751,W,0
5/9/2015,18:35:30,32.478,N,77.752,W,0
5/9/2015,18:37:30,32.482,N,77.753,W,0
5/9/2015,18:39:29,32.485,N,77.753,W,0
5/9/2015,18:41:29,32.489,N,77.754,W,0
5/9/2015,18:43:29,32.493,N,77.755,W,0
5/9/2015,18:45:29,32.497,N,77.755,W,0
5/9/2015,18:47:29,32.501,N,77.756,W,0
5/9/2015,18:49:29,32.504,N,77.757,W,0
5/9/2015,18:51:29,32.508,N,77.758,W,0
5/9/2015,18:53:30,32.512,N,77.758,W,0
5/9/2015,18:55:30,32.516,N,77.759,W,0
5/9/2015,18:57:30,32.52,N,77.76,W,0
5/9/2015,18:59:30,32.524,N,77.761,W,0
5/9/2015,19:01:30,32.528,N,77.762,W,0
5/9/2015,19:03:30,32.532,N,77.763,W,0
5/9/2015,19:05:30,32.537,N,77.764,W,0
5/9/2015,19:07:30,32.541,N,77.765,W,0
5/9/2015,19:09:29,32.545,N,77.766,W,0
5/9/2015,19:11:29,32.549,N,77.767,W,0
5/9/2015,19:13:29,32.553,N,77.768,W,0
5/9/2015,19:15:29,32.557,N,77.769,W,0
5/9/2015,19:17:29,32.561,N,77.77,W,0
5/9/2015,19:19:29,32.566,N,77.771,W,0
5/9/2015,19:21:29,32.57,N,77.772,W,0
5/9/2015,19:23:30,32.574,N,77.773,W,0
5/9/2015,19:25:30,32.578,N,77.774,W,0
5/9/2015,19:27:30,32.583,N,77.776,W,0
5/9/2015,19:29:30,32.587,N,77.777,W,0
5/9/2015,19:31:30,32.591,N,77.778,W,0
5/9/2015,19:33:30,32.596,N,77.779,W,0
5/9/2015,19:35:30,32.6,N,77.78,W,0
5/9/2015,19:37:30,32.604,N,77.782,W,0
5/9/2015,19:39:29,32.609,N,77.783,W,0
5/9/2015,19:41:29,32.613,N,77.784,W,0
5/9/2015,19:43:29,32.617,N,77.786,W,0
5/9/2015,19:45:29,32.622,N,77.787,W,0
5/9/2015,19:47:29,32.626,N,77.789,W,0
5/9/2015,19:49:29,32.631,N,77.79,W,0
5/9/2015,19:51:29,32.635,N,77.791,W,0
5/9/2015,19:53:30,32.639,N,77.793,W,0
5/9/2015,19:55:30,32.644,N,77.794,W,0
5/9/2015,19:57:30,32.648,N,77.796,W,0
5/9/2015,19:59:30,32.653,N,77.797,W,0
5/9/2015,20:01:30,32.657,N,77.799,W,0
5/9/2015,20:03:30,32.661,N,77.801,W,0
5/9/2015,20:05:30,32.666,N,77.802,W,0
5/9/2015,20:07:30,32.67,N,77.804,W,0
5/9/2015,20:09:29,32.675,N,77.805,W,0
5/9/2015,20:11:29,32.679,N,77.807,W,0
5/9/2015,20:13:29,32.683,N,77.809,W,0
5/9/2015,20:15:29,32.688,N,77.81,W,0
5/9/2015,20:17:29,32.692,N,77.812,W,0
5/9/2015,20:19:29,32.697,N,77.814,W,0
5/9/2015,20:21:29,32.701,N,77.816,W,0
5/9/2015,20:23:30,32.705,N,77.818,W,0
5/9/2015,20:25:30,32.71,N,77.819,W,0
5/9/2015,20:27:30,32.714,N,77.821,W,0
5/9/2015,20:29:30,32.718,N,77.823,W,0
5/9/2015,20:31:30,32.723,N,77.825,W,0
5/9/2015,20:33:30,32.727,N,77.827,W,0
5/9/2015,20:35:30,32.731,N,77.829,W,0
5/9/2015,20:37:30,32.736,N,77.831,W,0
5/9/2015,20:39:29,32.74,N,77.833,W,0
5/9/2015,20:41:29,32.744,N,77.835,W,0
5/9/2015,20:43:29,32.748,N,77.837,W,0
5/9/2015,20:45:29,32.753,N,77.839,W,0
5/9/2015,20:47:29,32.757,N,77.841,W,0
5/9/2015,20:49:29,32.761,N,77.843,W,0
5/9/2015,20:51:29,32.765,N,77.845,W,0
5/9/2015,20:53:30,32.77,N,77.847,W,0
5/9/2015,20:55:30,32.774,N,77.849,W,0
5/9/2015,20:57:30,32.778,N,77.851,W,0
5/9/2015,20:59:30,32.782,N,77.853,W,0
5/9/2015,21:01:30,32.786,N,77.855,W,0
5/9/2015,21:03:30,32.79,N,77.858,W,0
5/9/2015,21:05:30,32.794,N,77.86,W,0
5/9/2015,21:07:30,32.798,N,77.862,W,0
5/9/2015,21:09:29,32.802,N,77.864,W,0
5/9/2015,21:11:29,32.806,N,77.867,W,0
5/9/2015,21:13:29,32.81,N,77.869,W,0
5/9/2015,21:15:29,32.814,N,77.871,W,0
5/9/2015,21:17:29,32.818,N,77.874,W,0
5/9/2015,21:19:29,32.822,N,77.876,W,0
5/9/2015,21:21:29,32.825,N,77.878,W,0
5/9/2015,21:23:30,32.829,N,77.881,W,0
5/9/2015,21:25:30,32.833,N,77.883,W,0
5/9/2015,21:27:30,32.837,N,77.886,W,0
5/9/2015,21:29:30,32.84,N,77.888,W,0
5/9/2015,21:31:30,32.844,N,77.891,W,0
5/9/2015,21:33:30,32.848,N,77.893,W,0
5/9/2015,21:35:30,32.851,N,77.896,W,0
5/9/2015,21:37:30,32.855,N,77.898,W,0
5/9/2015,21:39:29,32.859,N,77.901,W,0
5/9/2015,21:41:29,32.862,N,77.903,W,0
5/9/2015,21:43:29,32.866,N,77.906,W,0
5/9/2015,21:45:29,32.869,N,77.909,W,0
5/9/2015,21:47:29,32.873,N,77.911,W,0
5/9/2015,21:49:29,32.876,N,77.914,W,0
5/9/2015,21:51:29,32.88,N,77.917,W,0
5/9/2015,21:53:30,32.883,N,77.919,W,0
5/9/2015,21:55:30,32.886,N,77.922,W,0
5/9/2015,21:57:30,32.89,N,77.925,W,0
5/9/2015,21:59:30,32.893,N,77.927,W,0
5/9/2015,22:01:30,32.896,N,77.93,W,0
5/9/2015,22:03:30,32.9,N,77.933,W,0
5/9/2015,22:05:30,32.903,N,77.936,W,0
5/9/2015,22:07:30,32.906,N,77.938,W,0
5/9/2015,22:09:29,32.909,N,77.941,W,0
5/9/2015,22:11:29,32.913,N,77.944,W,0
5/9/2015,22:13:29,32.916,N,77.947,W,0
5/9/2015,22:15:29,32.919,N,77.95,W,0
5/9/2015,22:17:29,32.922,N,77.953,W,0
5/9/2015,22:19:29,32.925,N,77.956,W,0
5/9/2015,22:21:29,32.928,N,77.959,W,0
5/9/2015,22:23:30,32.931,N,77.961,W,0
5/9/2015,22:25:30,32.934,N,77.964,W,0
5/9/2015,22:27:30,32.937,N,77.967,W,0
5/9/2015,22:29:30,32.94,N,77.97,W,0
5/9/2015,22:31:30,32.943,N,77.973,W,0
5/9/2015,22:33:30,32.946,N,77.976,W,0
5/9/2015,22:35:30,32.949,N,77.979,W,0
5/9/2015,22:37:30,32.952,N,77.982,W,0
5/9/2015,22:39:29,32.955,N,77.985,W,0
5/9/2015,22:41:29,32.958,N,77.988,W,0
5/9/2015,22:43:29,32.961,N,77.992,W,0
5/9/2015,22:45:29,32.964,N,77.995,W,0
5/9/2015,22:47:29,32.967,N,77.998,W,0
5/9/2015,22:49:29,32.969,N,78.001,W,0
5/9/2015,22:51:29,32.972,N,78.004,W,0
5/9/2015,22:53:30,32.975,N,78.007,W,0
5/9/2015,22:55:30,32.978,N,78.01,W,0
5/9/2015,22:57:30,32.981,N,78.013,W,0
5/9/2015,22:59:30,32.983,N,78.017,W,0
5/9/2015,23:01:30,32.986,N,78.02,W,0
5/9/2015,23:03:30,32.989,N,78.023,W,0
5/9/2015,23:05:30,32.991,N,78.026,W,0
5/9/2015,23:07:30,32.994,N,78.029,W,0
5/9/2015,23:09:29,32.997,N,78.033,W,0
5/9/2015,23:11:29,32.999,N,78.036,W,0
5/9/2015,23:13:29,33.002,N,78.039,W,0
5/9/2015,23:15:29,33.004,N,78.042,W,0
5/9/2015,23:17:29,33.007,N,78.046,W,0
5/9/2015,23:19:29,33.01,N,78.049,W,0
5/9/2015,23:21:29,33.012,N,78.052,W,0
5/9/2015,23:23:30,33.015,N,78.055,W,0
5/9/2015,23:25:30,33.017,N,78.059,W,0
5/9/2015,23:27:30,33.02,N,78.062,W,0
5/9/2015,23:29:30,33.022,N,78.065,W,0
5/9/2015,23:31:30,33.025,N,78.069,W,0
5/9/2015,23:33:30,33.027,N,78.072,W,0
5/9/2015,23:35:30,33.03,N,78.075,W,0
5/9/2015,23:37:30,33.032,N,78.079,W,0
5/9/2015,23:39:29,33.035,N,78.082,W,0
5/9/2015,23:41:29,33.037,N,78.086,W,0
5/9/2015,23:43:29,33.039,N,78.089,W,0
5/9/2015,23:45:29,33.042,N,78.092,W,0
5/9/2015,23:47:29,33.044,N,78.096,W,0
5/9/2015,23:49:29,33.047,N,78.099,W,0
5/9/2015,23:51:29,33.049,N,78.103,W,0
5/9/2015,23:52:20,33.05,N,78.104,W,0
5/9/2015,23:54:20,33.053,N,78.111,W,0
5/9/2015,23:56:20,33.056,N,78.117,W,0
5/9/2015,23:58:21,33.059,N,78.124,W,0
5/10/2015,0:00:21,33.062,N,78.13,W,0
5/10/2015,0:02:21,33.065,N,78.136,W,0
5/10/2015,0:04:21,33.068,N,78.142,W,0
5/10/2015,0:06:21,33.07,N,78.148,W,0
5/10/2015,0:08:21,33.073,N,78.154,W,0
5/10/2015,0:10:21,33.076,N,78.159,W,0
5/10/2015,0:12:21,33.078,N,78.164,W,0
5/10/2015,0:14:20,33.081,N,78.169,W,0
5/10/2015,0:16:20,33.084,N,78.174,W,0
5/10/2015,0:18:20,33.086,N,78.179,W,0
5/10/2015,0:20:20,33.089,N,78.184,W,0
5/10/2015,0:22:20,33.091,N,78.189,W,0
5/10/2015,0:24:20,33.093,N,78.193,W,0
5/10/2015,0:26:20,33.096,N,78.197,W,0
5/10/2015,0:28:21,33.098,N,78.201,W,0
5/10/2015,0:30:21,33.101,N,78.205,W,0
5/10/2015,0:32:21,33.103,N,78.209,W,0
5/10/2015,0:34:21,33.105,N,78.213,W,0
5/10/2015,0:36:21,33.107,N,78.216,W,0
5/10/2015,0:38:21,33.109,N,78.22,W,0
5/10/2015,0:40:21,33.112,N,78.223,W,0
5/10/2015,0:42:21,33.114,N,78.226,W,0
5/10/2015,0:44:20,33.116,N,78.229,W,0
5/10/2015,0:46:20,33.118,N,78.232,W,0
5/10/2015,0:48:20,33.12,N,78.235,W,0
5/10/2015,0:50:20,33.122,N,78.238,W,0
5/10/2015,0:52:20,33.124,N,78.24,W,0
5/10/2015,0:54:20,33.126,N,78.243,W,0
5/10/2015,0:56:20,33.127,N,78.245,W,0
5/10/2015,0:58:21,33.129,N,78.247,W,0
5/10/2015,1:00:21,33.131,N,78.25,W,0
5/10/2015,1:02:21,33.133,N,78.252,W,0
5/10/2015,1:04:21,33.135,N,78.254,W,0
5/10/2015,1:06:21,33.136,N,78.255,W,0
5/10/2015,1:08:21,33.138,N,78.257,W,0
5/10/2015,1:10:21,33.14,N,78.259,W,0
5/10/2015,1:12:21,33.142,N,78.26,W,0
5/10/2015,1:14:20,33.143,N,78.261,W,0
5/10/2015,1:16:20,33.145,N,78.263,W,0
5/10/2015,1:18:20,33.146,N,78.264,W,0
5/10/2015,1:20:20,33.148,N,78.265,W,0
5/10/2015,1:22:20,33.15,N,78.266,W,0
5/10/2015,1:24:19,33.151,N,78.267,W,0
5/10/2015,1:26:19,33.152,N,78.266,W,0
5/10/2015,1:28:19,33.153,N,78.266,W,0
5/10/2015,1:30:19,33.154,N,78.265,W,0
5/10/2015,1:32:19,33.155,N,78.264,W,0
5/10/2015,1:34:19,33.156,N,78.264,W,0
5/10/2015,1:36:19,33.157,N,78.263,W,0
5/10/2015,1:38:18,33.158,N,78.263,W,0
5/10/2015,1:40:18,33.16,N,78.262,W,0
5/10/2015,1:42:18,33.161,N,78.261,W,0
5/10/2015,1:44:18,33.162,N,78.261,W,0
5/10/2015,1:46:18,33.163,N,78.26,W,0
5/10/2015,1:48:18,33.164,N,78.26,W,0
5/10/2015,1:50:18,33.165,N,78.259,W,0
5/10/2015,1:52:19,33.166,N,78.258,W,0
5/10/2015,1:54:19,33.167,N,78.258,W,0
5/10/2015,1:56:19,33.168,N,78.257,W,0
5/10/2015,1:58:19,33.169,N,78.257,W,0
5/10/2015,2:00:19,33.171,N,78.256,W,0
5/10/2015,2:02:19,33.172,N,78.256,W,0
5/10/2015,2:04:19,33.173,N,78.255,W,0
5/10/2015,2:06:19,33.174,N,78.255,W,0
5/10/2015,2:08:18,33.175,N,78.254,W,0
5/10/2015,2:10:18,33.176,N,78.254,W,0
5/10/2015,2:12:18,33.177,N,78.253,W,0
5/10/2015,2:14:18,33.178,N,78.253,W,0
5/10/2015,2:16:18,33.18,N,78.252,W,0
5/10/2015,2:18:18,33.181,N,78.252,W,0
5/10/2015,2:20:18,33.182,N,78.251,W,0
5/10/2015,2:22:19,33.183,N,78.251,W,0
5/10/2015,2:24:19,33.184,N,78.251,W,0
5/10/2015,2:26:19,33.186,N,78.25,W,0
5/10/2015,2:28:19,33.187,N,78.25,W,0
5/10/2015,2:30:19,33.188,N,78.249,W,0
5/10/2015,2:32:19,33.189,N,78.249,W,0
5/10/2015,2:34:19,33.19,N,78.249,W,0
5/10/2015,2:36:19,33.192,N,78.248,W,0
5/10/2015,2:38:18,33.193,N,78.248,W,0
5/10/2015,2:40:18,33.194,N,78.247,W,0
5/10/2015,2:42:18,33.195,N,78.247,W,0
5/10/2015,2:44:18,33.196,N,78.247,W,0
5/10/2015,2:46:18,33.198,N,78.247,W,0
5/10/2015,2:48:18,33.199,N,78.246,W,0
5/10/2015,2:50:18,33.2,N,78.246,W,0
5/10/2015,2:52:19,33.201,N,78.246,W,0
5/10/2015,2:54:19,33.203,N,78.245,W,0
5/10/2015,2:56:19,33.204,N,78.245,W,0
5/10/2015,2:58:19,33.205,N,78.245,W,0
5/10/2015,3:00:19,33.207,N,78.245,W,0
5/10/2015,3:02:19,33.208,N,78.244,W,0
5/10/2015,3:04:19,33.209,N,78.244,W,0
5/10/2015,3:06:19,33.211,N,78.244,W,0
5/10/2015,3:08:18,33.212,N,78.244,W,0
5/10/2015,3:10:18,33.213,N,78.244,W,0
5/10/2015,3:12:18,33.215,N,78.244,W,0
5/10/2015,3:14:18,33.216,N,78.243,W,0
5/10/2015,3:16:18,33.217,N,78.243,W,0
5/10/2015,3:18:18,33.219,N,78.243,W,0
5/10/2015,3:20:18,33.22,N,78.243,W,0
5/10/2015,3:22:19,33.221,N,78.243,W,0
5/10/2015,3:24:19,33.223,N,78.243,W,0
5/10/2015,3:26:19,33.224,N,78.243,W,0
5/10/2015,3:28:19,33.225,N,78.243,W,0
5/10/2015,3:30:19,33.227,N,78.243,W,0
5/10/2015,3:32:19,33.228,N,78.243,W,0
5/10/2015,3:34:19,33.23,N,78.243,W,0
5/10/2015,3:36:19,33.231,N,78.243,W,0
5/10/2015,3:38:18,33.233,N,78.243,W,0
5/10/2015,3:40:18,33.234,N,78.243,W,0
5/10/2015,3:42:18,33.235,N,78.243,W,0
5/10/2015,3:44:18,33.237,N,78.243,W,0
5/10/2015,3:46:18,33.238,N,78.243,W,0
5/10/2015,3:48:18,33.24,N,78.243,W,0
5/10/2015,3:50:18,33.241,N,78.243,W,0
5/10/2015,3:52:19,33.243,N,78.244,W,0
5/10/2015,3:54:19,33.244,N,78.244,W,0
5/10/2015,3:56:19,33.246,N,78.244,W,0
5/10/2015,3:58:19,33.247,N,78.244,W,0
5/10/2015,4:00:19,33.249,N,78.244,W,0
5/10/2015,4:02:19,33.25,N,78.244,W,0
5/10/2015,4:04:19,33.252,N,78.245,W,0
5/10/2015,4:06:19,33.254,N,78.245,W,0
5/10/2015,4:08:18,33.255,N,78.245,W,0
5/10/2015,4:10:18,33.257,N,78.245,W,0
5/10/2015,4:12:18,33.258,N,78.246,W,0
5/10/2015,4:14:18,33.26,N,78.246,W,0
5/10/2015,4:16:18,33.262,N,78.246,W,0
5/10/2015,4:18:18,33.263,N,78.247,W,0
5/10/2015,4:20:18,33.265,N,78.247,W,0
5/10/2015,4:22:19,33.266,N,78.248,W,0
5/10/2015,4:24:19,33.268,N,78.248,W,0
5/10/2015,4:26:19,33.27,N,78.248,W,0
5/10/2015,4:28:19,33.271,N,78.249,W,0
5/10/2015,4:30:19,33.273,N,78.249,W,0
5/10/2015,4:32:19,33.275,N,78.25,W,0
5/10/2015,4:34:19,33.276,N,78.25,W,0
5/10/2015,4:36:19,33.278,N,78.251,W,0
5/10/2015,4:38:18,33.28,N,78.251,W,0
5/10/2015,4:40:18,33.282,N,78.252,W,0
5/10/2015,4:42:18,33.283,N,78.252,W,0
5/10/2015,4:44:18,33.285,N,78.253,W,0
5/10/2015,4:46:18,33.287,N,78.254,W,0
5/10/2015,4:48:18,33.289,N,78.254,W,0
5/10/2015,4:50:18,33.29,N,78.255,W,0
5/10/2015,4:52:19,33.292,N,78.256,W,0
5/10/2015,4:54:19,33.294,N,78.256,W,0
5/10/2015,4:56:19,33.296,N,78.257,W,0
5/10/2015,4:58:19,33.298,N,78.258,W,0
5/10/2015,5:00:19,33.299,N,78.258,W,0
5/10/2015,5:02:19,33.301,N,78.259,W,0
5/10/2015,5:04:19,33.303,N,78.26,W,0
5/10/2015,5:06:19,33.305,N,78.261,W,0
5/10/2015,5:08:18,33.307,N,78.262,W,0
5/10/2015,5:10:18,33.309,N,78.262,W,0
5/10/2015,5:12:18,33.311,N,78.263,W,0
5/10/2015,5:14:18,33.313,N,78.264,W,0
5/10/2015,5:16:18,33.315,N,78.265,W,0
5/10/2015,5:18:18,33.316,N,78.266,W,0
5/10/2015,5:20:18,33.318,N,78.267,W,0
5/10/2015,5:22:19,33.32,N,78.268,W,0
5/10/2015,5:24:19,33.322,N,78.269,W,0
5/10/2015,5:26:19,33.324,N,78.27,W,0
5/10/2015,5:28:19,33.326,N,78.271,W,0
5/10/2015,5:30:19,33.328,N,78.272,W,0
5/10/2015,5:32:19,33.33,N,78.273,W,0
5/10/2015,5:34:19,33.332,N,78.274,W,0
5/10/2015,5:36:19,33.334,N,78.275,W,0
5/10/2015,5:38:18,33.337,N,78.277,W,0
5/10/2015,5:40:18,33.339,N,78.278,W,0
5/10/2015,5:42:18,33.341,N,78.279,W,0
5/10/2015,5:44:18,33.343,N,78.28,W,0
5/10/2015,5:46:18,33.345,N,78.281,W,0
5/10/2015,5:48:18,33.347,N,78.283,W,0
5/10/2015,5:50:18,33.349,N,78.284,W,0
5/10/2015,5:52:19,33.351,N,78.285,W,0
5/10/2015,5:54:19,33.353,N,78.287,W,0
5/10/2015,5:56:19,33.356,N,78.288,W,0
5/10/2015,5:58:19,33.358,N,78.289,W,0
5/10/2015,6:00:19,33.36,N,78.291,W,0
5/10/2015,6:02:19,33.362,N,78.292,W,0
5/10/2015,6:04:19,33.365,N,78.294,W,0
5/10/2015,6:06:19,33.367,N,78.295,W,0
5/10/2015,6:08:18,33.369,N,78.297,W,0
5/10/2015,6:10:18,33.371,N,78.298,W,0
5/10/2015,6:12:18,33.374,N,78.3,W,0
5/10/2015,6:14:18,33.376,N,78.301,W,0
5/10/2015,6:16:18,33.378,N,78.303,W,0
5/10/2015,6:18:18,33.38,N,78.304,W,0
5/10/2015,6:20:18,33.383,N,78.306,W,0
5/10/2015,6:22:19,33.385,N,78.308,W,0
5/10/2015,6:24:19,33.388,N,78.309,W,0
5/10/2015,6:26:19,33.39,N,78.311,W,0
5/10/2015,6:28:19,33.392,N,78.313,W,0
5/10/2015,6:30:19,33.395,N,78.315,W,0
5/10/2015,6:32:19,33.397,N,78.316,W,0
5/10/2015,6:34:19,33.4,N,78.318,W,0
5/10/2015,6:36:19,33.402,N,78.32,W,0
5/10/2015,6:38:18,33.404,N,78.322,W,0
5/10/2015,6:40:18,33.407,N,78.324,W,0
5/10/2015,6:42:18,33.409,N,78.326,W,0
5/10/2015,6:44:18,33.412,N,78.327,W,0
5/10/2015,6:46:18,33.414,N,78.329,W,0
5/10/2015,6:48:18,33.417,N,78.331,W,0
5/10/2015,6:50:18,33.419,N,78.333,W,0
5/10/2015,6:52:19,33.422,N,78.335,W,0
5/10/2015,6:54:19,33.424,N,78.337,W,0
5/10/2015,6:56:19,33.427,N,78.339,W,0
5/10/2015,6:58:19,33.429,N,78.341,W,0
5/10/2015,7:00:19,33.432,N,78.343,W,0
5/10/2015,7:02:19,33.435,N,78.345,W,0
5/10/2015,7:04:19,33.437,N,78.347,W,0
5/10/2015,7:06:19,33.44,N,78.35,W,0
5/10/2015,7:08:18,33.442,N,78.352,W,0
5/10/2015,7:10:18,33.445,N,78.354,W,0
5/10/2015,7:12:18,33.448,N,78.356,W,0
5/10/2015,7:14:18,33.45,N,78.358,W,0
5/10/2015,7:16:18,33.453,N,78.36,W,0
5/10/2015,7:18:18,33.456,N,78.363,W,0
5/10/2015,7:20:18,33.458,N,78.365,W,0
5/10/2015,7:22:19,33.461,N,78.367,W,0
5/10/2015,7:24:19,33.464,N,78.369,W,0
5/10/2015,7:26:19,33.466,N,78.372,W,0
5/10/2015,7:28:19,33.469,N,78.374,W,0
5/10/2015,7:30:19,33.472,N,78.376,W,0
5/10/2015,7:32:19,33.475,N,78.379,W,0
5/10/2015,7:34:19,33.477,N,78.381,W,0
5/10/2015,7:36:19,33.48,N,78.384,W,0
5/10/2015,7:38:18,33.483,N,78.386,W,0
5/10/2015,7:40:18,33.486,N,78.388,W,0
5/10/2015,7:42:18,33.488,N,78.391,W,0
5/10/2015,7:44:18,33.491,N,78.393,W,0
5/10/2015,7:46:18,33.494,N,78.396,W,0
5/10/2015,7:48:18,33.497,N,78.398,W,0
5/10/2015,7:50:18,33.5,N,78.401,W,0
5/10/2015,7:52:19,33.502,N,78.403,W,0
5/10/2015,7:54:19,33.505,N,78.406,W,0
5/10/2015,7:56:19,33.508,N,78.408,W,0
5/10/2015,7:58:19,33.511,N,78.411,W,0
5/10/2015,8:00:19,33.514,N,78.414,W,0
5/10/2015,8:02:19,33.517,N,78.416,W,0
5/10/2015,8:04:19,33.52,N,78.419,W,0
5/10/2015,8:06:19,33.523,N,78.421,W,0
5/10/2015,8:08:18,33.525,N,78.424,W,0
5/10/2015,8:10:18,33.528,N,78.427,W,0
5/10/2015,8:12:18,33.531,N,78.429,W,0
5/10/2015,8:14:18,33.534,N,78.432,W,0
5/10/2015,8:16:18,33.537,N,78.435,W,0
5/10/2015,8:18:18,33.54,N,78.438,W,0
5/10/2015,8:20:18,33.543,N,78.44,W,0
5/10/2015,8:22:19,33.546,N,78.443,W,0
5/10/2015,8:24:19,33.549,N,78.446,W,0
5/10/2015,8:26:19,33.552,N,78.449,W,0
5/10/2015,8:28:19,33.555,N,78.451,W,0
5/10/2015,8:30:19,33.558,N,78.454,W,0
5/10/2015,8:32:19,33.561,N,78.457,W,0
5/10/2015,8:34:19,33.564,N,78.46,W,0
5/10/2015,8:36:19,33.567,N,78.463,W,0
5/10/2015,8:38:18,33.57,N,78.466,W,0
5/10/2015,8:40:18,33.573,N,78.468,W,0
5/10/2015,8:42:18,33.576,N,78.471,W,0
5/10/2015,8:44:18,33.579,N,78.474,W,0
5/10/2015,8:46:18,33.582,N,78.477,W,0
5/10/2015,8:48:18,33.585,N,78.48,W,0
5/10/2015,8:50:18,33.588,N,78.483,W,0
5/10/2015,8:52:19,33.591,N,78.486,W,0
5/10/2015,8:54:19,33.594,N,78.489,W,0
5/10/2015,8:56:19,33.597,N,78.492,W,0
5/10/2015,8:58:19,33.601,N,78.495,W,0
5/10/2015,9:00:19,33.604,N,78.498,W,0
5/10/2015,9:02:19,33.607,N,78.501,W,0
5/10/2015,9:04:19,33.61,N,78.504,W,0
5/10/2015,9:06:19,33.613,N,78.507,W,0
5/10/2015,9:08:18,33.616,N,78.51,W,0
5/10/2015,9:10:18,33.619,N,78.513,W,0
5/10/2015,9:12:18,33.622,N,78.516,W,0
5/10/2015,9:14:18,33.626,N,78.519,W,0
5/10/2015,9:16:18,33.629,N,78.522,W,0
5/10/2015,9:18:18,33.632,N,78.526,W,0
5/10/2015,9:20:18,33.635,N,78.529,W,0
5/10/2015,9:22:19,33.638,N,78.532,W,0
5/10/2015,9:24:19,33.641,N,78.535,W,0
5/10/2015,9:26:19,33.644,N,78.538,W,0
5/10/2015,9:28:19,33.648,N,78.541,W,0
5/10/2015,9:30:19,33.651,N,78.544,W,0
5/10/2015,9:32:19,33.654,N,78.548,W,0
5/10/2015,9:34:19,33.657,N,78.551,W,0
5/10/2015,9:36:19,33.66,N,78.554,W,0
5/10/2015,9:38:18,33.664,N,78.557,W,0
5/10/2015,9:40:18,33.667,N,78.56,W,0
5/10/2015,9:42:18,33.67,N,78.564,W,0
5/10/2015,9:44:18,33.673,N,78.567,W,0
5/10/2015,9:46:18,33.677,N,78.57,W,0
5/10/2015,9:48:18,33.68,N,78.573,W,0
5/10/2015,9:50:18,33.683,N,78.577,W,0
5/10/2015,9:52:19,33.686,N,78.58,W,0
5/10/2015,9:54:19,33.69,N,78.583,W,0
5/10/2015,9:56:19,33.693,N,78.586,W,0
5/10/2015,9:58:19,33.696,N,78.59,W,0
5/10/2015,10:00:19,33.699,N,78.593,W,0
5/10/2015,10:02:19,33.703,N,78.596,W,0
5/10/2015,10:04:19,33.706,N,78.6,W,0
5/10/2015,10:06:19,33.709,N,78.603,W,0
5/10/2015,10:08:18,33.712,N,78.606,W,0
5/10/2015,10:10:18,33.716,N,78.61,W,0
5/10/2015,10:12:18,33.719,N,78.613,W,0
5/10/2015,10:14:18,33.722,N,78.616,W,0
5/10/2015,10:16:18,33.726,N,78.62,W,0
5/10/2015,10:18:18,33.729,N,78.623,W,0
5/10/2015,10:20:18,33.732,N,78.626,W,0
5/10/2015,10:22:19,33.735,N,78.63,W,0
5/10/2015,10:24:19,33.739,N,78.633,W,0
5/10/2015,10:26:19,33.742,N,78.637,W,0
5/10/2015,10:28:19,33.745,N,78.64,W,0
5/10/2015,10:30:19,33.749,N,78.643,W,0
5/10/2015,10:32:19,33.752,N,78.647,W,0
5/10/2015,10:34:19,33.755,N,78.65,W,0
5/10/2015,10:36:19,33.759,N,78.654,W,0
5/10/2015,10:38:18,33.762,N,78.657,W,0
5/10/2015,10:40:18,33.765,N,78.66,W,0
5/10/2015,10:42:18,33.769,N,78.664,W,0
5/10/2015,10:44:18,33.772,N,78.667,W,0
5/10/2015,10:46:18,33.775,N,78.671,W,0
5/10/2015,10:48:18,33.779,N,78.674,W,0
5/10/2015,10:50:18,33.782,N,78.678,W,0
5/10/2015,10:52:19,33.786,N,78.681,W,0
5/10/2015,10:54:19,33.789,N,78.685,W,0
5/10/2015,10:56:19,33.792,N,78.688,W,0
5/10/2015,10:58:19,33.796,N,78.692,W,0
5/10/2015,11:00:19,33.799,N,78.695,W,0
5/10/2015,11:02:19,33.802,N,78.698,W,0
5/10/2015,11:04:19,33.806,N,78.702,W,0
5/10/2015,11:06:19,33.809,N,78.705,W,0
5/10/2015,11:08:18,33.812,N,78.709,W,0
5/10/2015,11:10:18,33.816,N,78.712,W,0
5/10/2015,11:12:18,33.819,N,78.716,W,0
5/10/2015,11:14:18,33.823,N,78.719,W,0
5/10/2015,11:16:18,33.826,N,78.723,W,0
5/10/2015,11:18:18,33.829,N,78.726,W,0
5/10/2015,11:20:18,33.833,N,78.73,W,0
5/10/2015,11:22:19,33.836,N,78.733,W,0
5/10/2015,11:24:19,33.839,N,78.737,W,0
5/10/2015,11:26:19,33.843,N,78.741,W,0
5/10/2015,11:28:19,33.846,N,78.744,W,0
5/10/2015,11:30:19,33.85,N,78.748,W,0
5/10/2015,11:32:19,33.853,N,78.751,W,0
5/10/2015,11:34:19,33.856,N,78.755,W,0
5/10/2015,11:36:19,33.86,N,78.758,W,0
5/10/2015,11:38:18,33.863,N,78.762,W,0
5/10/2015,11:40:18,33.867,N,78.765,W,0
5/10/2015,11:42:18,33.87,N,78.769,W,0
5/10/2015,11:44:18,33.873,N,78.772,W,0
5/10/2015,11:46:18,33.877,N,78.776,W,0
5/10/2015,11:48:18,33.88,N,78.779,W,0
5/10/2015,11:50:18,33.884,N,78.783,W,0
5/10/2015,11:52:19,33.887,N,78.786,W,0
5/10/2015,11:54:19,33.89,N,78.79,W,0
5/10/2015,11:56:19,33.894,N,78.793,W,0
5/10/2015,11:58:19,33.897,N,78.797,W,0
