Track,for,Arlene,2005,,,
Date,Time,(UTC),Latitude,Longitude,,Category
MM/DD/Year,HH:MM:SS,(deg),(deg),,,
6/8/2005,20:00:40,17.046,N,84.039,W,0
6/8/2005,20:02:40,17.048,N,84.036,W,0
6/8/2005,20:04:41,17.05,N,84.034,W,0
6/8/2005,20:06:41,17.052,N,84.031,W,0
6/8/2005,20:08:40,17.054,N,84.028,W,0
6/8/2005,20:10:40,17.056,N,84.026,W,0
6/8/2005,20:12:41,17.058,N,84.023,W,0
6/8/2005,20:14:41,17.06,N,84.02,W,0
6/8/2005,20:16:40,17.061,N,84.018,W,0
6/8/2005,20:18:40,17.063,N,84.015,W,0
6/8/2005,20:20:41,17.065,N,84.012,W,0
6/8/2005,20:22:41,17.067,N,84.01,W,0
6/8/2005,20:24:40,17.069,N,84.007,W,0
6/8/2005,20:26:41,17.071,N,84.005,W,0
6/8/2005,20:28:41,17.073,N,84.002,W,0
6/8/2005,20:30:40,17.075,N,84,W,0
6/8/2005,20:32:40,17.076,N,83.997,W,0
6/8/2005,20:34:41,17.078,N,83.995,W,0
6/8/2005,20:36:41,17.08,N,83.992,W,0
6/8/2005,20:38:40,17.082,N,83.99,W,0
6/8/2005,20:40:40,17.084,N,83.987,W,0
6/8/2005,20:42:41,17.086,N,83.985,W,0
6/8/2005,20:44:41,17.088,N,83.983,W,0
6/8/2005,20:46:40,17.09,N,83.98,W,0
6/8/2005,20:48:40,17.091,N,83.978,W,0
6/8/2005,20:50:41,17.093,N,83.976,W,0
6/8/2005,20:52:41,17.095,N,83.974,W,0
6/8/2005,20:54:40,17.097,N,83.972,W,0
6/8/2005,20:56:41,17.099,N,83.97,W,0
6/8/2005,20:58:41,17.101,N,83.968,W,0
6/8/2005,21:00:40,17.102,N,83.966,W,0
6/8/2005,21:02:40,17.104,N,83.964,W,0
6/8/2005,21:04:41,17.106,N,83.962,W,0
6/8/2005,21:06:41,17.108,N,83.96,W,0
6/8/2005,21:08:40,17.11,N,83.958,W,0
6/8/2005,21:10:40,17.112,N,83.957,W,0
6/8/2005,21:12:41,17.113,N,83.955,W,0
6/8/2005,21:14:41,17.115,N,83.954,W,0
6/8/2005,21:16:40,17.117,N,83.952,W,0
6/8/2005,21:18:40,17.119,N,83.951,W,0
6/8/2005,21:20:41,17.121,N,83.95,W,0
6/8/2005,21:22:41,17.122,N,83.949,W,0
6/8/2005,21:24:40,17.124,N,83.947,W,0
6/8/2005,21:26:41,17.126,N,83.946,W,0
6/8/2005,21:28:41,17.128,N,83.945,W,0
6/8/2005,21:30:40,17.129,N,83.944,W,0
6/8/2005,21:32:40,17.131,N,83.944,W,0
6/8/2005,21:34:41,17.133,N,83.943,W,0
6/8/2005,21:36:41,17.135,N,83.942,W,0
6/8/2005,21:38:40,17.136,N,83.942,W,0
6/8/2005,21:40:40,17.138,N,83.941,W,0
6/8/2005,21:42:41,17.14,N,83.941,W,0
6/8/2005,21:44:41,17.141,N,83.941,W,0
6/8/2005,21:46:40,17.143,N,83.941,W,0
6/8/2005,21:48:40,17.145,N,83.941,W,0
6/8/2005,21:50:41,17.147,N,83.941,W,0
6/8/2005,21:52:41,17.148,N,83.941,W,0
6/8/2005,21:54:40,17.15,N,83.941,W,0
6/8/2005,21:56:41,17.152,N,83.942,W,0
6/8/2005,21:58:41,17.153,N,83.942,W,0
6/8/2005,22:00:40,17.155,N,83.943,W,0
6/8/2005,22:02:40,17.156,N,83.944,W,0
6/8/2005,22:04:41,17.158,N,83.945,W,0
6/8/2005,22:06:41,17.16,N,83.946,W,0
6/8/2005,22:08:40,17.161,N,83.947,W,0
6/8/2005,22:10:40,17.163,N,83.948,W,0
6/8/2005,22:12:41,17.164,N,83.949,W,0
6/8/2005,22:14:41,17.166,N,83.951,W,0
6/8/2005,22:16:40,17.168,N,83.953,W,0
6/8/2005,22:18:40,17.169,N,83.954,W,0
6/8/2005,22:20:41,17.171,N,83.956,W,0
6/8/2005,22:22:41,17.172,N,83.958,W,0
6/8/2005,22:24:40,17.174,N,83.96,W,0
6/8/2005,22:26:13,17.175,N,83.962,W,0
6/8/2005,22:28:13,17.177,N,83.962,W,0
6/8/2005,22:30:12,17.178,N,83.961,W,0
6/8/2005,22:32:13,17.18,N,83.96,W,0
6/8/2005,22:34:13,17.181,N,83.96,W,0
6/8/2005,22:36:12,17.183,N,83.959,W,0
6/8/2005,22:38:12,17.184,N,83.959,W,0
6/8/2005,22:40:13,17.186,N,83.958,W,0
6/8/2005,22:42:13,17.187,N,83.958,W,0
6/8/2005,22:44:12,17.189,N,83.957,W,0
6/8/2005,22:46:12,17.19,N,83.956,W,0
6/8/2005,22:48:13,17.191,N,83.956,W,0
6/8/2005,22:50:13,17.193,N,83.955,W,0
6/8/2005,22:52:12,17.194,N,83.954,W,0
6/8/2005,22:54:12,17.196,N,83.954,W,0
6/8/2005,22:56:13,17.197,N,83.953,W,0
6/8/2005,22:58:13,17.199,N,83.952,W,0
6/8/2005,23:00:12,17.2,N,83.952,W,0
6/8/2005,23:02:13,17.201,N,83.951,W,0
6/8/2005,23:04:13,17.203,N,83.95,W,0
6/8/2005,23:06:12,17.204,N,83.949,W,0
6/8/2005,23:08:12,17.205,N,83.948,W,0
6/8/2005,23:10:13,17.207,N,83.948,W,0
6/8/2005,23:12:13,17.208,N,83.947,W,0
6/8/2005,23:14:12,17.209,N,83.946,W,0
6/8/2005,23:16:12,17.21,N,83.945,W,0
6/8/2005,23:18:13,17.212,N,83.944,W,0
6/8/2005,23:20:13,17.213,N,83.943,W,0
6/8/2005,23:22:12,17.214,N,83.942,W,0
6/8/2005,23:24:12,17.215,N,83.941,W,0
6/8/2005,23:26:13,17.216,N,83.94,W,0
6/8/2005,23:28:13,17.218,N,83.939,W,0
6/8/2005,23:30:12,17.219,N,83.938,W,0
6/8/2005,23:32:13,17.22,N,83.937,W,0
6/8/2005,23:34:13,17.221,N,83.936,W,0
6/8/2005,23:36:12,17.222,N,83.935,W,0
6/8/2005,23:38:12,17.223,N,83.934,W,0
6/8/2005,23:40:13,17.224,N,83.933,W,0
6/8/2005,23:42:13,17.225,N,83.931,W,0
6/8/2005,23:44:12,17.226,N,83.93,W,0
6/8/2005,23:46:12,17.227,N,83.929,W,0
6/8/2005,23:48:13,17.228,N,83.928,W,0
6/8/2005,23:50:13,17.229,N,83.926,W,0
6/8/2005,23:52:12,17.23,N,83.925,W,0
6/8/2005,23:54:12,17.231,N,83.924,W,0
6/8/2005,23:56:13,17.232,N,83.922,W,0
6/8/2005,23:58:13,17.233,N,83.921,W,0
6/9/2005,0:00:12,17.234,N,83.92,W,0
6/9/2005,0:02:13,17.235,N,83.918,W,0
6/9/2005,0:04:13,17.236,N,83.917,W,0
6/9/2005,0:06:12,17.236,N,83.915,W,0
6/9/2005,0:08:12,17.237,N,83.914,W,0
6/9/2005,0:10:13,17.238,N,83.912,W,0
6/9/2005,0:10:19,17.238,N,83.912,W,0
6/9/2005,0:12:19,17.24,N,83.911,W,0
6/9/2005,0:14:20,17.242,N,83.911,W,0
6/9/2005,0:16:20,17.244,N,83.91,W,0
6/9/2005,0:18:19,17.246,N,83.909,W,0
6/9/2005,0:20:19,17.248,N,83.908,W,0
6/9/2005,0:22:20,17.25,N,83.908,W,0
6/9/2005,0:24:20,17.253,N,83.907,W,0
6/9/2005,0:26:19,17.255,N,83.906,W,0
6/9/2005,0:28:19,17.257,N,83.906,W,0
6/9/2005,0:30:20,17.259,N,83.905,W,0
6/9/2005,0:32:20,17.262,N,83.905,W,0
6/9/2005,0:34:19,17.264,N,83.904,W,0
6/9/2005,0:36:20,17.267,N,83.904,W,0
6/9/2005,0:38:20,17.269,N,83.903,W,0
6/9/2005,0:40:19,17.272,N,83.902,W,0
6/9/2005,0:42:19,17.275,N,83.902,W,0
6/9/2005,0:44:20,17.277,N,83.901,W,0
6/9/2005,0:46:20,17.28,N,83.901,W,0
6/9/2005,0:48:19,17.283,N,83.9,W,0
6/9/2005,0:50:19,17.286,N,83.9,W,0
6/9/2005,0:52:20,17.289,N,83.9,W,0
6/9/2005,0:54:20,17.292,N,83.899,W,0
6/9/2005,0:56:19,17.295,N,83.899,W,0
6/9/2005,0:58:19,17.298,N,83.898,W,0
6/9/2005,1:00:20,17.301,N,83.898,W,0
6/9/2005,1:02:20,17.304,N,83.898,W,0
6/9/2005,1:04:19,17.308,N,83.897,W,0
6/9/2005,1:06:20,17.311,N,83.897,W,0
6/9/2005,1:08:20,17.314,N,83.897,W,0
6/9/2005,1:10:19,17.318,N,83.896,W,0
6/9/2005,1:12:19,17.321,N,83.896,W,0
6/9/2005,1:14:20,17.325,N,83.896,W,0
6/9/2005,1:16:20,17.329,N,83.896,W,0
6/9/2005,1:18:19,17.333,N,83.896,W,0
6/9/2005,1:20:19,17.336,N,83.895,W,0
6/9/2005,1:22:20,17.34,N,83.895,W,0
6/9/2005,1:24:20,17.344,N,83.895,W,0
6/9/2005,1:26:19,17.348,N,83.895,W,0
6/9/2005,1:28:19,17.352,N,83.895,W,0
6/9/2005,1:30:20,17.357,N,83.895,W,0
6/9/2005,1:32:20,17.361,N,83.895,W,0
6/9/2005,1:34:19,17.365,N,83.895,W,0
6/9/2005,1:36:20,17.369,N,83.895,W,0
6/9/2005,1:38:20,17.374,N,83.895,W,0
6/9/2005,1:40:19,17.379,N,83.895,W,0
6/9/2005,1:42:19,17.383,N,83.895,W,0
6/9/2005,1:44:20,17.388,N,83.895,W,0
6/9/2005,1:46:20,17.393,N,83.895,W,0
6/9/2005,1:48:19,17.397,N,83.895,W,0
6/9/2005,1:50:19,17.402,N,83.896,W,0
6/9/2005,1:52:20,17.407,N,83.896,W,0
6/9/2005,1:54:20,17.413,N,83.896,W,0
6/9/2005,1:56:19,17.418,N,83.896,W,0
6/9/2005,1:58:19,17.423,N,83.897,W,0
6/9/2005,2:00:20,17.428,N,83.897,W,0
6/9/2005,2:02:20,17.434,N,83.897,W,0
6/9/2005,2:04:19,17.439,N,83.897,W,0
6/9/2005,2:06:20,17.445,N,83.898,W,0
6/9/2005,2:08:20,17.45,N,83.898,W,0
6/9/2005,2:10:19,17.456,N,83.899,W,0
6/9/2005,2:12:19,17.462,N,83.899,W,0
6/9/2005,2:14:20,17.467,N,83.899,W,0
6/9/2005,2:16:20,17.473,N,83.9,W,0
6/9/2005,2:18:19,17.479,N,83.9,W,0
6/9/2005,2:20:19,17.485,N,83.901,W,0
6/9/2005,2:22:20,17.491,N,83.901,W,0
6/9/2005,2:24:20,17.497,N,83.902,W,0
6/9/2005,2:26:19,17.503,N,83.902,W,0
6/9/2005,2:28:19,17.509,N,83.903,W,0
6/9/2005,2:30:20,17.516,N,83.903,W,0
6/9/2005,2:32:20,17.522,N,83.904,W,0
6/9/2005,2:34:19,17.528,N,83.905,W,0
6/9/2005,2:36:20,17.535,N,83.905,W,0
6/9/2005,2:38:20,17.541,N,83.906,W,0
6/9/2005,2:40:19,17.548,N,83.906,W,0
6/9/2005,2:42:19,17.554,N,83.907,W,0
6/9/2005,2:44:20,17.561,N,83.908,W,0
6/9/2005,2:46:20,17.567,N,83.908,W,0
6/9/2005,2:48:19,17.574,N,83.909,W,0
6/9/2005,2:50:19,17.58,N,83.91,W,0
6/9/2005,2:52:20,17.587,N,83.91,W,0
6/9/2005,2:54:20,17.594,N,83.911,W,0
6/9/2005,2:56:19,17.601,N,83.912,W,0
6/9/2005,2:58:19,17.608,N,83.913,W,0
6/9/2005,3:00:20,17.614,N,83.913,W,0
6/9/2005,3:02:20,17.621,N,83.914,W,0
6/9/2005,3:04:19,17.628,N,83.915,W,0
6/9/2005,3:06:20,17.635,N,83.915,W,0
6/9/2005,3:08:20,17.642,N,83.916,W,0
6/9/2005,3:10:19,17.649,N,83.917,W,0
6/9/2005,3:12:19,17.656,N,83.918,W,0
6/9/2005,3:14:20,17.663,N,83.919,W,0
6/9/2005,3:16:20,17.67,N,83.919,W,0
6/9/2005,3:18:19,17.677,N,83.92,W,0
6/9/2005,3:20:19,17.684,N,83.921,W,0
6/9/2005,3:22:20,17.691,N,83.922,W,0
6/9/2005,3:24:20,17.699,N,83.922,W,0
6/9/2005,3:26:19,17.706,N,83.923,W,0
6/9/2005,3:28:19,17.713,N,83.924,W,0
6/9/2005,3:30:20,17.72,N,83.925,W,0
6/9/2005,3:32:20,17.727,N,83.926,W,0
6/9/2005,3:34:19,17.734,N,83.926,W,0
6/9/2005,3:36:20,17.742,N,83.927,W,0
6/9/2005,3:38:20,17.749,N,83.928,W,0
6/9/2005,3:40:19,17.756,N,83.929,W,0
6/9/2005,3:42:19,17.763,N,83.93,W,0
6/9/2005,3:44:20,17.77,N,83.93,W,0
6/9/2005,3:46:20,17.778,N,83.931,W,0
6/9/2005,3:48:19,17.785,N,83.932,W,0
6/9/2005,3:50:19,17.792,N,83.933,W,0
6/9/2005,3:52:20,17.799,N,83.933,W,0
6/9/2005,3:54:20,17.807,N,83.934,W,0
6/9/2005,3:56:19,17.814,N,83.935,W,0
6/9/2005,3:58:19,17.821,N,83.936,W,0
6/9/2005,4:00:20,17.828,N,83.937,W,0
6/9/2005,4:02:20,17.835,N,83.937,W,0
6/9/2005,4:04:19,17.843,N,83.938,W,0
6/9/2005,4:06:20,17.85,N,83.939,W,0
6/9/2005,4:08:20,17.857,N,83.939,W,0
6/9/2005,4:10:19,17.864,N,83.94,W,0
6/9/2005,4:12:19,17.871,N,83.941,W,0
6/9/2005,4:14:20,17.878,N,83.942,W,0
6/9/2005,4:16:20,17.885,N,83.942,W,0
6/9/2005,4:18:19,17.892,N,83.943,W,0
6/9/2005,4:20:19,17.899,N,83.944,W,0
6/9/2005,4:22:20,17.906,N,83.944,W,0
6/9/2005,4:24:20,17.913,N,83.945,W,0
6/9/2005,4:26:19,17.92,N,83.946,W,0
6/9/2005,4:28:19,17.927,N,83.946,W,0
6/9/2005,4:30:20,17.934,N,83.947,W,0
6/9/2005,4:32:20,17.941,N,83.947,W,0
6/9/2005,4:34:19,17.948,N,83.948,W,0
6/9/2005,4:36:20,17.955,N,83.949,W,0
6/9/2005,4:38:20,17.961,N,83.949,W,0
6/9/2005,4:40:19,17.968,N,83.95,W,0
6/9/2005,4:42:19,17.975,N,83.95,W,0
6/9/2005,4:44:20,17.982,N,83.951,W,0
6/9/2005,4:46:20,17.988,N,83.951,W,0
6/9/2005,4:48:19,17.995,N,83.952,W,0
6/9/2005,4:50:19,18.001,N,83.952,W,0
6/9/2005,4:52:20,18.008,N,83.953,W,0
6/9/2005,4:54:20,18.014,N,83.953,W,0
6/9/2005,4:56:19,18.021,N,83.954,W,0
6/9/2005,4:58:19,18.027,N,83.954,W,0
6/9/2005,5:00:20,18.033,N,83.954,W,0
6/9/2005,5:02:20,18.04,N,83.955,W,0
6/9/2005,5:04:19,18.046,N,83.955,W,0
6/9/2005,5:06:20,18.052,N,83.955,W,0
6/9/2005,5:08:20,18.058,N,83.956,W,0
6/9/2005,5:10:19,18.064,N,83.956,W,0
6/9/2005,5:12:19,18.07,N,83.956,W,0
6/9/2005,5:14:20,18.076,N,83.956,W,0
6/9/2005,5:16:20,18.082,N,83.957,W,0
6/9/2005,5:18:19,18.088,N,83.957,W,0
6/9/2005,5:20:19,18.094,N,83.957,W,0
6/9/2005,5:22:20,18.1,N,83.957,W,0
6/9/2005,5:24:20,18.105,N,83.957,W,0
6/9/2005,5:26:19,18.111,N,83.957,W,0
6/9/2005,5:28:19,18.117,N,83.958,W,0
6/9/2005,5:30:20,18.122,N,83.958,W,0
6/9/2005,5:32:20,18.128,N,83.958,W,0
6/9/2005,5:34:19,18.133,N,83.958,W,0
6/9/2005,5:36:20,18.139,N,83.958,W,0
6/9/2005,5:38:20,18.144,N,83.958,W,0
6/9/2005,5:40:19,18.149,N,83.958,W,0
6/9/2005,5:42:19,18.155,N,83.958,W,0
6/9/2005,5:44:20,18.16,N,83.958,W,0
6/9/2005,5:46:20,18.165,N,83.958,W,0
6/9/2005,5:48:19,18.17,N,83.958,W,0
6/9/2005,5:50:19,18.175,N,83.957,W,0
6/9/2005,5:52:20,18.18,N,83.957,W,0
6/9/2005,5:54:20,18.185,N,83.957,W,0
6/9/2005,5:56:19,18.19,N,83.957,W,0
6/9/2005,5:58:19,18.195,N,83.957,W,0
6/9/2005,6:00:20,18.2,N,83.957,W,0
6/9/2005,6:02:20,18.205,N,83.956,W,0
6/9/2005,6:04:19,18.21,N,83.956,W,0
6/9/2005,6:06:20,18.215,N,83.956,W,0
6/9/2005,6:08:20,18.219,N,83.956,W,0
6/9/2005,6:10:19,18.224,N,83.955,W,0
6/9/2005,6:12:19,18.229,N,83.955,W,0
6/9/2005,6:14:20,18.233,N,83.955,W,0
6/9/2005,6:16:20,18.238,N,83.955,W,0
6/9/2005,6:18:19,18.242,N,83.954,W,0
6/9/2005,6:20:19,18.247,N,83.954,W,0
6/9/2005,6:22:20,18.251,N,83.954,W,0
6/9/2005,6:24:20,18.256,N,83.953,W,0
6/9/2005,6:26:19,18.26,N,83.953,W,0
6/9/2005,6:28:19,18.264,N,83.953,W,0
6/9/2005,6:30:20,18.268,N,83.952,W,0
6/9/2005,6:32:20,18.273,N,83.952,W,0
6/9/2005,6:34:19,18.277,N,83.951,W,0
6/9/2005,6:36:20,18.281,N,83.951,W,0
6/9/2005,6:38:20,18.285,N,83.95,W,0
6/9/2005,6:40:19,18.289,N,83.95,W,0
6/9/2005,6:42:19,18.293,N,83.95,W,0
6/9/2005,6:44:20,18.298,N,83.949,W,0
6/9/2005,6:46:20,18.302,N,83.949,W,0
6/9/2005,6:48:19,18.306,N,83.948,W,0
6/9/2005,6:50:19,18.31,N,83.948,W,0
6/9/2005,6:52:20,18.314,N,83.947,W,0
6/9/2005,6:54:20,18.318,N,83.947,W,0
6/9/2005,6:56:19,18.322,N,83.946,W,0
6/9/2005,6:58:19,18.326,N,83.946,W,0
6/9/2005,7:00:20,18.33,N,83.945,W,0
6/9/2005,7:02:20,18.334,N,83.945,W,0
6/9/2005,7:04:19,18.338,N,83.944,W,0
6/9/2005,7:06:20,18.341,N,83.943,W,0
6/9/2005,7:08:20,18.345,N,83.943,W,0
6/9/2005,7:10:19,18.349,N,83.942,W,0
6/9/2005,7:12:19,18.353,N,83.942,W,0
6/9/2005,7:14:20,18.357,N,83.941,W,0
6/9/2005,7:16:20,18.361,N,83.94,W,0
6/9/2005,7:18:19,18.364,N,83.94,W,0
6/9/2005,7:20:19,18.368,N,83.939,W,0
6/9/2005,7:22:20,18.372,N,83.939,W,0
6/9/2005,7:24:20,18.376,N,83.938,W,0
6/9/2005,7:26:19,18.379,N,83.937,W,0
6/9/2005,7:28:19,18.383,N,83.937,W,0
6/9/2005,7:30:20,18.387,N,83.936,W,0
6/9/2005,7:32:20,18.391,N,83.935,W,0
6/9/2005,7:34:19,18.394,N,83.935,W,0
6/9/2005,7:36:20,18.398,N,83.934,W,0
6/9/2005,7:38:20,18.401,N,83.933,W,0
6/9/2005,7:40:19,18.405,N,83.933,W,0
6/9/2005,7:42:19,18.409,N,83.932,W,0
6/9/2005,7:44:20,18.412,N,83.931,W,0
6/9/2005,7:46:20,18.416,N,83.93,W,0
6/9/2005,7:48:19,18.419,N,83.93,W,0
6/9/2005,7:50:19,18.423,N,83.929,W,0
6/9/2005,7:52:20,18.426,N,83.928,W,0
6/9/2005,7:54:20,18.43,N,83.927,W,0
6/9/2005,7:56:19,18.434,N,83.927,W,0
6/9/2005,7:58:19,18.437,N,83.926,W,0
6/9/2005,8:00:19,18.44,N,83.925,W,0
6/9/2005,8:02:19,18.444,N,83.924,W,0
6/9/2005,8:04:20,18.447,N,83.924,W,0
6/9/2005,8:06:20,18.451,N,83.923,W,0
6/9/2005,8:08:20,18.454,N,83.922,W,0
6/9/2005,8:10:19,18.458,N,83.921,W,0
6/9/2005,8:12:19,18.461,N,83.92,W,0
6/9/2005,8:14:19,18.465,N,83.92,W,0
6/9/2005,8:16:19,18.468,N,83.919,W,0
6/9/2005,8:18:20,18.471,N,83.918,W,0
6/9/2005,8:20:20,18.475,N,83.917,W,0
6/9/2005,8:22:20,18.478,N,83.916,W,0
6/9/2005,8:24:20,18.481,N,83.916,W,0
6/9/2005,8:26:19,18.485,N,83.915,W,0
6/9/2005,8:28:18,18.488,N,83.914,W,0
6/9/2005,8:30:19,18.492,N,83.913,W,0
6/9/2005,8:32:19,18.496,N,83.913,W,0
6/9/2005,8:34:19,18.499,N,83.912,W,0
6/9/2005,8:36:19,18.503,N,83.912,W,0
6/9/2005,8:38:18,18.507,N,83.911,W,0
6/9/2005,8:40:18,18.511,N,83.911,W,0
6/9/2005,8:42:18,18.515,N,83.91,W,0
6/9/2005,8:44:18,18.519,N,83.909,W,0
6/9/2005,8:46:19,18.523,N,83.909,W,0
6/9/2005,8:48:19,18.526,N,83.908,W,0
6/9/2005,8:50:19,18.53,N,83.908,W,0
6/9/2005,8:52:18,18.534,N,83.907,W,0
6/9/2005,8:54:18,18.538,N,83.907,W,0
6/9/2005,8:56:18,18.542,N,83.906,W,0
6/9/2005,8:58:18,18.546,N,83.906,W,0
6/9/2005,9:00:19,18.55,N,83.905,W,0
6/9/2005,9:02:19,18.553,N,83.905,W,0
6/9/2005,9:04:19,18.557,N,83.904,W,0
6/9/2005,9:06:19,18.561,N,83.904,W,0
6/9/2005,9:08:18,18.565,N,83.903,W,0
6/9/2005,9:10:18,18.569,N,83.902,W,0
6/9/2005,9:12:18,18.573,N,83.902,W,0
6/9/2005,9:14:18,18.577,N,83.901,W,0
6/9/2005,9:16:19,18.581,N,83.901,W,0
6/9/2005,9:18:19,18.585,N,83.9,W,0
6/9/2005,9:20:19,18.589,N,83.9,W,0
6/9/2005,9:22:18,18.592,N,83.899,W,0
6/9/2005,9:24:18,18.596,N,83.899,W,0
6/9/2005,9:26:18,18.6,N,83.898,W,0
6/9/2005,9:28:18,18.604,N,83.898,W,0
6/9/2005,9:30:19,18.608,N,83.897,W,0
6/9/2005,9:32:19,18.612,N,83.897,W,0
6/9/2005,9:34:19,18.616,N,83.897,W,0
6/9/2005,9:36:19,18.62,N,83.896,W,0
6/9/2005,9:38:18,18.624,N,83.896,W,0
6/9/2005,9:40:18,18.628,N,83.895,W,0
6/9/2005,9:42:18,18.632,N,83.895,W,0
6/9/2005,9:44:18,18.636,N,83.894,W,0
6/9/2005,9:46:19,18.64,N,83.894,W,0
6/9/2005,9:48:19,18.644,N,83.893,W,0
6/9/2005,9:50:19,18.648,N,83.893,W,0
6/9/2005,9:52:18,18.652,N,83.892,W,0
6/9/2005,9:54:18,18.656,N,83.892,W,0
6/9/2005,9:56:18,18.66,N,83.891,W,0
6/9/2005,9:58:18,18.664,N,83.891,W,0
6/9/2005,10:00:19,18.668,N,83.891,W,0
6/9/2005,10:02:19,18.672,N,83.89,W,0
6/9/2005,10:04:19,18.676,N,83.89,W,0
6/9/2005,10:06:19,18.68,N,83.889,W,0
6/9/2005,10:08:18,18.684,N,83.889,W,0
6/9/2005,10:10:18,18.688,N,83.889,W,0
6/9/2005,10:12:18,18.692,N,83.888,W,0
6/9/2005,10:14:18,18.696,N,83.888,W,0
6/9/2005,10:16:19,18.7,N,83.887,W,0
6/9/2005,10:18:19,18.704,N,83.887,W,0
6/9/2005,10:20:19,18.708,N,83.887,W,0
6/9/2005,10:22:18,18.712,N,83.886,W,0
6/9/2005,10:24:18,18.716,N,83.886,W,0
6/9/2005,10:26:18,18.72,N,83.885,W,0
6/9/2005,10:28:18,18.724,N,83.885,W,0
6/9/2005,10:30:19,18.728,N,83.885,W,0
6/9/2005,10:32:19,18.732,N,83.884,W,0
6/9/2005,10:34:19,18.736,N,83.884,W,0
6/9/2005,10:36:19,18.74,N,83.884,W,0
6/9/2005,10:38:18,18.744,N,83.883,W,0
6/9/2005,10:40:18,18.749,N,83.883,W,0
6/9/2005,10:42:18,18.753,N,83.883,W,0
6/9/2005,10:44:18,18.757,N,83.882,W,0
6/9/2005,10:46:19,18.761,N,83.882,W,0
6/9/2005,10:48:19,18.765,N,83.882,W,0
6/9/2005,10:50:19,18.769,N,83.881,W,0
6/9/2005,10:52:18,18.773,N,83.881,W,0
6/9/2005,10:54:18,18.777,N,83.881,W,0
6/9/2005,10:56:18,18.782,N,83.88,W,0
6/9/2005,10:58:18,18.786,N,83.88,W,0
6/9/2005,11:00:19,18.79,N,83.88,W,0
6/9/2005,11:02:19,18.794,N,83.879,W,0
6/9/2005,11:04:19,18.798,N,83.879,W,0
6/9/2005,11:06:19,18.802,N,83.879,W,0
6/9/2005,11:08:18,18.807,N,83.879,W,0
6/9/2005,11:10:18,18.811,N,83.878,W,0
6/9/2005,11:12:18,18.815,N,83.878,W,0
6/9/2005,11:14:18,18.819,N,83.878,W,0
6/9/2005,11:16:19,18.823,N,83.878,W,0
6/9/2005,11:18:19,18.828,N,83.877,W,0
6/9/2005,11:20:19,18.832,N,83.877,W,0
6/9/2005,11:22:18,18.836,N,83.877,W,0
6/9/2005,11:24:18,18.84,N,83.877,W,0
6/9/2005,11:26:18,18.844,N,83.876,W,0
6/9/2005,11:28:18,18.849,N,83.876,W,0
6/9/2005,11:30:19,18.853,N,83.876,W,0
6/9/2005,11:32:19,18.857,N,83.876,W,0
6/9/2005,11:34:19,18.861,N,83.876,W,0
6/9/2005,11:36:19,18.866,N,83.875,W,0
6/9/2005,11:38:18,18.87,N,83.875,W,0
6/9/2005,11:40:18,18.874,N,83.875,W,0
6/9/2005,11:42:18,18.879,N,83.875,W,0
6/9/2005,11:44:18,18.883,N,83.875,W,0
6/9/2005,11:46:19,18.887,N,83.874,W,0
6/9/2005,11:48:19,18.892,N,83.874,W,0
6/9/2005,11:50:19,18.896,N,83.874,W,0
6/9/2005,11:52:18,18.9,N,83.874,W,0
6/9/2005,11:54:18,18.905,N,83.874,W,0
6/9/2005,11:56:18,18.909,N,83.874,W,0
6/9/2005,11:58:18,18.913,N,83.874,W,0
6/9/2005,12:00:19,18.918,N,83.873,W,0
6/9/2005,12:02:19,18.922,N,83.873,W,0
6/9/2005,12:04:19,18.926,N,83.873,W,0
6/9/2005,12:06:19,18.931,N,83.873,W,0
6/9/2005,12:08:18,18.935,N,83.873,W,0
6/9/2005,12:10:18,18.939,N,83.873,W,0
6/9/2005,12:12:18,18.944,N,83.873,W,0
6/9/2005,12:14:18,18.948,N,83.873,W,0
6/9/2005,12:16:19,18.953,N,83.873,W,0
6/9/2005,12:18:19,18.957,N,83.873,W,0
6/9/2005,12:20:19,18.962,N,83.873,W,0
6/9/2005,12:22:18,18.966,N,83.873,W,0
6/9/2005,12:24:18,18.97,N,83.872,W,0
6/9/2005,12:26:18,18.975,N,83.872,W,0
6/9/2005,12:28:18,18.979,N,83.872,W,0
6/9/2005,12:30:19,18.984,N,83.872,W,0
6/9/2005,12:32:19,18.988,N,83.872,W,0
6/9/2005,12:34:19,18.993,N,83.872,W,0
6/9/2005,12:36:19,18.997,N,83.872,W,0
6/9/2005,12:38:18,19.002,N,83.872,W,0
6/9/2005,12:40:18,19.006,N,83.872,W,0
6/9/2005,12:42:18,19.011,N,83.872,W,0
6/9/2005,12:44:18,19.015,N,83.872,W,0
6/9/2005,12:46:19,19.02,N,83.872,W,0
6/9/2005,12:48:19,19.024,N,83.872,W,0
6/9/2005,12:50:19,19.029,N,83.872,W,0
6/9/2005,12:52:18,19.034,N,83.873,W,0
6/9/2005,12:54:18,19.038,N,83.873,W,0
6/9/2005,12:56:18,19.043,N,83.873,W,0
6/9/2005,12:58:18,19.047,N,83.873,W,0
6/9/2005,13:00:19,19.052,N,83.873,W,0
6/9/2005,13:02:19,19.057,N,83.873,W,0
6/9/2005,13:04:19,19.061,N,83.873,W,0
6/9/2005,13:06:19,19.066,N,83.873,W,0
6/9/2005,13:08:18,19.07,N,83.873,W,0
6/9/2005,13:10:18,19.075,N,83.873,W,0
6/9/2005,13:12:18,19.08,N,83.873,W,0
6/9/2005,13:14:18,19.084,N,83.874,W,0
6/9/2005,13:16:19,19.089,N,83.874,W,0
6/9/2005,13:18:19,19.094,N,83.874,W,0
6/9/2005,13:20:19,19.098,N,83.874,W,0
6/9/2005,13:22:18,19.103,N,83.874,W,0
6/9/2005,13:24:18,19.108,N,83.874,W,0
6/9/2005,13:26:18,19.113,N,83.875,W,0
6/9/2005,13:28:18,19.117,N,83.875,W,0
6/9/2005,13:30:19,19.122,N,83.875,W,0
6/9/2005,13:32:19,19.127,N,83.875,W,0
6/9/2005,13:34:19,19.131,N,83.875,W,0
6/9/2005,13:36:19,19.136,N,83.876,W,0
6/9/2005,13:38:18,19.141,N,83.876,W,0
6/9/2005,13:40:18,19.146,N,83.876,W,0
6/9/2005,13:42:18,19.151,N,83.876,W,0
6/9/2005,13:44:18,19.155,N,83.876,W,0
6/9/2005,13:46:19,19.16,N,83.877,W,0
6/9/2005,13:48:19,19.165,N,83.877,W,0
6/9/2005,13:50:19,19.17,N,83.877,W,0
6/9/2005,13:52:18,19.175,N,83.878,W,0
6/9/2005,13:54:18,19.179,N,83.878,W,0
6/9/2005,13:56:18,19.184,N,83.878,W,0
6/9/2005,13:58:18,19.189,N,83.878,W,0
6/9/2005,14:00:19,19.194,N,83.879,W,0
6/9/2005,14:02:19,19.199,N,83.879,W,0
6/9/2005,14:04:19,19.204,N,83.879,W,0
6/9/2005,14:06:19,19.209,N,83.88,W,0
6/9/2005,14:08:18,19.214,N,83.88,W,0
6/9/2005,14:10:18,19.219,N,83.88,W,0
6/9/2005,14:12:18,19.224,N,83.881,W,0
6/9/2005,14:14:18,19.228,N,83.881,W,0
6/9/2005,14:16:19,19.233,N,83.882,W,0
6/9/2005,14:18:19,19.238,N,83.882,W,0
6/9/2005,14:20:19,19.243,N,83.882,W,0
6/9/2005,14:22:18,19.248,N,83.883,W,0
6/9/2005,14:24:18,19.253,N,83.883,W,0
6/9/2005,14:26:18,19.258,N,83.884,W,0
6/9/2005,14:28:18,19.263,N,83.884,W,0
6/9/2005,14:30:19,19.268,N,83.885,W,0
6/9/2005,14:32:19,19.273,N,83.885,W,0
6/9/2005,14:34:19,19.278,N,83.885,W,0
6/9/2005,14:36:19,19.284,N,83.886,W,0
6/9/2005,14:38:18,19.289,N,83.886,W,0
6/9/2005,14:40:18,19.294,N,83.887,W,0
6/9/2005,14:42:18,19.299,N,83.887,W,0
6/9/2005,14:44:18,19.304,N,83.888,W,0
6/9/2005,14:46:19,19.309,N,83.888,W,0
6/9/2005,14:48:19,19.314,N,83.889,W,0
6/9/2005,14:50:19,19.319,N,83.889,W,0
6/9/2005,14:52:18,19.324,N,83.89,W,0
6/9/2005,14:54:18,19.329,N,83.891,W,0
6/9/2005,14:56:18,19.335,N,83.891,W,0
6/9/2005,14:58:18,19.34,N,83.892,W,0
6/9/2005,15:00:19,19.345,N,83.892,W,0
6/9/2005,15:02:19,19.35,N,83.893,W,0
6/9/2005,15:04:19,19.355,N,83.893,W,0
6/9/2005,15:06:19,19.36,N,83.894,W,0
6/9/2005,15:08:18,19.366,N,83.895,W,0
6/9/2005,15:10:18,19.371,N,83.895,W,0
6/9/2005,15:12:18,19.376,N,83.896,W,0
6/9/2005,15:14:18,19.381,N,83.896,W,0
6/9/2005,15:16:19,19.386,N,83.897,W,0
6/9/2005,15:18:19,19.392,N,83.898,W,0
6/9/2005,15:20:19,19.397,N,83.898,W,0
6/9/2005,15:22:18,19.402,N,83.899,W,0
6/9/2005,15:24:18,19.407,N,83.9,W,0
6/9/2005,15:26:18,19.413,N,83.9,W,0
6/9/2005,15:28:18,19.418,N,83.901,W,0
6/9/2005,15:30:19,19.423,N,83.902,W,0
6/9/2005,15:32:19,19.428,N,83.902,W,0
6/9/2005,15:34:19,19.434,N,83.903,W,0
6/9/2005,15:36:19,19.439,N,83.904,W,0
6/9/2005,15:38:18,19.444,N,83.905,W,0
6/9/2005,15:40:18,19.45,N,83.905,W,0
6/9/2005,15:42:18,19.455,N,83.906,W,0
6/9/2005,15:44:18,19.46,N,83.907,W,0
6/9/2005,15:46:19,19.466,N,83.908,W,0
6/9/2005,15:48:19,19.471,N,83.908,W,0
6/9/2005,15:50:19,19.476,N,83.909,W,0
6/9/2005,15:52:18,19.482,N,83.91,W,0
6/9/2005,15:54:18,19.487,N,83.911,W,0
6/9/2005,15:56:18,19.492,N,83.912,W,0
6/9/2005,15:58:18,19.498,N,83.912,W,0
6/9/2005,16:00:19,19.503,N,83.913,W,0
6/9/2005,16:02:19,19.508,N,83.914,W,0
6/9/2005,16:04:19,19.514,N,83.915,W,0
6/9/2005,16:06:19,19.519,N,83.916,W,0
6/9/2005,16:08:18,19.525,N,83.917,W,0
6/9/2005,16:10:18,19.53,N,83.917,W,0
6/9/2005,16:12:18,19.535,N,83.918,W,0
6/9/2005,16:14:18,19.541,N,83.919,W,0
6/9/2005,16:16:19,19.546,N,83.92,W,0
6/9/2005,16:18:19,19.552,N,83.921,W,0
6/9/2005,16:20:19,19.557,N,83.922,W,0
6/9/2005,16:22:18,19.562,N,83.923,W,0
6/9/2005,16:24:18,19.568,N,83.924,W,0
6/9/2005,16:26:18,19.573,N,83.925,W,0
6/9/2005,16:28:18,19.579,N,83.926,W,0
6/9/2005,16:30:19,19.584,N,83.926,W,0
6/9/2005,16:32:19,19.59,N,83.927,W,0
6/9/2005,16:34:19,19.595,N,83.928,W,0
6/9/2005,16:36:19,19.601,N,83.929,W,0
6/9/2005,16:38:18,19.606,N,83.93,W,0
6/9/2005,16:40:18,19.612,N,83.931,W,0
6/9/2005,16:42:18,19.617,N,83.932,W,0
6/9/2005,16:44:18,19.622,N,83.933,W,0
6/9/2005,16:46:19,19.628,N,83.934,W,0
6/9/2005,16:48:19,19.633,N,83.935,W,0
6/9/2005,16:50:19,19.639,N,83.936,W,0
6/9/2005,16:52:18,19.644,N,83.937,W,0
6/9/2005,16:54:18,19.65,N,83.938,W,0
6/9/2005,16:56:18,19.655,N,83.939,W,0
6/9/2005,16:58:18,19.661,N,83.941,W,0
6/9/2005,17:00:19,19.666,N,83.942,W,0
6/9/2005,17:02:19,19.672,N,83.943,W,0
6/9/2005,17:04:19,19.677,N,83.944,W,0
6/9/2005,17:06:19,19.683,N,83.945,W,0
6/9/2005,17:08:18,19.689,N,83.946,W,0
6/9/2005,17:10:18,19.694,N,83.947,W,0
6/9/2005,17:12:18,19.7,N,83.948,W,0
6/9/2005,17:14:18,19.705,N,83.949,W,0
6/9/2005,17:16:19,19.711,N,83.95,W,0
6/9/2005,17:18:19,19.716,N,83.952,W,0
6/9/2005,17:20:19,19.722,N,83.953,W,0
6/9/2005,17:22:18,19.727,N,83.954,W,0
6/9/2005,17:24:18,19.733,N,83.955,W,0
6/9/2005,17:26:18,19.738,N,83.956,W,0
6/9/2005,17:28:18,19.744,N,83.957,W,0
6/9/2005,17:30:19,19.749,N,83.959,W,0
6/9/2005,17:32:19,19.755,N,83.96,W,0
6/9/2005,17:34:19,19.761,N,83.961,W,0
6/9/2005,17:36:19,19.766,N,83.962,W,0
6/9/2005,17:38:18,19.772,N,83.963,W,0
6/9/2005,17:40:18,19.777,N,83.965,W,0
6/9/2005,17:42:18,19.783,N,83.966,W,0
6/9/2005,17:44:18,19.788,N,83.967,W,0
6/9/2005,17:46:19,19.794,N,83.968,W,0
6/9/2005,17:48:19,19.8,N,83.97,W,0
6/9/2005,17:50:19,19.805,N,83.971,W,0
6/9/2005,17:52:18,19.811,N,83.972,W,0
6/9/2005,17:54:18,19.816,N,83.973,W,0
6/9/2005,17:56:18,19.822,N,83.975,W,0
6/9/2005,17:58:18,19.827,N,83.976,W,0
6/9/2005,18:00:19,19.833,N,83.977,W,0
6/9/2005,18:02:19,19.839,N,83.979,W,0
6/9/2005,18:04:19,19.844,N,83.98,W,0
6/9/2005,18:06:19,19.85,N,83.981,W,0
6/9/2005,18:08:18,19.855,N,83.983,W,0
6/9/2005,18:10:18,19.861,N,83.984,W,0
6/9/2005,18:12:18,19.866,N,83.985,W,0
6/9/2005,18:14:18,19.872,N,83.987,W,0
6/9/2005,18:16:19,19.878,N,83.988,W,0
6/9/2005,18:18:19,19.883,N,83.989,W,0
6/9/2005,18:20:19,19.889,N,83.991,W,0
6/9/2005,18:22:18,19.894,N,83.992,W,0
6/9/2005,18:24:18,19.9,N,83.993,W,0
6/9/2005,18:26:18,19.906,N,83.995,W,0
6/9/2005,18:28:18,19.911,N,83.996,W,0
6/9/2005,18:30:19,19.917,N,83.998,W,0
6/9/2005,18:32:19,19.922,N,83.999,W,0
6/9/2005,18:34:19,19.928,N,84.001,W,0
6/9/2005,18:36:19,19.934,N,84.002,W,0
6/9/2005,18:38:18,19.939,N,84.003,W,0
6/9/2005,18:40:18,19.945,N,84.005,W,0
6/9/2005,18:42:18,19.95,N,84.006,W,0
6/9/2005,18:44:18,19.956,N,84.008,W,0
6/9/2005,18:46:19,19.961,N,84.009,W,0
6/9/2005,18:48:19,19.967,N,84.011,W,0
6/9/2005,18:50:19,19.973,N,84.012,W,0
6/9/2005,18:52:18,19.978,N,84.014,W,0
6/9/2005,18:54:18,19.984,N,84.015,W,0
6/9/2005,18:56:18,19.989,N,84.017,W,0
6/9/2005,18:58:18,19.995,N,84.018,W,0
6/9/2005,19:00:19,20,N,84.02,W,0
6/9/2005,19:02:19,20.006,N,84.021,W,0
6/9/2005,19:04:19,20.012,N,84.023,W,0
6/9/2005,19:06:19,20.017,N,84.024,W,0
6/9/2005,19:08:18,20.023,N,84.026,W,0
6/9/2005,19:10:18,20.028,N,84.028,W,0
6/9/2005,19:12:18,20.034,N,84.029,W,0
6/9/2005,19:14:18,20.04,N,84.031,W,0
6/9/2005,19:16:19,20.045,N,84.032,W,0
6/9/2005,19:18:19,20.051,N,84.034,W,0
6/9/2005,19:20:19,20.056,N,84.036,W,0
6/9/2005,19:22:18,20.062,N,84.037,W,0
6/9/2005,19:24:18,20.067,N,84.039,W,0
6/9/2005,19:26:18,20.073,N,84.04,W,0
6/9/2005,19:28:18,20.078,N,84.042,W,0
6/9/2005,19:30:19,20.084,N,84.044,W,0
6/9/2005,19:32:19,20.09,N,84.045,W,0
6/9/2005,19:34:19,20.095,N,84.047,W,0
6/9/2005,19:36:19,20.101,N,84.049,W,0
6/9/2005,19:38:18,20.106,N,84.05,W,0
6/9/2005,19:40:18,20.112,N,84.052,W,0
6/9/2005,19:42:18,20.117,N,84.054,W,0
6/9/2005,19:44:18,20.123,N,84.055,W,0
6/9/2005,19:46:19,20.128,N,84.057,W,0
6/9/2005,19:48:19,20.134,N,84.059,W,0
6/9/2005,19:50:19,20.139,N,84.061,W,0
6/9/2005,19:52:18,20.145,N,84.062,W,0
6/9/2005,19:54:18,20.15,N,84.064,W,0
6/9/2005,19:56:18,20.156,N,84.066,W,0
6/9/2005,19:58:18,20.161,N,84.068,W,0
6/9/2005,20:00:19,20.167,N,84.069,W,0
6/9/2005,20:02:19,20.172,N,84.071,W,0
6/9/2005,20:04:19,20.178,N,84.073,W,0
6/9/2005,20:06:19,20.183,N,84.075,W,0
6/9/2005,20:08:18,20.189,N,84.076,W,0
6/9/2005,20:10:18,20.194,N,84.078,W,0
6/9/2005,20:11:17,20.197,N,84.079,W,0
6/9/2005,20:13:17,20.202,N,84.084,W,0
6/9/2005,20:15:17,20.207,N,84.09,W,0
6/9/2005,20:17:16,20.213,N,84.095,W,0
6/9/2005,20:19:16,20.218,N,84.101,W,0
6/9/2005,20:21:16,20.223,N,84.106,W,0
6/9/2005,20:23:16,20.228,N,84.112,W,0
6/9/2005,20:25:17,20.233,N,84.117,W,0
6/9/2005,20:27:17,20.239,N,84.123,W,0
6/9/2005,20:29:17,20.244,N,84.128,W,0
6/9/2005,20:31:17,20.249,N,84.134,W,0
6/9/2005,20:33:16,20.254,N,84.139,W,0
6/9/2005,20:35:16,20.259,N,84.145,W,0
6/9/2005,20:37:16,20.264,N,84.15,W,0
6/9/2005,20:39:17,20.27,N,84.156,W,0
6/9/2005,20:41:17,20.275,N,84.161,W,0
6/9/2005,20:43:17,20.28,N,84.167,W,0
6/9/2005,20:45:17,20.285,N,84.172,W,0
6/9/2005,20:47:16,20.29,N,84.178,W,0
6/9/2005,20:49:16,20.296,N,84.183,W,0
6/9/2005,20:51:16,20.301,N,84.189,W,0
6/9/2005,20:53:16,20.306,N,84.194,W,0
6/9/2005,20:55:17,20.311,N,84.2,W,0
6/9/2005,20:57:17,20.316,N,84.205,W,0
6/9/2005,20:59:17,20.321,N,84.211,W,0
6/9/2005,21:01:17,20.326,N,84.216,W,0
6/9/2005,21:03:16,20.332,N,84.222,W,0
6/9/2005,21:05:16,20.337,N,84.227,W,0
6/9/2005,21:07:16,20.342,N,84.233,W,0
6/9/2005,21:09:17,20.347,N,84.238,W,0
6/9/2005,21:11:17,20.352,N,84.244,W,0
6/9/2005,21:13:17,20.357,N,84.249,W,0
6/9/2005,21:15:17,20.363,N,84.255,W,0
6/9/2005,21:17:16,20.368,N,84.26,W,0
6/9/2005,21:19:16,20.373,N,84.266,W,0
6/9/2005,21:21:16,20.378,N,84.271,W,0
6/9/2005,21:23:16,20.383,N,84.277,W,0
6/9/2005,21:25:17,20.388,N,84.282,W,0
6/9/2005,21:27:17,20.393,N,84.288,W,0
6/9/2005,21:29:17,20.399,N,84.293,W,0
6/9/2005,21:31:17,20.404,N,84.298,W,0
6/9/2005,21:33:16,20.409,N,84.304,W,0
6/9/2005,21:35:16,20.414,N,84.309,W,0
6/9/2005,21:37:16,20.419,N,84.315,W,0
6/9/2005,21:39:17,20.424,N,84.32,W,0
6/9/2005,21:41:17,20.429,N,84.325,W,0
6/9/2005,21:43:17,20.434,N,84.331,W,0
6/9/2005,21:45:17,20.44,N,84.336,W,0
6/9/2005,21:47:16,20.445,N,84.342,W,0
6/9/2005,21:49:16,20.45,N,84.347,W,0
6/9/2005,21:51:16,20.455,N,84.352,W,0
6/9/2005,21:53:16,20.46,N,84.358,W,0
6/9/2005,21:55:17,20.465,N,84.363,W,0
6/9/2005,21:57:17,20.47,N,84.368,W,0
6/9/2005,21:59:17,20.475,N,84.373,W,0
6/9/2005,22:01:17,20.48,N,84.379,W,0
6/9/2005,22:03:16,20.485,N,84.384,W,0
6/9/2005,22:05:16,20.49,N,84.389,W,0
6/9/2005,22:07:16,20.496,N,84.395,W,0
6/9/2005,22:09:17,20.501,N,84.4,W,0
6/9/2005,22:11:17,20.506,N,84.405,W,0
6/9/2005,22:13:17,20.511,N,84.41,W,0
6/9/2005,22:15:17,20.516,N,84.415,W,0
6/9/2005,22:17:16,20.521,N,84.42,W,0
6/9/2005,22:19:16,20.526,N,84.426,W,0
6/9/2005,22:21:16,20.531,N,84.431,W,0
6/9/2005,22:23:16,20.536,N,84.436,W,0
6/9/2005,22:25:17,20.541,N,84.441,W,0
6/9/2005,22:27:17,20.546,N,84.446,W,0
6/9/2005,22:29:17,20.551,N,84.451,W,0
6/9/2005,22:31:17,20.556,N,84.456,W,0
6/9/2005,22:33:16,20.561,N,84.461,W,0
6/9/2005,22:35:16,20.566,N,84.466,W,0
6/9/2005,22:37:16,20.571,N,84.471,W,0
6/9/2005,22:39:17,20.576,N,84.476,W,0
6/9/2005,22:41:17,20.581,N,84.481,W,0
6/9/2005,22:43:17,20.586,N,84.486,W,0
6/9/2005,22:45:17,20.591,N,84.491,W,0
6/9/2005,22:47:16,20.596,N,84.496,W,0
6/9/2005,22:49:16,20.601,N,84.501,W,0
6/9/2005,22:51:16,20.606,N,84.506,W,0
6/9/2005,22:53:16,20.611,N,84.51,W,0
6/9/2005,22:55:17,20.616,N,84.515,W,0
6/9/2005,22:57:17,20.621,N,84.52,W,0
6/9/2005,22:59:17,20.626,N,84.525,W,0
6/9/2005,23:01:17,20.631,N,84.529,W,0
6/9/2005,23:03:16,20.636,N,84.534,W,0
6/9/2005,23:05:16,20.641,N,84.539,W,0
6/9/2005,23:07:16,20.646,N,84.543,W,0
6/9/2005,23:09:17,20.651,N,84.548,W,0
6/9/2005,23:11:17,20.656,N,84.553,W,0
6/9/2005,23:13:17,20.661,N,84.557,W,0
6/9/2005,23:15:17,20.666,N,84.562,W,0
6/9/2005,23:17:16,20.671,N,84.566,W,0
6/9/2005,23:19:16,20.676,N,84.571,W,0
6/9/2005,23:21:16,20.681,N,84.575,W,0
6/9/2005,23:23:16,20.686,N,84.58,W,0
6/9/2005,23:25:17,20.691,N,84.584,W,0
6/9/2005,23:27:17,20.695,N,84.589,W,0
6/9/2005,23:29:17,20.7,N,84.593,W,0
6/9/2005,23:31:17,20.705,N,84.597,W,0
6/9/2005,23:33:16,20.71,N,84.602,W,0
6/9/2005,23:35:16,20.715,N,84.606,W,0
6/9/2005,23:37:16,20.72,N,84.61,W,0
6/9/2005,23:39:17,20.725,N,84.614,W,0
6/9/2005,23:41:17,20.73,N,84.618,W,0
6/9/2005,23:43:17,20.735,N,84.623,W,0
6/9/2005,23:45:17,20.739,N,84.627,W,0
6/9/2005,23:47:16,20.744,N,84.631,W,0
6/9/2005,23:49:16,20.749,N,84.635,W,0
6/9/2005,23:51:16,20.754,N,84.639,W,0
6/9/2005,23:53:16,20.759,N,84.643,W,0
6/9/2005,23:55:17,20.764,N,84.647,W,0
6/9/2005,23:57:17,20.769,N,84.651,W,0
6/9/2005,23:59:17,20.773,N,84.655,W,0
6/10/2005,0:01:17,20.778,N,84.658,W,0
6/10/2005,0:03:16,20.783,N,84.662,W,0
6/10/2005,0:05:16,20.788,N,84.666,W,0
6/10/2005,0:07:16,20.793,N,84.67,W,0
6/10/2005,0:09:17,20.797,N,84.674,W,0
6/10/2005,0:11:17,20.802,N,84.677,W,0
6/10/2005,0:13:17,20.807,N,84.681,W,0
6/10/2005,0:15:17,20.812,N,84.684,W,0
6/10/2005,0:17:16,20.817,N,84.688,W,0
6/10/2005,0:19:16,20.821,N,84.692,W,0
6/10/2005,0:21:16,20.826,N,84.695,W,0
6/10/2005,0:23:16,20.831,N,84.699,W,0
6/10/2005,0:25:17,20.836,N,84.702,W,0
6/10/2005,0:27:17,20.84,N,84.705,W,0
6/10/2005,0:29:17,20.845,N,84.709,W,0
6/10/2005,0:31:17,20.85,N,84.712,W,0
6/10/2005,0:33:16,20.855,N,84.715,W,0
6/10/2005,0:35:16,20.859,N,84.718,W,0
6/10/2005,0:37:16,20.864,N,84.722,W,0
6/10/2005,0:39:17,20.869,N,84.725,W,0
6/10/2005,0:41:17,20.873,N,84.728,W,0
6/10/2005,0:43:17,20.878,N,84.731,W,0
6/10/2005,0:45:17,20.883,N,84.734,W,0
6/10/2005,0:47:16,20.887,N,84.737,W,0
6/10/2005,0:49:16,20.892,N,84.74,W,0
6/10/2005,0:51:16,20.897,N,84.743,W,0
6/10/2005,0:53:16,20.902,N,84.745,W,0
6/10/2005,0:55:17,20.906,N,84.748,W,0
6/10/2005,0:57:17,20.911,N,84.751,W,0
6/10/2005,0:59:17,20.915,N,84.754,W,0
6/10/2005,1:01:17,20.92,N,84.756,W,0
6/10/2005,1:03:16,20.925,N,84.759,W,0
6/10/2005,1:05:16,20.929,N,84.762,W,0
6/10/2005,1:07:16,20.934,N,84.764,W,0
6/10/2005,1:09:17,20.939,N,84.767,W,0
6/10/2005,1:11:17,20.943,N,84.769,W,0
6/10/2005,1:13:17,20.948,N,84.772,W,0
6/10/2005,1:15:17,20.952,N,84.774,W,0
6/10/2005,1:17:16,20.957,N,84.777,W,0
6/10/2005,1:19:16,20.962,N,84.779,W,0
6/10/2005,1:21:16,20.966,N,84.781,W,0
6/10/2005,1:23:16,20.971,N,84.784,W,0
6/10/2005,1:25:17,20.975,N,84.786,W,0
6/10/2005,1:27:17,20.98,N,84.788,W,0
6/10/2005,1:29:17,20.984,N,84.79,W,0
6/10/2005,1:31:17,20.989,N,84.793,W,0
6/10/2005,1:33:16,20.994,N,84.795,W,0
6/10/2005,1:35:16,20.998,N,84.797,W,0
6/10/2005,1:37:16,21.003,N,84.799,W,0
6/10/2005,1:39:17,21.007,N,84.801,W,0
6/10/2005,1:41:17,21.012,N,84.803,W,0
6/10/2005,1:43:17,21.016,N,84.805,W,0
6/10/2005,1:45:17,21.021,N,84.807,W,0
6/10/2005,1:47:16,21.025,N,84.808,W,0
6/10/2005,1:49:16,21.03,N,84.81,W,0
6/10/2005,1:51:16,21.034,N,84.812,W,0
6/10/2005,1:53:16,21.039,N,84.814,W,0
6/10/2005,1:55:17,21.043,N,84.816,W,0
6/10/2005,1:57:17,21.048,N,84.817,W,0
6/10/2005,1:59:17,21.052,N,84.819,W,0
6/10/2005,2:01:17,21.057,N,84.821,W,0
6/10/2005,2:03:16,21.061,N,84.822,W,0
6/10/2005,2:05:16,21.066,N,84.824,W,0
6/10/2005,2:07:16,21.07,N,84.825,W,0
6/10/2005,2:09:17,21.075,N,84.827,W,0
6/10/2005,2:11:17,21.079,N,84.828,W,0
6/10/2005,2:13:17,21.083,N,84.83,W,0
6/10/2005,2:15:17,21.088,N,84.831,W,0
6/10/2005,2:17:16,21.092,N,84.832,W,0
6/10/2005,2:19:16,21.097,N,84.834,W,0
6/10/2005,2:21:16,21.101,N,84.835,W,0
6/10/2005,2:23:16,21.106,N,84.836,W,0
6/10/2005,2:25:17,21.11,N,84.838,W,0
6/10/2005,2:27:17,21.114,N,84.839,W,0
6/10/2005,2:29:17,21.119,N,84.84,W,0
6/10/2005,2:31:17,21.123,N,84.841,W,0
6/10/2005,2:33:16,21.128,N,84.842,W,0
6/10/2005,2:35:16,21.132,N,84.843,W,0
6/10/2005,2:37:16,21.136,N,84.844,W,0
6/10/2005,2:39:17,21.141,N,84.845,W,0
6/10/2005,2:41:17,21.145,N,84.846,W,0
6/10/2005,2:43:17,21.15,N,84.847,W,0
6/10/2005,2:45:17,21.154,N,84.848,W,0
6/10/2005,2:47:16,21.158,N,84.849,W,0
6/10/2005,2:49:16,21.163,N,84.85,W,0
6/10/2005,2:51:16,21.167,N,84.851,W,0
6/10/2005,2:53:16,21.171,N,84.852,W,0
6/10/2005,2:55:17,21.176,N,84.853,W,0
6/10/2005,2:57:17,21.18,N,84.853,W,0
6/10/2005,2:59:17,21.184,N,84.854,W,0
6/10/2005,3:01:17,21.189,N,84.855,W,0
6/10/2005,3:03:16,21.193,N,84.855,W,0
6/10/2005,3:05:16,21.197,N,84.856,W,0
6/10/2005,3:07:16,21.202,N,84.857,W,0
6/10/2005,3:09:17,21.206,N,84.857,W,0
6/10/2005,3:11:17,21.21,N,84.858,W,0
6/10/2005,3:13:17,21.215,N,84.858,W,0
6/10/2005,3:15:17,21.219,N,84.859,W,0
6/10/2005,3:17:16,21.223,N,84.859,W,0
6/10/2005,3:19:16,21.227,N,84.86,W,0
6/10/2005,3:21:16,21.232,N,84.86,W,0
6/10/2005,3:23:16,21.236,N,84.861,W,0
6/10/2005,3:25:17,21.24,N,84.861,W,0
6/10/2005,3:27:17,21.245,N,84.861,W,0
6/10/2005,3:29:17,21.249,N,84.862,W,0
6/10/2005,3:31:17,21.253,N,84.862,W,0
6/10/2005,3:33:16,21.257,N,84.862,W,0
6/10/2005,3:35:16,21.262,N,84.863,W,0
6/10/2005,3:37:16,21.266,N,84.863,W,0
6/10/2005,3:39:17,21.27,N,84.863,W,0
6/10/2005,3:41:17,21.274,N,84.863,W,0
6/10/2005,3:43:17,21.279,N,84.863,W,0
6/10/2005,3:45:17,21.283,N,84.864,W,0
6/10/2005,3:47:16,21.287,N,84.864,W,0
6/10/2005,3:49:16,21.291,N,84.864,W,0
6/10/2005,3:51:16,21.296,N,84.864,W,0
6/10/2005,3:53:16,21.3,N,84.864,W,0
6/10/2005,3:55:17,21.304,N,84.864,W,0
6/10/2005,3:57:17,21.308,N,84.864,W,0
6/10/2005,3:59:17,21.312,N,84.864,W,0
6/10/2005,4:01:17,21.317,N,84.864,W,0
6/10/2005,4:03:16,21.321,N,84.864,W,0
6/10/2005,4:05:16,21.325,N,84.864,W,0
6/10/2005,4:07:16,21.329,N,84.863,W,0
6/10/2005,4:09:17,21.334,N,84.863,W,0
6/10/2005,4:11:17,21.338,N,84.863,W,0
6/10/2005,4:13:17,21.342,N,84.863,W,0
6/10/2005,4:15:17,21.346,N,84.863,W,0
6/10/2005,4:17:16,21.35,N,84.863,W,0
6/10/2005,4:19:16,21.354,N,84.862,W,0
6/10/2005,4:21:16,21.359,N,84.862,W,0
6/10/2005,4:23:16,21.363,N,84.862,W,0
6/10/2005,4:25:17,21.367,N,84.861,W,0
6/10/2005,4:27:17,21.371,N,84.861,W,0
6/10/2005,4:29:17,21.375,N,84.861,W,0
6/10/2005,4:31:17,21.379,N,84.86,W,0
6/10/2005,4:33:16,21.384,N,84.86,W,0
6/10/2005,4:35:16,21.388,N,84.859,W,0
6/10/2005,4:37:16,21.392,N,84.859,W,0
6/10/2005,4:39:17,21.396,N,84.859,W,0
6/10/2005,4:41:17,21.4,N,84.858,W,0
6/10/2005,4:43:17,21.404,N,84.858,W,0
6/10/2005,4:45:17,21.408,N,84.857,W,0
6/10/2005,4:47:16,21.413,N,84.856,W,0
6/10/2005,4:49:16,21.417,N,84.856,W,0
6/10/2005,4:51:16,21.421,N,84.855,W,0
6/10/2005,4:53:16,21.425,N,84.855,W,0
6/10/2005,4:55:17,21.429,N,84.854,W,0
6/10/2005,4:57:17,21.433,N,84.853,W,0
6/10/2005,4:59:17,21.437,N,84.853,W,0
6/10/2005,5:01:17,21.441,N,84.852,W,0
6/10/2005,5:03:16,21.446,N,84.851,W,0
6/10/2005,5:05:16,21.45,N,84.851,W,0
6/10/2005,5:07:16,21.454,N,84.85,W,0
6/10/2005,5:09:17,21.458,N,84.849,W,0
6/10/2005,5:11:17,21.462,N,84.848,W,0
6/10/2005,5:13:17,21.466,N,84.848,W,0
6/10/2005,5:15:17,21.47,N,84.847,W,0
6/10/2005,5:17:16,21.474,N,84.846,W,0
6/10/2005,5:19:16,21.478,N,84.845,W,0
6/10/2005,5:21:16,21.483,N,84.844,W,0
6/10/2005,5:23:16,21.487,N,84.844,W,0
6/10/2005,5:25:17,21.491,N,84.843,W,0
6/10/2005,5:27:17,21.495,N,84.842,W,0
6/10/2005,5:29:17,21.499,N,84.841,W,0
6/10/2005,5:31:17,21.503,N,84.84,W,0
6/10/2005,5:33:16,21.507,N,84.839,W,0
6/10/2005,5:35:16,21.511,N,84.838,W,0
6/10/2005,5:37:16,21.515,N,84.837,W,0
6/10/2005,5:39:17,21.519,N,84.836,W,0
6/10/2005,5:41:17,21.523,N,84.835,W,0
6/10/2005,5:43:17,21.527,N,84.834,W,0
6/10/2005,5:45:17,21.531,N,84.833,W,0
6/10/2005,5:47:16,21.535,N,84.832,W,0
6/10/2005,5:49:16,21.539,N,84.831,W,0
6/10/2005,5:51:00,21.543,N,84.83,W,0
6/10/2005,5:53:00,21.547,N,84.829,W,0
6/10/2005,5:55:00,21.551,N,84.827,W,0
6/10/2005,5:57:01,21.555,N,84.826,W,0
6/10/2005,5:59:01,21.559,N,84.824,W,0
6/10/2005,6:01:01,21.563,N,84.823,W,0
6/10/2005,6:03:00,21.567,N,84.821,W,0
6/10/2005,6:05:00,21.571,N,84.82,W,0
6/10/2005,6:07:00,21.575,N,84.818,W,0
6/10/2005,6:09:00,21.579,N,84.817,W,0
6/10/2005,6:11:01,21.583,N,84.815,W,0
6/10/2005,6:13:01,21.587,N,84.814,W,0
6/10/2005,6:15:01,21.591,N,84.813,W,0
6/10/2005,6:17:01,21.595,N,84.811,W,0
6/10/2005,6:19:00,21.599,N,84.81,W,0
6/10/2005,6:21:00,21.603,N,84.808,W,0
6/10/2005,6:23:00,21.607,N,84.807,W,0
6/10/2005,6:25:00,21.611,N,84.805,W,0
6/10/2005,6:27:01,21.615,N,84.804,W,0
6/10/2005,6:29:01,21.619,N,84.802,W,0
6/10/2005,6:31:01,21.623,N,84.801,W,0
6/10/2005,6:33:00,21.627,N,84.799,W,0
6/10/2005,6:35:00,21.631,N,84.798,W,0
6/10/2005,6:37:00,21.635,N,84.797,W,0
6/10/2005,6:39:00,21.639,N,84.795,W,0
6/10/2005,6:41:01,21.643,N,84.794,W,0
6/10/2005,6:43:01,21.647,N,84.792,W,0
6/10/2005,6:45:01,21.651,N,84.791,W,0
6/10/2005,6:47:01,21.655,N,84.789,W,0
6/10/2005,6:49:00,21.659,N,84.788,W,0
6/10/2005,6:51:00,21.663,N,84.786,W,0
6/10/2005,6:53:00,21.667,N,84.785,W,0
6/10/2005,6:55:00,21.671,N,84.783,W,0
6/10/2005,6:57:01,21.675,N,84.782,W,0
6/10/2005,6:59:01,21.679,N,84.781,W,0
6/10/2005,7:01:01,21.683,N,84.779,W,0
6/10/2005,7:03:00,21.687,N,84.778,W,0
6/10/2005,7:05:00,21.691,N,84.776,W,0
6/10/2005,7:07:00,21.695,N,84.775,W,0
6/10/2005,7:09:00,21.699,N,84.773,W,0
6/10/2005,7:11:01,21.703,N,84.772,W,0
6/10/2005,7:13:01,21.707,N,84.77,W,0
6/10/2005,7:15:01,21.711,N,84.769,W,0
6/10/2005,7:17:01,21.715,N,84.767,W,0
6/10/2005,7:19:00,21.719,N,84.766,W,0
6/10/2005,7:21:00,21.723,N,84.765,W,0
6/10/2005,7:23:00,21.727,N,84.763,W,0
6/10/2005,7:25:00,21.731,N,84.762,W,0
6/10/2005,7:27:01,21.735,N,84.76,W,0
6/10/2005,7:29:01,21.739,N,84.759,W,0
6/10/2005,7:31:01,21.743,N,84.757,W,0
6/10/2005,7:33:00,21.747,N,84.756,W,0
6/10/2005,7:35:00,21.751,N,84.754,W,0
6/10/2005,7:37:00,21.755,N,84.753,W,0
6/10/2005,7:39:00,21.759,N,84.752,W,0
6/10/2005,7:41:01,21.763,N,84.75,W,0
6/10/2005,7:43:01,21.767,N,84.749,W,0
6/10/2005,7:45:01,21.771,N,84.747,W,0
6/10/2005,7:47:01,21.775,N,84.746,W,0
6/10/2005,7:49:00,21.779,N,84.744,W,0
6/10/2005,7:51:00,21.783,N,84.743,W,0
6/10/2005,7:53:00,21.787,N,84.741,W,0
6/10/2005,7:55:00,21.791,N,84.74,W,0
6/10/2005,7:57:01,21.795,N,84.738,W,0
6/10/2005,7:59:01,21.799,N,84.737,W,0
6/10/2005,8:01:01,21.803,N,84.736,W,0
6/10/2005,8:03:00,21.807,N,84.734,W,0
6/10/2005,8:05:00,21.811,N,84.733,W,0
6/10/2005,8:07:00,21.815,N,84.731,W,0
6/10/2005,8:09:00,21.819,N,84.73,W,0
6/10/2005,8:11:01,21.823,N,84.728,W,0
6/10/2005,8:13:01,21.827,N,84.727,W,0
6/10/2005,8:15:01,21.831,N,84.725,W,0
6/10/2005,8:17:01,21.835,N,84.724,W,0
6/10/2005,8:19:00,21.839,N,84.722,W,0
6/10/2005,8:21:00,21.843,N,84.721,W,0
6/10/2005,8:23:00,21.847,N,84.72,W,0
6/10/2005,8:25:00,21.851,N,84.718,W,0
6/10/2005,8:27:01,21.855,N,84.717,W,0
6/10/2005,8:29:01,21.859,N,84.715,W,0
6/10/2005,8:31:01,21.863,N,84.714,W,0
6/10/2005,8:33:00,21.867,N,84.712,W,0
6/10/2005,8:34:46,21.87,N,84.711,W,0
6/10/2005,8:36:45,21.88,N,84.713,W,0
6/10/2005,8:38:45,21.889,N,84.715,W,0
6/10/2005,8:40:45,21.899,N,84.718,W,0
6/10/2005,8:42:45,21.909,N,84.72,W,0
6/10/2005,8:44:46,21.919,N,84.722,W,0
6/10/2005,8:46:46,21.929,N,84.724,W,0
6/10/2005,8:48:46,21.939,N,84.726,W,0
6/10/2005,8:50:46,21.949,N,84.728,W,0
6/10/2005,8:52:45,21.959,N,84.73,W,0
6/10/2005,8:54:45,21.969,N,84.732,W,0
6/10/2005,8:56:45,21.979,N,84.734,W,0
6/10/2005,8:58:45,21.989,N,84.736,W,0
6/10/2005,9:00:46,21.999,N,84.737,W,0
6/10/2005,9:02:46,22.009,N,84.739,W,0
6/10/2005,9:04:46,22.019,N,84.74,W,0
6/10/2005,9:06:45,22.029,N,84.742,W,0
6/10/2005,9:08:45,22.039,N,84.743,W,0
6/10/2005,9:10:45,22.049,N,84.744,W,0
6/10/2005,9:12:45,22.058,N,84.745,W,0
6/10/2005,9:14:46,22.068,N,84.746,W,0
6/10/2005,9:16:46,22.078,N,84.747,W,0
6/10/2005,9:18:46,22.088,N,84.748,W,0
6/10/2005,9:20:46,22.098,N,84.748,W,0
6/10/2005,9:22:45,22.107,N,84.749,W,0
6/10/2005,9:24:45,22.117,N,84.749,W,0
6/10/2005,9:26:45,22.127,N,84.749,W,0
6/10/2005,9:28:45,22.136,N,84.749,W,0
6/10/2005,9:30:46,22.146,N,84.749,W,0
6/10/2005,9:32:46,22.155,N,84.749,W,0
6/10/2005,9:34:46,22.165,N,84.749,W,0
6/10/2005,9:36:45,22.174,N,84.748,W,0
6/10/2005,9:38:45,22.183,N,84.748,W,0
6/10/2005,9:40:24,22.191,N,84.747,W,0
6/10/2005,9:42:24,22.2,N,84.745,W,0
6/10/2005,9:44:24,22.209,N,84.743,W,0
6/10/2005,9:46:25,22.217,N,84.741,W,0
6/10/2005,9:48:25,22.226,N,84.739,W,0
6/10/2005,9:50:25,22.235,N,84.736,W,0
6/10/2005,9:52:25,22.244,N,84.734,W,0
6/10/2005,9:54:24,22.253,N,84.732,W,0
6/10/2005,9:56:24,22.262,N,84.73,W,0
6/10/2005,9:58:24,22.27,N,84.728,W,0
6/10/2005,10:00:24,22.279,N,84.726,W,0
6/10/2005,10:02:25,22.288,N,84.724,W,0
6/10/2005,10:04:25,22.297,N,84.722,W,0
6/10/2005,10:06:25,22.306,N,84.72,W,0
6/10/2005,10:08:25,22.314,N,84.718,W,0
6/10/2005,10:10:24,22.323,N,84.715,W,0
6/10/2005,10:12:24,22.332,N,84.713,W,0
6/10/2005,10:14:24,22.341,N,84.711,W,0
6/10/2005,10:16:25,22.35,N,84.709,W,0
6/10/2005,10:18:25,22.359,N,84.707,W,0
6/10/2005,10:20:25,22.367,N,84.705,W,0
6/10/2005,10:22:25,22.376,N,84.703,W,0
6/10/2005,10:24:24,22.385,N,84.701,W,0
6/10/2005,10:26:24,22.394,N,84.699,W,0
6/10/2005,10:28:24,22.403,N,84.696,W,0
6/10/2005,10:30:24,22.412,N,84.694,W,0
6/10/2005,10:32:25,22.42,N,84.692,W,0
6/10/2005,10:34:25,22.429,N,84.69,W,0
6/10/2005,10:36:25,22.438,N,84.688,W,0
6/10/2005,10:38:25,22.447,N,84.686,W,0
6/10/2005,10:40:24,22.456,N,84.684,W,0
6/10/2005,10:42:24,22.464,N,84.682,W,0
6/10/2005,10:44:24,22.473,N,84.68,W,0
6/10/2005,10:46:25,22.482,N,84.678,W,0
6/10/2005,10:48:25,22.491,N,84.675,W,0
6/10/2005,10:50:25,22.5,N,84.673,W,0
6/10/2005,10:52:25,22.509,N,84.671,W,0
6/10/2005,10:54:24,22.517,N,84.669,W,0
6/10/2005,10:56:24,22.526,N,84.667,W,0
6/10/2005,10:58:24,22.535,N,84.665,W,0
6/10/2005,11:00:13,22.543,N,84.663,W,0
6/10/2005,11:02:14,22.552,N,84.661,W,0
6/10/2005,11:04:14,22.562,N,84.66,W,0
6/10/2005,11:06:14,22.571,N,84.658,W,0
6/10/2005,11:08:14,22.58,N,84.657,W,0
6/10/2005,11:10:13,22.59,N,84.655,W,0
6/10/2005,11:12:13,22.599,N,84.654,W,0
6/10/2005,11:14:13,22.609,N,84.653,W,0
6/10/2005,11:16:14,22.618,N,84.651,W,0
6/10/2005,11:18:14,22.628,N,84.65,W,0
6/10/2005,11:20:14,22.637,N,84.649,W,0
6/10/2005,11:22:14,22.647,N,84.647,W,0
6/10/2005,11:24:13,22.656,N,84.646,W,0
6/10/2005,11:26:13,22.666,N,84.645,W,0
6/10/2005,11:28:13,22.676,N,84.644,W,0
6/10/2005,11:30:13,22.686,N,84.643,W,0
6/10/2005,11:32:14,22.696,N,84.642,W,0
6/10/2005,11:34:14,22.705,N,84.641,W,0
6/10/2005,11:36:14,22.715,N,84.64,W,0
6/10/2005,11:38:14,22.725,N,84.64,W,0
6/10/2005,11:40:13,22.735,N,84.639,W,0
6/10/2005,11:42:13,22.745,N,84.638,W,0
6/10/2005,11:44:13,22.756,N,84.637,W,0
6/10/2005,11:46:14,22.766,N,84.637,W,0
6/10/2005,11:48:14,22.776,N,84.636,W,0
6/10/2005,11:50:14,22.786,N,84.636,W,0
6/10/2005,11:52:14,22.796,N,84.635,W,0
6/10/2005,11:54:13,22.807,N,84.635,W,0
6/10/2005,11:56:13,22.817,N,84.635,W,0
6/10/2005,11:58:13,22.828,N,84.635,W,0
6/10/2005,12:00:13,22.838,N,84.634,W,0
6/10/2005,12:02:14,22.849,N,84.634,W,0
6/10/2005,12:04:14,22.86,N,84.634,W,0
6/10/2005,12:06:14,22.87,N,84.634,W,0
6/10/2005,12:08:14,22.881,N,84.634,W,0
6/10/2005,12:10:13,22.892,N,84.634,W,0
6/10/2005,12:12:13,22.903,N,84.635,W,0
6/10/2005,12:14:13,22.914,N,84.635,W,0
6/10/2005,12:16:14,22.925,N,84.635,W,0
6/10/2005,12:18:14,22.936,N,84.636,W,0
6/10/2005,12:20:14,22.947,N,84.636,W,0
6/10/2005,12:22:14,22.958,N,84.637,W,0
6/10/2005,12:24:13,22.969,N,84.637,W,0
6/10/2005,12:26:13,22.981,N,84.638,W,0
6/10/2005,12:28:13,22.992,N,84.639,W,0
6/10/2005,12:30:13,23.003,N,84.64,W,0
6/10/2005,12:32:14,23.015,N,84.641,W,0
6/10/2005,12:34:14,23.027,N,84.642,W,0
6/10/2005,12:36:14,23.038,N,84.643,W,0
6/10/2005,12:38:14,23.05,N,84.644,W,0
6/10/2005,12:40:13,23.062,N,84.645,W,0
6/10/2005,12:42:13,23.074,N,84.646,W,0
6/10/2005,12:44:13,23.085,N,84.648,W,0
6/10/2005,12:46:14,23.097,N,84.649,W,0
6/10/2005,12:48:14,23.109,N,84.651,W,0
6/10/2005,12:50:14,23.122,N,84.652,W,0
6/10/2005,12:52:14,23.134,N,84.654,W,0
6/10/2005,12:54:13,23.146,N,84.656,W,0
6/10/2005,12:56:13,23.158,N,84.657,W,0
6/10/2005,12:58:13,23.17,N,84.659,W,0
6/10/2005,13:00:13,23.183,N,84.661,W,0
6/10/2005,13:02:14,23.195,N,84.663,W,0
6/10/2005,13:04:14,23.207,N,84.665,W,0
6/10/2005,13:06:14,23.22,N,84.667,W,0
6/10/2005,13:08:14,23.232,N,84.669,W,0
6/10/2005,13:10:13,23.245,N,84.671,W,0
6/10/2005,13:12:13,23.258,N,84.673,W,0
6/10/2005,13:14:13,23.27,N,84.676,W,0
6/10/2005,13:16:14,23.283,N,84.678,W,0
6/10/2005,13:18:14,23.296,N,84.68,W,0
6/10/2005,13:20:14,23.308,N,84.682,W,0
6/10/2005,13:22:14,23.321,N,84.685,W,0
6/10/2005,13:24:13,23.334,N,84.687,W,0
6/10/2005,13:26:13,23.347,N,84.69,W,0
6/10/2005,13:28:13,23.36,N,84.692,W,0
6/10/2005,13:30:13,23.372,N,84.695,W,0
6/10/2005,13:32:14,23.385,N,84.698,W,0
6/10/2005,13:34:14,23.398,N,84.7,W,0
6/10/2005,13:36:14,23.411,N,84.703,W,0
6/10/2005,13:38:14,23.424,N,84.706,W,0
6/10/2005,13:40:13,23.437,N,84.708,W,0
6/10/2005,13:42:13,23.45,N,84.711,W,0
6/10/2005,13:44:13,23.463,N,84.714,W,0
6/10/2005,13:46:14,23.477,N,84.717,W,0
6/10/2005,13:48:14,23.49,N,84.72,W,0
6/10/2005,13:50:14,23.503,N,84.723,W,0
6/10/2005,13:52:14,23.516,N,84.726,W,0
6/10/2005,13:54:13,23.529,N,84.728,W,0
6/10/2005,13:56:13,23.542,N,84.731,W,0
6/10/2005,13:58:13,23.555,N,84.734,W,0
6/10/2005,14:00:13,23.569,N,84.737,W,0
6/10/2005,14:02:14,23.582,N,84.74,W,0
6/10/2005,14:04:14,23.595,N,84.743,W,0
6/10/2005,14:06:14,23.608,N,84.747,W,0
6/10/2005,14:08:14,23.621,N,84.75,W,0
6/10/2005,14:10:13,23.635,N,84.753,W,0
6/10/2005,14:12:13,23.648,N,84.756,W,0
6/10/2005,14:14:13,23.661,N,84.759,W,0
6/10/2005,14:16:14,23.674,N,84.762,W,0
6/10/2005,14:18:14,23.687,N,84.765,W,0
6/10/2005,14:20:14,23.701,N,84.768,W,0
6/10/2005,14:22:14,23.714,N,84.771,W,0
6/10/2005,14:24:13,23.727,N,84.775,W,0
6/10/2005,14:26:13,23.74,N,84.778,W,0
6/10/2005,14:28:13,23.753,N,84.781,W,0
6/10/2005,14:30:13,23.767,N,84.784,W,0
6/10/2005,14:32:14,23.78,N,84.787,W,0
6/10/2005,14:34:14,23.793,N,84.79,W,0
6/10/2005,14:36:14,23.806,N,84.793,W,0
6/10/2005,14:38:14,23.819,N,84.797,W,0
6/10/2005,14:40:13,23.832,N,84.8,W,0
6/10/2005,14:42:13,23.845,N,84.803,W,0
6/10/2005,14:44:13,23.858,N,84.806,W,0
6/10/2005,14:46:14,23.871,N,84.809,W,0
6/10/2005,14:48:14,23.884,N,84.812,W,0
6/10/2005,14:50:14,23.897,N,84.815,W,0
6/10/2005,14:52:14,23.91,N,84.818,W,0
6/10/2005,14:54:13,23.923,N,84.821,W,0
6/10/2005,14:56:13,23.936,N,84.825,W,0
6/10/2005,14:58:13,23.949,N,84.828,W,0
6/10/2005,15:00:13,23.962,N,84.831,W,0
6/10/2005,15:02:14,23.975,N,84.834,W,0
6/10/2005,15:04:14,23.987,N,84.837,W,0
6/10/2005,15:06:14,24,N,84.839,W,0
6/10/2005,15:08:14,24.013,N,84.842,W,0
6/10/2005,15:10:13,24.026,N,84.845,W,0
6/10/2005,15:12:13,24.038,N,84.848,W,0
6/10/2005,15:14:13,24.051,N,84.851,W,0
6/10/2005,15:16:14,24.063,N,84.854,W,0
6/10/2005,15:18:14,24.076,N,84.857,W,0
6/10/2005,15:20:14,24.088,N,84.859,W,0
6/10/2005,15:22:14,24.101,N,84.862,W,0
6/10/2005,15:24:13,24.113,N,84.865,W,0
6/10/2005,15:26:13,24.126,N,84.868,W,0
6/10/2005,15:28:13,24.138,N,84.87,W,0
6/10/2005,15:30:13,24.15,N,84.873,W,0
6/10/2005,15:32:14,24.163,N,84.875,W,0
6/10/2005,15:34:14,24.175,N,84.878,W,0
6/10/2005,15:36:14,24.187,N,84.88,W,0
6/10/2005,15:38:14,24.199,N,84.883,W,0
6/10/2005,15:40:13,24.211,N,84.885,W,0
6/10/2005,15:42:13,24.223,N,84.888,W,0
6/10/2005,15:44:13,24.235,N,84.89,W,0
6/10/2005,15:46:14,24.247,N,84.893,W,0
6/10/2005,15:48:14,24.259,N,84.895,W,0
6/10/2005,15:50:14,24.271,N,84.897,W,0
6/10/2005,15:52:14,24.283,N,84.9,W,0
6/10/2005,15:54:13,24.295,N,84.902,W,0
6/10/2005,15:56:13,24.306,N,84.904,W,0
6/10/2005,15:58:13,24.318,N,84.907,W,0
6/10/2005,16:00:14,24.33,N,84.909,W,0
6/10/2005,16:02:14,24.342,N,84.911,W,0
6/10/2005,16:04:14,24.353,N,84.913,W,0
6/10/2005,16:06:14,24.365,N,84.915,W,0
6/10/2005,16:08:14,24.376,N,84.917,W,0
6/10/2005,16:10:13,24.388,N,84.92,W,0
6/10/2005,16:12:13,24.4,N,84.922,W,0
6/10/2005,16:14:13,24.411,N,84.924,W,0
6/10/2005,16:16:13,24.423,N,84.926,W,0
6/10/2005,16:18:13,24.434,N,84.928,W,0
6/10/2005,16:20:13,24.445,N,84.93,W,0
6/10/2005,16:22:13,24.457,N,84.932,W,0
6/10/2005,16:24:14,24.468,N,84.934,W,0
6/10/2005,16:26:14,24.48,N,84.936,W,0
6/10/2005,16:28:14,24.491,N,84.938,W,0
6/10/2005,16:30:14,24.502,N,84.939,W,0
6/10/2005,16:32:14,24.513,N,84.941,W,0
6/10/2005,16:34:14,24.525,N,84.943,W,0
6/10/2005,16:36:14,24.536,N,84.945,W,0
6/10/2005,16:38:14,24.547,N,84.947,W,0
6/10/2005,16:40:13,24.558,N,84.949,W,0
6/10/2005,16:42:13,24.569,N,84.951,W,0
6/10/2005,16:44:13,24.581,N,84.952,W,0
6/10/2005,16:46:13,24.592,N,84.954,W,0
6/10/2005,16:48:13,24.603,N,84.956,W,0
6/10/2005,16:50:13,24.614,N,84.958,W,0
6/10/2005,16:52:13,24.625,N,84.959,W,0
6/10/2005,16:54:14,24.636,N,84.961,W,0
6/10/2005,16:56:14,24.647,N,84.963,W,0
6/10/2005,16:58:14,24.658,N,84.965,W,0
6/10/2005,17:00:14,24.669,N,84.966,W,0
6/10/2005,17:02:14,24.68,N,84.968,W,0
6/10/2005,17:04:14,24.691,N,84.97,W,0
6/10/2005,17:06:14,24.702,N,84.971,W,0
6/10/2005,17:08:14,24.713,N,84.973,W,0
6/10/2005,17:10:13,24.723,N,84.974,W,0
6/10/2005,17:12:13,24.734,N,84.976,W,0
6/10/2005,17:14:13,24.745,N,84.978,W,0
6/10/2005,17:16:13,24.756,N,84.979,W,0
6/10/2005,17:18:13,24.767,N,84.981,W,0
6/10/2005,17:20:13,24.778,N,84.982,W,0
6/10/2005,17:22:13,24.789,N,84.984,W,0
6/10/2005,17:24:14,24.799,N,84.986,W,0
6/10/2005,17:26:14,24.81,N,84.987,W,0
6/10/2005,17:28:14,24.821,N,84.989,W,0
6/10/2005,17:30:14,24.832,N,84.99,W,0
6/10/2005,17:32:14,24.842,N,84.992,W,0
6/10/2005,17:34:14,24.853,N,84.993,W,0
6/10/2005,17:36:14,24.864,N,84.995,W,0
6/10/2005,17:38:14,24.875,N,84.996,W,0
6/10/2005,17:40:13,24.885,N,84.998,W,0
6/10/2005,17:42:13,24.896,N,84.999,W,0
6/10/2005,17:44:13,24.907,N,85.001,W,0
6/10/2005,17:46:13,24.918,N,85.002,W,0
6/10/2005,17:48:13,24.928,N,85.004,W,0
6/10/2005,17:50:13,24.939,N,85.005,W,0
6/10/2005,17:52:13,24.95,N,85.007,W,0
6/10/2005,17:54:14,24.96,N,85.008,W,0
6/10/2005,17:56:14,24.971,N,85.01,W,0
6/10/2005,17:56:47,24.974,N,85.01,W,0
6/10/2005,17:58:48,24.985,N,85.011,W,0
6/10/2005,18:00:48,24.996,N,85.013,W,0
6/10/2005,18:02:48,25.006,N,85.014,W,0
6/10/2005,18:04:48,25.017,N,85.016,W,0
6/10/2005,18:06:48,25.027,N,85.017,W,0
6/10/2005,18:07:39,25.032,N,85.018,W,0
6/10/2005,18:09:39,25.039,N,85.023,W,0
6/10/2005,18:11:39,25.046,N,85.027,W,0
6/10/2005,18:13:39,25.054,N,85.032,W,0
6/10/2005,18:15:39,25.061,N,85.036,W,0
6/10/2005,18:17:39,25.068,N,85.041,W,0
6/10/2005,18:19:39,25.075,N,85.045,W,0
6/10/2005,18:21:40,25.082,N,85.05,W,0
6/10/2005,18:23:40,25.09,N,85.055,W,0
6/10/2005,18:25:40,25.097,N,85.059,W,0
6/10/2005,18:27:40,25.104,N,85.064,W,0
6/10/2005,18:29:40,25.111,N,85.068,W,0
6/10/2005,18:31:40,25.118,N,85.073,W,0
6/10/2005,18:33:40,25.126,N,85.077,W,0
6/10/2005,18:35:39,25.133,N,85.082,W,0
6/10/2005,18:37:39,25.14,N,85.087,W,0
6/10/2005,18:39:39,25.147,N,85.091,W,0
6/10/2005,18:41:39,25.154,N,85.096,W,0
6/10/2005,18:43:39,25.161,N,85.1,W,0
6/10/2005,18:45:39,25.169,N,85.105,W,0
6/10/2005,18:47:39,25.176,N,85.109,W,0
6/10/2005,18:49:39,25.183,N,85.114,W,0
6/10/2005,18:51:40,25.19,N,85.119,W,0
6/10/2005,18:53:40,25.197,N,85.123,W,0
6/10/2005,18:55:40,25.205,N,85.128,W,0
6/10/2005,18:57:40,25.212,N,85.132,W,0
6/10/2005,18:59:40,25.219,N,85.137,W,0
6/10/2005,19:01:40,25.226,N,85.141,W,0
6/10/2005,19:03:40,25.233,N,85.146,W,0
6/10/2005,19:05:39,25.241,N,85.151,W,0
6/10/2005,19:07:39,25.248,N,85.155,W,0
6/10/2005,19:09:39,25.255,N,85.16,W,0
6/10/2005,19:11:39,25.262,N,85.164,W,0
6/10/2005,19:13:39,25.269,N,85.169,W,0
6/10/2005,19:15:39,25.277,N,85.173,W,0
6/10/2005,19:17:39,25.284,N,85.178,W,0
6/10/2005,19:19:39,25.291,N,85.183,W,0
6/10/2005,19:21:40,25.298,N,85.187,W,0
6/10/2005,19:23:40,25.305,N,85.192,W,0
6/10/2005,19:25:40,25.312,N,85.196,W,0
6/10/2005,19:27:40,25.32,N,85.201,W,0
6/10/2005,19:29:40,25.327,N,85.205,W,0
6/10/2005,19:31:40,25.334,N,85.21,W,0
6/10/2005,19:33:40,25.341,N,85.215,W,0
6/10/2005,19:35:39,25.348,N,85.219,W,0
6/10/2005,19:37:39,25.356,N,85.224,W,0
6/10/2005,19:39:39,25.363,N,85.228,W,0
6/10/2005,19:41:39,25.37,N,85.233,W,0
6/10/2005,19:43:39,25.377,N,85.237,W,0
6/10/2005,19:45:39,25.384,N,85.242,W,0
6/10/2005,19:47:39,25.392,N,85.247,W,0
6/10/2005,19:49:39,25.399,N,85.251,W,0
6/10/2005,19:51:40,25.406,N,85.256,W,0
6/10/2005,19:53:40,25.413,N,85.26,W,0
6/10/2005,19:55:40,25.42,N,85.265,W,0
6/10/2005,19:57:40,25.428,N,85.269,W,0
6/10/2005,19:59:40,25.435,N,85.274,W,0
6/10/2005,20:01:40,25.442,N,85.279,W,0
6/10/2005,20:03:40,25.449,N,85.283,W,0
6/10/2005,20:05:39,25.456,N,85.288,W,0
6/10/2005,20:07:39,25.464,N,85.292,W,0
6/10/2005,20:09:39,25.471,N,85.297,W,0
6/10/2005,20:11:39,25.478,N,85.301,W,0
6/10/2005,20:13:39,25.485,N,85.306,W,0
6/10/2005,20:15:39,25.492,N,85.311,W,0
6/10/2005,20:17:39,25.499,N,85.315,W,0
6/10/2005,20:19:39,25.507,N,85.32,W,0
6/10/2005,20:21:40,25.514,N,85.324,W,0
6/10/2005,20:23:40,25.521,N,85.329,W,0
6/10/2005,20:25:40,25.528,N,85.333,W,0
6/10/2005,20:27:40,25.535,N,85.338,W,0
6/10/2005,20:29:40,25.543,N,85.343,W,0
6/10/2005,20:31:40,25.55,N,85.347,W,0
6/10/2005,20:33:40,25.557,N,85.352,W,0
6/10/2005,20:35:39,25.564,N,85.356,W,0
6/10/2005,20:37:39,25.571,N,85.361,W,0
6/10/2005,20:39:39,25.579,N,85.365,W,0
6/10/2005,20:41:39,25.586,N,85.37,W,0
6/10/2005,20:43:39,25.593,N,85.375,W,0
6/10/2005,20:45:39,25.6,N,85.379,W,0
6/10/2005,20:47:39,25.607,N,85.384,W,0
6/10/2005,20:49:39,25.615,N,85.388,W,0
6/10/2005,20:51:40,25.622,N,85.393,W,0
6/10/2005,20:53:40,25.629,N,85.397,W,0
6/10/2005,20:54:47,25.633,N,85.4,W,0
6/10/2005,20:56:47,25.64,N,85.405,W,0
6/10/2005,20:58:48,25.647,N,85.41,W,0
6/10/2005,21:00:48,25.654,N,85.415,W,0
6/10/2005,21:02:48,25.661,N,85.42,W,0
6/10/2005,21:04:48,25.668,N,85.425,W,0
6/10/2005,21:06:48,25.675,N,85.429,W,0
6/10/2005,21:08:48,25.682,N,85.434,W,0
6/10/2005,21:10:48,25.689,N,85.439,W,0
6/10/2005,21:12:47,25.696,N,85.444,W,0
6/10/2005,21:14:47,25.703,N,85.449,W,0
6/10/2005,21:16:47,25.71,N,85.454,W,0
6/10/2005,21:18:47,25.717,N,85.459,W,0
6/10/2005,21:20:47,25.724,N,85.464,W,0
6/10/2005,21:22:47,25.73,N,85.469,W,0
6/10/2005,21:24:47,25.737,N,85.474,W,0
6/10/2005,21:26:47,25.744,N,85.479,W,0
6/10/2005,21:28:48,25.751,N,85.485,W,0
6/10/2005,21:30:48,25.758,N,85.49,W,0
6/10/2005,21:32:48,25.765,N,85.495,W,0
6/10/2005,21:34:48,25.772,N,85.5,W,0
6/10/2005,21:36:48,25.779,N,85.505,W,0
6/10/2005,21:38:48,25.785,N,85.51,W,0
6/10/2005,21:40:48,25.792,N,85.515,W,0
6/10/2005,21:42:47,25.799,N,85.52,W,0
6/10/2005,21:44:47,25.806,N,85.526,W,0
6/10/2005,21:46:47,25.813,N,85.531,W,0
6/10/2005,21:48:47,25.82,N,85.536,W,0
6/10/2005,21:50:47,25.826,N,85.541,W,0
6/10/2005,21:52:47,25.833,N,85.546,W,0
6/10/2005,21:54:47,25.84,N,85.552,W,0
6/10/2005,21:56:47,25.847,N,85.557,W,0
6/10/2005,21:58:48,25.853,N,85.562,W,0
6/10/2005,22:00:48,25.86,N,85.567,W,0
6/10/2005,22:02:48,25.867,N,85.573,W,0
6/10/2005,22:04:48,25.874,N,85.578,W,0
6/10/2005,22:06:48,25.88,N,85.583,W,0
6/10/2005,22:08:48,25.887,N,85.589,W,0
6/10/2005,22:10:48,25.894,N,85.594,W,0
6/10/2005,22:12:47,25.901,N,85.6,W,0
6/10/2005,22:14:47,25.907,N,85.605,W,0
6/10/2005,22:16:47,25.914,N,85.61,W,0
6/10/2005,22:18:47,25.921,N,85.616,W,0
6/10/2005,22:20:47,25.927,N,85.621,W,0
6/10/2005,22:22:47,25.934,N,85.627,W,0
6/10/2005,22:24:47,25.941,N,85.632,W,0
6/10/2005,22:26:47,25.947,N,85.638,W,0
6/10/2005,22:28:48,25.954,N,85.643,W,0
6/10/2005,22:30:48,25.96,N,85.649,W,0
6/10/2005,22:32:48,25.967,N,85.654,W,0
6/10/2005,22:34:48,25.974,N,85.66,W,0
6/10/2005,22:36:48,25.98,N,85.665,W,0
6/10/2005,22:38:48,25.987,N,85.671,W,0
6/10/2005,22:40:48,25.993,N,85.677,W,0
6/10/2005,22:42:47,26,N,85.682,W,0
6/10/2005,22:44:47,26.006,N,85.688,W,0
6/10/2005,22:46:47,26.013,N,85.694,W,0
6/10/2005,22:48:47,26.019,N,85.699,W,0
6/10/2005,22:50:47,26.026,N,85.705,W,0
6/10/2005,22:52:47,26.032,N,85.711,W,0
6/10/2005,22:54:47,26.039,N,85.716,W,0
6/10/2005,22:56:47,26.045,N,85.722,W,0
6/10/2005,22:58:48,26.052,N,85.728,W,0
6/10/2005,23:00:48,26.058,N,85.734,W,0
6/10/2005,23:02:48,26.065,N,85.74,W,0
6/10/2005,23:04:48,26.071,N,85.745,W,0
6/10/2005,23:06:48,26.078,N,85.751,W,0
6/10/2005,23:08:48,26.084,N,85.757,W,0
6/10/2005,23:10:48,26.09,N,85.763,W,0
6/10/2005,23:12:47,26.097,N,85.769,W,0
6/10/2005,23:14:47,26.103,N,85.775,W,0
6/10/2005,23:16:47,26.11,N,85.781,W,0
6/10/2005,23:18:47,26.116,N,85.786,W,0
6/10/2005,23:20:47,26.122,N,85.792,W,0
6/10/2005,23:22:47,26.129,N,85.798,W,0
6/10/2005,23:24:47,26.135,N,85.804,W,0
6/10/2005,23:26:47,26.142,N,85.81,W,0
6/10/2005,23:28:48,26.148,N,85.816,W,0
6/10/2005,23:30:48,26.154,N,85.822,W,0
6/10/2005,23:32:48,26.161,N,85.828,W,0
6/10/2005,23:34:48,26.167,N,85.834,W,0
6/10/2005,23:36:48,26.173,N,85.84,W,0
6/10/2005,23:38:48,26.18,N,85.846,W,0
6/10/2005,23:40:48,26.186,N,85.852,W,0
6/10/2005,23:42:47,26.192,N,85.858,W,0
6/10/2005,23:44:47,26.199,N,85.864,W,0
6/10/2005,23:46:47,26.205,N,85.87,W,0
6/10/2005,23:48:47,26.211,N,85.876,W,0
6/10/2005,23:50:47,26.218,N,85.882,W,0
6/10/2005,23:52:47,26.224,N,85.888,W,0
6/10/2005,23:54:47,26.231,N,85.895,W,0
6/10/2005,23:56:47,26.237,N,85.901,W,0
6/10/2005,23:58:48,26.243,N,85.907,W,0
6/11/2005,0:00:48,26.25,N,85.913,W,0
6/11/2005,0:02:48,26.256,N,85.919,W,0
6/11/2005,0:04:48,26.262,N,85.925,W,0
6/11/2005,0:06:48,26.269,N,85.931,W,0
6/11/2005,0:08:48,26.275,N,85.937,W,0
6/11/2005,0:10:48,26.281,N,85.943,W,0
6/11/2005,0:12:47,26.288,N,85.949,W,0
6/11/2005,0:14:47,26.294,N,85.955,W,0
6/11/2005,0:16:47,26.3,N,85.962,W,0
6/11/2005,0:18:47,26.307,N,85.968,W,0
6/11/2005,0:20:47,26.313,N,85.974,W,0
6/11/2005,0:22:47,26.32,N,85.98,W,0
6/11/2005,0:24:47,26.326,N,85.986,W,0
6/11/2005,0:26:47,26.332,N,85.992,W,0
6/11/2005,0:28:48,26.339,N,85.998,W,0
6/11/2005,0:30:48,26.345,N,86.004,W,0
6/11/2005,0:32:48,26.352,N,86.01,W,0
6/11/2005,0:34:48,26.358,N,86.017,W,0
6/11/2005,0:36:48,26.364,N,86.023,W,0
6/11/2005,0:38:48,26.371,N,86.029,W,0
6/11/2005,0:40:48,26.377,N,86.035,W,0
6/11/2005,0:42:47,26.384,N,86.041,W,0
6/11/2005,0:44:47,26.39,N,86.047,W,0
6/11/2005,0:46:47,26.397,N,86.053,W,0
6/11/2005,0:48:47,26.403,N,86.059,W,0
6/11/2005,0:50:47,26.41,N,86.065,W,0
6/11/2005,0:52:47,26.416,N,86.071,W,0
6/11/2005,0:54:47,26.423,N,86.077,W,0
6/11/2005,0:56:47,26.429,N,86.084,W,0
6/11/2005,0:58:48,26.436,N,86.09,W,0
6/11/2005,1:00:48,26.442,N,86.096,W,0
6/11/2005,1:02:48,26.449,N,86.102,W,0
6/11/2005,1:04:48,26.455,N,86.108,W,0
6/11/2005,1:06:48,26.462,N,86.114,W,0
6/11/2005,1:08:48,26.469,N,86.12,W,0
6/11/2005,1:10:48,26.475,N,86.126,W,0
6/11/2005,1:12:47,26.482,N,86.132,W,0
6/11/2005,1:14:47,26.488,N,86.138,W,0
6/11/2005,1:16:47,26.495,N,86.144,W,0
6/11/2005,1:18:47,26.502,N,86.15,W,0
6/11/2005,1:20:47,26.508,N,86.156,W,0
6/11/2005,1:22:47,26.515,N,86.162,W,0
6/11/2005,1:24:47,26.522,N,86.168,W,0
6/11/2005,1:26:47,26.528,N,86.174,W,0
6/11/2005,1:28:48,26.535,N,86.18,W,0
6/11/2005,1:30:48,26.542,N,86.185,W,0
6/11/2005,1:32:48,26.549,N,86.191,W,0
6/11/2005,1:34:48,26.555,N,86.197,W,0
6/11/2005,1:36:48,26.562,N,86.203,W,0
6/11/2005,1:38:48,26.569,N,86.209,W,0
6/11/2005,1:40:48,26.576,N,86.215,W,0
6/11/2005,1:42:47,26.583,N,86.221,W,0
6/11/2005,1:44:47,26.59,N,86.227,W,0
6/11/2005,1:46:47,26.597,N,86.232,W,0
6/11/2005,1:48:47,26.603,N,86.238,W,0
6/11/2005,1:50:47,26.61,N,86.244,W,0
6/11/2005,1:52:47,26.617,N,86.25,W,0
6/11/2005,1:54:47,26.624,N,86.255,W,0
6/11/2005,1:56:47,26.631,N,86.261,W,0
6/11/2005,1:58:48,26.638,N,86.267,W,0
6/11/2005,2:00:48,26.645,N,86.273,W,0
6/11/2005,2:02:48,26.652,N,86.278,W,0
6/11/2005,2:04:48,26.659,N,86.284,W,0
6/11/2005,2:06:48,26.667,N,86.29,W,0
6/11/2005,2:08:48,26.674,N,86.295,W,0
6/11/2005,2:10:48,26.681,N,86.301,W,0
6/11/2005,2:12:47,26.688,N,86.306,W,0
6/11/2005,2:14:47,26.695,N,86.312,W,0
6/11/2005,2:16:47,26.702,N,86.318,W,0
6/11/2005,2:18:47,26.71,N,86.323,W,0
6/11/2005,2:20:47,26.717,N,86.329,W,0
6/11/2005,2:22:47,26.724,N,86.334,W,0
6/11/2005,2:24:47,26.731,N,86.34,W,0
6/11/2005,2:26:47,26.739,N,86.345,W,0
6/11/2005,2:28:48,26.746,N,86.35,W,0
6/11/2005,2:30:48,26.754,N,86.356,W,0
6/11/2005,2:32:48,26.761,N,86.361,W,0
6/11/2005,2:34:48,26.768,N,86.366,W,0
6/11/2005,2:36:48,26.776,N,86.372,W,0
6/11/2005,2:38:48,26.783,N,86.377,W,0
6/11/2005,2:40:48,26.791,N,86.382,W,0
6/11/2005,2:42:47,26.798,N,86.388,W,0
6/11/2005,2:44:47,26.806,N,86.393,W,0
6/11/2005,2:46:47,26.814,N,86.398,W,0
6/11/2005,2:48:47,26.821,N,86.403,W,0
6/11/2005,2:50:47,26.829,N,86.408,W,0
6/11/2005,2:52:47,26.837,N,86.414,W,0
6/11/2005,2:54:47,26.844,N,86.419,W,0
6/11/2005,2:56:47,26.852,N,86.424,W,0
6/11/2005,2:58:48,26.86,N,86.429,W,0
6/11/2005,3:00:48,26.868,N,86.434,W,0
6/11/2005,3:02:48,26.876,N,86.439,W,0
6/11/2005,3:04:48,26.883,N,86.444,W,0
6/11/2005,3:06:48,26.891,N,86.449,W,0
6/11/2005,3:08:48,26.899,N,86.454,W,0
6/11/2005,3:10:48,26.907,N,86.458,W,0
6/11/2005,3:12:47,26.915,N,86.463,W,0
6/11/2005,3:14:47,26.923,N,86.468,W,0
6/11/2005,3:16:47,26.931,N,86.473,W,0
6/11/2005,3:18:47,26.94,N,86.478,W,0
6/11/2005,3:20:47,26.948,N,86.482,W,0
6/11/2005,3:22:47,26.956,N,86.487,W,0
6/11/2005,3:24:47,26.964,N,86.492,W,0
6/11/2005,3:26:47,26.972,N,86.496,W,0
6/11/2005,3:28:48,26.981,N,86.501,W,0
6/11/2005,3:30:48,26.989,N,86.505,W,0
6/11/2005,3:32:48,26.997,N,86.51,W,0
6/11/2005,3:34:48,27.006,N,86.514,W,0
6/11/2005,3:36:48,27.014,N,86.519,W,0
6/11/2005,3:38:48,27.023,N,86.523,W,0
6/11/2005,3:40:48,27.031,N,86.528,W,0
6/11/2005,3:42:47,27.04,N,86.532,W,0
6/11/2005,3:44:47,27.048,N,86.536,W,0
6/11/2005,3:46:47,27.057,N,86.541,W,0
6/11/2005,3:48:47,27.065,N,86.545,W,0
6/11/2005,3:50:47,27.074,N,86.549,W,0
6/11/2005,3:52:47,27.083,N,86.553,W,0
6/11/2005,3:54:47,27.091,N,86.558,W,0
6/11/2005,3:56:47,27.1,N,86.562,W,0
6/11/2005,3:58:48,27.109,N,86.566,W,0
6/11/2005,4:00:48,27.118,N,86.57,W,0
6/11/2005,4:02:48,27.127,N,86.574,W,0
6/11/2005,4:04:48,27.135,N,86.578,W,0
6/11/2005,4:06:48,27.144,N,86.582,W,0
6/11/2005,4:08:48,27.153,N,86.586,W,0
6/11/2005,4:10:48,27.162,N,86.59,W,0
6/11/2005,4:12:47,27.171,N,86.594,W,0
6/11/2005,4:14:47,27.18,N,86.598,W,0
6/11/2005,4:16:47,27.189,N,86.602,W,0
6/11/2005,4:18:47,27.198,N,86.606,W,0
6/11/2005,4:20:47,27.207,N,86.61,W,0
6/11/2005,4:22:47,27.217,N,86.614,W,0
6/11/2005,4:24:47,27.226,N,86.617,W,0
6/11/2005,4:26:47,27.235,N,86.621,W,0
6/11/2005,4:28:48,27.244,N,86.625,W,0
6/11/2005,4:30:48,27.253,N,86.629,W,0
6/11/2005,4:32:48,27.263,N,86.632,W,0
6/11/2005,4:34:48,27.272,N,86.636,W,0
6/11/2005,4:36:48,27.281,N,86.639,W,0
6/11/2005,4:38:48,27.29,N,86.643,W,0
6/11/2005,4:40:48,27.3,N,86.647,W,0
6/11/2005,4:42:47,27.309,N,86.65,W,0
6/11/2005,4:44:47,27.319,N,86.654,W,0
6/11/2005,4:46:47,27.328,N,86.657,W,0
6/11/2005,4:48:47,27.338,N,86.661,W,0
6/11/2005,4:50:47,27.347,N,86.664,W,0
6/11/2005,4:52:47,27.357,N,86.668,W,0
6/11/2005,4:54:47,27.366,N,86.671,W,0
6/11/2005,4:56:47,27.376,N,86.675,W,0
6/11/2005,4:58:48,27.385,N,86.678,W,0
6/11/2005,5:00:48,27.395,N,86.681,W,0
6/11/2005,5:02:48,27.404,N,86.685,W,0
6/11/2005,5:04:48,27.414,N,86.688,W,0
6/11/2005,5:06:48,27.424,N,86.691,W,0
6/11/2005,5:08:48,27.433,N,86.695,W,0
6/11/2005,5:10:48,27.443,N,86.698,W,0
6/11/2005,5:12:47,27.453,N,86.701,W,0
6/11/2005,5:14:47,27.463,N,86.704,W,0
6/11/2005,5:16:47,27.472,N,86.708,W,0
6/11/2005,5:18:47,27.482,N,86.711,W,0
6/11/2005,5:20:47,27.492,N,86.714,W,0
6/11/2005,5:22:47,27.502,N,86.717,W,0
6/11/2005,5:24:47,27.512,N,86.72,W,0
6/11/2005,5:26:47,27.522,N,86.723,W,0
6/11/2005,5:28:48,27.532,N,86.726,W,0
6/11/2005,5:30:48,27.542,N,86.73,W,0
6/11/2005,5:32:48,27.551,N,86.733,W,0
6/11/2005,5:34:48,27.561,N,86.736,W,0
6/11/2005,5:36:48,27.571,N,86.739,W,0
6/11/2005,5:38:48,27.581,N,86.742,W,0
6/11/2005,5:40:48,27.591,N,86.745,W,0
6/11/2005,5:42:47,27.601,N,86.748,W,0
6/11/2005,5:44:47,27.611,N,86.751,W,0
6/11/2005,5:46:47,27.622,N,86.754,W,0
6/11/2005,5:48:47,27.632,N,86.757,W,0
6/11/2005,5:50:47,27.642,N,86.759,W,0
6/11/2005,5:52:47,27.652,N,86.762,W,0
6/11/2005,5:54:47,27.662,N,86.765,W,0
6/11/2005,5:56:47,27.672,N,86.768,W,0
6/11/2005,5:58:48,27.682,N,86.771,W,0
6/11/2005,5:59:32,27.686,N,86.772,W,0
6/11/2005,6:01:32,27.702,N,86.773,W,0
6/11/2005,6:03:32,27.718,N,86.775,W,0
6/11/2005,6:05:32,27.734,N,86.776,W,0
6/11/2005,6:07:32,27.75,N,86.777,W,0
6/11/2005,6:09:32,27.765,N,86.779,W,0
6/11/2005,6:11:32,27.78,N,86.78,W,0
6/11/2005,6:13:31,27.795,N,86.782,W,0
6/11/2005,6:15:31,27.81,N,86.783,W,0
6/11/2005,6:17:31,27.825,N,86.785,W,0
6/11/2005,6:19:31,27.839,N,86.787,W,0
6/11/2005,6:21:31,27.853,N,86.789,W,0
6/11/2005,6:23:31,27.867,N,86.79,W,0
6/11/2005,6:25:31,27.88,N,86.792,W,0
6/11/2005,6:27:31,27.893,N,86.794,W,0
6/11/2005,6:29:32,27.907,N,86.796,W,0
6/11/2005,6:31:32,27.92,N,86.798,W,0
6/11/2005,6:33:32,27.932,N,86.8,W,0
6/11/2005,6:35:32,27.945,N,86.802,W,0
6/11/2005,6:37:32,27.957,N,86.805,W,0
6/11/2005,6:39:32,27.969,N,86.807,W,0
6/11/2005,6:41:32,27.981,N,86.809,W,0
6/11/2005,6:43:31,27.993,N,86.811,W,0
6/11/2005,6:45:31,28.004,N,86.814,W,0
6/11/2005,6:47:31,28.016,N,86.816,W,0
6/11/2005,6:49:31,28.027,N,86.818,W,0
6/11/2005,6:51:31,28.038,N,86.821,W,0
6/11/2005,6:53:31,28.049,N,86.823,W,0
6/11/2005,6:55:31,28.059,N,86.826,W,0
6/11/2005,6:57:31,28.07,N,86.828,W,0
6/11/2005,6:59:32,28.08,N,86.831,W,0
6/11/2005,7:01:32,28.09,N,86.834,W,0
6/11/2005,7:03:32,28.1,N,86.836,W,0
6/11/2005,7:05:32,28.109,N,86.839,W,0
6/11/2005,7:07:32,28.119,N,86.842,W,0
6/11/2005,7:09:32,28.128,N,86.845,W,0
6/11/2005,7:11:32,28.138,N,86.848,W,0
6/11/2005,7:13:31,28.147,N,86.85,W,0
6/11/2005,7:15:31,28.156,N,86.853,W,0
6/11/2005,7:17:31,28.164,N,86.856,W,0
6/11/2005,7:19:31,28.173,N,86.859,W,0
6/11/2005,7:21:31,28.182,N,86.862,W,0
6/11/2005,7:23:31,28.19,N,86.865,W,0
6/11/2005,7:25:31,28.198,N,86.868,W,0
6/11/2005,7:27:31,28.206,N,86.871,W,0
6/11/2005,7:29:32,28.214,N,86.875,W,0
6/11/2005,7:31:32,28.222,N,86.878,W,0
6/11/2005,7:33:32,28.229,N,86.881,W,0
6/11/2005,7:35:32,28.237,N,86.884,W,0
6/11/2005,7:37:32,28.244,N,86.887,W,0
6/11/2005,7:39:32,28.251,N,86.891,W,0
6/11/2005,7:41:32,28.259,N,86.894,W,0
6/11/2005,7:43:31,28.266,N,86.897,W,0
6/11/2005,7:45:31,28.272,N,86.901,W,0
6/11/2005,7:47:31,28.279,N,86.904,W,0
6/11/2005,7:49:31,28.286,N,86.908,W,0
6/11/2005,7:51:31,28.292,N,86.911,W,0
6/11/2005,7:53:31,28.299,N,86.914,W,0
6/11/2005,7:55:31,28.305,N,86.918,W,0
6/11/2005,7:57:31,28.311,N,86.921,W,0
6/11/2005,7:59:32,28.318,N,86.925,W,0
6/11/2005,8:00:39,28.321,N,86.927,W,0
6/11/2005,8:02:39,28.327,N,86.931,W,0
6/11/2005,8:04:39,28.334,N,86.934,W,0
6/11/2005,8:06:40,28.34,N,86.938,W,0
6/11/2005,8:08:40,28.345,N,86.942,W,0
6/11/2005,8:10:40,28.351,N,86.946,W,0
6/11/2005,8:12:40,28.357,N,86.95,W,0
6/11/2005,8:14:40,28.362,N,86.954,W,0
6/11/2005,8:16:40,28.368,N,86.957,W,0
6/11/2005,8:18:40,28.373,N,86.961,W,0
6/11/2005,8:20:39,28.378,N,86.965,W,0
6/11/2005,8:22:39,28.384,N,86.969,W,0
6/11/2005,8:24:39,28.389,N,86.973,W,0
6/11/2005,8:26:39,28.394,N,86.977,W,0
6/11/2005,8:28:39,28.398,N,86.981,W,0
6/11/2005,8:30:39,28.403,N,86.985,W,0
6/11/2005,8:32:39,28.408,N,86.989,W,0
6/11/2005,8:34:39,28.413,N,86.993,W,0
6/11/2005,8:36:40,28.417,N,86.997,W,0
6/11/2005,8:38:40,28.422,N,87.001,W,0
6/11/2005,8:40:40,28.426,N,87.005,W,0
6/11/2005,8:42:40,28.43,N,87.009,W,0
6/11/2005,8:44:40,28.435,N,87.013,W,0
6/11/2005,8:46:40,28.439,N,87.017,W,0
6/11/2005,8:48:40,28.443,N,87.021,W,0
6/11/2005,8:50:39,28.448,N,87.025,W,0
6/11/2005,8:52:39,28.452,N,87.029,W,0
6/11/2005,8:54:39,28.456,N,87.033,W,0
6/11/2005,8:56:39,28.46,N,87.036,W,0
6/11/2005,8:58:39,28.465,N,87.04,W,0
6/11/2005,9:00:39,28.469,N,87.044,W,0
6/11/2005,9:02:39,28.473,N,87.048,W,0
6/11/2005,9:04:39,28.477,N,87.052,W,0
6/11/2005,9:06:40,28.481,N,87.055,W,0
6/11/2005,9:08:40,28.485,N,87.059,W,0
6/11/2005,9:10:40,28.49,N,87.063,W,0
6/11/2005,9:12:40,28.494,N,87.066,W,0
6/11/2005,9:14:40,28.498,N,87.07,W,0
6/11/2005,9:16:40,28.502,N,87.073,W,0
6/11/2005,9:18:17,28.506,N,87.076,W,0
6/11/2005,9:20:17,28.511,N,87.079,W,0
6/11/2005,9:22:17,28.516,N,87.083,W,0
6/11/2005,9:24:17,28.521,N,87.086,W,0
6/11/2005,9:26:17,28.526,N,87.09,W,0
6/11/2005,9:28:17,28.531,N,87.093,W,0
6/11/2005,9:30:17,28.536,N,87.096,W,0
6/11/2005,9:32:16,28.542,N,87.099,W,0
6/11/2005,9:34:16,28.547,N,87.102,W,0
6/11/2005,9:36:16,28.552,N,87.106,W,0
6/11/2005,9:38:16,28.557,N,87.109,W,0
6/11/2005,9:40:16,28.562,N,87.112,W,0
6/11/2005,9:42:16,28.568,N,87.115,W,0
6/11/2005,9:44:16,28.573,N,87.118,W,0
6/11/2005,9:46:16,28.578,N,87.121,W,0
6/11/2005,9:48:17,28.583,N,87.124,W,0
6/11/2005,9:50:17,28.589,N,87.127,W,0
6/11/2005,9:52:17,28.594,N,87.129,W,0
6/11/2005,9:54:17,28.6,N,87.132,W,0
6/11/2005,9:56:17,28.605,N,87.135,W,0
6/11/2005,9:58:17,28.61,N,87.138,W,0
6/11/2005,10:00:17,28.616,N,87.14,W,0
6/11/2005,10:02:16,28.621,N,87.143,W,0
6/11/2005,10:04:16,28.627,N,87.145,W,0
6/11/2005,10:06:16,28.633,N,87.148,W,0
6/11/2005,10:08:16,28.638,N,87.15,W,0
6/11/2005,10:10:16,28.644,N,87.153,W,0
6/11/2005,10:12:16,28.649,N,87.155,W,0
6/11/2005,10:14:16,28.655,N,87.157,W,0
6/11/2005,10:16:16,28.661,N,87.16,W,0
6/11/2005,10:18:17,28.667,N,87.162,W,0
6/11/2005,10:20:17,28.672,N,87.164,W,0
6/11/2005,10:22:17,28.678,N,87.166,W,0
6/11/2005,10:24:17,28.684,N,87.168,W,0
6/11/2005,10:26:17,28.69,N,87.17,W,0
6/11/2005,10:28:17,28.696,N,87.172,W,0
6/11/2005,10:30:17,28.702,N,87.174,W,0
6/11/2005,10:32:16,28.708,N,87.176,W,0
6/11/2005,10:34:16,28.714,N,87.177,W,0
6/11/2005,10:36:16,28.72,N,87.179,W,0
6/11/2005,10:38:16,28.726,N,87.181,W,0
6/11/2005,10:40:16,28.732,N,87.182,W,0
6/11/2005,10:42:16,28.738,N,87.184,W,0
6/11/2005,10:44:16,28.744,N,87.186,W,0
6/11/2005,10:46:16,28.75,N,87.187,W,0
6/11/2005,10:48:17,28.757,N,87.189,W,0
6/11/2005,10:50:17,28.763,N,87.19,W,0
6/11/2005,10:52:17,28.769,N,87.191,W,0
6/11/2005,10:54:17,28.775,N,87.193,W,0
6/11/2005,10:56:17,28.782,N,87.194,W,0
6/11/2005,10:58:17,28.788,N,87.195,W,0
6/11/2005,11:00:17,28.794,N,87.197,W,0
6/11/2005,11:02:16,28.801,N,87.198,W,0
6/11/2005,11:04:16,28.807,N,87.199,W,0
6/11/2005,11:06:16,28.813,N,87.2,W,0
6/11/2005,11:08:16,28.82,N,87.202,W,0
6/11/2005,11:10:16,28.826,N,87.203,W,0
6/11/2005,11:12:16,28.833,N,87.204,W,0
6/11/2005,11:14:16,28.839,N,87.205,W,0
6/11/2005,11:14:32,28.84,N,87.205,W,0
6/11/2005,11:16:32,28.846,N,87.208,W,0
6/11/2005,11:18:32,28.852,N,87.21,W,0
6/11/2005,11:20:32,28.859,N,87.213,W,0
6/11/2005,11:22:32,28.865,N,87.215,W,0
6/11/2005,11:24:32,28.871,N,87.218,W,0
6/11/2005,11:26:32,28.877,N,87.221,W,0
6/11/2005,11:28:31,28.883,N,87.223,W,0
6/11/2005,11:30:31,28.89,N,87.226,W,0
6/11/2005,11:32:31,28.896,N,87.229,W,0
6/11/2005,11:34:31,28.902,N,87.232,W,0
6/11/2005,11:36:31,28.909,N,87.234,W,0
6/11/2005,11:38:31,28.915,N,87.237,W,0
6/11/2005,11:40:31,28.922,N,87.24,W,0
6/11/2005,11:42:31,28.928,N,87.243,W,0
6/11/2005,11:44:32,28.935,N,87.246,W,0
6/11/2005,11:46:32,28.941,N,87.248,W,0
6/11/2005,11:48:32,28.948,N,87.251,W,0
6/11/2005,11:50:32,28.954,N,87.254,W,0
6/11/2005,11:52:32,28.961,N,87.257,W,0
6/11/2005,11:54:32,28.967,N,87.26,W,0
6/11/2005,11:56:32,28.974,N,87.263,W,0
6/11/2005,11:58:31,28.98,N,87.266,W,0
6/11/2005,12:00:31,28.987,N,87.269,W,0
6/11/2005,12:02:31,28.994,N,87.272,W,0
6/11/2005,12:04:31,29,N,87.275,W,0
6/11/2005,12:06:31,29.007,N,87.278,W,0
6/11/2005,12:08:31,29.014,N,87.281,W,0
6/11/2005,12:10:31,29.02,N,87.284,W,0
6/11/2005,12:12:31,29.027,N,87.287,W,0
6/11/2005,12:14:32,29.034,N,87.29,W,0
6/11/2005,12:16:32,29.041,N,87.293,W,0
6/11/2005,12:18:32,29.047,N,87.296,W,0
6/11/2005,12:20:32,29.054,N,87.299,W,0
6/11/2005,12:22:32,29.061,N,87.302,W,0
6/11/2005,12:24:32,29.068,N,87.305,W,0
6/11/2005,12:26:32,29.074,N,87.308,W,0
6/11/2005,12:28:31,29.081,N,87.311,W,0
6/11/2005,12:30:31,29.088,N,87.314,W,0
6/11/2005,12:32:31,29.095,N,87.317,W,0
6/11/2005,12:34:31,29.101,N,87.32,W,0
6/11/2005,12:36:31,29.108,N,87.323,W,0
6/11/2005,12:38:31,29.115,N,87.326,W,0
6/11/2005,12:40:31,29.122,N,87.329,W,0
6/11/2005,12:42:31,29.128,N,87.332,W,0
6/11/2005,12:44:32,29.135,N,87.335,W,0
6/11/2005,12:46:32,29.142,N,87.338,W,0
6/11/2005,12:48:32,29.149,N,87.341,W,0
6/11/2005,12:50:32,29.155,N,87.344,W,0
6/11/2005,12:52:32,29.162,N,87.347,W,0
6/11/2005,12:54:32,29.169,N,87.35,W,0
6/11/2005,12:56:32,29.175,N,87.353,W,0
6/11/2005,12:58:31,29.182,N,87.355,W,0
6/11/2005,13:00:31,29.189,N,87.358,W,0
6/11/2005,13:02:31,29.195,N,87.361,W,0
6/11/2005,13:04:31,29.202,N,87.364,W,0
6/11/2005,13:06:31,29.209,N,87.367,W,0
6/11/2005,13:08:31,29.215,N,87.369,W,0
6/11/2005,13:10:31,29.222,N,87.372,W,0
6/11/2005,13:12:31,29.229,N,87.375,W,0
6/11/2005,13:14:32,29.235,N,87.377,W,0
6/11/2005,13:16:32,29.242,N,87.38,W,0
6/11/2005,13:18:32,29.248,N,87.383,W,0
6/11/2005,13:20:32,29.255,N,87.385,W,0
6/11/2005,13:22:32,29.261,N,87.388,W,0
6/11/2005,13:24:32,29.268,N,87.39,W,0
6/11/2005,13:26:32,29.274,N,87.393,W,0
6/11/2005,13:28:31,29.281,N,87.395,W,0
6/11/2005,13:30:31,29.287,N,87.397,W,0
6/11/2005,13:32:31,29.293,N,87.4,W,0
6/11/2005,13:34:31,29.3,N,87.402,W,0
6/11/2005,13:36:31,29.306,N,87.404,W,0
6/11/2005,13:38:31,29.312,N,87.407,W,0
6/11/2005,13:40:31,29.318,N,87.409,W,0
6/11/2005,13:42:31,29.325,N,87.411,W,0
6/11/2005,13:44:32,29.331,N,87.413,W,0
6/11/2005,13:46:32,29.337,N,87.415,W,0
6/11/2005,13:48:32,29.343,N,87.417,W,0
6/11/2005,13:50:32,29.349,N,87.419,W,0
6/11/2005,13:52:32,29.355,N,87.421,W,0
6/11/2005,13:54:32,29.361,N,87.423,W,0
6/11/2005,13:56:32,29.367,N,87.425,W,0
6/11/2005,13:58:31,29.373,N,87.427,W,0
6/11/2005,14:00:31,29.379,N,87.428,W,0
6/11/2005,14:02:31,29.385,N,87.43,W,0
6/11/2005,14:04:31,29.391,N,87.431,W,0
6/11/2005,14:06:31,29.396,N,87.433,W,0
6/11/2005,14:08:31,29.402,N,87.435,W,0
6/11/2005,14:10:31,29.408,N,87.436,W,0
6/11/2005,14:12:31,29.413,N,87.437,W,0
6/11/2005,14:14:32,29.419,N,87.439,W,0
6/11/2005,14:16:32,29.425,N,87.44,W,0
6/11/2005,14:18:32,29.43,N,87.441,W,0
6/11/2005,14:20:32,29.436,N,87.442,W,0
6/11/2005,14:22:32,29.441,N,87.444,W,0
6/11/2005,14:24:32,29.447,N,87.445,W,0
6/11/2005,14:26:32,29.452,N,87.446,W,0
6/11/2005,14:28:31,29.457,N,87.447,W,0
6/11/2005,14:30:31,29.463,N,87.448,W,0
6/11/2005,14:32:31,29.468,N,87.449,W,0
6/11/2005,14:34:31,29.473,N,87.45,W,0
6/11/2005,14:36:31,29.478,N,87.45,W,0
6/11/2005,14:38:31,29.483,N,87.451,W,0
6/11/2005,14:40:31,29.489,N,87.452,W,0
6/11/2005,14:42:31,29.494,N,87.453,W,0
6/11/2005,14:44:32,29.499,N,87.453,W,0
6/11/2005,14:46:32,29.504,N,87.454,W,0
6/11/2005,14:48:32,29.509,N,87.455,W,0
6/11/2005,14:50:32,29.514,N,87.455,W,0
6/11/2005,14:52:32,29.519,N,87.456,W,0
6/11/2005,14:54:32,29.524,N,87.456,W,0
6/11/2005,14:56:32,29.529,N,87.456,W,0
6/11/2005,14:58:31,29.534,N,87.457,W,0
6/11/2005,15:00:31,29.538,N,87.457,W,0
6/11/2005,15:02:31,29.543,N,87.458,W,0
6/11/2005,15:04:31,29.548,N,87.458,W,0
6/11/2005,15:04:55,29.549,N,87.458,W,0
6/11/2005,15:06:55,29.552,N,87.459,W,0
6/11/2005,15:08:55,29.555,N,87.461,W,0
6/11/2005,15:10:55,29.558,N,87.462,W,0
6/11/2005,15:12:55,29.561,N,87.463,W,0
6/11/2005,15:14:55,29.564,N,87.464,W,0
6/11/2005,15:16:54,29.568,N,87.465,W,0
6/11/2005,15:18:54,29.571,N,87.466,W,0
6/11/2005,15:20:54,29.574,N,87.467,W,0
6/11/2005,15:22:54,29.578,N,87.468,W,0
6/11/2005,15:24:54,29.581,N,87.469,W,0
6/11/2005,15:26:54,29.585,N,87.47,W,0
6/11/2005,15:28:54,29.588,N,87.47,W,0
6/11/2005,15:30:54,29.592,N,87.471,W,0
6/11/2005,15:32:55,29.596,N,87.471,W,0
6/11/2005,15:34:55,29.6,N,87.471,W,0
6/11/2005,15:36:55,29.604,N,87.472,W,0
6/11/2005,15:38:55,29.608,N,87.472,W,0
6/11/2005,15:40:55,29.612,N,87.472,W,0
6/11/2005,15:42:55,29.617,N,87.472,W,0
6/11/2005,15:44:55,29.621,N,87.472,W,0
6/11/2005,15:46:54,29.625,N,87.472,W,0
6/11/2005,15:48:54,29.63,N,87.471,W,0
6/11/2005,15:50:54,29.635,N,87.471,W,0
6/11/2005,15:52:54,29.64,N,87.471,W,0
6/11/2005,15:54:54,29.644,N,87.47,W,0
6/11/2005,15:56:54,29.649,N,87.469,W,0
6/11/2005,15:58:54,29.654,N,87.469,W,0
6/11/2005,16:00:54,29.66,N,87.468,W,0
6/11/2005,16:02:55,29.665,N,87.467,W,0
6/11/2005,16:04:55,29.67,N,87.466,W,0
6/11/2005,16:06:55,29.676,N,87.465,W,0
6/11/2005,16:08:55,29.681,N,87.464,W,0
6/11/2005,16:10:55,29.687,N,87.463,W,0
6/11/2005,16:12:55,29.692,N,87.462,W,0
6/11/2005,16:14:55,29.698,N,87.461,W,0
6/11/2005,16:16:54,29.704,N,87.459,W,0
6/11/2005,16:18:54,29.71,N,87.458,W,0
6/11/2005,16:20:54,29.716,N,87.456,W,0
6/11/2005,16:22:54,29.722,N,87.455,W,0
6/11/2005,16:24:54,29.728,N,87.453,W,0
6/11/2005,16:25:23,29.729,N,87.453,W,0
6/11/2005,16:27:23,29.735,N,87.45,W,0
6/11/2005,16:29:23,29.741,N,87.448,W,0
6/11/2005,16:31:23,29.747,N,87.445,W,0
6/11/2005,16:33:22,29.754,N,87.442,W,0
6/11/2005,16:35:22,29.76,N,87.439,W,0
6/11/2005,16:37:22,29.766,N,87.436,W,0
6/11/2005,16:39:22,29.773,N,87.433,W,0
6/11/2005,16:41:22,29.779,N,87.429,W,0
6/11/2005,16:43:22,29.786,N,87.426,W,0
6/11/2005,16:45:22,29.793,N,87.423,W,0
6/11/2005,16:47:22,29.8,N,87.419,W,0
6/11/2005,16:49:23,29.806,N,87.416,W,0
6/11/2005,16:51:23,29.813,N,87.412,W,0
6/11/2005,16:53:23,29.82,N,87.409,W,0
6/11/2005,16:55:23,29.827,N,87.405,W,0
6/11/2005,16:57:23,29.834,N,87.402,W,0
6/11/2005,16:59:23,29.841,N,87.398,W,0
6/11/2005,17:01:23,29.849,N,87.395,W,0
6/11/2005,17:03:22,29.856,N,87.391,W,0
6/11/2005,17:05:22,29.863,N,87.388,W,0
6/11/2005,17:07:22,29.87,N,87.385,W,0
6/11/2005,17:09:22,29.878,N,87.381,W,0
6/11/2005,17:11:22,29.885,N,87.378,W,0
6/11/2005,17:13:22,29.892,N,87.375,W,0
6/11/2005,17:15:22,29.9,N,87.372,W,0
6/11/2005,17:17:22,29.907,N,87.369,W,0
6/11/2005,17:19:23,29.914,N,87.366,W,0
6/11/2005,17:21:23,29.922,N,87.364,W,0
6/11/2005,17:23:23,29.929,N,87.361,W,0
6/11/2005,17:25:23,29.937,N,87.359,W,0
6/11/2005,17:27:23,29.944,N,87.357,W,0
6/11/2005,17:29:23,29.952,N,87.355,W,0
6/11/2005,17:31:23,29.959,N,87.353,W,0
6/11/2005,17:33:22,29.967,N,87.351,W,0
6/11/2005,17:35:22,29.974,N,87.35,W,0
6/11/2005,17:37:22,29.981,N,87.349,W,0
6/11/2005,17:39:22,29.989,N,87.348,W,0
6/11/2005,17:41:22,29.996,N,87.347,W,0
6/11/2005,17:43:22,30.004,N,87.346,W,0
6/11/2005,17:45:22,30.011,N,87.346,W,0
6/11/2005,17:47:22,30.018,N,87.346,W,0
6/11/2005,17:49:23,30.026,N,87.346,W,0
6/11/2005,17:51:23,30.033,N,87.346,W,0
6/11/2005,17:51:38,30.034,N,87.346,W,0
6/11/2005,17:53:38,30.041,N,87.346,W,0
6/11/2005,17:55:38,30.048,N,87.345,W,0
6/11/2005,17:57:38,30.055,N,87.345,W,0
6/11/2005,17:59:37,30.063,N,87.345,W,0
6/11/2005,18:01:37,30.07,N,87.345,W,0
6/11/2005,18:03:37,30.077,N,87.345,W,0
6/11/2005,18:05:37,30.084,N,87.346,W,0
6/11/2005,18:07:37,30.091,N,87.346,W,0
6/11/2005,18:09:37,30.098,N,87.347,W,0
6/11/2005,18:11:37,30.106,N,87.348,W,0
6/11/2005,18:13:37,30.113,N,87.349,W,0
6/11/2005,18:15:38,30.12,N,87.35,W,0
6/11/2005,18:17:38,30.127,N,87.352,W,0
6/11/2005,18:19:38,30.135,N,87.353,W,0
6/11/2005,18:21:38,30.142,N,87.355,W,0
6/11/2005,18:23:38,30.149,N,87.357,W,0
6/11/2005,18:25:38,30.156,N,87.359,W,0
6/11/2005,18:27:38,30.163,N,87.361,W,0
6/11/2005,18:29:37,30.171,N,87.364,W,0
6/11/2005,18:31:37,30.178,N,87.367,W,0
6/11/2005,18:33:37,30.185,N,87.37,W,0
6/11/2005,18:35:37,30.193,N,87.373,W,0
6/11/2005,18:37:37,30.2,N,87.376,W,0
6/11/2005,18:39:37,30.207,N,87.38,W,0
6/11/2005,18:41:37,30.214,N,87.383,W,0
6/11/2005,18:43:37,30.222,N,87.387,W,0
6/11/2005,18:45:38,30.229,N,87.391,W,0
6/11/2005,18:47:38,30.236,N,87.396,W,0
6/11/2005,18:49:38,30.244,N,87.4,W,0
6/11/2005,18:51:38,30.251,N,87.405,W,0
6/11/2005,18:51:55,30.252,N,87.406,W,0
6/11/2005,18:53:55,30.259,N,87.408,W,0
6/11/2005,18:55:55,30.265,N,87.41,W,0
6/11/2005,18:57:55,30.272,N,87.412,W,0
6/11/2005,18:59:55,30.279,N,87.414,W,0
6/11/2005,19:01:54,30.285,N,87.416,W,0
6/11/2005,19:03:54,30.292,N,87.418,W,0
6/11/2005,19:05:54,30.299,N,87.42,W,0
6/11/2005,19:07:54,30.305,N,87.422,W,0
6/11/2005,19:09:54,30.312,N,87.423,W,0
6/11/2005,19:11:54,30.319,N,87.425,W,0
6/11/2005,19:13:54,30.326,N,87.427,W,0
6/11/2005,19:15:54,30.332,N,87.429,W,0
6/11/2005,19:17:55,30.339,N,87.431,W,0
6/11/2005,19:19:55,30.346,N,87.433,W,0
6/11/2005,19:21:55,30.352,N,87.435,W,0
6/11/2005,19:23:55,30.359,N,87.437,W,0
6/11/2005,19:25:55,30.366,N,87.439,W,0
6/11/2005,19:27:55,30.373,N,87.441,W,0
6/11/2005,19:29:55,30.379,N,87.442,W,0
6/11/2005,19:31:54,30.386,N,87.444,W,0
6/11/2005,19:33:54,30.393,N,87.446,W,0
6/11/2005,19:35:54,30.4,N,87.448,W,0
6/11/2005,19:37:54,30.406,N,87.45,W,0
6/11/2005,19:39:54,30.413,N,87.452,W,0
6/11/2005,19:41:54,30.42,N,87.454,W,0
6/11/2005,19:43:54,30.427,N,87.455,W,0
6/11/2005,19:45:54,30.434,N,87.457,W,0
6/11/2005,19:47:55,30.44,N,87.459,W,0
6/11/2005,19:49:55,30.447,N,87.461,W,0
6/11/2005,19:51:55,30.454,N,87.463,W,0
6/11/2005,19:53:55,30.461,N,87.464,W,0
6/11/2005,19:55:55,30.468,N,87.466,W,0
6/11/2005,19:57:55,30.475,N,87.468,W,0
6/11/2005,19:59:55,30.482,N,87.47,W,0
6/11/2005,20:01:54,30.488,N,87.472,W,0
6/11/2005,20:03:54,30.495,N,87.473,W,0
6/11/2005,20:05:54,30.502,N,87.475,W,0
6/11/2005,20:07:54,30.509,N,87.477,W,0
6/11/2005,20:09:54,30.516,N,87.479,W,0
6/11/2005,20:11:54,30.523,N,87.48,W,0
6/11/2005,20:13:54,30.53,N,87.482,W,0
6/11/2005,20:15:54,30.537,N,87.484,W,0
6/11/2005,20:17:55,30.544,N,87.485,W,0
6/11/2005,20:19:55,30.551,N,87.487,W,0
6/11/2005,20:21:55,30.558,N,87.489,W,0
6/11/2005,20:23:55,30.565,N,87.49,W,0
6/11/2005,20:25:55,30.572,N,87.492,W,0
6/11/2005,20:27:55,30.579,N,87.494,W,0
6/11/2005,20:29:55,30.586,N,87.495,W,0
6/11/2005,20:31:54,30.593,N,87.497,W,0
6/11/2005,20:33:54,30.6,N,87.499,W,0
6/11/2005,20:35:54,30.607,N,87.5,W,0
6/11/2005,20:37:54,30.614,N,87.502,W,0
6/11/2005,20:39:54,30.621,N,87.504,W,0
6/11/2005,20:41:54,30.628,N,87.505,W,0
6/11/2005,20:43:54,30.635,N,87.507,W,0
6/11/2005,20:45:54,30.642,N,87.508,W,0
6/11/2005,20:47:55,30.649,N,87.51,W,0
6/11/2005,20:49:55,30.656,N,87.511,W,0
6/11/2005,20:51:55,30.663,N,87.513,W,0
6/11/2005,20:53:55,30.67,N,87.515,W,0
6/11/2005,20:55:55,30.678,N,87.516,W,0
6/11/2005,20:57:55,30.685,N,87.518,W,0
6/11/2005,20:59:55,30.692,N,87.519,W,0
6/11/2005,21:01:54,30.699,N,87.521,W,0
6/11/2005,21:03:54,30.706,N,87.522,W,0
6/11/2005,21:05:54,30.714,N,87.523,W,0
6/11/2005,21:07:54,30.721,N,87.525,W,0
6/11/2005,21:09:54,30.728,N,87.526,W,0
6/11/2005,21:11:54,30.735,N,87.528,W,0
6/11/2005,21:13:54,30.743,N,87.529,W,0
6/11/2005,21:15:54,30.75,N,87.531,W,0
6/11/2005,21:17:55,30.757,N,87.532,W,0
6/11/2005,21:19:55,30.764,N,87.533,W,0
6/11/2005,21:21:55,30.772,N,87.535,W,0
6/11/2005,21:23:55,30.779,N,87.536,W,0
6/11/2005,21:25:55,30.786,N,87.538,W,0
6/11/2005,21:27:55,30.794,N,87.539,W,0
6/11/2005,21:29:55,30.801,N,87.54,W,0
6/11/2005,21:31:54,30.809,N,87.542,W,0
6/11/2005,21:33:54,30.816,N,87.543,W,0
6/11/2005,21:35:54,30.823,N,87.544,W,0
6/11/2005,21:37:54,30.831,N,87.545,W,0
6/11/2005,21:39:54,30.838,N,87.547,W,0
6/11/2005,21:41:54,30.846,N,87.548,W,0
6/11/2005,21:43:54,30.853,N,87.549,W,0
6/11/2005,21:45:54,30.861,N,87.55,W,0
6/11/2005,21:47:55,30.868,N,87.552,W,0
6/11/2005,21:49:55,30.876,N,87.553,W,0
6/11/2005,21:51:55,30.883,N,87.554,W,0
6/11/2005,21:53:55,30.891,N,87.555,W,0
6/11/2005,21:55:55,30.898,N,87.556,W,0
6/11/2005,21:57:55,30.906,N,87.557,W,0
6/11/2005,21:59:55,30.914,N,87.559,W,0
6/11/2005,22:01:54,30.921,N,87.56,W,0
6/11/2005,22:03:54,30.929,N,87.561,W,0
6/11/2005,22:05:54,30.936,N,87.562,W,0
6/11/2005,22:07:54,30.944,N,87.563,W,0
6/11/2005,22:09:54,30.952,N,87.564,W,0
6/11/2005,22:11:54,30.959,N,87.565,W,0
6/11/2005,22:13:54,30.967,N,87.566,W,0
6/11/2005,22:15:54,30.975,N,87.567,W,0
6/11/2005,22:17:55,30.983,N,87.568,W,0
6/11/2005,22:19:55,30.99,N,87.569,W,0
6/11/2005,22:21:55,30.998,N,87.57,W,0
6/11/2005,22:23:55,31.006,N,87.571,W,0
6/11/2005,22:25:55,31.014,N,87.572,W,0
6/11/2005,22:27:55,31.022,N,87.573,W,0
6/11/2005,22:29:55,31.03,N,87.574,W,0
6/11/2005,22:31:54,31.037,N,87.575,W,0
6/11/2005,22:33:54,31.045,N,87.575,W,0
6/11/2005,22:35:54,31.053,N,87.576,W,0
6/11/2005,22:37:54,31.061,N,87.577,W,0
6/11/2005,22:39:54,31.069,N,87.578,W,0
6/11/2005,22:41:54,31.077,N,87.579,W,0
6/11/2005,22:43:54,31.085,N,87.58,W,0
6/11/2005,22:45:54,31.093,N,87.58,W,0
6/11/2005,22:47:55,31.101,N,87.581,W,0
6/11/2005,22:49:55,31.109,N,87.582,W,0
6/11/2005,22:51:55,31.117,N,87.583,W,0
6/11/2005,22:53:55,31.125,N,87.583,W,0
6/11/2005,22:55:55,31.133,N,87.584,W,0
6/11/2005,22:57:55,31.141,N,87.585,W,0
6/11/2005,22:59:55,31.15,N,87.585,W,0
6/11/2005,23:01:54,31.158,N,87.586,W,0
6/11/2005,23:03:54,31.166,N,87.587,W,0
6/11/2005,23:05:54,31.174,N,87.587,W,0
6/11/2005,23:07:54,31.182,N,87.588,W,0
6/11/2005,23:09:54,31.19,N,87.589,W,0
6/11/2005,23:11:54,31.199,N,87.589,W,0
6/11/2005,23:13:54,31.207,N,87.59,W,0
6/11/2005,23:15:54,31.215,N,87.59,W,0
6/11/2005,23:17:55,31.223,N,87.591,W,0
6/11/2005,23:19:55,31.232,N,87.592,W,0
6/11/2005,23:21:55,31.24,N,87.592,W,0
6/11/2005,23:23:55,31.248,N,87.593,W,0
6/11/2005,23:25:55,31.256,N,87.593,W,0
6/11/2005,23:27:55,31.265,N,87.594,W,0
6/11/2005,23:29:55,31.273,N,87.594,W,0
6/11/2005,23:31:54,31.281,N,87.595,W,0
6/11/2005,23:33:54,31.29,N,87.595,W,0
6/11/2005,23:35:54,31.298,N,87.595,W,0
6/11/2005,23:37:54,31.307,N,87.596,W,0
6/11/2005,23:39:54,31.315,N,87.596,W,0
6/11/2005,23:41:54,31.323,N,87.597,W,0
6/11/2005,23:43:54,31.332,N,87.597,W,0
6/11/2005,23:45:54,31.34,N,87.598,W,0
6/11/2005,23:47:55,31.349,N,87.598,W,0
6/11/2005,23:49:55,31.357,N,87.598,W,0
6/11/2005,23:51:55,31.366,N,87.599,W,0
6/11/2005,23:53:55,31.374,N,87.599,W,0
6/11/2005,23:55:55,31.383,N,87.599,W,0
6/11/2005,23:57:55,31.391,N,87.6,W,0
6/11/2005,23:59:55,31.4,N,87.6,W,0
6/12/2005,0:01:54,31.408,N,87.6,W,0
6/12/2005,0:03:54,31.417,N,87.601,W,0
6/12/2005,0:05:54,31.425,N,87.601,W,0
6/12/2005,0:07:54,31.434,N,87.601,W,0
6/12/2005,0:09:54,31.442,N,87.601,W,0
6/12/2005,0:11:54,31.451,N,87.602,W,0
6/12/2005,0:13:54,31.46,N,87.602,W,0
6/12/2005,0:15:54,31.468,N,87.602,W,0
6/12/2005,0:17:55,31.477,N,87.602,W,0
6/12/2005,0:19:55,31.486,N,87.603,W,0
6/12/2005,0:21:55,31.494,N,87.603,W,0
6/12/2005,0:23:55,31.503,N,87.603,W,0
6/12/2005,0:25:55,31.512,N,87.603,W,0
6/12/2005,0:27:55,31.52,N,87.603,W,0
6/12/2005,0:29:55,31.529,N,87.604,W,0
6/12/2005,0:31:54,31.538,N,87.604,W,0
6/12/2005,0:33:54,31.546,N,87.604,W,0
6/12/2005,0:35:54,31.555,N,87.604,W,0
6/12/2005,0:37:54,31.564,N,87.604,W,0
6/12/2005,0:39:54,31.573,N,87.604,W,0
6/12/2005,0:41:54,31.581,N,87.604,W,0
6/12/2005,0:43:54,31.59,N,87.605,W,0
6/12/2005,0:45:54,31.599,N,87.605,W,0
6/12/2005,0:47:55,31.608,N,87.605,W,0
6/12/2005,0:49:55,31.616,N,87.605,W,0
6/12/2005,0:51:55,31.625,N,87.605,W,0
6/12/2005,0:53:55,31.634,N,87.605,W,0
6/12/2005,0:55:55,31.643,N,87.605,W,0
6/12/2005,0:57:55,31.652,N,87.605,W,0
6/12/2005,0:59:55,31.66,N,87.605,W,0
6/12/2005,1:01:54,31.669,N,87.605,W,0
6/12/2005,1:03:54,31.678,N,87.605,W,0
6/12/2005,1:05:54,31.687,N,87.605,W,0
6/12/2005,1:07:54,31.696,N,87.605,W,0
6/12/2005,1:09:54,31.705,N,87.605,W,0
6/12/2005,1:11:54,31.714,N,87.605,W,0
6/12/2005,1:13:54,31.722,N,87.605,W,0
6/12/2005,1:15:54,31.731,N,87.605,W,0
6/12/2005,1:17:55,31.74,N,87.605,W,0
6/12/2005,1:19:55,31.749,N,87.605,W,0
6/12/2005,1:21:55,31.758,N,87.605,W,0
6/12/2005,1:23:55,31.767,N,87.605,W,0
6/12/2005,1:25:55,31.776,N,87.605,W,0
6/12/2005,1:27:55,31.785,N,87.605,W,0
6/12/2005,1:29:55,31.794,N,87.605,W,0
6/12/2005,1:31:54,31.803,N,87.605,W,0
6/12/2005,1:33:54,31.812,N,87.605,W,0
6/12/2005,1:35:54,31.82,N,87.605,W,0
6/12/2005,1:37:54,31.829,N,87.605,W,0
6/12/2005,1:39:54,31.838,N,87.605,W,0
6/12/2005,1:41:54,31.847,N,87.605,W,0
6/12/2005,1:43:54,31.856,N,87.605,W,0
6/12/2005,1:45:54,31.865,N,87.605,W,0
6/12/2005,1:47:55,31.874,N,87.605,W,0
6/12/2005,1:49:55,31.883,N,87.605,W,0
6/12/2005,1:51:55,31.892,N,87.605,W,0
6/12/2005,1:53:55,31.901,N,87.604,W,0
6/12/2005,1:55:55,31.91,N,87.604,W,0
6/12/2005,1:57:55,31.919,N,87.604,W,0
6/12/2005,1:59:55,31.928,N,87.604,W,0
6/12/2005,2:01:54,31.937,N,87.604,W,0
6/12/2005,2:03:54,31.946,N,87.604,W,0
6/12/2005,2:05:54,31.955,N,87.604,W,0
6/12/2005,2:07:54,31.964,N,87.604,W,0
6/12/2005,2:09:54,31.973,N,87.604,W,0
6/12/2005,2:11:54,31.982,N,87.603,W,0
6/12/2005,2:13:54,31.991,N,87.603,W,0
6/12/2005,2:15:54,32,N,87.603,W,0
6/12/2005,2:17:55,32.009,N,87.603,W,0
6/12/2005,2:19:55,32.018,N,87.603,W,0
6/12/2005,2:21:55,32.028,N,87.603,W,0
6/12/2005,2:23:55,32.037,N,87.603,W,0
6/12/2005,2:25:55,32.046,N,87.603,W,0
6/12/2005,2:27:55,32.055,N,87.602,W,0
6/12/2005,2:29:55,32.064,N,87.602,W,0
6/12/2005,2:31:54,32.073,N,87.602,W,0
6/12/2005,2:33:54,32.082,N,87.602,W,0
6/12/2005,2:35:54,32.091,N,87.602,W,0
6/12/2005,2:37:54,32.1,N,87.602,W,0
6/12/2005,2:39:54,32.109,N,87.602,W,0
6/12/2005,2:41:54,32.118,N,87.601,W,0
6/12/2005,2:43:54,32.127,N,87.601,W,0
6/12/2005,2:45:54,32.136,N,87.601,W,0
6/12/2005,2:47:55,32.145,N,87.601,W,0
6/12/2005,2:49:55,32.154,N,87.601,W,0
6/12/2005,2:51:55,32.163,N,87.601,W,0
6/12/2005,2:53:55,32.172,N,87.6,W,0
6/12/2005,2:55:55,32.181,N,87.6,W,0
6/12/2005,2:57:55,32.191,N,87.6,W,0
6/12/2005,2:59:55,32.2,N,87.6,W,0
6/12/2005,3:00:55,32.2,N,87.6,W,0
