Track,for,Bertha,2002,,,
Date,Time,(UTC),Latitude,Longitude,,Category
MM/DD/Year,HH:MM:SS,(deg),(deg),,,
8/8/2002,5:54:00,28.207,N,94.384,W,0
8/8/2002,5:56:00,28.205,N,94.39,W,0
8/8/2002,5:58:00,28.202,N,94.395,W,0
8/8/2002,6:00:00,28.2,N,94.4,W,0
8/8/2002,6:01:59,28.198,N,94.405,W,0
8/8/2002,6:03:59,28.195,N,94.41,W,0
8/8/2002,6:05:59,28.193,N,94.416,W,0
8/8/2002,6:07:59,28.19,N,94.421,W,0
8/8/2002,6:09:59,28.188,N,94.426,W,0
8/8/2002,6:11:59,28.185,N,94.431,W,0
8/8/2002,6:13:59,28.183,N,94.436,W,0
8/8/2002,6:16:00,28.18,N,94.441,W,0
8/8/2002,6:18:00,28.178,N,94.447,W,0
8/8/2002,6:20:00,28.175,N,94.452,W,0
8/8/2002,6:22:00,28.173,N,94.457,W,0
8/8/2002,6:24:00,28.17,N,94.462,W,0
8/8/2002,6:26:00,28.168,N,94.467,W,0
8/8/2002,6:28:00,28.165,N,94.472,W,0
8/8/2002,6:30:00,28.163,N,94.478,W,0
8/8/2002,6:31:59,28.161,N,94.483,W,0
8/8/2002,6:33:59,28.158,N,94.488,W,0
8/8/2002,6:35:59,28.156,N,94.493,W,0
8/8/2002,6:37:59,28.153,N,94.498,W,0
8/8/2002,6:39:59,28.151,N,94.503,W,0
8/8/2002,6:41:59,28.148,N,94.509,W,0
8/8/2002,6:43:59,28.146,N,94.514,W,0
8/8/2002,6:46:00,28.143,N,94.519,W,0
8/8/2002,6:48:00,28.141,N,94.524,W,0
8/8/2002,6:50:00,28.138,N,94.529,W,0
8/8/2002,6:52:00,28.136,N,94.534,W,0
8/8/2002,6:54:00,28.133,N,94.539,W,0
8/8/2002,6:56:00,28.131,N,94.545,W,0
8/8/2002,6:58:00,28.128,N,94.55,W,0
8/8/2002,7:00:00,28.126,N,94.555,W,0
8/8/2002,7:01:59,28.123,N,94.56,W,0
8/8/2002,7:03:59,28.121,N,94.565,W,0
8/8/2002,7:05:59,28.118,N,94.57,W,0
8/8/2002,7:07:59,28.116,N,94.576,W,0
8/8/2002,7:09:59,28.113,N,94.581,W,0
8/8/2002,7:11:59,28.111,N,94.586,W,0
8/8/2002,7:13:59,28.108,N,94.591,W,0
8/8/2002,7:16:00,28.106,N,94.596,W,0
8/8/2002,7:18:00,28.103,N,94.601,W,0
8/8/2002,7:20:00,28.101,N,94.606,W,0
8/8/2002,7:22:00,28.098,N,94.612,W,0
8/8/2002,7:24:00,28.096,N,94.617,W,0
8/8/2002,7:26:00,28.093,N,94.622,W,0
8/8/2002,7:28:00,28.091,N,94.627,W,0
8/8/2002,7:30:00,28.088,N,94.632,W,0
8/8/2002,7:31:59,28.086,N,94.637,W,0
8/8/2002,7:33:59,28.083,N,94.642,W,0
8/8/2002,7:35:59,28.081,N,94.648,W,0
8/8/2002,7:37:59,28.078,N,94.653,W,0
8/8/2002,7:39:59,28.075,N,94.658,W,0
8/8/2002,7:41:59,28.073,N,94.663,W,0
8/8/2002,7:43:59,28.07,N,94.668,W,0
8/8/2002,7:46:00,28.068,N,94.673,W,0
8/8/2002,7:48:00,28.065,N,94.678,W,0
8/8/2002,7:50:00,28.063,N,94.683,W,0
8/8/2002,7:52:00,28.06,N,94.689,W,0
8/8/2002,7:54:00,28.058,N,94.694,W,0
8/8/2002,7:56:00,28.055,N,94.699,W,0
8/8/2002,7:58:00,28.053,N,94.704,W,0
8/8/2002,8:00:00,28.05,N,94.709,W,0
8/8/2002,8:02:00,28.047,N,94.714,W,0
8/8/2002,8:03:59,28.045,N,94.719,W,0
8/8/2002,8:06:00,28.042,N,94.724,W,0
8/8/2002,8:07:59,28.04,N,94.73,W,0
8/8/2002,8:10:00,28.037,N,94.735,W,0
8/8/2002,8:11:59,28.034,N,94.74,W,0
8/8/2002,8:14:00,28.032,N,94.745,W,0
8/8/2002,8:15:59,28.029,N,94.75,W,0
8/8/2002,8:18:00,28.027,N,94.755,W,0
8/8/2002,8:19:59,28.024,N,94.76,W,0
8/8/2002,8:22:00,28.021,N,94.765,W,0
8/8/2002,8:23:59,28.019,N,94.77,W,0
8/8/2002,8:26:00,28.016,N,94.775,W,0
8/8/2002,8:27:59,28.014,N,94.78,W,0
8/8/2002,8:30:00,28.011,N,94.786,W,0
8/8/2002,8:32:00,28.008,N,94.791,W,0
8/8/2002,8:33:59,28.006,N,94.796,W,0
8/8/2002,8:36:00,28.003,N,94.801,W,0
8/8/2002,8:37:59,28,N,94.806,W,0
8/8/2002,8:40:00,27.998,N,94.811,W,0
8/8/2002,8:41:59,27.995,N,94.816,W,0
8/8/2002,8:44:00,27.992,N,94.821,W,0
8/8/2002,8:45:59,27.99,N,94.826,W,0
8/8/2002,8:48:00,27.987,N,94.831,W,0
8/8/2002,8:49:59,27.984,N,94.836,W,0
8/8/2002,8:52:00,27.982,N,94.841,W,0
8/8/2002,8:53:59,27.979,N,94.846,W,0
8/8/2002,8:56:00,27.976,N,94.851,W,0
8/8/2002,8:57:59,27.974,N,94.856,W,0
8/8/2002,9:00:00,27.971,N,94.861,W,0
8/8/2002,9:02:00,27.968,N,94.867,W,0
8/8/2002,9:03:59,27.966,N,94.872,W,0
8/8/2002,9:06:00,27.963,N,94.877,W,0
8/8/2002,9:07:59,27.96,N,94.882,W,0
8/8/2002,9:10:00,27.957,N,94.887,W,0
8/8/2002,9:11:59,27.955,N,94.892,W,0
8/8/2002,9:14:00,27.952,N,94.897,W,0
8/8/2002,9:15:59,27.949,N,94.902,W,0
8/8/2002,9:18:00,27.947,N,94.907,W,0
8/8/2002,9:19:59,27.944,N,94.912,W,0
8/8/2002,9:22:00,27.941,N,94.917,W,0
8/8/2002,9:23:59,27.938,N,94.922,W,0
8/8/2002,9:26:00,27.935,N,94.927,W,0
8/8/2002,9:27:59,27.933,N,94.932,W,0
8/8/2002,9:30:00,27.93,N,94.937,W,0
8/8/2002,9:32:00,27.927,N,94.942,W,0
8/8/2002,9:33:59,27.924,N,94.947,W,0
8/8/2002,9:36:00,27.922,N,94.952,W,0
8/8/2002,9:37:59,27.919,N,94.957,W,0
8/8/2002,9:40:00,27.916,N,94.962,W,0
8/8/2002,9:41:59,27.913,N,94.967,W,0
8/8/2002,9:44:00,27.91,N,94.972,W,0
8/8/2002,9:45:59,27.907,N,94.977,W,0
8/8/2002,9:48:00,27.905,N,94.982,W,0
8/8/2002,9:49:59,27.902,N,94.987,W,0
8/8/2002,9:52:00,27.899,N,94.992,W,0
8/8/2002,9:53:59,27.896,N,94.996,W,0
8/8/2002,9:56:00,27.893,N,95.001,W,0
8/8/2002,9:57:59,27.89,N,95.006,W,0
8/8/2002,10:00:00,27.887,N,95.011,W,0
8/8/2002,10:02:00,27.885,N,95.016,W,0
8/8/2002,10:03:59,27.882,N,95.021,W,0
8/8/2002,10:06:00,27.879,N,95.026,W,0
8/8/2002,10:07:59,27.876,N,95.031,W,0
8/8/2002,10:10:00,27.873,N,95.036,W,0
8/8/2002,10:11:59,27.87,N,95.041,W,0
8/8/2002,10:14:00,27.867,N,95.046,W,0
8/8/2002,10:15:59,27.864,N,95.051,W,0
8/8/2002,10:18:00,27.861,N,95.056,W,0
8/8/2002,10:19:59,27.858,N,95.061,W,0
8/8/2002,10:22:00,27.855,N,95.065,W,0
8/8/2002,10:23:59,27.852,N,95.07,W,0
8/8/2002,10:26:00,27.849,N,95.075,W,0
8/8/2002,10:27:59,27.846,N,95.08,W,0
8/8/2002,10:30:00,27.843,N,95.085,W,0
8/8/2002,10:32:00,27.84,N,95.09,W,0
8/8/2002,10:33:59,27.837,N,95.095,W,0
8/8/2002,10:36:00,27.834,N,95.1,W,0
8/8/2002,10:37:59,27.831,N,95.105,W,0
8/8/2002,10:40:00,27.828,N,95.109,W,0
8/8/2002,10:41:59,27.825,N,95.114,W,0
8/8/2002,10:44:00,27.822,N,95.119,W,0
8/8/2002,10:45:59,27.819,N,95.124,W,0
8/8/2002,10:48:00,27.816,N,95.129,W,0
8/8/2002,10:49:59,27.813,N,95.134,W,0
8/8/2002,10:52:00,27.81,N,95.138,W,0
8/8/2002,10:53:59,27.807,N,95.143,W,0
8/8/2002,10:56:00,27.804,N,95.148,W,0
8/8/2002,10:57:59,27.801,N,95.153,W,0
8/8/2002,11:00:00,27.798,N,95.158,W,0
8/8/2002,11:02:00,27.794,N,95.163,W,0
8/8/2002,11:03:59,27.791,N,95.167,W,0
8/8/2002,11:06:00,27.788,N,95.172,W,0
8/8/2002,11:07:59,27.785,N,95.177,W,0
8/8/2002,11:10:00,27.782,N,95.182,W,0
8/8/2002,11:11:59,27.779,N,95.187,W,0
8/8/2002,11:14:00,27.776,N,95.191,W,0
8/8/2002,11:15:59,27.772,N,95.196,W,0
8/8/2002,11:18:00,27.769,N,95.201,W,0
8/8/2002,11:19:59,27.766,N,95.206,W,0
8/8/2002,11:22:00,27.763,N,95.21,W,0
8/8/2002,11:23:59,27.76,N,95.215,W,0
8/8/2002,11:26:00,27.756,N,95.22,W,0
8/8/2002,11:27:59,27.753,N,95.225,W,0
8/8/2002,11:30:00,27.75,N,95.229,W,0
8/8/2002,11:32:00,27.747,N,95.234,W,0
8/8/2002,11:33:59,27.743,N,95.239,W,0
8/8/2002,11:36:00,27.74,N,95.244,W,0
8/8/2002,11:37:59,27.737,N,95.248,W,0
8/8/2002,11:40:00,27.733,N,95.253,W,0
8/8/2002,11:41:59,27.73,N,95.258,W,0
8/8/2002,11:44:00,27.727,N,95.263,W,0
8/8/2002,11:45:59,27.724,N,95.267,W,0
8/8/2002,11:48:00,27.72,N,95.272,W,0
8/8/2002,11:49:59,27.717,N,95.277,W,0
8/8/2002,11:52:00,27.714,N,95.281,W,0
8/8/2002,11:53:59,27.71,N,95.286,W,0
8/8/2002,11:56:00,27.707,N,95.291,W,0
8/8/2002,11:57:59,27.703,N,95.295,W,0
8/8/2002,12:00:00,27.7,N,95.3,W,0
8/8/2002,12:02:00,27.697,N,95.305,W,0
8/8/2002,12:03:59,27.693,N,95.309,W,0
8/8/2002,12:06:00,27.69,N,95.314,W,0
8/8/2002,12:07:59,27.686,N,95.319,W,0
8/8/2002,12:10:00,27.683,N,95.323,W,0
8/8/2002,12:11:59,27.679,N,95.328,W,0
8/8/2002,12:14:00,27.676,N,95.332,W,0
8/8/2002,12:15:59,27.672,N,95.337,W,0
8/8/2002,12:18:00,27.669,N,95.342,W,0
8/8/2002,12:19:59,27.665,N,95.346,W,0
8/8/2002,12:22:00,27.662,N,95.351,W,0
8/8/2002,12:23:59,27.658,N,95.356,W,0
8/8/2002,12:26:00,27.655,N,95.36,W,0
8/8/2002,12:27:59,27.651,N,95.365,W,0
8/8/2002,12:30:00,27.648,N,95.369,W,0
8/8/2002,12:32:00,27.644,N,95.374,W,0
8/8/2002,12:33:59,27.641,N,95.378,W,0
8/8/2002,12:36:00,27.637,N,95.383,W,0
8/8/2002,12:37:59,27.634,N,95.387,W,0
8/8/2002,12:40:00,27.63,N,95.392,W,0
8/8/2002,12:41:59,27.626,N,95.397,W,0
8/8/2002,12:44:00,27.623,N,95.401,W,0
8/8/2002,12:45:59,27.619,N,95.406,W,0
8/8/2002,12:48:00,27.615,N,95.41,W,0
8/8/2002,12:49:59,27.612,N,95.415,W,0
8/8/2002,12:52:00,27.608,N,95.419,W,0
8/8/2002,12:53:59,27.604,N,95.424,W,0
8/8/2002,12:56:00,27.601,N,95.428,W,0
8/8/2002,12:57:59,27.597,N,95.433,W,0
8/8/2002,13:00:00,27.593,N,95.437,W,0
8/8/2002,13:02:00,27.59,N,95.442,W,0
8/8/2002,13:03:59,27.586,N,95.446,W,0
8/8/2002,13:06:00,27.582,N,95.451,W,0
8/8/2002,13:07:59,27.578,N,95.455,W,0
8/8/2002,13:10:00,27.575,N,95.46,W,0
8/8/2002,13:11:59,27.571,N,95.464,W,0
8/8/2002,13:14:00,27.567,N,95.469,W,0
8/8/2002,13:15:59,27.563,N,95.473,W,0
8/8/2002,13:18:00,27.56,N,95.478,W,0
8/8/2002,13:19:59,27.556,N,95.482,W,0
8/8/2002,13:22:00,27.552,N,95.486,W,0
8/8/2002,13:23:59,27.548,N,95.491,W,0
8/8/2002,13:26:00,27.544,N,95.495,W,0
8/8/2002,13:27:59,27.541,N,95.5,W,0
8/8/2002,13:30:00,27.537,N,95.504,W,0
8/8/2002,13:32:00,27.533,N,95.509,W,0
8/8/2002,13:33:59,27.529,N,95.513,W,0
8/8/2002,13:36:00,27.525,N,95.517,W,0
8/8/2002,13:37:59,27.521,N,95.522,W,0
8/8/2002,13:40:00,27.518,N,95.526,W,0
8/8/2002,13:41:59,27.514,N,95.531,W,0
8/8/2002,13:44:00,27.51,N,95.535,W,0
8/8/2002,13:45:59,27.506,N,95.539,W,0
8/8/2002,13:48:00,27.502,N,95.544,W,0
8/8/2002,13:49:59,27.498,N,95.548,W,0
8/8/2002,13:52:00,27.494,N,95.553,W,0
8/8/2002,13:53:59,27.49,N,95.557,W,0
8/8/2002,13:56:00,27.486,N,95.561,W,0
8/8/2002,13:57:59,27.482,N,95.566,W,0
8/8/2002,14:00:00,27.478,N,95.57,W,0
8/8/2002,14:02:00,27.474,N,95.574,W,0
8/8/2002,14:03:59,27.471,N,95.579,W,0
8/8/2002,14:06:00,27.467,N,95.583,W,0
8/8/2002,14:07:59,27.463,N,95.587,W,0
8/8/2002,14:10:00,27.459,N,95.592,W,0
8/8/2002,14:11:59,27.455,N,95.596,W,0
8/8/2002,14:14:00,27.451,N,95.6,W,0
8/8/2002,14:15:59,27.447,N,95.605,W,0
8/8/2002,14:18:00,27.443,N,95.609,W,0
8/8/2002,14:19:59,27.439,N,95.613,W,0
8/8/2002,14:22:00,27.435,N,95.618,W,0
8/8/2002,14:23:59,27.43,N,95.622,W,0
8/8/2002,14:26:00,27.426,N,95.626,W,0
8/8/2002,14:27:59,27.422,N,95.631,W,0
8/8/2002,14:30:00,27.418,N,95.635,W,0
8/8/2002,14:32:00,27.414,N,95.639,W,0
8/8/2002,14:33:59,27.41,N,95.644,W,0
8/8/2002,14:36:00,27.406,N,95.648,W,0
8/8/2002,14:37:59,27.402,N,95.652,W,0
8/8/2002,14:40:00,27.398,N,95.656,W,0
8/8/2002,14:41:59,27.394,N,95.661,W,0
8/8/2002,14:44:00,27.39,N,95.665,W,0
8/8/2002,14:45:59,27.386,N,95.669,W,0
8/8/2002,14:48:00,27.382,N,95.674,W,0
8/8/2002,14:49:59,27.377,N,95.678,W,0
8/8/2002,14:52:00,27.373,N,95.682,W,0
8/8/2002,14:53:59,27.369,N,95.686,W,0
8/8/2002,14:56:00,27.365,N,95.691,W,0
8/8/2002,14:57:59,27.361,N,95.695,W,0
8/8/2002,15:00:00,27.357,N,95.699,W,0
8/8/2002,15:02:00,27.353,N,95.703,W,0
8/8/2002,15:03:59,27.348,N,95.708,W,0
8/8/2002,15:06:00,27.344,N,95.712,W,0
8/8/2002,15:07:59,27.34,N,95.716,W,0
8/8/2002,15:10:00,27.336,N,95.72,W,0
8/8/2002,15:11:59,27.332,N,95.724,W,0
8/8/2002,15:14:00,27.328,N,95.729,W,0
8/8/2002,15:15:59,27.323,N,95.733,W,0
8/8/2002,15:18:00,27.319,N,95.737,W,0
8/8/2002,15:19:59,27.315,N,95.741,W,0
8/8/2002,15:22:00,27.311,N,95.746,W,0
8/8/2002,15:23:59,27.307,N,95.75,W,0
8/8/2002,15:26:00,27.302,N,95.754,W,0
8/8/2002,15:27:59,27.298,N,95.758,W,0
8/8/2002,15:30:00,27.294,N,95.762,W,0
8/8/2002,15:32:00,27.29,N,95.767,W,0
8/8/2002,15:33:59,27.285,N,95.771,W,0
8/8/2002,15:36:00,27.281,N,95.775,W,0
8/8/2002,15:37:59,27.277,N,95.779,W,0
8/8/2002,15:40:00,27.273,N,95.783,W,0
8/8/2002,15:41:59,27.268,N,95.788,W,0
8/8/2002,15:44:00,27.264,N,95.792,W,0
8/8/2002,15:45:59,27.26,N,95.796,W,0
8/8/2002,15:48:00,27.256,N,95.8,W,0
8/8/2002,15:49:59,27.251,N,95.804,W,0
8/8/2002,15:52:00,27.247,N,95.809,W,0
8/8/2002,15:53:59,27.243,N,95.813,W,0
8/8/2002,15:56:00,27.239,N,95.817,W,0
8/8/2002,15:57:59,27.234,N,95.821,W,0
8/8/2002,16:00:00,27.23,N,95.825,W,0
8/8/2002,16:01:59,27.226,N,95.829,W,0
8/8/2002,16:04:00,27.221,N,95.834,W,0
8/8/2002,16:06:00,27.217,N,95.838,W,0
8/8/2002,16:07:59,27.213,N,95.842,W,0
8/8/2002,16:09:59,27.208,N,95.846,W,0
8/8/2002,16:12:00,27.204,N,95.85,W,0
8/8/2002,16:14:00,27.2,N,95.854,W,0
8/8/2002,16:15:59,27.195,N,95.859,W,0
8/8/2002,16:17:59,27.191,N,95.863,W,0
8/8/2002,16:20:00,27.187,N,95.867,W,0
8/8/2002,16:22:00,27.182,N,95.871,W,0
8/8/2002,16:23:59,27.178,N,95.875,W,0
8/8/2002,16:25:59,27.174,N,95.879,W,0
8/8/2002,16:28:00,27.169,N,95.883,W,0
8/8/2002,16:30:00,27.165,N,95.888,W,0
8/8/2002,16:31:59,27.161,N,95.892,W,0
8/8/2002,16:34:00,27.156,N,95.896,W,0
8/8/2002,16:36:00,27.152,N,95.9,W,0
8/8/2002,16:37:59,27.148,N,95.904,W,0
8/8/2002,16:39:59,27.143,N,95.908,W,0
8/8/2002,16:42:00,27.139,N,95.912,W,0
8/8/2002,16:44:00,27.135,N,95.917,W,0
8/8/2002,16:45:59,27.13,N,95.921,W,0
8/8/2002,16:47:59,27.126,N,95.925,W,0
8/8/2002,16:50:00,27.121,N,95.929,W,0
8/8/2002,16:52:00,27.117,N,95.933,W,0
8/8/2002,16:53:59,27.113,N,95.937,W,0
8/8/2002,16:55:59,27.108,N,95.941,W,0
8/8/2002,16:58:00,27.104,N,95.945,W,0
8/8/2002,17:00:00,27.099,N,95.95,W,0
8/8/2002,17:01:59,27.095,N,95.954,W,0
8/8/2002,17:04:00,27.091,N,95.958,W,0
8/8/2002,17:06:00,27.086,N,95.962,W,0
8/8/2002,17:07:59,27.082,N,95.966,W,0
8/8/2002,17:09:59,27.077,N,95.97,W,0
8/8/2002,17:12:00,27.073,N,95.974,W,0
8/8/2002,17:14:00,27.069,N,95.978,W,0
8/8/2002,17:15:59,27.064,N,95.982,W,0
8/8/2002,17:17:59,27.06,N,95.987,W,0
8/8/2002,17:20:00,27.055,N,95.991,W,0
8/8/2002,17:22:00,27.051,N,95.995,W,0
8/8/2002,17:23:59,27.047,N,95.999,W,0
8/8/2002,17:25:59,27.042,N,96.003,W,0
8/8/2002,17:28:00,27.038,N,96.007,W,0
8/8/2002,17:30:00,27.033,N,96.011,W,0
8/8/2002,17:31:59,27.029,N,96.015,W,0
8/8/2002,17:34:00,27.024,N,96.019,W,0
8/8/2002,17:36:00,27.02,N,96.023,W,0
8/8/2002,17:37:59,27.016,N,96.028,W,0
8/8/2002,17:39:59,27.011,N,96.032,W,0
8/8/2002,17:42:00,27.007,N,96.036,W,0
8/8/2002,17:44:00,27.002,N,96.04,W,0
8/8/2002,17:45:59,26.998,N,96.044,W,0
8/8/2002,17:47:59,26.994,N,96.048,W,0
8/8/2002,17:50:00,26.989,N,96.052,W,0
8/8/2002,17:52:00,26.985,N,96.056,W,0
8/8/2002,17:53:59,26.98,N,96.06,W,0
8/8/2002,17:55:59,26.976,N,96.064,W,0
8/8/2002,17:58:00,26.971,N,96.069,W,0
8/8/2002,18:00:00,26.967,N,96.073,W,0
8/8/2002,18:01:59,26.962,N,96.077,W,0
8/8/2002,18:03:07,26.96,N,96.079,W,0
8/8/2002,18:05:06,26.96,N,96.086,W,0
8/8/2002,18:07:06,26.96,N,96.093,W,0
8/8/2002,18:09:07,26.961,N,96.099,W,0
8/8/2002,18:11:07,26.961,N,96.106,W,0
8/8/2002,18:13:06,26.961,N,96.113,W,0
8/8/2002,18:15:06,26.961,N,96.12,W,0
8/8/2002,18:17:07,26.962,N,96.127,W,0
8/8/2002,18:19:07,26.962,N,96.133,W,0
8/8/2002,18:19:33,26.962,N,96.135,W,0
8/8/2002,18:21:33,26.97,N,96.141,W,0
8/8/2002,18:23:34,26.98,N,96.147,W,0
8/8/2002,18:25:34,26.993,N,96.152,W,0
8/8/2002,18:27:33,27.008,N,96.157,W,0
8/8/2002,18:29:33,27.024,N,96.162,W,0
8/8/2002,18:31:34,27.041,N,96.167,W,0
8/8/2002,18:33:33,27.057,N,96.171,W,0
8/8/2002,18:35:33,27.074,N,96.176,W,0
8/8/2002,18:37:17,27.087,N,96.179,W,0
8/8/2002,18:39:16,27.086,N,96.182,W,0
8/8/2002,18:41:16,27.085,N,96.185,W,0
8/8/2002,18:43:17,27.084,N,96.189,W,0
8/8/2002,18:45:17,27.084,N,96.192,W,0
8/8/2002,18:47:16,27.083,N,96.195,W,0
8/8/2002,18:49:16,27.082,N,96.198,W,0
8/8/2002,18:51:17,27.081,N,96.201,W,0
8/8/2002,18:53:17,27.08,N,96.205,W,0
8/8/2002,18:55:16,27.079,N,96.208,W,0
8/8/2002,18:57:16,27.078,N,96.211,W,0
8/8/2002,18:59:17,27.078,N,96.214,W,0
8/8/2002,19:01:17,27.077,N,96.217,W,0
8/8/2002,19:02:53,27.076,N,96.22,W,0
8/8/2002,19:04:52,27.075,N,96.223,W,0
8/8/2002,19:06:52,27.074,N,96.225,W,0
8/8/2002,19:08:53,27.073,N,96.228,W,0
8/8/2002,19:10:52,27.072,N,96.23,W,0
8/8/2002,19:12:52,27.071,N,96.233,W,0
8/8/2002,19:14:53,27.071,N,96.235,W,0
8/8/2002,19:16:53,27.07,N,96.238,W,0
8/8/2002,19:18:52,27.069,N,96.24,W,0
8/8/2002,19:20:52,27.068,N,96.243,W,0
8/8/2002,19:22:53,27.067,N,96.245,W,0
8/8/2002,19:24:53,27.066,N,96.248,W,0
8/8/2002,19:26:52,27.065,N,96.25,W,0
8/8/2002,19:28:52,27.064,N,96.253,W,0
8/8/2002,19:30:53,27.063,N,96.255,W,0
8/8/2002,19:32:53,27.063,N,96.258,W,0
8/8/2002,19:34:52,27.062,N,96.26,W,0
8/8/2002,19:36:52,27.061,N,96.263,W,0
8/8/2002,19:38:53,27.06,N,96.265,W,0
8/8/2002,19:40:52,27.059,N,96.268,W,0
8/8/2002,19:42:52,27.058,N,96.27,W,0
8/8/2002,19:44:53,27.057,N,96.273,W,0
8/8/2002,19:46:53,27.056,N,96.275,W,0
8/8/2002,19:48:52,27.056,N,96.278,W,0
8/8/2002,19:50:52,27.055,N,96.28,W,0
8/8/2002,19:52:53,27.054,N,96.283,W,0
8/8/2002,19:54:53,27.053,N,96.285,W,0
8/8/2002,19:56:52,27.052,N,96.288,W,0
8/8/2002,19:58:52,27.051,N,96.29,W,0
8/8/2002,20:00:53,27.051,N,96.293,W,0
8/8/2002,20:02:53,27.05,N,96.295,W,0
8/8/2002,20:04:52,27.049,N,96.298,W,0
8/8/2002,20:06:52,27.048,N,96.3,W,0
8/8/2002,20:08:53,27.047,N,96.303,W,0
8/8/2002,20:10:52,27.046,N,96.305,W,0
8/8/2002,20:12:52,27.046,N,96.308,W,0
8/8/2002,20:14:53,27.045,N,96.31,W,0
8/8/2002,20:16:53,27.044,N,96.313,W,0
8/8/2002,20:18:52,27.043,N,96.315,W,0
8/8/2002,20:20:52,27.042,N,96.318,W,0
8/8/2002,20:22:53,27.042,N,96.32,W,0
8/8/2002,20:24:53,27.041,N,96.323,W,0
8/8/2002,20:26:52,27.04,N,96.325,W,0
8/8/2002,20:28:52,27.039,N,96.328,W,0
8/8/2002,20:30:53,27.038,N,96.33,W,0
8/8/2002,20:32:53,27.038,N,96.333,W,0
8/8/2002,20:34:52,27.037,N,96.336,W,0
8/8/2002,20:36:52,27.036,N,96.338,W,0
8/8/2002,20:38:53,27.035,N,96.341,W,0
8/8/2002,20:40:52,27.035,N,96.343,W,0
8/8/2002,20:42:52,27.034,N,96.346,W,0
8/8/2002,20:44:53,27.033,N,96.348,W,0
8/8/2002,20:46:53,27.032,N,96.351,W,0
8/8/2002,20:48:52,27.032,N,96.353,W,0
8/8/2002,20:50:52,27.031,N,96.356,W,0
8/8/2002,20:52:53,27.03,N,96.358,W,0
8/8/2002,20:54:53,27.029,N,96.361,W,0
8/8/2002,20:56:52,27.029,N,96.363,W,0
8/8/2002,20:58:52,27.028,N,96.366,W,0
8/8/2002,21:00:53,27.027,N,96.368,W,0
8/8/2002,21:02:53,27.027,N,96.371,W,0
8/8/2002,21:04:52,27.026,N,96.373,W,0
8/8/2002,21:06:52,27.025,N,96.376,W,0
8/8/2002,21:08:53,27.025,N,96.379,W,0
8/8/2002,21:10:52,27.024,N,96.381,W,0
8/8/2002,21:12:52,27.023,N,96.384,W,0
8/8/2002,21:14:53,27.023,N,96.386,W,0
8/8/2002,21:16:53,27.022,N,96.389,W,0
8/8/2002,21:18:52,27.021,N,96.391,W,0
8/8/2002,21:20:52,27.021,N,96.394,W,0
8/8/2002,21:22:53,27.02,N,96.396,W,0
8/8/2002,21:24:53,27.019,N,96.399,W,0
8/8/2002,21:26:52,27.019,N,96.401,W,0
8/8/2002,21:28:52,27.018,N,96.404,W,0
8/8/2002,21:30:53,27.018,N,96.407,W,0
8/8/2002,21:32:53,27.017,N,96.409,W,0
8/8/2002,21:34:52,27.017,N,96.412,W,0
8/8/2002,21:36:52,27.016,N,96.414,W,0
8/8/2002,21:38:53,27.015,N,96.417,W,0
8/8/2002,21:40:52,27.015,N,96.419,W,0
8/8/2002,21:42:52,27.014,N,96.422,W,0
8/8/2002,21:44:53,27.014,N,96.424,W,0
8/8/2002,21:46:53,27.013,N,96.427,W,0
8/8/2002,21:48:52,27.013,N,96.429,W,0
8/8/2002,21:50:52,27.012,N,96.432,W,0
8/8/2002,21:52:53,27.012,N,96.435,W,0
8/8/2002,21:54:53,27.011,N,96.437,W,0
8/8/2002,21:56:52,27.011,N,96.44,W,0
8/8/2002,21:58:52,27.01,N,96.442,W,0
8/8/2002,22:00:53,27.01,N,96.445,W,0
8/8/2002,22:02:53,27.009,N,96.447,W,0
8/8/2002,22:04:52,27.009,N,96.45,W,0
8/8/2002,22:06:52,27.008,N,96.453,W,0
8/8/2002,22:08:53,27.008,N,96.455,W,0
8/8/2002,22:10:52,27.007,N,96.458,W,0
8/8/2002,22:12:52,27.007,N,96.46,W,0
8/8/2002,22:14:53,27.007,N,96.463,W,0
8/8/2002,22:16:53,27.006,N,96.465,W,0
8/8/2002,22:18:52,27.006,N,96.468,W,0
8/8/2002,22:20:52,27.005,N,96.471,W,0
8/8/2002,22:22:53,27.005,N,96.473,W,0
8/8/2002,22:24:53,27.005,N,96.476,W,0
8/8/2002,22:26:52,27.004,N,96.478,W,0
8/8/2002,22:28:52,27.004,N,96.481,W,0
8/8/2002,22:30:53,27.004,N,96.483,W,0
8/8/2002,22:32:53,27.003,N,96.486,W,0
8/8/2002,22:34:52,27.003,N,96.489,W,0
8/8/2002,22:36:52,27.003,N,96.491,W,0
8/8/2002,22:38:53,27.002,N,96.494,W,0
8/8/2002,22:40:52,27.002,N,96.496,W,0
8/8/2002,22:42:52,27.002,N,96.499,W,0
8/8/2002,22:44:53,27.002,N,96.502,W,0
8/8/2002,22:46:53,27.001,N,96.504,W,0
8/8/2002,22:48:52,27.001,N,96.507,W,0
8/8/2002,22:50:52,27.001,N,96.509,W,0
8/8/2002,22:52:53,27.001,N,96.512,W,0
8/8/2002,22:54:53,27,N,96.515,W,0
8/8/2002,22:56:52,27,N,96.517,W,0
8/8/2002,22:58:52,27,N,96.52,W,0
8/8/2002,23:00:53,27,N,96.522,W,0
8/8/2002,23:02:53,27,N,96.525,W,0
8/8/2002,23:04:52,26.999,N,96.528,W,0
8/8/2002,23:06:52,26.999,N,96.53,W,0
8/8/2002,23:08:53,26.999,N,96.533,W,0
8/8/2002,23:10:52,26.999,N,96.535,W,0
8/8/2002,23:12:52,26.999,N,96.538,W,0
8/8/2002,23:14:53,26.999,N,96.541,W,0
8/8/2002,23:16:53,26.999,N,96.543,W,0
8/8/2002,23:18:52,26.999,N,96.546,W,0
8/8/2002,23:20:52,26.999,N,96.548,W,0
8/8/2002,23:22:53,26.999,N,96.551,W,0
8/8/2002,23:24:53,26.999,N,96.554,W,0
8/8/2002,23:26:52,26.999,N,96.556,W,0
8/8/2002,23:28:52,26.999,N,96.559,W,0
8/8/2002,23:30:53,26.999,N,96.562,W,0
8/8/2002,23:32:53,26.999,N,96.564,W,0
8/8/2002,23:34:52,26.999,N,96.567,W,0
8/8/2002,23:36:52,26.999,N,96.569,W,0
8/8/2002,23:38:53,26.999,N,96.572,W,0
8/8/2002,23:40:52,26.999,N,96.575,W,0
8/8/2002,23:42:52,26.999,N,96.577,W,0
8/8/2002,23:44:53,26.999,N,96.58,W,0
8/8/2002,23:46:53,26.999,N,96.583,W,0
8/8/2002,23:48:52,26.999,N,96.585,W,0
8/8/2002,23:50:52,26.999,N,96.588,W,0
8/8/2002,23:52:53,26.999,N,96.591,W,0
8/8/2002,23:54:53,27,N,96.593,W,0
8/8/2002,23:56:52,27,N,96.596,W,0
8/8/2002,23:58:52,27,N,96.599,W,0
8/9/2002,0:00:53,27,N,96.601,W,0
8/9/2002,0:02:53,27,N,96.604,W,0
8/9/2002,0:04:52,27.001,N,96.606,W,0
8/9/2002,0:06:52,27.001,N,96.609,W,0
8/9/2002,0:08:53,27.001,N,96.612,W,0
8/9/2002,0:10:52,27.001,N,96.614,W,0
8/9/2002,0:12:52,27.002,N,96.617,W,0
8/9/2002,0:14:53,27.002,N,96.62,W,0
8/9/2002,0:16:53,27.002,N,96.622,W,0
8/9/2002,0:18:52,27.002,N,96.625,W,0
8/9/2002,0:20:52,27.003,N,96.628,W,0
8/9/2002,0:22:53,27.003,N,96.63,W,0
8/9/2002,0:24:53,27.004,N,96.633,W,0
8/9/2002,0:26:52,27.004,N,96.636,W,0
8/9/2002,0:28:52,27.004,N,96.639,W,0
8/9/2002,0:30:53,27.005,N,96.641,W,0
8/9/2002,0:32:53,27.005,N,96.644,W,0
8/9/2002,0:34:52,27.006,N,96.647,W,0
8/9/2002,0:36:52,27.006,N,96.649,W,0
8/9/2002,0:38:53,27.007,N,96.652,W,0
8/9/2002,0:40:52,27.007,N,96.655,W,0
8/9/2002,0:42:52,27.007,N,96.657,W,0
8/9/2002,0:44:53,27.008,N,96.66,W,0
8/9/2002,0:46:53,27.009,N,96.663,W,0
8/9/2002,0:48:52,27.009,N,96.665,W,0
8/9/2002,0:50:52,27.01,N,96.668,W,0
8/9/2002,0:52:53,27.01,N,96.671,W,0
8/9/2002,0:54:53,27.011,N,96.674,W,0
8/9/2002,0:56:52,27.011,N,96.676,W,0
8/9/2002,0:58:52,27.012,N,96.679,W,0
8/9/2002,1:00:53,27.013,N,96.682,W,0
8/9/2002,1:02:53,27.013,N,96.684,W,0
8/9/2002,1:04:52,27.014,N,96.687,W,0
8/9/2002,1:06:52,27.014,N,96.69,W,0
8/9/2002,1:08:53,27.015,N,96.693,W,0
8/9/2002,1:10:52,27.016,N,96.695,W,0
8/9/2002,1:12:52,27.016,N,96.698,W,0
8/9/2002,1:14:53,27.017,N,96.701,W,0
8/9/2002,1:16:53,27.018,N,96.703,W,0
8/9/2002,1:18:52,27.019,N,96.706,W,0
8/9/2002,1:20:52,27.019,N,96.709,W,0
8/9/2002,1:22:53,27.02,N,96.712,W,0
8/9/2002,1:24:53,27.021,N,96.714,W,0
8/9/2002,1:26:52,27.022,N,96.717,W,0
8/9/2002,1:28:52,27.022,N,96.72,W,0
8/9/2002,1:30:53,27.023,N,96.723,W,0
8/9/2002,1:32:53,27.024,N,96.725,W,0
8/9/2002,1:34:52,27.025,N,96.728,W,0
8/9/2002,1:36:52,27.026,N,96.731,W,0
8/9/2002,1:38:53,27.026,N,96.733,W,0
8/9/2002,1:40:52,27.027,N,96.736,W,0
8/9/2002,1:42:52,27.028,N,96.739,W,0
8/9/2002,1:44:53,27.029,N,96.742,W,0
8/9/2002,1:46:53,27.03,N,96.744,W,0
8/9/2002,1:48:52,27.031,N,96.747,W,0
8/9/2002,1:50:52,27.032,N,96.75,W,0
8/9/2002,1:52:53,27.033,N,96.753,W,0
8/9/2002,1:54:53,27.034,N,96.755,W,0
8/9/2002,1:56:52,27.034,N,96.758,W,0
8/9/2002,1:58:52,27.035,N,96.761,W,0
8/9/2002,2:00:53,27.036,N,96.764,W,0
8/9/2002,2:02:53,27.037,N,96.766,W,0
8/9/2002,2:04:52,27.038,N,96.769,W,0
8/9/2002,2:06:52,27.039,N,96.772,W,0
8/9/2002,2:08:53,27.04,N,96.775,W,0
8/9/2002,2:10:52,27.041,N,96.778,W,0
8/9/2002,2:12:52,27.042,N,96.78,W,0
8/9/2002,2:14:53,27.043,N,96.783,W,0
8/9/2002,2:16:53,27.044,N,96.786,W,0
8/9/2002,2:18:52,27.045,N,96.789,W,0
8/9/2002,2:20:52,27.047,N,96.791,W,0
8/9/2002,2:22:53,27.048,N,96.794,W,0
8/9/2002,2:24:53,27.049,N,96.797,W,0
8/9/2002,2:26:52,27.05,N,96.8,W,0
8/9/2002,2:28:52,27.051,N,96.802,W,0
8/9/2002,2:30:53,27.052,N,96.805,W,0
8/9/2002,2:32:53,27.053,N,96.808,W,0
8/9/2002,2:34:52,27.054,N,96.811,W,0
8/9/2002,2:36:52,27.055,N,96.814,W,0
8/9/2002,2:38:53,27.056,N,96.816,W,0
8/9/2002,2:40:52,27.058,N,96.819,W,0
8/9/2002,2:42:52,27.059,N,96.822,W,0
8/9/2002,2:44:53,27.06,N,96.825,W,0
8/9/2002,2:46:53,27.061,N,96.827,W,0
8/9/2002,2:48:52,27.062,N,96.83,W,0
8/9/2002,2:50:52,27.063,N,96.833,W,0
8/9/2002,2:52:53,27.065,N,96.836,W,0
8/9/2002,2:54:53,27.066,N,96.839,W,0
8/9/2002,2:56:52,27.067,N,96.841,W,0
8/9/2002,2:58:52,27.068,N,96.844,W,0
8/9/2002,3:00:53,27.069,N,96.847,W,0
8/9/2002,3:02:53,27.071,N,96.85,W,0
8/9/2002,3:04:52,27.072,N,96.853,W,0
8/9/2002,3:06:52,27.073,N,96.855,W,0
8/9/2002,3:08:53,27.074,N,96.858,W,0
8/9/2002,3:10:52,27.076,N,96.861,W,0
8/9/2002,3:12:52,27.077,N,96.864,W,0
8/9/2002,3:14:53,27.078,N,96.867,W,0
8/9/2002,3:16:53,27.08,N,96.869,W,0
8/9/2002,3:18:52,27.081,N,96.872,W,0
8/9/2002,3:20:52,27.082,N,96.875,W,0
8/9/2002,3:22:53,27.083,N,96.878,W,0
8/9/2002,3:24:53,27.085,N,96.881,W,0
8/9/2002,3:26:52,27.086,N,96.883,W,0
8/9/2002,3:28:52,27.087,N,96.886,W,0
8/9/2002,3:30:53,27.089,N,96.889,W,0
8/9/2002,3:32:53,27.09,N,96.892,W,0
8/9/2002,3:34:52,27.091,N,96.895,W,0
8/9/2002,3:36:52,27.093,N,96.897,W,0
8/9/2002,3:38:53,27.094,N,96.9,W,0
8/9/2002,3:40:52,27.095,N,96.903,W,0
8/9/2002,3:42:52,27.097,N,96.906,W,0
8/9/2002,3:44:53,27.098,N,96.909,W,0
8/9/2002,3:46:53,27.1,N,96.912,W,0
8/9/2002,3:48:52,27.101,N,96.914,W,0
8/9/2002,3:50:52,27.102,N,96.917,W,0
8/9/2002,3:52:53,27.104,N,96.92,W,0
8/9/2002,3:54:53,27.105,N,96.923,W,0
8/9/2002,3:56:52,27.107,N,96.926,W,0
8/9/2002,3:58:52,27.108,N,96.928,W,0
8/9/2002,4:00:53,27.109,N,96.931,W,0
8/9/2002,4:02:53,27.111,N,96.934,W,0
8/9/2002,4:04:52,27.112,N,96.937,W,0
8/9/2002,4:06:52,27.114,N,96.94,W,0
8/9/2002,4:08:53,27.115,N,96.943,W,0
8/9/2002,4:10:52,27.117,N,96.945,W,0
8/9/2002,4:12:52,27.118,N,96.948,W,0
8/9/2002,4:14:53,27.119,N,96.951,W,0
8/9/2002,4:16:53,27.121,N,96.954,W,0
8/9/2002,4:18:52,27.122,N,96.957,W,0
8/9/2002,4:20:52,27.124,N,96.959,W,0
8/9/2002,4:22:53,27.125,N,96.962,W,0
8/9/2002,4:24:53,27.127,N,96.965,W,0
8/9/2002,4:26:52,27.128,N,96.968,W,0
8/9/2002,4:28:52,27.13,N,96.971,W,0
8/9/2002,4:30:53,27.131,N,96.974,W,0
8/9/2002,4:32:53,27.133,N,96.976,W,0
8/9/2002,4:34:52,27.134,N,96.979,W,0
8/9/2002,4:36:52,27.136,N,96.982,W,0
8/9/2002,4:38:53,27.137,N,96.985,W,0
8/9/2002,4:40:52,27.139,N,96.988,W,0
8/9/2002,4:42:52,27.14,N,96.991,W,0
8/9/2002,4:44:53,27.142,N,96.993,W,0
8/9/2002,4:46:53,27.143,N,96.996,W,0
8/9/2002,4:48:52,27.145,N,96.999,W,0
8/9/2002,4:50:52,27.146,N,97.002,W,0
8/9/2002,4:52:53,27.148,N,97.005,W,0
8/9/2002,4:54:53,27.149,N,97.008,W,0
8/9/2002,4:56:52,27.151,N,97.01,W,0
8/9/2002,4:58:52,27.152,N,97.013,W,0
8/9/2002,5:00:53,27.154,N,97.016,W,0
8/9/2002,5:02:53,27.155,N,97.019,W,0
8/9/2002,5:04:52,27.157,N,97.022,W,0
8/9/2002,5:06:52,27.159,N,97.025,W,0
8/9/2002,5:08:53,27.16,N,97.027,W,0
8/9/2002,5:10:52,27.162,N,97.03,W,0
8/9/2002,5:12:52,27.163,N,97.033,W,0
8/9/2002,5:14:53,27.165,N,97.036,W,0
8/9/2002,5:16:53,27.166,N,97.039,W,0
8/9/2002,5:18:52,27.168,N,97.042,W,0
8/9/2002,5:20:52,27.169,N,97.044,W,0
8/9/2002,5:22:53,27.171,N,97.047,W,0
8/9/2002,5:24:53,27.172,N,97.05,W,0
8/9/2002,5:26:52,27.174,N,97.053,W,0
8/9/2002,5:28:52,27.176,N,97.056,W,0
8/9/2002,5:30:53,27.177,N,97.059,W,0
8/9/2002,5:32:53,27.179,N,97.062,W,0
8/9/2002,5:34:52,27.18,N,97.064,W,0
8/9/2002,5:36:52,27.182,N,97.067,W,0
8/9/2002,5:38:53,27.183,N,97.07,W,0
8/9/2002,5:40:52,27.185,N,97.073,W,0
8/9/2002,5:42:52,27.187,N,97.076,W,0
8/9/2002,5:44:53,27.188,N,97.079,W,0
8/9/2002,5:46:53,27.19,N,97.081,W,0
8/9/2002,5:48:52,27.191,N,97.084,W,0
8/9/2002,5:50:52,27.193,N,97.087,W,0
8/9/2002,5:52:53,27.194,N,97.09,W,0
8/9/2002,5:54:53,27.196,N,97.093,W,0
8/9/2002,5:56:52,27.198,N,97.096,W,0
8/9/2002,5:58:52,27.199,N,97.098,W,0
