Track,for,Beryl,2006,,,
Date,Time,(UTC),Latitude,Longitude,,Category
MM/DD/Year,HH:MM:SS,(deg),(deg),,,
7/18/2006,11:53:59,32.305,N,73.399,W,0
7/18/2006,11:56:00,32.304,N,73.4,W,0
7/18/2006,11:57:59,32.302,N,73.4,W,0
7/18/2006,12:00:00,32.3,N,73.4,W,0
7/18/2006,12:02:00,32.298,N,73.4,W,0
7/18/2006,12:03:59,32.296,N,73.4,W,0
7/18/2006,12:06:00,32.295,N,73.401,W,0
7/18/2006,12:07:59,32.293,N,73.401,W,0
7/18/2006,12:10:00,32.291,N,73.401,W,0
7/18/2006,12:11:59,32.289,N,73.401,W,0
7/18/2006,12:14:00,32.287,N,73.401,W,0
7/18/2006,12:15:59,32.286,N,73.401,W,0
7/18/2006,12:18:00,32.284,N,73.402,W,0
7/18/2006,12:19:59,32.282,N,73.402,W,0
7/18/2006,12:22:00,32.28,N,73.402,W,0
7/18/2006,12:23:59,32.279,N,73.402,W,0
7/18/2006,12:26:00,32.277,N,73.402,W,0
7/18/2006,12:27:59,32.275,N,73.403,W,0
7/18/2006,12:30:00,32.273,N,73.403,W,0
7/18/2006,12:32:00,32.272,N,73.403,W,0
7/18/2006,12:33:59,32.27,N,73.403,W,0
7/18/2006,12:36:00,32.268,N,73.403,W,0
7/18/2006,12:37:59,32.267,N,73.403,W,0
7/18/2006,12:40:00,32.265,N,73.404,W,0
7/18/2006,12:41:59,32.263,N,73.404,W,0
7/18/2006,12:44:00,32.262,N,73.404,W,0
7/18/2006,12:45:59,32.26,N,73.404,W,0
7/18/2006,12:48:00,32.259,N,73.404,W,0
7/18/2006,12:49:59,32.257,N,73.404,W,0
7/18/2006,12:52:00,32.255,N,73.405,W,0
7/18/2006,12:53:59,32.254,N,73.405,W,0
7/18/2006,12:56:00,32.252,N,73.405,W,0
7/18/2006,12:57:59,32.251,N,73.405,W,0
7/18/2006,13:00:00,32.25,N,73.405,W,0
7/18/2006,13:02:00,32.248,N,73.405,W,0
7/18/2006,13:03:59,32.247,N,73.405,W,0
7/18/2006,13:06:00,32.245,N,73.406,W,0
7/18/2006,13:07:59,32.244,N,73.406,W,0
7/18/2006,13:10:00,32.243,N,73.406,W,0
7/18/2006,13:11:59,32.242,N,73.406,W,0
7/18/2006,13:14:00,32.24,N,73.406,W,0
7/18/2006,13:15:59,32.239,N,73.406,W,0
7/18/2006,13:18:00,32.238,N,73.406,W,0
7/18/2006,13:19:59,32.237,N,73.406,W,0
7/18/2006,13:22:00,32.236,N,73.406,W,0
7/18/2006,13:23:59,32.235,N,73.407,W,0
7/18/2006,13:26:00,32.234,N,73.407,W,0
7/18/2006,13:27:59,32.233,N,73.407,W,0
7/18/2006,13:30:00,32.232,N,73.407,W,0
7/18/2006,13:32:00,32.231,N,73.407,W,0
7/18/2006,13:33:59,32.23,N,73.407,W,0
7/18/2006,13:36:00,32.229,N,73.407,W,0
7/18/2006,13:37:59,32.228,N,73.407,W,0
7/18/2006,13:40:00,32.227,N,73.407,W,0
7/18/2006,13:41:59,32.227,N,73.407,W,0
7/18/2006,13:44:00,32.226,N,73.407,W,0
7/18/2006,13:45:59,32.226,N,73.407,W,0
7/18/2006,13:48:00,32.225,N,73.407,W,0
7/18/2006,13:49:59,32.224,N,73.407,W,0
7/18/2006,13:52:00,32.224,N,73.407,W,0
7/18/2006,13:53:59,32.224,N,73.408,W,0
7/18/2006,13:56:00,32.223,N,73.408,W,0
7/18/2006,13:57:59,32.223,N,73.408,W,0
7/18/2006,14:00:00,32.223,N,73.408,W,0
7/18/2006,14:02:00,32.222,N,73.408,W,0
7/18/2006,14:03:59,32.222,N,73.408,W,0
7/18/2006,14:06:00,32.222,N,73.408,W,0
7/18/2006,14:07:59,32.222,N,73.408,W,0
7/18/2006,14:10:00,32.222,N,73.408,W,0
7/18/2006,14:11:59,32.222,N,73.407,W,0
7/18/2006,14:14:00,32.222,N,73.407,W,0
7/18/2006,14:15:59,32.222,N,73.407,W,0
7/18/2006,14:18:00,32.222,N,73.407,W,0
7/18/2006,14:19:59,32.223,N,73.407,W,0
7/18/2006,14:22:00,32.223,N,73.407,W,0
7/18/2006,14:23:59,32.224,N,73.407,W,0
7/18/2006,14:26:00,32.224,N,73.407,W,0
7/18/2006,14:27:59,32.225,N,73.407,W,0
7/18/2006,14:30:00,32.225,N,73.407,W,0
7/18/2006,14:32:00,32.226,N,73.407,W,0
7/18/2006,14:33:59,32.227,N,73.407,W,0
7/18/2006,14:36:00,32.227,N,73.407,W,0
7/18/2006,14:37:59,32.228,N,73.406,W,0
7/18/2006,14:40:00,32.229,N,73.406,W,0
7/18/2006,14:41:59,32.23,N,73.406,W,0
7/18/2006,14:44:00,32.231,N,73.406,W,0
7/18/2006,14:45:59,32.232,N,73.406,W,0
7/18/2006,14:48:00,32.234,N,73.406,W,0
7/18/2006,14:49:59,32.235,N,73.406,W,0
7/18/2006,14:52:00,32.236,N,73.405,W,0
7/18/2006,14:53:59,32.238,N,73.405,W,0
7/18/2006,14:56:00,32.239,N,73.405,W,0
7/18/2006,14:57:59,32.241,N,73.405,W,0
7/18/2006,15:00:00,32.242,N,73.405,W,0
7/18/2006,15:02:00,32.244,N,73.404,W,0
7/18/2006,15:03:59,32.246,N,73.404,W,0
7/18/2006,15:06:00,32.248,N,73.404,W,0
7/18/2006,15:07:59,32.25,N,73.404,W,0
7/18/2006,15:10:00,32.252,N,73.403,W,0
7/18/2006,15:11:59,32.254,N,73.403,W,0
7/18/2006,15:14:00,32.256,N,73.403,W,0
7/18/2006,15:15:59,32.259,N,73.402,W,0
7/18/2006,15:18:00,32.261,N,73.402,W,0
7/18/2006,15:19:59,32.263,N,73.402,W,0
7/18/2006,15:22:00,32.266,N,73.402,W,0
7/18/2006,15:23:59,32.269,N,73.401,W,0
7/18/2006,15:26:00,32.271,N,73.401,W,0
7/18/2006,15:27:59,32.274,N,73.401,W,0
7/18/2006,15:30:00,32.277,N,73.4,W,0
7/18/2006,15:32:00,32.28,N,73.4,W,0
7/18/2006,15:33:59,32.283,N,73.399,W,0
7/18/2006,15:36:00,32.287,N,73.399,W,0
7/18/2006,15:37:59,32.29,N,73.399,W,0
7/18/2006,15:40:00,32.293,N,73.398,W,0
7/18/2006,15:41:59,32.297,N,73.398,W,0
7/18/2006,15:44:00,32.3,N,73.397,W,0
7/18/2006,15:45:59,32.304,N,73.397,W,0
7/18/2006,15:48:00,32.308,N,73.396,W,0
7/18/2006,15:49:59,32.312,N,73.396,W,0
7/18/2006,15:52:00,32.316,N,73.395,W,0
7/18/2006,15:53:59,32.32,N,73.395,W,0
7/18/2006,15:56:00,32.324,N,73.394,W,0
7/18/2006,15:57:59,32.328,N,73.394,W,0
7/18/2006,16:00:00,32.333,N,73.393,W,0
7/18/2006,16:01:59,32.337,N,73.393,W,0
7/18/2006,16:04:00,32.342,N,73.392,W,0
7/18/2006,16:06:00,32.346,N,73.392,W,0
7/18/2006,16:07:59,32.351,N,73.391,W,0
7/18/2006,16:09:59,32.356,N,73.391,W,0
7/18/2006,16:12:00,32.361,N,73.39,W,0
7/18/2006,16:14:00,32.366,N,73.389,W,0
7/18/2006,16:15:59,32.371,N,73.389,W,0
7/18/2006,16:17:59,32.377,N,73.388,W,0
7/18/2006,16:20:00,32.382,N,73.387,W,0
7/18/2006,16:22:00,32.388,N,73.387,W,0
7/18/2006,16:23:59,32.394,N,73.386,W,0
7/18/2006,16:25:59,32.399,N,73.385,W,0
7/18/2006,16:28:00,32.405,N,73.385,W,0
7/18/2006,16:30:00,32.411,N,73.384,W,0
7/18/2006,16:31:59,32.417,N,73.383,W,0
7/18/2006,16:34:00,32.423,N,73.382,W,0
7/18/2006,16:36:00,32.43,N,73.382,W,0
7/18/2006,16:37:59,32.436,N,73.381,W,0
7/18/2006,16:39:59,32.443,N,73.38,W,0
7/18/2006,16:42:00,32.449,N,73.379,W,0
7/18/2006,16:44:00,32.456,N,73.379,W,0
7/18/2006,16:45:59,32.463,N,73.378,W,0
7/18/2006,16:47:59,32.469,N,73.377,W,0
7/18/2006,16:50:00,32.476,N,73.376,W,0
7/18/2006,16:52:00,32.483,N,73.375,W,0
7/18/2006,16:53:59,32.491,N,73.374,W,0
7/18/2006,16:55:59,32.498,N,73.374,W,0
7/18/2006,16:58:00,32.505,N,73.373,W,0
7/18/2006,17:00:00,32.512,N,73.372,W,0
7/18/2006,17:01:59,32.52,N,73.371,W,0
7/18/2006,17:04:00,32.528,N,73.37,W,0
7/18/2006,17:06:00,32.535,N,73.369,W,0
7/18/2006,17:07:59,32.543,N,73.368,W,0
7/18/2006,17:09:59,32.551,N,73.367,W,0
7/18/2006,17:12:00,32.559,N,73.366,W,0
7/18/2006,17:14:00,32.567,N,73.365,W,0
7/18/2006,17:15:59,32.575,N,73.364,W,0
7/18/2006,17:17:59,32.583,N,73.363,W,0
7/18/2006,17:20:00,32.591,N,73.362,W,0
7/18/2006,17:22:00,32.6,N,73.361,W,0
7/18/2006,17:23:59,32.608,N,73.36,W,0
7/18/2006,17:25:59,32.616,N,73.359,W,0
7/18/2006,17:28:00,32.625,N,73.358,W,0
7/18/2006,17:30:00,32.634,N,73.357,W,0
7/18/2006,17:31:59,32.642,N,73.356,W,0
7/18/2006,17:34:00,32.651,N,73.355,W,0
7/18/2006,17:36:00,32.66,N,73.354,W,0
7/18/2006,17:37:59,32.669,N,73.353,W,0
7/18/2006,17:39:59,32.678,N,73.352,W,0
7/18/2006,17:42:00,32.687,N,73.351,W,0
7/18/2006,17:44:00,32.696,N,73.35,W,0
7/18/2006,17:45:59,32.705,N,73.349,W,0
7/18/2006,17:47:59,32.715,N,73.348,W,0
7/18/2006,17:50:00,32.724,N,73.347,W,0
7/18/2006,17:52:00,32.734,N,73.346,W,0
7/18/2006,17:53:59,32.743,N,73.344,W,0
7/18/2006,17:55:59,32.753,N,73.343,W,0
7/18/2006,17:58:00,32.762,N,73.342,W,0
7/18/2006,18:00:00,32.772,N,73.341,W,0
7/18/2006,18:01:59,32.782,N,73.34,W,0
7/18/2006,18:04:00,32.791,N,73.339,W,0
7/18/2006,18:06:00,32.801,N,73.338,W,0
7/18/2006,18:07:59,32.811,N,73.336,W,0
7/18/2006,18:09:59,32.821,N,73.335,W,0
7/18/2006,18:12:00,32.831,N,73.334,W,0
7/18/2006,18:14:00,32.841,N,73.333,W,0
7/18/2006,18:15:59,32.851,N,73.332,W,0
7/18/2006,18:17:59,32.862,N,73.33,W,0
7/18/2006,18:20:00,32.872,N,73.329,W,0
7/18/2006,18:22:00,32.882,N,73.328,W,0
7/18/2006,18:23:59,32.893,N,73.327,W,0
7/18/2006,18:25:59,32.903,N,73.325,W,0
7/18/2006,18:28:00,32.914,N,73.324,W,0
7/18/2006,18:30:00,32.924,N,73.323,W,0
7/18/2006,18:31:59,32.935,N,73.322,W,0
7/18/2006,18:34:00,32.945,N,73.321,W,0
7/18/2006,18:36:00,32.956,N,73.319,W,0
7/18/2006,18:37:59,32.967,N,73.318,W,0
7/18/2006,18:39:59,32.977,N,73.317,W,0
7/18/2006,18:42:00,32.988,N,73.315,W,0
7/18/2006,18:44:00,32.999,N,73.314,W,0
7/18/2006,18:45:59,33.01,N,73.313,W,0
7/18/2006,18:47:59,33.021,N,73.312,W,0
7/18/2006,18:50:00,33.032,N,73.31,W,0
7/18/2006,18:52:00,33.043,N,73.309,W,0
7/18/2006,18:53:59,33.054,N,73.308,W,0
7/18/2006,18:55:59,33.065,N,73.306,W,0
7/18/2006,18:58:00,33.076,N,73.305,W,0
7/18/2006,19:00:00,33.087,N,73.304,W,0
7/18/2006,19:01:59,33.099,N,73.302,W,0
7/18/2006,19:04:00,33.11,N,73.301,W,0
7/18/2006,19:06:00,33.121,N,73.3,W,0
7/18/2006,19:07:59,33.132,N,73.298,W,0
7/18/2006,19:09:59,33.144,N,73.297,W,0
7/18/2006,19:12:00,33.155,N,73.296,W,0
7/18/2006,19:14:00,33.167,N,73.294,W,0
7/18/2006,19:15:59,33.178,N,73.293,W,0
7/18/2006,19:17:59,33.189,N,73.292,W,0
7/18/2006,19:18:57,33.195,N,73.291,W,0
7/18/2006,19:20:58,33.206,N,73.29,W,0
7/18/2006,19:22:58,33.216,N,73.289,W,0
7/18/2006,19:24:57,33.226,N,73.288,W,0
7/18/2006,19:26:57,33.236,N,73.287,W,0
7/18/2006,19:28:58,33.246,N,73.286,W,0
7/18/2006,19:30:58,33.255,N,73.285,W,0
7/18/2006,19:32:57,33.264,N,73.284,W,0
7/18/2006,19:34:57,33.273,N,73.283,W,0
7/18/2006,19:36:58,33.281,N,73.283,W,0
7/18/2006,19:38:58,33.289,N,73.282,W,0
7/18/2006,19:40:57,33.297,N,73.281,W,0
7/18/2006,19:42:57,33.304,N,73.281,W,0
7/18/2006,19:44:58,33.311,N,73.281,W,0
7/18/2006,19:46:58,33.317,N,73.281,W,0
7/18/2006,19:48:57,33.323,N,73.28,W,0
7/18/2006,19:50:58,33.329,N,73.28,W,0
7/18/2006,19:52:58,33.333,N,73.281,W,0
7/18/2006,19:54:57,33.338,N,73.281,W,0
7/18/2006,19:56:57,33.341,N,73.281,W,0
7/18/2006,19:58:58,33.345,N,73.282,W,0
7/18/2006,20:00:58,33.347,N,73.282,W,0
7/18/2006,20:02:57,33.349,N,73.283,W,0
7/18/2006,20:04:57,33.351,N,73.284,W,0
7/18/2006,20:06:58,33.351,N,73.285,W,0
7/18/2006,20:08:58,33.351,N,73.286,W,0
7/18/2006,20:10:57,33.351,N,73.287,W,0
7/18/2006,20:12:57,33.35,N,73.289,W,0
7/18/2006,20:14:58,33.348,N,73.291,W,0
7/18/2006,20:16:58,33.345,N,73.292,W,0
7/18/2006,20:18:57,33.342,N,73.294,W,0
7/18/2006,20:20:58,33.338,N,73.296,W,0
7/18/2006,20:22:58,33.334,N,73.298,W,0
7/18/2006,20:23:37,33.333,N,73.299,W,0
7/18/2006,20:25:37,33.338,N,73.299,W,0
7/18/2006,20:27:36,33.342,N,73.299,W,0
7/18/2006,20:29:36,33.347,N,73.299,W,0
7/18/2006,20:31:37,33.351,N,73.299,W,0
7/18/2006,20:33:37,33.356,N,73.299,W,0
7/18/2006,20:35:36,33.36,N,73.3,W,0
7/18/2006,20:37:36,33.365,N,73.3,W,0
7/18/2006,20:39:37,33.37,N,73.3,W,0
7/18/2006,20:41:37,33.375,N,73.3,W,0
7/18/2006,20:43:36,33.379,N,73.3,W,0
7/18/2006,20:45:37,33.384,N,73.3,W,0
7/18/2006,20:47:37,33.389,N,73.3,W,0
7/18/2006,20:49:36,33.394,N,73.299,W,0
7/18/2006,20:51:36,33.399,N,73.299,W,0
7/18/2006,20:53:37,33.404,N,73.299,W,0
7/18/2006,20:55:37,33.409,N,73.299,W,0
7/18/2006,20:57:36,33.413,N,73.299,W,0
7/18/2006,20:59:36,33.419,N,73.299,W,0
7/18/2006,21:01:37,33.424,N,73.299,W,0
7/18/2006,21:03:37,33.429,N,73.299,W,0
7/18/2006,21:05:36,33.434,N,73.298,W,0
7/18/2006,21:07:36,33.439,N,73.298,W,0
7/18/2006,21:09:37,33.444,N,73.298,W,0
7/18/2006,21:11:37,33.449,N,73.298,W,0
7/18/2006,21:13:36,33.455,N,73.298,W,0
7/18/2006,21:15:37,33.46,N,73.297,W,0
7/18/2006,21:17:37,33.465,N,73.297,W,0
7/18/2006,21:19:36,33.471,N,73.297,W,0
7/18/2006,21:21:36,33.476,N,73.296,W,0
7/18/2006,21:23:37,33.482,N,73.296,W,0
7/18/2006,21:25:37,33.487,N,73.295,W,0
7/18/2006,21:27:36,33.493,N,73.295,W,0
7/18/2006,21:29:36,33.498,N,73.295,W,0
7/18/2006,21:31:37,33.504,N,73.294,W,0
7/18/2006,21:33:37,33.51,N,73.294,W,0
7/18/2006,21:35:36,33.515,N,73.293,W,0
7/18/2006,21:37:36,33.521,N,73.293,W,0
7/18/2006,21:39:37,33.527,N,73.292,W,0
7/18/2006,21:41:37,33.533,N,73.291,W,0
7/18/2006,21:43:36,33.539,N,73.291,W,0
7/18/2006,21:45:37,33.545,N,73.29,W,0
7/18/2006,21:47:37,33.551,N,73.29,W,0
7/18/2006,21:49:36,33.557,N,73.289,W,0
7/18/2006,21:51:36,33.563,N,73.288,W,0
7/18/2006,21:53:37,33.569,N,73.288,W,0
7/18/2006,21:55:37,33.575,N,73.287,W,0
7/18/2006,21:57:36,33.581,N,73.286,W,0
7/18/2006,21:59:36,33.588,N,73.285,W,0
7/18/2006,22:01:37,33.594,N,73.285,W,0
7/18/2006,22:03:37,33.6,N,73.284,W,0
7/18/2006,22:05:36,33.606,N,73.283,W,0
7/18/2006,22:07:36,33.613,N,73.282,W,0
7/18/2006,22:09:37,33.619,N,73.282,W,0
7/18/2006,22:11:37,33.625,N,73.281,W,0
7/18/2006,22:13:36,33.632,N,73.28,W,0
7/18/2006,22:15:37,33.638,N,73.279,W,0
7/18/2006,22:17:37,33.644,N,73.279,W,0
7/18/2006,22:19:36,33.651,N,73.278,W,0
7/18/2006,22:21:36,33.657,N,73.277,W,0
7/18/2006,22:23:37,33.663,N,73.277,W,0
7/18/2006,22:25:37,33.67,N,73.276,W,0
7/18/2006,22:27:36,33.676,N,73.275,W,0
7/18/2006,22:29:36,33.683,N,73.275,W,0
7/18/2006,22:31:18,33.688,N,73.274,W,0
7/18/2006,22:33:18,33.693,N,73.274,W,0
7/18/2006,22:35:17,33.698,N,73.275,W,0
7/18/2006,22:37:17,33.703,N,73.275,W,0
7/18/2006,22:39:18,33.708,N,73.276,W,0
7/18/2006,22:41:18,33.713,N,73.276,W,0
7/18/2006,22:43:17,33.717,N,73.277,W,0
7/18/2006,22:45:17,33.722,N,73.277,W,0
7/18/2006,22:47:18,33.727,N,73.278,W,0
7/18/2006,22:49:18,33.732,N,73.278,W,0
7/18/2006,22:51:17,33.736,N,73.279,W,0
7/18/2006,22:53:18,33.741,N,73.28,W,0
7/18/2006,22:55:18,33.746,N,73.281,W,0
7/18/2006,22:57:17,33.75,N,73.281,W,0
7/18/2006,22:59:17,33.755,N,73.282,W,0
7/18/2006,23:01:18,33.759,N,73.283,W,0
7/18/2006,23:03:18,33.764,N,73.284,W,0
7/18/2006,23:05:17,33.768,N,73.285,W,0
7/18/2006,23:07:17,33.773,N,73.286,W,0
7/18/2006,23:09:18,33.777,N,73.287,W,0
7/18/2006,23:11:18,33.782,N,73.288,W,0
7/18/2006,23:13:17,33.786,N,73.289,W,0
7/18/2006,23:15:17,33.79,N,73.291,W,0
7/18/2006,23:17:18,33.795,N,73.292,W,0
7/18/2006,23:19:18,33.799,N,73.293,W,0
7/18/2006,23:21:17,33.803,N,73.294,W,0
7/18/2006,23:23:18,33.807,N,73.296,W,0
7/18/2006,23:25:18,33.811,N,73.297,W,0
7/18/2006,23:27:17,33.815,N,73.299,W,0
7/18/2006,23:29:17,33.819,N,73.3,W,0
7/18/2006,23:31:18,33.823,N,73.302,W,0
7/18/2006,23:33:18,33.827,N,73.303,W,0
7/18/2006,23:35:17,33.831,N,73.305,W,0
7/18/2006,23:37:17,33.835,N,73.307,W,0
7/18/2006,23:39:18,33.839,N,73.309,W,0
7/18/2006,23:41:18,33.843,N,73.31,W,0
7/18/2006,23:43:17,33.846,N,73.312,W,0
7/18/2006,23:45:17,33.85,N,73.314,W,0
7/18/2006,23:47:18,33.854,N,73.316,W,0
7/18/2006,23:49:18,33.857,N,73.318,W,0
7/18/2006,23:51:17,33.861,N,73.32,W,0
7/18/2006,23:53:18,33.865,N,73.322,W,0
7/18/2006,23:55:18,33.868,N,73.324,W,0
7/18/2006,23:57:17,33.872,N,73.327,W,0
7/18/2006,23:59:17,33.875,N,73.329,W,0
7/19/2006,0:01:18,33.878,N,73.331,W,0
7/19/2006,0:03:18,33.882,N,73.333,W,0
7/19/2006,0:05:17,33.885,N,73.336,W,0
7/19/2006,0:07:17,33.889,N,73.338,W,0
7/19/2006,0:09:18,33.892,N,73.341,W,0
7/19/2006,0:11:18,33.895,N,73.343,W,0
7/19/2006,0:13:17,33.898,N,73.346,W,0
7/19/2006,0:15:17,33.902,N,73.348,W,0
7/19/2006,0:17:18,33.905,N,73.351,W,0
7/19/2006,0:19:18,33.908,N,73.353,W,0
7/19/2006,0:21:17,33.911,N,73.356,W,0
7/19/2006,0:23:18,33.914,N,73.359,W,0
7/19/2006,0:25:18,33.917,N,73.361,W,0
7/19/2006,0:27:17,33.92,N,73.364,W,0
7/19/2006,0:29:17,33.923,N,73.367,W,0
7/19/2006,0:31:18,33.926,N,73.37,W,0
7/19/2006,0:33:18,33.929,N,73.373,W,0
7/19/2006,0:35:17,33.932,N,73.376,W,0
7/19/2006,0:37:17,33.935,N,73.378,W,0
7/19/2006,0:39:18,33.938,N,73.381,W,0
7/19/2006,0:41:18,33.941,N,73.384,W,0
7/19/2006,0:43:17,33.944,N,73.387,W,0
7/19/2006,0:45:17,33.947,N,73.39,W,0
7/19/2006,0:47:18,33.949,N,73.393,W,0
7/19/2006,0:49:18,33.952,N,73.396,W,0
7/19/2006,0:51:17,33.955,N,73.4,W,0
7/19/2006,0:53:18,33.958,N,73.403,W,0
7/19/2006,0:55:18,33.961,N,73.406,W,0
7/19/2006,0:57:17,33.963,N,73.409,W,0
7/19/2006,0:59:17,33.966,N,73.412,W,0
7/19/2006,1:01:18,33.969,N,73.415,W,0
7/19/2006,1:03:18,33.971,N,73.418,W,0
7/19/2006,1:05:17,33.974,N,73.422,W,0
7/19/2006,1:07:17,33.977,N,73.425,W,0
7/19/2006,1:09:18,33.979,N,73.428,W,0
7/19/2006,1:11:18,33.982,N,73.431,W,0
7/19/2006,1:13:17,33.985,N,73.435,W,0
7/19/2006,1:15:17,33.987,N,73.438,W,0
7/19/2006,1:17:18,33.99,N,73.441,W,0
7/19/2006,1:19:18,33.993,N,73.445,W,0
7/19/2006,1:21:17,33.995,N,73.448,W,0
7/19/2006,1:23:18,33.998,N,73.451,W,0
7/19/2006,1:25:18,34,N,73.455,W,0
7/19/2006,1:27:17,34.003,N,73.458,W,0
7/19/2006,1:29:17,34.005,N,73.461,W,0
7/19/2006,1:31:18,34.008,N,73.465,W,0
7/19/2006,1:33:18,34.011,N,73.468,W,0
7/19/2006,1:35:17,34.013,N,73.471,W,0
7/19/2006,1:37:17,34.016,N,73.475,W,0
7/19/2006,1:39:18,34.018,N,73.478,W,0
7/19/2006,1:41:18,34.021,N,73.482,W,0
7/19/2006,1:43:17,34.023,N,73.485,W,0
7/19/2006,1:45:17,34.026,N,73.488,W,0
7/19/2006,1:47:18,34.028,N,73.492,W,0
7/19/2006,1:49:18,34.031,N,73.495,W,0
7/19/2006,1:51:17,34.033,N,73.499,W,0
7/19/2006,1:53:18,34.036,N,73.502,W,0
7/19/2006,1:55:18,34.039,N,73.505,W,0
7/19/2006,1:57:17,34.041,N,73.509,W,0
7/19/2006,1:59:17,34.044,N,73.512,W,0
7/19/2006,2:01:18,34.046,N,73.516,W,0
7/19/2006,2:03:18,34.049,N,73.519,W,0
7/19/2006,2:05:17,34.051,N,73.522,W,0
7/19/2006,2:07:17,34.054,N,73.526,W,0
7/19/2006,2:09:18,34.057,N,73.529,W,0
7/19/2006,2:11:18,34.059,N,73.532,W,0
7/19/2006,2:13:17,34.062,N,73.536,W,0
7/19/2006,2:15:17,34.064,N,73.539,W,0
7/19/2006,2:15:50,34.065,N,73.54,W,0
7/19/2006,2:17:49,34.068,N,73.544,W,0
7/19/2006,2:19:49,34.071,N,73.548,W,0
7/19/2006,2:21:50,34.074,N,73.552,W,0
7/19/2006,2:23:50,34.078,N,73.556,W,0
7/19/2006,2:25:49,34.081,N,73.559,W,0
7/19/2006,2:27:49,34.084,N,73.563,W,0
7/19/2006,2:29:50,34.087,N,73.567,W,0
7/19/2006,2:31:50,34.09,N,73.571,W,0
7/19/2006,2:33:49,34.093,N,73.575,W,0
7/19/2006,2:35:49,34.096,N,73.579,W,0
7/19/2006,2:37:50,34.099,N,73.583,W,0
7/19/2006,2:39:50,34.102,N,73.587,W,0
7/19/2006,2:41:49,34.106,N,73.591,W,0
7/19/2006,2:43:50,34.109,N,73.595,W,0
7/19/2006,2:45:50,34.112,N,73.599,W,0
7/19/2006,2:47:49,34.115,N,73.603,W,0
7/19/2006,2:49:49,34.118,N,73.607,W,0
7/19/2006,2:51:50,34.121,N,73.611,W,0
7/19/2006,2:53:50,34.124,N,73.615,W,0
7/19/2006,2:55:49,34.127,N,73.619,W,0
7/19/2006,2:57:49,34.131,N,73.623,W,0
7/19/2006,2:59:50,34.134,N,73.627,W,0
7/19/2006,3:01:50,34.137,N,73.63,W,0
7/19/2006,3:03:49,34.14,N,73.634,W,0
7/19/2006,3:05:49,34.143,N,73.638,W,0
7/19/2006,3:07:50,34.146,N,73.642,W,0
7/19/2006,3:09:50,34.149,N,73.646,W,0
7/19/2006,3:11:49,34.152,N,73.65,W,0
7/19/2006,3:13:50,34.156,N,73.654,W,0
7/19/2006,3:15:50,34.159,N,73.657,W,0
7/19/2006,3:17:49,34.162,N,73.661,W,0
7/19/2006,3:19:49,34.165,N,73.665,W,0
7/19/2006,3:21:50,34.168,N,73.669,W,0
7/19/2006,3:23:50,34.171,N,73.673,W,0
7/19/2006,3:25:49,34.175,N,73.676,W,0
7/19/2006,3:27:49,34.178,N,73.68,W,0
7/19/2006,3:29:50,34.181,N,73.684,W,0
7/19/2006,3:31:50,34.184,N,73.687,W,0
7/19/2006,3:33:49,34.187,N,73.691,W,0
7/19/2006,3:35:49,34.19,N,73.694,W,0
7/19/2006,3:37:50,34.194,N,73.698,W,0
7/19/2006,3:39:50,34.197,N,73.701,W,0
7/19/2006,3:41:49,34.2,N,73.705,W,0
7/19/2006,3:43:50,34.203,N,73.708,W,0
7/19/2006,3:45:50,34.206,N,73.712,W,0
7/19/2006,3:47:49,34.21,N,73.715,W,0
7/19/2006,3:49:49,34.213,N,73.718,W,0
7/19/2006,3:51:50,34.216,N,73.722,W,0
7/19/2006,3:53:50,34.219,N,73.725,W,0
7/19/2006,3:55:49,34.222,N,73.728,W,0
7/19/2006,3:57:49,34.226,N,73.731,W,0
7/19/2006,3:59:50,34.229,N,73.734,W,0
7/19/2006,4:01:50,34.232,N,73.737,W,0
7/19/2006,4:03:49,34.235,N,73.74,W,0
7/19/2006,4:05:49,34.239,N,73.743,W,0
7/19/2006,4:07:50,34.242,N,73.746,W,0
7/19/2006,4:09:50,34.245,N,73.749,W,0
7/19/2006,4:11:49,34.249,N,73.752,W,0
7/19/2006,4:13:50,34.252,N,73.755,W,0
7/19/2006,4:15:50,34.255,N,73.757,W,0
7/19/2006,4:17:49,34.258,N,73.76,W,0
7/19/2006,4:19:49,34.262,N,73.763,W,0
7/19/2006,4:21:50,34.265,N,73.765,W,0
7/19/2006,4:23:50,34.268,N,73.768,W,0
7/19/2006,4:25:49,34.272,N,73.77,W,0
7/19/2006,4:27:49,34.275,N,73.772,W,0
7/19/2006,4:29:50,34.279,N,73.775,W,0
7/19/2006,4:31:50,34.282,N,73.777,W,0
7/19/2006,4:33:49,34.285,N,73.779,W,0
7/19/2006,4:35:49,34.289,N,73.781,W,0
7/19/2006,4:37:50,34.292,N,73.783,W,0
7/19/2006,4:39:50,34.296,N,73.785,W,0
7/19/2006,4:41:49,34.299,N,73.787,W,0
7/19/2006,4:43:50,34.302,N,73.789,W,0
7/19/2006,4:45:50,34.306,N,73.791,W,0
7/19/2006,4:47:49,34.309,N,73.792,W,0
7/19/2006,4:49:49,34.313,N,73.794,W,0
7/19/2006,4:51:50,34.316,N,73.795,W,0
7/19/2006,4:53:50,34.32,N,73.797,W,0
7/19/2006,4:55:49,34.323,N,73.798,W,0
7/19/2006,4:57:49,34.327,N,73.8,W,0
7/19/2006,4:59:50,34.33,N,73.801,W,0
7/19/2006,5:01:50,34.334,N,73.802,W,0
7/19/2006,5:03:49,34.337,N,73.803,W,0
7/19/2006,5:05:49,34.341,N,73.804,W,0
7/19/2006,5:07:50,34.344,N,73.805,W,0
7/19/2006,5:09:50,34.348,N,73.806,W,0
7/19/2006,5:11:49,34.352,N,73.807,W,0
7/19/2006,5:13:50,34.355,N,73.808,W,0
7/19/2006,5:15:50,34.359,N,73.809,W,0
7/19/2006,5:17:49,34.362,N,73.81,W,0
7/19/2006,5:19:49,34.366,N,73.81,W,0
7/19/2006,5:21:50,34.37,N,73.811,W,0
7/19/2006,5:23:50,34.373,N,73.811,W,0
7/19/2006,5:25:49,34.377,N,73.812,W,0
7/19/2006,5:27:49,34.381,N,73.812,W,0
7/19/2006,5:29:50,34.384,N,73.813,W,0
7/19/2006,5:31:50,34.388,N,73.813,W,0
7/19/2006,5:33:49,34.392,N,73.813,W,0
7/19/2006,5:35:49,34.395,N,73.813,W,0
7/19/2006,5:37:50,34.399,N,73.814,W,0
7/19/2006,5:39:50,34.403,N,73.814,W,0
7/19/2006,5:41:49,34.406,N,73.814,W,0
7/19/2006,5:43:50,34.41,N,73.814,W,0
7/19/2006,5:45:50,34.414,N,73.814,W,0
7/19/2006,5:47:49,34.417,N,73.814,W,0
7/19/2006,5:49:49,34.421,N,73.813,W,0
7/19/2006,5:51:50,34.425,N,73.813,W,0
7/19/2006,5:53:50,34.429,N,73.813,W,0
7/19/2006,5:55:49,34.432,N,73.813,W,0
7/19/2006,5:57:49,34.436,N,73.812,W,0
7/19/2006,5:59:50,34.44,N,73.812,W,0
7/19/2006,6:00:23,34.441,N,73.812,W,0
7/19/2006,6:02:24,34.445,N,73.811,W,0
7/19/2006,6:04:24,34.448,N,73.811,W,0
7/19/2006,6:06:23,34.452,N,73.81,W,0
7/19/2006,6:08:23,34.456,N,73.81,W,0
7/19/2006,6:10:24,34.46,N,73.809,W,0
7/19/2006,6:12:24,34.463,N,73.808,W,0
7/19/2006,6:14:23,34.467,N,73.807,W,0
7/19/2006,6:16:23,34.471,N,73.807,W,0
7/19/2006,6:18:24,34.475,N,73.806,W,0
7/19/2006,6:20:24,34.478,N,73.805,W,0
7/19/2006,6:22:23,34.482,N,73.804,W,0
7/19/2006,6:24:23,34.486,N,73.803,W,0
7/19/2006,6:26:24,34.49,N,73.802,W,0
7/19/2006,6:28:24,34.494,N,73.801,W,0
7/19/2006,6:30:23,34.497,N,73.8,W,0
7/19/2006,6:32:24,34.501,N,73.799,W,0
7/19/2006,6:34:24,34.505,N,73.798,W,0
7/19/2006,6:36:23,34.509,N,73.797,W,0
7/19/2006,6:38:23,34.513,N,73.796,W,0
7/19/2006,6:40:24,34.517,N,73.795,W,0
7/19/2006,6:42:24,34.52,N,73.793,W,0
7/19/2006,6:44:23,34.524,N,73.792,W,0
7/19/2006,6:46:23,34.528,N,73.791,W,0
7/19/2006,6:48:24,34.532,N,73.79,W,0
7/19/2006,6:50:24,34.536,N,73.789,W,0
7/19/2006,6:52:23,34.54,N,73.787,W,0
7/19/2006,6:54:23,34.544,N,73.786,W,0
7/19/2006,6:56:24,34.548,N,73.785,W,0
7/19/2006,6:58:24,34.552,N,73.784,W,0
7/19/2006,7:00:23,34.555,N,73.782,W,0
7/19/2006,7:02:24,34.559,N,73.781,W,0
7/19/2006,7:04:24,34.563,N,73.78,W,0
7/19/2006,7:06:23,34.567,N,73.778,W,0
7/19/2006,7:08:23,34.571,N,73.777,W,0
7/19/2006,7:10:24,34.575,N,73.776,W,0
7/19/2006,7:12:24,34.579,N,73.774,W,0
7/19/2006,7:14:23,34.583,N,73.773,W,0
7/19/2006,7:16:23,34.587,N,73.771,W,0
7/19/2006,7:18:24,34.591,N,73.77,W,0
7/19/2006,7:20:24,34.595,N,73.769,W,0
7/19/2006,7:22:23,34.599,N,73.767,W,0
7/19/2006,7:24:23,34.603,N,73.766,W,0
7/19/2006,7:26:24,34.607,N,73.765,W,0
7/19/2006,7:28:24,34.611,N,73.763,W,0
7/19/2006,7:30:23,34.615,N,73.762,W,0
7/19/2006,7:32:24,34.619,N,73.76,W,0
7/19/2006,7:34:24,34.623,N,73.759,W,0
7/19/2006,7:36:23,34.627,N,73.758,W,0
7/19/2006,7:38:23,34.631,N,73.756,W,0
7/19/2006,7:40:24,34.635,N,73.755,W,0
7/19/2006,7:42:24,34.639,N,73.753,W,0
7/19/2006,7:44:23,34.643,N,73.752,W,0
7/19/2006,7:46:23,34.647,N,73.751,W,0
7/19/2006,7:48:24,34.651,N,73.749,W,0
7/19/2006,7:50:00,34.654,N,73.748,W,0
7/19/2006,7:52:01,34.658,N,73.747,W,0
7/19/2006,7:54:01,34.662,N,73.745,W,0
7/19/2006,7:56:00,34.666,N,73.744,W,0
7/19/2006,7:58:00,34.67,N,73.742,W,0
7/19/2006,8:00:01,34.674,N,73.741,W,0
7/19/2006,8:02:01,34.678,N,73.739,W,0
7/19/2006,8:04:00,34.682,N,73.737,W,0
7/19/2006,8:06:00,34.686,N,73.736,W,0
7/19/2006,8:08:00,34.69,N,73.734,W,0
7/19/2006,8:10:00,34.694,N,73.733,W,0
7/19/2006,8:12:01,34.698,N,73.731,W,0
7/19/2006,8:14:01,34.702,N,73.73,W,0
7/19/2006,8:16:01,34.706,N,73.728,W,0
7/19/2006,8:18:00,34.71,N,73.726,W,0
7/19/2006,8:20:00,34.714,N,73.725,W,0
7/19/2006,8:22:00,34.718,N,73.723,W,0
7/19/2006,8:24:00,34.722,N,73.722,W,0
7/19/2006,8:26:01,34.726,N,73.72,W,0
7/19/2006,8:28:01,34.73,N,73.718,W,0
7/19/2006,8:30:01,34.734,N,73.717,W,0
7/19/2006,8:32:01,34.738,N,73.715,W,0
7/19/2006,8:34:00,34.742,N,73.713,W,0
7/19/2006,8:36:00,34.746,N,73.712,W,0
7/19/2006,8:38:00,34.75,N,73.71,W,0
7/19/2006,8:40:00,34.755,N,73.709,W,0
7/19/2006,8:42:01,34.759,N,73.707,W,0
7/19/2006,8:44:01,34.763,N,73.705,W,0
7/19/2006,8:46:01,34.767,N,73.704,W,0
7/19/2006,8:48:00,34.771,N,73.702,W,0
7/19/2006,8:50:00,34.775,N,73.701,W,0
7/19/2006,8:52:00,34.779,N,73.699,W,0
7/19/2006,8:54:00,34.783,N,73.697,W,0
7/19/2006,8:56:01,34.787,N,73.696,W,0
7/19/2006,8:58:01,34.791,N,73.694,W,0
7/19/2006,9:00:01,34.796,N,73.693,W,0
7/19/2006,9:02:01,34.8,N,73.691,W,0
7/19/2006,9:04:00,34.804,N,73.69,W,0
7/19/2006,9:06:00,34.808,N,73.688,W,0
7/19/2006,9:08:00,34.812,N,73.687,W,0
7/19/2006,9:10:00,34.816,N,73.685,W,0
7/19/2006,9:12:01,34.821,N,73.684,W,0
7/19/2006,9:14:01,34.825,N,73.683,W,0
7/19/2006,9:16:01,34.829,N,73.681,W,0
7/19/2006,9:18:00,34.833,N,73.68,W,0
7/19/2006,9:20:00,34.837,N,73.678,W,0
7/19/2006,9:22:00,34.842,N,73.677,W,0
7/19/2006,9:24:00,34.846,N,73.676,W,0
7/19/2006,9:26:01,34.85,N,73.674,W,0
7/19/2006,9:28:01,34.854,N,73.673,W,0
7/19/2006,9:30:01,34.858,N,73.672,W,0
7/19/2006,9:32:01,34.863,N,73.671,W,0
7/19/2006,9:34:00,34.867,N,73.669,W,0
7/19/2006,9:36:00,34.871,N,73.668,W,0
7/19/2006,9:38:00,34.875,N,73.667,W,0
7/19/2006,9:40:00,34.88,N,73.666,W,0
7/19/2006,9:42:01,34.884,N,73.665,W,0
7/19/2006,9:44:01,34.888,N,73.664,W,0
7/19/2006,9:46:01,34.893,N,73.663,W,0
7/19/2006,9:48:00,34.897,N,73.662,W,0
7/19/2006,9:50:00,34.901,N,73.661,W,0
7/19/2006,9:52:00,34.906,N,73.66,W,0
7/19/2006,9:54:00,34.91,N,73.659,W,0
7/19/2006,9:56:01,34.914,N,73.658,W,0
7/19/2006,9:57:46,34.918,N,73.657,W,0
7/19/2006,9:59:46,34.922,N,73.656,W,0
7/19/2006,10:01:47,34.927,N,73.655,W,0
7/19/2006,10:03:47,34.931,N,73.654,W,0
7/19/2006,10:05:47,34.935,N,73.653,W,0
7/19/2006,10:07:47,34.939,N,73.652,W,0
7/19/2006,10:09:46,34.944,N,73.651,W,0
7/19/2006,10:11:46,34.948,N,73.65,W,0
7/19/2006,10:13:46,34.952,N,73.649,W,0
7/19/2006,10:15:46,34.957,N,73.648,W,0
7/19/2006,10:17:47,34.961,N,73.647,W,0
7/19/2006,10:19:47,34.965,N,73.647,W,0
7/19/2006,10:21:47,34.97,N,73.646,W,0
7/19/2006,10:23:47,34.974,N,73.645,W,0
7/19/2006,10:25:46,34.978,N,73.644,W,0
7/19/2006,10:27:46,34.983,N,73.643,W,0
7/19/2006,10:29:46,34.987,N,73.643,W,0
7/19/2006,10:31:47,34.991,N,73.642,W,0
7/19/2006,10:33:47,34.996,N,73.641,W,0
7/19/2006,10:35:47,35,N,73.641,W,0
7/19/2006,10:37:47,35.004,N,73.64,W,0
7/19/2006,10:39:46,35.009,N,73.639,W,0
7/19/2006,10:41:46,35.013,N,73.639,W,0
7/19/2006,10:43:46,35.018,N,73.638,W,0
7/19/2006,10:45:46,35.022,N,73.638,W,0
7/19/2006,10:47:47,35.027,N,73.637,W,0
7/19/2006,10:49:47,35.031,N,73.637,W,0
7/19/2006,10:51:47,35.035,N,73.636,W,0
7/19/2006,10:53:47,35.04,N,73.636,W,0
7/19/2006,10:55:46,35.044,N,73.635,W,0
7/19/2006,10:57:46,35.049,N,73.635,W,0
7/19/2006,10:59:46,35.053,N,73.634,W,0
7/19/2006,11:01:47,35.058,N,73.634,W,0
7/19/2006,11:03:47,35.062,N,73.634,W,0
7/19/2006,11:05:47,35.067,N,73.633,W,0
7/19/2006,11:07:47,35.071,N,73.633,W,0
7/19/2006,11:09:46,35.076,N,73.633,W,0
7/19/2006,11:11:46,35.08,N,73.633,W,0
7/19/2006,11:13:46,35.085,N,73.633,W,0
7/19/2006,11:15:46,35.089,N,73.632,W,0
7/19/2006,11:17:47,35.094,N,73.632,W,0
7/19/2006,11:19:47,35.099,N,73.632,W,0
7/19/2006,11:21:47,35.103,N,73.632,W,0
7/19/2006,11:23:47,35.108,N,73.632,W,0
7/19/2006,11:25:46,35.112,N,73.632,W,0
7/19/2006,11:26:56,35.115,N,73.632,W,0
7/19/2006,11:28:56,35.119,N,73.632,W,0
7/19/2006,11:30:57,35.124,N,73.631,W,0
7/19/2006,11:32:57,35.128,N,73.631,W,0
7/19/2006,11:34:57,35.132,N,73.63,W,0
7/19/2006,11:36:56,35.137,N,73.63,W,0
7/19/2006,11:38:56,35.141,N,73.629,W,0
7/19/2006,11:40:56,35.145,N,73.629,W,0
7/19/2006,11:42:56,35.15,N,73.628,W,0
7/19/2006,11:44:57,35.154,N,73.628,W,0
7/19/2006,11:46:57,35.159,N,73.628,W,0
7/19/2006,11:48:57,35.163,N,73.627,W,0
7/19/2006,11:50:57,35.167,N,73.627,W,0
7/19/2006,11:52:56,35.171,N,73.627,W,0
7/19/2006,11:54:56,35.176,N,73.626,W,0
7/19/2006,11:56:56,35.18,N,73.626,W,0
7/19/2006,11:58:56,35.184,N,73.625,W,0
7/19/2006,12:00:57,35.189,N,73.625,W,0
7/19/2006,12:02:57,35.193,N,73.625,W,0
7/19/2006,12:04:57,35.197,N,73.624,W,0
7/19/2006,12:06:56,35.202,N,73.624,W,0
7/19/2006,12:08:56,35.206,N,73.624,W,0
7/19/2006,12:10:56,35.21,N,73.624,W,0
7/19/2006,12:12:56,35.214,N,73.623,W,0
7/19/2006,12:14:57,35.219,N,73.623,W,0
7/19/2006,12:16:57,35.223,N,73.623,W,0
7/19/2006,12:18:57,35.227,N,73.622,W,0
7/19/2006,12:20:57,35.232,N,73.622,W,0
7/19/2006,12:22:56,35.236,N,73.622,W,0
7/19/2006,12:24:56,35.24,N,73.622,W,0
7/19/2006,12:26:56,35.244,N,73.622,W,0
7/19/2006,12:28:56,35.248,N,73.621,W,0
7/19/2006,12:30:57,35.253,N,73.621,W,0
7/19/2006,12:32:57,35.257,N,73.621,W,0
7/19/2006,12:34:57,35.261,N,73.621,W,0
7/19/2006,12:36:56,35.265,N,73.621,W,0
7/19/2006,12:38:56,35.27,N,73.62,W,0
7/19/2006,12:40:56,35.274,N,73.62,W,0
7/19/2006,12:42:56,35.278,N,73.62,W,0
7/19/2006,12:44:57,35.282,N,73.62,W,0
7/19/2006,12:46:57,35.286,N,73.62,W,0
7/19/2006,12:48:57,35.29,N,73.62,W,0
7/19/2006,12:50:57,35.295,N,73.62,W,0
7/19/2006,12:52:56,35.299,N,73.62,W,0
7/19/2006,12:54:56,35.303,N,73.62,W,0
7/19/2006,12:56:56,35.307,N,73.62,W,0
7/19/2006,12:58:56,35.311,N,73.62,W,0
7/19/2006,13:00:57,35.315,N,73.62,W,0
7/19/2006,13:02:57,35.32,N,73.62,W,0
7/19/2006,13:04:57,35.324,N,73.62,W,0
7/19/2006,13:06:56,35.328,N,73.62,W,0
7/19/2006,13:08:56,35.332,N,73.62,W,0
7/19/2006,13:10:56,35.336,N,73.62,W,0
7/19/2006,13:12:56,35.34,N,73.62,W,0
7/19/2006,13:14:57,35.344,N,73.62,W,0
7/19/2006,13:16:57,35.348,N,73.62,W,0
7/19/2006,13:18:57,35.352,N,73.62,W,0
7/19/2006,13:20:57,35.356,N,73.62,W,0
7/19/2006,13:22:56,35.36,N,73.62,W,0
7/19/2006,13:24:56,35.364,N,73.62,W,0
7/19/2006,13:26:56,35.368,N,73.621,W,0
7/19/2006,13:28:56,35.372,N,73.621,W,0
7/19/2006,13:30:57,35.377,N,73.621,W,0
7/19/2006,13:32:57,35.381,N,73.621,W,0
7/19/2006,13:34:57,35.385,N,73.621,W,0
7/19/2006,13:36:56,35.389,N,73.622,W,0
7/19/2006,13:38:56,35.393,N,73.622,W,0
7/19/2006,13:40:56,35.397,N,73.622,W,0
7/19/2006,13:42:56,35.4,N,73.622,W,0
7/19/2006,13:44:57,35.404,N,73.623,W,0
7/19/2006,13:46:57,35.408,N,73.623,W,0
7/19/2006,13:48:57,35.412,N,73.623,W,0
7/19/2006,13:50:57,35.416,N,73.624,W,0
7/19/2006,13:52:56,35.42,N,73.624,W,0
7/19/2006,13:54:56,35.424,N,73.624,W,0
7/19/2006,13:56:56,35.428,N,73.625,W,0
7/19/2006,13:58:56,35.432,N,73.625,W,0
7/19/2006,14:00:57,35.436,N,73.625,W,0
7/19/2006,14:02:57,35.44,N,73.626,W,0
7/19/2006,14:04:57,35.444,N,73.626,W,0
7/19/2006,14:06:56,35.448,N,73.626,W,0
7/19/2006,14:08:56,35.452,N,73.627,W,0
7/19/2006,14:10:56,35.456,N,73.627,W,0
7/19/2006,14:12:56,35.46,N,73.627,W,0
7/19/2006,14:14:57,35.463,N,73.628,W,0
7/19/2006,14:16:57,35.467,N,73.628,W,0
7/19/2006,14:18:57,35.471,N,73.628,W,0
7/19/2006,14:20:57,35.475,N,73.629,W,0
7/19/2006,14:22:56,35.479,N,73.629,W,0
7/19/2006,14:24:56,35.483,N,73.629,W,0
7/19/2006,14:26:56,35.487,N,73.63,W,0
7/19/2006,14:28:56,35.491,N,73.63,W,0
7/19/2006,14:30:57,35.494,N,73.631,W,0
7/19/2006,14:32:57,35.498,N,73.631,W,0
7/19/2006,14:34:57,35.502,N,73.631,W,0
7/19/2006,14:36:56,35.506,N,73.632,W,0
7/19/2006,14:38:56,35.51,N,73.632,W,0
7/19/2006,14:40:56,35.514,N,73.632,W,0
7/19/2006,14:42:56,35.518,N,73.633,W,0
7/19/2006,14:44:57,35.521,N,73.633,W,0
7/19/2006,14:46:57,35.525,N,73.633,W,0
7/19/2006,14:48:57,35.529,N,73.633,W,0
7/19/2006,14:50:57,35.533,N,73.634,W,0
7/19/2006,14:52:56,35.537,N,73.634,W,0
7/19/2006,14:54:56,35.541,N,73.634,W,0
7/19/2006,14:56:56,35.545,N,73.635,W,0
7/19/2006,14:58:56,35.548,N,73.635,W,0
7/19/2006,15:00:57,35.552,N,73.635,W,0
7/19/2006,15:02:57,35.556,N,73.635,W,0
7/19/2006,15:04:57,35.56,N,73.636,W,0
7/19/2006,15:06:56,35.564,N,73.636,W,0
7/19/2006,15:08:56,35.568,N,73.636,W,0
7/19/2006,15:10:56,35.571,N,73.636,W,0
7/19/2006,15:12:56,35.575,N,73.636,W,0
7/19/2006,15:14:57,35.579,N,73.637,W,0
7/19/2006,15:16:57,35.583,N,73.637,W,0
7/19/2006,15:18:57,35.587,N,73.637,W,0
7/19/2006,15:20:57,35.591,N,73.637,W,0
7/19/2006,15:22:56,35.595,N,73.637,W,0
7/19/2006,15:24:56,35.598,N,73.637,W,0
7/19/2006,15:26:56,35.602,N,73.637,W,0
7/19/2006,15:28:56,35.606,N,73.637,W,0
7/19/2006,15:30:57,35.61,N,73.637,W,0
7/19/2006,15:32:57,35.614,N,73.637,W,0
7/19/2006,15:34:57,35.618,N,73.637,W,0
7/19/2006,15:36:56,35.621,N,73.637,W,0
7/19/2006,15:38:56,35.625,N,73.637,W,0
7/19/2006,15:40:56,35.629,N,73.637,W,0
7/19/2006,15:42:56,35.633,N,73.637,W,0
7/19/2006,15:44:57,35.637,N,73.637,W,0
7/19/2006,15:46:57,35.641,N,73.637,W,0
7/19/2006,15:48:57,35.645,N,73.636,W,0
7/19/2006,15:50:57,35.649,N,73.636,W,0
7/19/2006,15:52:56,35.652,N,73.636,W,0
7/19/2006,15:54:56,35.656,N,73.636,W,0
7/19/2006,15:56:56,35.66,N,73.635,W,0
7/19/2006,15:58:56,35.664,N,73.635,W,0
7/19/2006,16:00:57,35.668,N,73.635,W,0
7/19/2006,16:02:57,35.672,N,73.634,W,0
7/19/2006,16:04:57,35.676,N,73.634,W,0
7/19/2006,16:06:56,35.68,N,73.633,W,0
7/19/2006,16:08:56,35.684,N,73.633,W,0
7/19/2006,16:10:56,35.688,N,73.633,W,0
7/19/2006,16:12:56,35.692,N,73.632,W,0
7/19/2006,16:14:57,35.695,N,73.631,W,0
7/19/2006,16:16:57,35.699,N,73.631,W,0
7/19/2006,16:18:57,35.703,N,73.63,W,0
7/19/2006,16:20:57,35.707,N,73.63,W,0
7/19/2006,16:22:56,35.711,N,73.629,W,0
7/19/2006,16:24:56,35.715,N,73.628,W,0
7/19/2006,16:26:56,35.719,N,73.627,W,0
7/19/2006,16:28:56,35.723,N,73.627,W,0
7/19/2006,16:30:57,35.727,N,73.626,W,0
7/19/2006,16:32:57,35.731,N,73.625,W,0
7/19/2006,16:34:57,35.735,N,73.624,W,0
7/19/2006,16:36:56,35.739,N,73.623,W,0
7/19/2006,16:38:56,35.743,N,73.622,W,0
7/19/2006,16:40:56,35.747,N,73.621,W,0
7/19/2006,16:42:56,35.751,N,73.62,W,0
7/19/2006,16:44:57,35.755,N,73.619,W,0
7/19/2006,16:46:57,35.759,N,73.618,W,0
7/19/2006,16:48:57,35.763,N,73.617,W,0
7/19/2006,16:50:57,35.767,N,73.615,W,0
7/19/2006,16:52:56,35.771,N,73.614,W,0
7/19/2006,16:54:56,35.775,N,73.613,W,0
7/19/2006,16:56:56,35.779,N,73.612,W,0
7/19/2006,16:58:56,35.784,N,73.61,W,0
7/19/2006,17:00:57,35.788,N,73.609,W,0
7/19/2006,17:02:57,35.792,N,73.607,W,0
7/19/2006,17:04:57,35.796,N,73.606,W,0
7/19/2006,17:06:56,35.8,N,73.604,W,0
7/19/2006,17:08:56,35.804,N,73.603,W,0
7/19/2006,17:10:56,35.808,N,73.601,W,0
7/19/2006,17:12:56,35.812,N,73.599,W,0
7/19/2006,17:14:57,35.816,N,73.598,W,0
7/19/2006,17:16:57,35.821,N,73.596,W,0
7/19/2006,17:18:57,35.825,N,73.594,W,0
7/19/2006,17:20:57,35.829,N,73.592,W,0
7/19/2006,17:22:56,35.833,N,73.59,W,0
7/19/2006,17:24:56,35.837,N,73.588,W,0
7/19/2006,17:26:56,35.842,N,73.586,W,0
7/19/2006,17:28:56,35.846,N,73.584,W,0
7/19/2006,17:30:57,35.85,N,73.582,W,0
7/19/2006,17:32:57,35.854,N,73.58,W,0
7/19/2006,17:34:57,35.858,N,73.578,W,0
7/19/2006,17:36:56,35.863,N,73.576,W,0
7/19/2006,17:38:56,35.867,N,73.574,W,0
7/19/2006,17:40:56,35.871,N,73.572,W,0
7/19/2006,17:42:56,35.875,N,73.57,W,0
7/19/2006,17:44:57,35.88,N,73.567,W,0
7/19/2006,17:46:57,35.884,N,73.565,W,0
7/19/2006,17:48:57,35.888,N,73.563,W,0
7/19/2006,17:50:57,35.892,N,73.56,W,0
7/19/2006,17:52:56,35.897,N,73.558,W,0
7/19/2006,17:54:56,35.901,N,73.556,W,0
7/19/2006,17:56:56,35.905,N,73.553,W,0
7/19/2006,17:58:56,35.909,N,73.551,W,0
7/19/2006,18:00:57,35.914,N,73.548,W,0
7/19/2006,18:02:57,35.918,N,73.546,W,0
7/19/2006,18:04:57,35.922,N,73.543,W,0
7/19/2006,18:06:56,35.927,N,73.54,W,0
7/19/2006,18:08:56,35.931,N,73.538,W,0
7/19/2006,18:10:56,35.935,N,73.535,W,0
7/19/2006,18:12:56,35.94,N,73.532,W,0
7/19/2006,18:14:57,35.944,N,73.53,W,0
7/19/2006,18:16:57,35.948,N,73.527,W,0
7/19/2006,18:18:57,35.953,N,73.524,W,0
7/19/2006,18:20:57,35.957,N,73.521,W,0
7/19/2006,18:22:56,35.961,N,73.519,W,0
7/19/2006,18:24:56,35.966,N,73.516,W,0
7/19/2006,18:26:56,35.97,N,73.513,W,0
7/19/2006,18:28:56,35.975,N,73.51,W,0
7/19/2006,18:30:57,35.979,N,73.507,W,0
7/19/2006,18:32:57,35.983,N,73.504,W,0
7/19/2006,18:34:57,35.988,N,73.501,W,0
7/19/2006,18:35:04,35.988,N,73.501,W,0
7/19/2006,18:37:05,35.993,N,73.496,W,0
7/19/2006,18:39:05,35.999,N,73.491,W,0
7/19/2006,18:41:05,36.004,N,73.486,W,0
7/19/2006,18:43:05,36.009,N,73.481,W,0
7/19/2006,18:45:04,36.014,N,73.477,W,0
7/19/2006,18:47:04,36.019,N,73.472,W,0
7/19/2006,18:49:04,36.024,N,73.467,W,0
7/19/2006,18:51:04,36.029,N,73.463,W,0
7/19/2006,18:53:05,36.034,N,73.458,W,0
7/19/2006,18:55:05,36.039,N,73.454,W,0
7/19/2006,18:57:05,36.044,N,73.45,W,0
7/19/2006,18:59:04,36.049,N,73.446,W,0
7/19/2006,19:01:04,36.054,N,73.441,W,0
7/19/2006,19:03:04,36.059,N,73.437,W,0
7/19/2006,19:05:04,36.064,N,73.433,W,0
7/19/2006,19:07:05,36.068,N,73.429,W,0
7/19/2006,19:09:05,36.073,N,73.425,W,0
7/19/2006,19:11:05,36.078,N,73.421,W,0
7/19/2006,19:13:05,36.083,N,73.418,W,0
7/19/2006,19:15:04,36.087,N,73.414,W,0
7/19/2006,19:17:04,36.092,N,73.41,W,0
7/19/2006,19:19:04,36.096,N,73.407,W,0
7/19/2006,19:21:04,36.101,N,73.403,W,0
7/19/2006,19:23:05,36.106,N,73.4,W,0
7/19/2006,19:25:05,36.11,N,73.396,W,0
7/19/2006,19:27:05,36.114,N,73.393,W,0
7/19/2006,19:29:04,36.119,N,73.39,W,0
7/19/2006,19:31:04,36.123,N,73.386,W,0
7/19/2006,19:33:04,36.128,N,73.383,W,0
7/19/2006,19:35:04,36.132,N,73.38,W,0
7/19/2006,19:37:05,36.136,N,73.377,W,0
7/19/2006,19:39:05,36.141,N,73.374,W,0
7/19/2006,19:41:05,36.145,N,73.371,W,0
7/19/2006,19:43:05,36.149,N,73.368,W,0
7/19/2006,19:45:04,36.153,N,73.365,W,0
7/19/2006,19:47:04,36.158,N,73.362,W,0
7/19/2006,19:49:04,36.162,N,73.359,W,0
7/19/2006,19:51:04,36.166,N,73.357,W,0
7/19/2006,19:53:05,36.17,N,73.354,W,0
7/19/2006,19:55:05,36.174,N,73.351,W,0
7/19/2006,19:57:05,36.178,N,73.349,W,0
7/19/2006,19:59:04,36.182,N,73.346,W,0
7/19/2006,20:01:04,36.186,N,73.344,W,0
7/19/2006,20:03:04,36.19,N,73.341,W,0
7/19/2006,20:05:04,36.194,N,73.339,W,0
7/19/2006,20:07:05,36.198,N,73.336,W,0
7/19/2006,20:09:05,36.202,N,73.334,W,0
7/19/2006,20:11:05,36.206,N,73.332,W,0
7/19/2006,20:13:05,36.21,N,73.33,W,0
7/19/2006,20:15:04,36.214,N,73.327,W,0
7/19/2006,20:17:04,36.218,N,73.325,W,0
7/19/2006,20:19:04,36.222,N,73.323,W,0
7/19/2006,20:21:04,36.225,N,73.321,W,0
7/19/2006,20:22:59,36.229,N,73.319,W,0
7/19/2006,20:24:59,36.233,N,73.317,W,0
7/19/2006,20:26:59,36.237,N,73.315,W,0
7/19/2006,20:28:58,36.24,N,73.313,W,0
7/19/2006,20:30:58,36.244,N,73.311,W,0
7/19/2006,20:32:58,36.248,N,73.309,W,0
7/19/2006,20:34:59,36.252,N,73.307,W,0
7/19/2006,20:36:59,36.255,N,73.306,W,0
7/19/2006,20:38:59,36.259,N,73.304,W,0
7/19/2006,20:40:59,36.263,N,73.302,W,0
7/19/2006,20:42:58,36.266,N,73.301,W,0
7/19/2006,20:44:58,36.27,N,73.299,W,0
7/19/2006,20:46:58,36.273,N,73.298,W,0
7/19/2006,20:48:58,36.277,N,73.296,W,0
7/19/2006,20:50:59,36.28,N,73.295,W,0
7/19/2006,20:52:59,36.284,N,73.293,W,0
7/19/2006,20:54:59,36.287,N,73.292,W,0
7/19/2006,20:56:59,36.291,N,73.291,W,0
7/19/2006,20:58:58,36.294,N,73.289,W,0
7/19/2006,21:00:58,36.298,N,73.288,W,0
7/19/2006,21:02:58,36.301,N,73.287,W,0
7/19/2006,21:04:59,36.305,N,73.286,W,0
7/19/2006,21:06:59,36.308,N,73.284,W,0
7/19/2006,21:08:59,36.311,N,73.283,W,0
7/19/2006,21:10:59,36.315,N,73.282,W,0
7/19/2006,21:12:58,36.318,N,73.281,W,0
7/19/2006,21:14:58,36.322,N,73.28,W,0
7/19/2006,21:16:58,36.325,N,73.279,W,0
7/19/2006,21:18:58,36.328,N,73.278,W,0
7/19/2006,21:20:59,36.332,N,73.276,W,0
7/19/2006,21:22:59,36.335,N,73.275,W,0
7/19/2006,21:24:59,36.338,N,73.274,W,0
7/19/2006,21:26:59,36.342,N,73.273,W,0
7/19/2006,21:28:58,36.345,N,73.272,W,0
7/19/2006,21:30:58,36.348,N,73.271,W,0
7/19/2006,21:32:58,36.352,N,73.27,W,0
7/19/2006,21:34:59,36.355,N,73.269,W,0
7/19/2006,21:36:59,36.358,N,73.268,W,0
7/19/2006,21:38:59,36.361,N,73.266,W,0
7/19/2006,21:40:59,36.365,N,73.265,W,0
7/19/2006,21:42:58,36.368,N,73.264,W,0
7/19/2006,21:44:58,36.371,N,73.263,W,0
7/19/2006,21:46:58,36.375,N,73.262,W,0
7/19/2006,21:48:58,36.378,N,73.26,W,0
7/19/2006,21:50:59,36.381,N,73.259,W,0
7/19/2006,21:52:59,36.385,N,73.258,W,0
7/19/2006,21:54:59,36.388,N,73.257,W,0
7/19/2006,21:56:59,36.392,N,73.255,W,0
7/19/2006,21:58:58,36.395,N,73.254,W,0
7/19/2006,22:00:58,36.398,N,73.253,W,0
7/19/2006,22:02:58,36.402,N,73.251,W,0
7/19/2006,22:04:59,36.405,N,73.25,W,0
7/19/2006,22:06:59,36.409,N,73.248,W,0
7/19/2006,22:08:59,36.412,N,73.246,W,0
7/19/2006,22:09:33,36.413,N,73.246,W,0
7/19/2006,22:11:34,36.417,N,73.244,W,0
7/19/2006,22:13:34,36.42,N,73.243,W,0
7/19/2006,22:15:34,36.424,N,73.241,W,0
7/19/2006,22:17:34,36.427,N,73.239,W,0
7/19/2006,22:19:33,36.431,N,73.237,W,0
7/19/2006,22:21:33,36.434,N,73.236,W,0
7/19/2006,22:23:33,36.438,N,73.234,W,0
7/19/2006,22:25:33,36.441,N,73.232,W,0
7/19/2006,22:27:34,36.445,N,73.23,W,0
7/19/2006,22:29:34,36.449,N,73.228,W,0
7/19/2006,22:31:34,36.452,N,73.226,W,0
7/19/2006,22:33:33,36.456,N,73.224,W,0
7/19/2006,22:35:33,36.459,N,73.222,W,0
7/19/2006,22:37:33,36.463,N,73.22,W,0
7/19/2006,22:39:33,36.467,N,73.219,W,0
7/19/2006,22:41:34,36.47,N,73.217,W,0
7/19/2006,22:43:34,36.474,N,73.214,W,0
7/19/2006,22:45:34,36.477,N,73.212,W,0
7/19/2006,22:47:34,36.481,N,73.21,W,0
7/19/2006,22:49:33,36.485,N,73.208,W,0
7/19/2006,22:51:33,36.488,N,73.206,W,0
7/19/2006,22:53:33,36.492,N,73.204,W,0
7/19/2006,22:55:33,36.496,N,73.202,W,0
7/19/2006,22:57:34,36.499,N,73.2,W,0
7/19/2006,22:59:34,36.503,N,73.197,W,0
7/19/2006,23:01:34,36.507,N,73.195,W,0
7/19/2006,23:03:33,36.51,N,73.193,W,0
7/19/2006,23:05:33,36.514,N,73.191,W,0
7/19/2006,23:07:33,36.518,N,73.188,W,0
7/19/2006,23:09:33,36.521,N,73.186,W,0
7/19/2006,23:11:34,36.525,N,73.184,W,0
7/19/2006,23:13:34,36.529,N,73.181,W,0
7/19/2006,23:15:34,36.532,N,73.179,W,0
7/19/2006,23:17:34,36.536,N,73.176,W,0
7/19/2006,23:19:33,36.54,N,73.174,W,0
7/19/2006,23:21:33,36.544,N,73.171,W,0
7/19/2006,23:23:33,36.547,N,73.169,W,0
7/19/2006,23:25:33,36.551,N,73.166,W,0
7/19/2006,23:27:34,36.555,N,73.163,W,0
7/19/2006,23:29:34,36.559,N,73.161,W,0
7/19/2006,23:31:34,36.563,N,73.158,W,0
7/19/2006,23:33:33,36.566,N,73.155,W,0
7/19/2006,23:35:33,36.57,N,73.153,W,0
7/19/2006,23:37:33,36.574,N,73.15,W,0
7/19/2006,23:39:33,36.578,N,73.147,W,0
7/19/2006,23:41:34,36.582,N,73.144,W,0
7/19/2006,23:43:34,36.585,N,73.141,W,0
7/19/2006,23:45:34,36.589,N,73.139,W,0
7/19/2006,23:47:34,36.593,N,73.136,W,0
7/19/2006,23:49:33,36.597,N,73.133,W,0
7/19/2006,23:50:09,36.598,N,73.132,W,0
7/19/2006,23:52:09,36.602,N,73.13,W,0
7/19/2006,23:54:09,36.606,N,73.129,W,0
7/19/2006,23:56:08,36.609,N,73.127,W,0
7/19/2006,23:58:08,36.613,N,73.126,W,0
7/20/2006,0:00:08,36.617,N,73.124,W,0
7/20/2006,0:02:08,36.621,N,73.123,W,0
7/20/2006,0:04:09,36.624,N,73.122,W,0
7/20/2006,0:06:09,36.628,N,73.12,W,0
7/20/2006,0:08:09,36.632,N,73.119,W,0
7/20/2006,0:10:08,36.636,N,73.118,W,0
7/20/2006,0:12:08,36.64,N,73.116,W,0
7/20/2006,0:14:08,36.643,N,73.115,W,0
7/20/2006,0:16:08,36.647,N,73.114,W,0
7/20/2006,0:18:09,36.651,N,73.113,W,0
7/20/2006,0:20:09,36.655,N,73.112,W,0
7/20/2006,0:22:09,36.659,N,73.111,W,0
7/20/2006,0:24:09,36.663,N,73.11,W,0
7/20/2006,0:26:08,36.667,N,73.109,W,0
7/20/2006,0:28:08,36.67,N,73.109,W,0
7/20/2006,0:30:08,36.674,N,73.108,W,0
7/20/2006,0:32:08,36.678,N,73.107,W,0
7/20/2006,0:34:09,36.682,N,73.106,W,0
7/20/2006,0:36:09,36.686,N,73.106,W,0
7/20/2006,0:38:09,36.69,N,73.105,W,0
7/20/2006,0:40:08,36.694,N,73.105,W,0
7/20/2006,0:42:08,36.698,N,73.104,W,0
7/20/2006,0:44:08,36.701,N,73.104,W,0
7/20/2006,0:46:08,36.705,N,73.104,W,0
7/20/2006,0:48:09,36.709,N,73.103,W,0
7/20/2006,0:50:09,36.713,N,73.103,W,0
7/20/2006,0:52:09,36.717,N,73.103,W,0
7/20/2006,0:54:09,36.721,N,73.103,W,0
7/20/2006,0:56:08,36.725,N,73.103,W,0
7/20/2006,0:58:08,36.729,N,73.103,W,0
7/20/2006,1:00:08,36.733,N,73.103,W,0
7/20/2006,1:02:08,36.737,N,73.103,W,0
7/20/2006,1:04:09,36.741,N,73.103,W,0
7/20/2006,1:06:09,36.745,N,73.104,W,0
7/20/2006,1:08:09,36.749,N,73.104,W,0
7/20/2006,1:10:08,36.753,N,73.105,W,0
7/20/2006,1:12:08,36.757,N,73.105,W,0
7/20/2006,1:14:08,36.761,N,73.106,W,0
7/20/2006,1:16:08,36.765,N,73.106,W,0
7/20/2006,1:18:09,36.769,N,73.107,W,0
7/20/2006,1:20:09,36.773,N,73.108,W,0
7/20/2006,1:22:09,36.777,N,73.109,W,0
7/20/2006,1:24:09,36.781,N,73.109,W,0
7/20/2006,1:26:08,36.786,N,73.11,W,0
7/20/2006,1:28:08,36.79,N,73.111,W,0
7/20/2006,1:30:08,36.794,N,73.113,W,0
7/20/2006,1:32:08,36.798,N,73.114,W,0
7/20/2006,1:34:09,36.802,N,73.115,W,0
7/20/2006,1:36:09,36.806,N,73.116,W,0
7/20/2006,1:38:09,36.81,N,73.117,W,0
7/20/2006,1:40:08,36.814,N,73.119,W,0
7/20/2006,1:42:08,36.819,N,73.12,W,0
7/20/2006,1:44:08,36.823,N,73.122,W,0
7/20/2006,1:46:08,36.827,N,73.123,W,0
7/20/2006,1:48:09,36.831,N,73.125,W,0
7/20/2006,1:50:09,36.835,N,73.126,W,0
7/20/2006,1:52:09,36.839,N,73.128,W,0
7/20/2006,1:54:09,36.844,N,73.13,W,0
7/20/2006,1:56:08,36.848,N,73.131,W,0
7/20/2006,1:58:08,36.852,N,73.133,W,0
7/20/2006,2:00:08,36.856,N,73.135,W,0
7/20/2006,2:02:08,36.861,N,73.137,W,0
7/20/2006,2:04:09,36.865,N,73.139,W,0
7/20/2006,2:06:09,36.869,N,73.14,W,0
7/20/2006,2:08:09,36.873,N,73.142,W,0
7/20/2006,2:10:08,36.878,N,73.144,W,0
7/20/2006,2:12:08,36.882,N,73.146,W,0
7/20/2006,2:14:08,36.886,N,73.148,W,0
7/20/2006,2:16:08,36.891,N,73.15,W,0
7/20/2006,2:18:09,36.895,N,73.152,W,0
7/20/2006,2:20:09,36.899,N,73.155,W,0
7/20/2006,2:22:09,36.904,N,73.157,W,0
7/20/2006,2:24:09,36.908,N,73.159,W,0
7/20/2006,2:26:08,36.912,N,73.161,W,0
7/20/2006,2:28:08,36.917,N,73.163,W,0
7/20/2006,2:30:08,36.921,N,73.165,W,0
7/20/2006,2:32:08,36.926,N,73.168,W,0
7/20/2006,2:34:09,36.93,N,73.17,W,0
7/20/2006,2:36:09,36.934,N,73.172,W,0
7/20/2006,2:38:09,36.939,N,73.174,W,0
7/20/2006,2:40:08,36.943,N,73.177,W,0
7/20/2006,2:42:08,36.948,N,73.179,W,0
7/20/2006,2:44:08,36.952,N,73.181,W,0
7/20/2006,2:46:08,36.957,N,73.183,W,0
7/20/2006,2:48:09,36.961,N,73.186,W,0
7/20/2006,2:50:09,36.965,N,73.188,W,0
7/20/2006,2:52:09,36.97,N,73.19,W,0
7/20/2006,2:54:09,36.974,N,73.193,W,0
7/20/2006,2:56:08,36.979,N,73.195,W,0
7/20/2006,2:58:08,36.983,N,73.197,W,0
7/20/2006,3:00:08,36.988,N,73.199,W,0
7/20/2006,3:02:08,36.993,N,73.202,W,0
7/20/2006,3:04:09,36.997,N,73.204,W,0
7/20/2006,3:06:09,37.002,N,73.206,W,0
7/20/2006,3:08:09,37.006,N,73.209,W,0
7/20/2006,3:10:08,37.011,N,73.211,W,0
7/20/2006,3:12:08,37.015,N,73.213,W,0
7/20/2006,3:14:08,37.02,N,73.215,W,0
7/20/2006,3:16:08,37.025,N,73.217,W,0
7/20/2006,3:18:09,37.029,N,73.22,W,0
7/20/2006,3:20:09,37.034,N,73.222,W,0
7/20/2006,3:22:09,37.039,N,73.224,W,0
7/20/2006,3:24:09,37.043,N,73.226,W,0
7/20/2006,3:26:08,37.048,N,73.228,W,0
7/20/2006,3:28:08,37.053,N,73.23,W,0
7/20/2006,3:30:08,37.057,N,73.232,W,0
7/20/2006,3:32:08,37.062,N,73.234,W,0
7/20/2006,3:34:09,37.067,N,73.236,W,0
7/20/2006,3:36:09,37.071,N,73.238,W,0
7/20/2006,3:38:09,37.076,N,73.24,W,0
7/20/2006,3:40:08,37.081,N,73.242,W,0
7/20/2006,3:42:08,37.086,N,73.244,W,0
7/20/2006,3:44:08,37.09,N,73.246,W,0
7/20/2006,3:46:08,37.095,N,73.248,W,0
7/20/2006,3:48:09,37.1,N,73.25,W,0
7/20/2006,3:50:09,37.105,N,73.251,W,0
7/20/2006,3:52:09,37.109,N,73.253,W,0
7/20/2006,3:54:09,37.114,N,73.255,W,0
7/20/2006,3:56:08,37.119,N,73.256,W,0
7/20/2006,3:58:08,37.124,N,73.258,W,0
7/20/2006,4:00:08,37.129,N,73.259,W,0
7/20/2006,4:02:08,37.134,N,73.261,W,0
7/20/2006,4:04:09,37.138,N,73.262,W,0
7/20/2006,4:06:09,37.143,N,73.264,W,0
7/20/2006,4:08:09,37.148,N,73.265,W,0
7/20/2006,4:10:08,37.153,N,73.266,W,0
7/20/2006,4:12:08,37.158,N,73.267,W,0
7/20/2006,4:14:08,37.163,N,73.268,W,0
7/20/2006,4:16:08,37.168,N,73.27,W,0
7/20/2006,4:18:09,37.173,N,73.271,W,0
7/20/2006,4:20:09,37.178,N,73.272,W,0
7/20/2006,4:22:09,37.183,N,73.273,W,0
7/20/2006,4:24:09,37.188,N,73.273,W,0
7/20/2006,4:26:08,37.193,N,73.274,W,0
7/20/2006,4:28:08,37.198,N,73.275,W,0
7/20/2006,4:30:08,37.203,N,73.276,W,0
7/20/2006,4:32:08,37.208,N,73.276,W,0
7/20/2006,4:34:09,37.213,N,73.277,W,0
7/20/2006,4:36:09,37.218,N,73.277,W,0
7/20/2006,4:38:09,37.223,N,73.278,W,0
7/20/2006,4:40:08,37.228,N,73.278,W,0
7/20/2006,4:42:08,37.233,N,73.279,W,0
7/20/2006,4:44:08,37.238,N,73.279,W,0
7/20/2006,4:46:08,37.243,N,73.279,W,0
7/20/2006,4:48:09,37.248,N,73.279,W,0
7/20/2006,4:50:09,37.253,N,73.279,W,0
7/20/2006,4:52:09,37.258,N,73.28,W,0
7/20/2006,4:54:09,37.263,N,73.28,W,0
7/20/2006,4:56:08,37.269,N,73.28,W,0
7/20/2006,4:58:08,37.274,N,73.28,W,0
7/20/2006,5:00:08,37.279,N,73.279,W,0
7/20/2006,5:02:08,37.284,N,73.279,W,0
7/20/2006,5:04:09,37.289,N,73.279,W,0
7/20/2006,5:06:09,37.294,N,73.279,W,0
7/20/2006,5:08:09,37.3,N,73.279,W,0
7/20/2006,5:10:08,37.305,N,73.278,W,0
7/20/2006,5:12:08,37.31,N,73.278,W,0
7/20/2006,5:14:08,37.315,N,73.278,W,0
7/20/2006,5:16:08,37.32,N,73.277,W,0
7/20/2006,5:18:09,37.326,N,73.277,W,0
7/20/2006,5:20:09,37.331,N,73.276,W,0
7/20/2006,5:22:09,37.336,N,73.275,W,0
7/20/2006,5:24:09,37.341,N,73.275,W,0
7/20/2006,5:26:08,37.347,N,73.274,W,0
7/20/2006,5:28:08,37.352,N,73.273,W,0
7/20/2006,5:30:08,37.357,N,73.273,W,0
7/20/2006,5:32:08,37.362,N,73.272,W,0
7/20/2006,5:34:09,37.368,N,73.271,W,0
7/20/2006,5:36:09,37.373,N,73.27,W,0
7/20/2006,5:36:55,37.375,N,73.27,W,0
7/20/2006,5:38:55,37.382,N,73.268,W,0
7/20/2006,5:40:55,37.389,N,73.266,W,0
7/20/2006,5:42:56,37.395,N,73.264,W,0
7/20/2006,5:44:56,37.402,N,73.262,W,0
7/20/2006,5:46:56,37.409,N,73.26,W,0
7/20/2006,5:48:56,37.415,N,73.259,W,0
7/20/2006,5:50:55,37.422,N,73.257,W,0
7/20/2006,5:52:55,37.429,N,73.255,W,0
7/20/2006,5:54:55,37.435,N,73.253,W,0
7/20/2006,5:56:56,37.441,N,73.251,W,0
7/20/2006,5:58:56,37.448,N,73.249,W,0
7/20/2006,6:00:56,37.454,N,73.248,W,0
7/20/2006,6:02:56,37.46,N,73.246,W,0
7/20/2006,6:04:55,37.466,N,73.244,W,0
7/20/2006,6:06:55,37.473,N,73.242,W,0
7/20/2006,6:08:55,37.479,N,73.241,W,0
7/20/2006,6:10:55,37.485,N,73.239,W,0
7/20/2006,6:12:56,37.49,N,73.237,W,0
7/20/2006,6:14:56,37.496,N,73.236,W,0
7/20/2006,6:16:56,37.502,N,73.234,W,0
7/20/2006,6:18:56,37.508,N,73.232,W,0
7/20/2006,6:20:55,37.514,N,73.231,W,0
7/20/2006,6:22:55,37.519,N,73.229,W,0
7/20/2006,6:24:55,37.525,N,73.228,W,0
7/20/2006,6:26:56,37.53,N,73.226,W,0
7/20/2006,6:28:56,37.536,N,73.225,W,0
7/20/2006,6:30:56,37.541,N,73.223,W,0
7/20/2006,6:32:56,37.546,N,73.222,W,0
7/20/2006,6:34:55,37.551,N,73.22,W,0
7/20/2006,6:36:55,37.557,N,73.219,W,0
7/20/2006,6:38:55,37.562,N,73.217,W,0
7/20/2006,6:40:55,37.567,N,73.216,W,0
7/20/2006,6:42:56,37.572,N,73.215,W,0
7/20/2006,6:44:56,37.577,N,73.213,W,0
7/20/2006,6:46:56,37.582,N,73.212,W,0
7/20/2006,6:48:56,37.587,N,73.211,W,0
7/20/2006,6:50:55,37.591,N,73.209,W,0
7/20/2006,6:52:55,37.596,N,73.208,W,0
7/20/2006,6:54:55,37.601,N,73.207,W,0
7/20/2006,6:56:56,37.605,N,73.206,W,0
7/20/2006,6:58:56,37.61,N,73.205,W,0
7/20/2006,7:00:56,37.615,N,73.203,W,0
7/20/2006,7:02:56,37.619,N,73.202,W,0
7/20/2006,7:04:55,37.623,N,73.201,W,0
7/20/2006,7:06:55,37.628,N,73.2,W,0
7/20/2006,7:08:55,37.632,N,73.199,W,0
7/20/2006,7:10:55,37.637,N,73.198,W,0
7/20/2006,7:12:56,37.641,N,73.196,W,0
7/20/2006,7:14:56,37.645,N,73.195,W,0
7/20/2006,7:16:56,37.649,N,73.194,W,0
7/20/2006,7:18:56,37.653,N,73.193,W,0
7/20/2006,7:20:55,37.657,N,73.192,W,0
7/20/2006,7:22:55,37.661,N,73.191,W,0
7/20/2006,7:23:11,37.662,N,73.191,W,0
7/20/2006,7:25:11,37.666,N,73.19,W,0
7/20/2006,7:27:11,37.67,N,73.189,W,0
7/20/2006,7:29:11,37.674,N,73.188,W,0
7/20/2006,7:31:10,37.678,N,73.188,W,0
7/20/2006,7:33:10,37.682,N,73.187,W,0
7/20/2006,7:35:10,37.685,N,73.186,W,0
7/20/2006,7:37:10,37.689,N,73.186,W,0
7/20/2006,7:39:11,37.692,N,73.185,W,0
7/20/2006,7:41:11,37.696,N,73.184,W,0
7/20/2006,7:43:11,37.699,N,73.184,W,0
7/20/2006,7:45:11,37.703,N,73.183,W,0
7/20/2006,7:47:10,37.706,N,73.182,W,0
7/20/2006,7:49:10,37.709,N,73.182,W,0
7/20/2006,7:51:10,37.713,N,73.181,W,0
7/20/2006,7:53:11,37.716,N,73.181,W,0
7/20/2006,7:55:11,37.719,N,73.18,W,0
7/20/2006,7:57:11,37.722,N,73.18,W,0
7/20/2006,7:59:11,37.725,N,73.179,W,0
7/20/2006,8:01:10,37.728,N,73.179,W,0
7/20/2006,8:03:10,37.731,N,73.178,W,0
7/20/2006,8:05:10,37.734,N,73.178,W,0
7/20/2006,8:07:10,37.737,N,73.177,W,0
7/20/2006,8:09:11,37.74,N,73.177,W,0
7/20/2006,8:11:11,37.743,N,73.176,W,0
7/20/2006,8:13:11,37.746,N,73.176,W,0
7/20/2006,8:15:11,37.749,N,73.175,W,0
7/20/2006,8:17:10,37.752,N,73.175,W,0
7/20/2006,8:19:10,37.755,N,73.174,W,0
7/20/2006,8:21:10,37.757,N,73.174,W,0
7/20/2006,8:23:11,37.76,N,73.173,W,0
7/20/2006,8:25:11,37.763,N,73.173,W,0
7/20/2006,8:27:11,37.766,N,73.172,W,0
7/20/2006,8:29:11,37.769,N,73.172,W,0
7/20/2006,8:31:10,37.772,N,73.171,W,0
7/20/2006,8:33:10,37.775,N,73.171,W,0
7/20/2006,8:35:10,37.778,N,73.17,W,0
7/20/2006,8:37:10,37.78,N,73.169,W,0
7/20/2006,8:39:11,37.783,N,73.169,W,0
7/20/2006,8:41:11,37.786,N,73.168,W,0
7/20/2006,8:43:11,37.789,N,73.167,W,0
7/20/2006,8:45:11,37.792,N,73.166,W,0
7/20/2006,8:47:10,37.795,N,73.166,W,0
7/20/2006,8:49:10,37.798,N,73.165,W,0
7/20/2006,8:51:10,37.802,N,73.164,W,0
7/20/2006,8:53:11,37.805,N,73.163,W,0
7/20/2006,8:55:11,37.808,N,73.162,W,0
7/20/2006,8:57:11,37.811,N,73.161,W,0
7/20/2006,8:59:11,37.814,N,73.16,W,0
7/20/2006,9:01:10,37.818,N,73.159,W,0
7/20/2006,9:03:10,37.821,N,73.158,W,0
7/20/2006,9:05:10,37.824,N,73.157,W,0
7/20/2006,9:07:10,37.828,N,73.155,W,0
7/20/2006,9:09:11,37.831,N,73.154,W,0
7/20/2006,9:11:11,37.835,N,73.153,W,0
7/20/2006,9:13:11,37.839,N,73.151,W,0
7/20/2006,9:15:11,37.842,N,73.15,W,0
7/20/2006,9:17:10,37.846,N,73.149,W,0
7/20/2006,9:19:08,37.85,N,73.147,W,0
7/20/2006,9:21:08,37.835,N,73.143,W,0
7/20/2006,9:23:07,37.821,N,73.139,W,0
7/20/2006,9:25:07,37.806,N,73.134,W,0
7/20/2006,9:27:07,37.792,N,73.13,W,0
7/20/2006,9:29:07,37.779,N,73.126,W,0
7/20/2006,9:31:08,37.765,N,73.121,W,0
7/20/2006,9:33:08,37.752,N,73.117,W,0
7/20/2006,9:35:08,37.74,N,73.113,W,0
7/20/2006,9:37:07,37.728,N,73.109,W,0
7/20/2006,9:39:07,37.717,N,73.104,W,0
7/20/2006,9:41:07,37.707,N,73.1,W,0
7/20/2006,9:43:07,37.697,N,73.096,W,0
7/20/2006,9:45:08,37.688,N,73.092,W,0
7/20/2006,9:47:08,37.68,N,73.088,W,0
7/20/2006,9:49:08,37.673,N,73.085,W,0
7/20/2006,9:51:08,37.667,N,73.081,W,0
7/20/2006,9:53:07,37.662,N,73.077,W,0
7/20/2006,9:55:07,37.659,N,73.074,W,0
7/20/2006,9:57:07,37.656,N,73.07,W,0
7/20/2006,9:59:07,37.655,N,73.067,W,0
7/20/2006,10:01:08,37.655,N,73.064,W,0
7/20/2006,10:03:08,37.656,N,73.061,W,0
7/20/2006,10:05:08,37.659,N,73.058,W,0
7/20/2006,10:07:07,37.662,N,73.055,W,0
7/20/2006,10:09:07,37.667,N,73.052,W,0
7/20/2006,10:11:07,37.673,N,73.049,W,0
7/20/2006,10:13:07,37.679,N,73.047,W,0
7/20/2006,10:15:08,37.687,N,73.044,W,0
7/20/2006,10:17:08,37.695,N,73.042,W,0
7/20/2006,10:19:08,37.705,N,73.04,W,0
7/20/2006,10:21:08,37.715,N,73.038,W,0
7/20/2006,10:23:07,37.727,N,73.035,W,0
7/20/2006,10:25:07,37.739,N,73.033,W,0
7/20/2006,10:27:07,37.752,N,73.031,W,0
7/20/2006,10:29:07,37.765,N,73.03,W,0
7/20/2006,10:31:08,37.78,N,73.028,W,0
7/20/2006,10:33:08,37.795,N,73.026,W,0
7/20/2006,10:35:08,37.811,N,73.024,W,0
7/20/2006,10:37:07,37.827,N,73.023,W,0
7/20/2006,10:39:07,37.844,N,73.021,W,0
7/20/2006,10:41:07,37.862,N,73.02,W,0
7/20/2006,10:43:07,37.88,N,73.018,W,0
7/20/2006,10:45:08,37.898,N,73.017,W,0
7/20/2006,10:47:08,37.917,N,73.015,W,0
7/20/2006,10:49:08,37.937,N,73.014,W,0
7/20/2006,10:51:08,37.957,N,73.013,W,0
7/20/2006,10:53:07,37.977,N,73.011,W,0
7/20/2006,10:55:07,37.997,N,73.01,W,0
7/20/2006,10:57:07,38.018,N,73.009,W,0
7/20/2006,10:59:07,38.039,N,73.008,W,0
7/20/2006,11:01:08,38.061,N,73.007,W,0
7/20/2006,11:03:08,38.082,N,73.006,W,0
7/20/2006,11:05:08,38.104,N,73.004,W,0
7/20/2006,11:07:07,38.126,N,73.003,W,0
7/20/2006,11:07:47,38.133,N,73.003,W,0
7/20/2006,11:09:46,38.155,N,73.002,W,0
7/20/2006,11:11:46,38.177,N,73.001,W,0
7/20/2006,11:13:13,38.193,N,73,W,0
7/20/2006,11:15:13,38.215,N,72.999,W,0
7/20/2006,11:17:14,38.237,N,72.998,W,0
7/20/2006,11:19:14,38.259,N,72.997,W,0
7/20/2006,11:21:14,38.281,N,72.996,W,0
7/20/2006,11:23:14,38.303,N,72.995,W,0
7/20/2006,11:25:13,38.325,N,72.994,W,0
7/20/2006,11:27:13,38.346,N,72.993,W,0
7/20/2006,11:29:13,38.368,N,72.992,W,0
7/20/2006,11:31:14,38.39,N,72.991,W,0
7/20/2006,11:33:14,38.411,N,72.99,W,0
7/20/2006,11:35:14,38.433,N,72.988,W,0
7/20/2006,11:37:14,38.455,N,72.987,W,0
7/20/2006,11:39:13,38.476,N,72.986,W,0
7/20/2006,11:41:13,38.497,N,72.985,W,0
7/20/2006,11:43:13,38.518,N,72.984,W,0
7/20/2006,11:45:13,38.54,N,72.983,W,0
7/20/2006,11:47:14,38.561,N,72.982,W,0
7/20/2006,11:49:14,38.582,N,72.981,W,0
7/20/2006,11:51:14,38.602,N,72.98,W,0
7/20/2006,11:53:14,38.623,N,72.979,W,0
7/20/2006,11:55:13,38.644,N,72.978,W,0
7/20/2006,11:57:13,38.664,N,72.976,W,0
7/20/2006,11:59:13,38.685,N,72.975,W,0
7/20/2006,12:01:14,38.705,N,72.974,W,0
7/20/2006,12:03:14,38.725,N,72.973,W,0
7/20/2006,12:05:14,38.745,N,72.972,W,0
7/20/2006,12:07:14,38.764,N,72.971,W,0
7/20/2006,12:09:13,38.784,N,72.97,W,0
7/20/2006,12:11:13,38.803,N,72.969,W,0
7/20/2006,12:13:13,38.823,N,72.967,W,0
7/20/2006,12:15:13,38.842,N,72.966,W,0
7/20/2006,12:17:14,38.861,N,72.965,W,0
7/20/2006,12:19:14,38.879,N,72.964,W,0
7/20/2006,12:21:14,38.898,N,72.963,W,0
7/20/2006,12:23:14,38.916,N,72.962,W,0
7/20/2006,12:25:13,38.934,N,72.96,W,0
7/20/2006,12:27:13,38.952,N,72.959,W,0
7/20/2006,12:29:13,38.97,N,72.958,W,0
7/20/2006,12:31:14,38.988,N,72.957,W,0
7/20/2006,12:33:14,39.005,N,72.956,W,0
7/20/2006,12:35:14,39.022,N,72.954,W,0
7/20/2006,12:37:14,39.039,N,72.953,W,0
7/20/2006,12:39:13,39.055,N,72.952,W,0
7/20/2006,12:41:13,39.072,N,72.951,W,0
7/20/2006,12:43:13,39.088,N,72.949,W,0
7/20/2006,12:45:13,39.104,N,72.948,W,0
7/20/2006,12:47:14,39.119,N,72.947,W,0
7/20/2006,12:49:14,39.134,N,72.946,W,0
7/20/2006,12:51:14,39.149,N,72.944,W,0
7/20/2006,12:53:14,39.164,N,72.943,W,0
7/20/2006,12:55:13,39.179,N,72.942,W,0
7/20/2006,12:57:13,39.193,N,72.94,W,0
7/20/2006,12:59:13,39.207,N,72.939,W,0
7/20/2006,13:01:14,39.22,N,72.938,W,0
7/20/2006,13:03:14,39.234,N,72.936,W,0
7/20/2006,13:05:14,39.247,N,72.935,W,0
7/20/2006,13:07:14,39.259,N,72.934,W,0
7/20/2006,13:09:13,39.272,N,72.932,W,0
7/20/2006,13:11:13,39.284,N,72.931,W,0
7/20/2006,13:13:13,39.296,N,72.929,W,0
7/20/2006,13:15:13,39.307,N,72.928,W,0
7/20/2006,13:17:14,39.318,N,72.926,W,0
7/20/2006,13:19:14,39.329,N,72.925,W,0
7/20/2006,13:21:14,39.339,N,72.924,W,0
7/20/2006,13:23:14,39.349,N,72.922,W,0
7/20/2006,13:25:13,39.359,N,72.921,W,0
7/20/2006,13:27:13,39.368,N,72.919,W,0
7/20/2006,13:29:13,39.377,N,72.918,W,0
7/20/2006,13:31:14,39.385,N,72.916,W,0
7/20/2006,13:33:14,39.393,N,72.915,W,0
7/20/2006,13:35:14,39.401,N,72.913,W,0
7/20/2006,13:37:14,39.408,N,72.911,W,0
7/20/2006,13:39:13,39.415,N,72.91,W,0
7/20/2006,13:41:13,39.422,N,72.908,W,0
7/20/2006,13:43:13,39.428,N,72.907,W,0
7/20/2006,13:45:13,39.434,N,72.905,W,0
7/20/2006,13:47:14,39.439,N,72.903,W,0
7/20/2006,13:49:14,39.444,N,72.902,W,0
7/20/2006,13:51:14,39.448,N,72.9,W,0
7/20/2006,13:53:14,39.453,N,72.898,W,0
7/20/2006,13:55:13,39.456,N,72.897,W,0
7/20/2006,13:57:13,39.459,N,72.895,W,0
7/20/2006,13:59:13,39.462,N,72.893,W,0
7/20/2006,14:01:14,39.464,N,72.891,W,0
7/20/2006,14:03:14,39.466,N,72.89,W,0
7/20/2006,14:05:14,39.468,N,72.888,W,0
7/20/2006,14:07:14,39.469,N,72.886,W,0
7/20/2006,14:09:13,39.469,N,72.884,W,0
7/20/2006,14:11:13,39.47,N,72.882,W,0
7/20/2006,14:13:13,39.47,N,72.881,W,0
7/20/2006,14:15:13,39.469,N,72.879,W,0
7/20/2006,14:17:14,39.469,N,72.877,W,0
7/20/2006,14:19:14,39.468,N,72.875,W,0
7/20/2006,14:21:14,39.466,N,72.873,W,0
7/20/2006,14:23:14,39.464,N,72.871,W,0
7/20/2006,14:25:13,39.462,N,72.869,W,0
7/20/2006,14:27:13,39.46,N,72.867,W,0
7/20/2006,14:29:13,39.457,N,72.865,W,0
7/20/2006,14:31:14,39.454,N,72.863,W,0
7/20/2006,14:33:14,39.451,N,72.861,W,0
7/20/2006,14:35:14,39.448,N,72.859,W,0
7/20/2006,14:37:14,39.444,N,72.857,W,0
7/20/2006,14:39:13,39.44,N,72.855,W,0
7/20/2006,14:41:13,39.436,N,72.853,W,0
7/20/2006,14:43:13,39.431,N,72.851,W,0
7/20/2006,14:45:13,39.426,N,72.849,W,0
7/20/2006,14:47:14,39.421,N,72.847,W,0
7/20/2006,14:49:14,39.416,N,72.845,W,0
7/20/2006,14:51:14,39.411,N,72.843,W,0
7/20/2006,14:53:14,39.405,N,72.84,W,0
7/20/2006,14:55:13,39.399,N,72.838,W,0
7/20/2006,14:57:13,39.393,N,72.836,W,0
7/20/2006,14:59:13,39.387,N,72.834,W,0
7/20/2006,15:01:14,39.381,N,72.832,W,0
7/20/2006,15:03:14,39.375,N,72.829,W,0
7/20/2006,15:05:14,39.368,N,72.827,W,0
7/20/2006,15:07:14,39.361,N,72.825,W,0
7/20/2006,15:09:13,39.354,N,72.823,W,0
7/20/2006,15:11:13,39.347,N,72.82,W,0
7/20/2006,15:13:13,39.34,N,72.818,W,0
7/20/2006,15:15:13,39.333,N,72.816,W,0
7/20/2006,15:17:14,39.326,N,72.813,W,0
7/20/2006,15:19:14,39.318,N,72.811,W,0
7/20/2006,15:21:14,39.311,N,72.809,W,0
7/20/2006,15:23:14,39.303,N,72.806,W,0
7/20/2006,15:25:13,39.296,N,72.804,W,0
7/20/2006,15:27:13,39.288,N,72.801,W,0
7/20/2006,15:29:13,39.28,N,72.799,W,0
7/20/2006,15:31:14,39.272,N,72.797,W,0
7/20/2006,15:33:14,39.265,N,72.794,W,0
7/20/2006,15:35:14,39.257,N,72.792,W,0
7/20/2006,15:37:14,39.249,N,72.789,W,0
7/20/2006,15:39:13,39.241,N,72.787,W,0
7/20/2006,15:41:13,39.233,N,72.784,W,0
7/20/2006,15:43:13,39.226,N,72.781,W,0
7/20/2006,15:45:13,39.218,N,72.779,W,0
7/20/2006,15:47:14,39.21,N,72.776,W,0
7/20/2006,15:49:14,39.202,N,72.774,W,0
7/20/2006,15:51:14,39.195,N,72.771,W,0
7/20/2006,15:53:14,39.187,N,72.769,W,0
7/20/2006,15:55:13,39.179,N,72.766,W,0
7/20/2006,15:57:13,39.172,N,72.763,W,0
7/20/2006,15:59:13,39.165,N,72.761,W,0
7/20/2006,16:01:13,39.157,N,72.758,W,0
7/20/2006,16:03:13,39.15,N,72.755,W,0
7/20/2006,16:05:13,39.143,N,72.752,W,0
7/20/2006,16:07:13,39.136,N,72.75,W,0
7/20/2006,16:09:14,39.129,N,72.747,W,0
7/20/2006,16:11:14,39.122,N,72.744,W,0
7/20/2006,16:13:14,39.116,N,72.741,W,0
7/20/2006,16:15:14,39.109,N,72.739,W,0
7/20/2006,16:17:14,39.103,N,72.736,W,0
7/20/2006,16:19:14,39.097,N,72.733,W,0
7/20/2006,16:21:14,39.091,N,72.73,W,0
7/20/2006,16:23:14,39.085,N,72.727,W,0
7/20/2006,16:25:13,39.079,N,72.724,W,0
7/20/2006,16:27:13,39.074,N,72.721,W,0
7/20/2006,16:29:13,39.069,N,72.718,W,0
7/20/2006,16:31:13,39.064,N,72.716,W,0
7/20/2006,16:33:13,39.059,N,72.713,W,0
7/20/2006,16:35:13,39.055,N,72.71,W,0
7/20/2006,16:37:13,39.05,N,72.707,W,0
7/20/2006,16:39:14,39.046,N,72.704,W,0
7/20/2006,16:41:14,39.043,N,72.701,W,0
7/20/2006,16:43:14,39.039,N,72.698,W,0
7/20/2006,16:45:14,39.036,N,72.695,W,0
7/20/2006,16:47:14,39.033,N,72.692,W,0
7/20/2006,16:49:14,39.03,N,72.688,W,0
7/20/2006,16:51:14,39.027,N,72.685,W,0
7/20/2006,16:53:14,39.025,N,72.682,W,0
7/20/2006,16:55:13,39.023,N,72.679,W,0
7/20/2006,16:57:13,39.021,N,72.676,W,0
7/20/2006,16:59:13,39.02,N,72.673,W,0
7/20/2006,17:01:13,39.018,N,72.67,W,0
7/20/2006,17:03:13,39.017,N,72.667,W,0
7/20/2006,17:05:13,39.016,N,72.663,W,0
7/20/2006,17:07:13,39.016,N,72.66,W,0
7/20/2006,17:09:14,39.015,N,72.657,W,0
7/20/2006,17:11:14,39.015,N,72.654,W,0
7/20/2006,17:13:14,39.015,N,72.65,W,0
7/20/2006,17:15:14,39.015,N,72.647,W,0
7/20/2006,17:17:14,39.015,N,72.644,W,0
7/20/2006,17:19:14,39.016,N,72.641,W,0
7/20/2006,17:21:14,39.017,N,72.637,W,0
7/20/2006,17:23:14,39.017,N,72.634,W,0
7/20/2006,17:25:13,39.019,N,72.631,W,0
7/20/2006,17:27:13,39.02,N,72.627,W,0
7/20/2006,17:29:13,39.021,N,72.624,W,0
7/20/2006,17:31:13,39.023,N,72.621,W,0
7/20/2006,17:33:13,39.025,N,72.617,W,0
7/20/2006,17:35:13,39.027,N,72.614,W,0
7/20/2006,17:37:13,39.029,N,72.611,W,0
7/20/2006,17:39:14,39.031,N,72.607,W,0
7/20/2006,17:41:14,39.034,N,72.604,W,0
7/20/2006,17:43:14,39.037,N,72.6,W,0
7/20/2006,17:45:14,39.039,N,72.597,W,0
7/20/2006,17:47:14,39.042,N,72.594,W,0
7/20/2006,17:49:14,39.046,N,72.59,W,0
7/20/2006,17:51:14,39.049,N,72.587,W,0
7/20/2006,17:53:14,39.052,N,72.583,W,0
7/20/2006,17:55:13,39.056,N,72.58,W,0
7/20/2006,17:57:13,39.06,N,72.576,W,0
7/20/2006,17:59:13,39.063,N,72.573,W,0
7/20/2006,18:01:13,39.067,N,72.569,W,0
7/20/2006,18:01:59,39.069,N,72.568,W,0
7/20/2006,18:03:59,39.076,N,72.565,W,0
7/20/2006,18:05:59,39.084,N,72.562,W,0
7/20/2006,18:07:59,39.091,N,72.558,W,0
7/20/2006,18:09:59,39.098,N,72.555,W,0
7/20/2006,18:11:59,39.105,N,72.552,W,0
7/20/2006,18:13:58,39.112,N,72.548,W,0
7/20/2006,18:15:58,39.119,N,72.545,W,0
7/20/2006,18:17:58,39.126,N,72.542,W,0
7/20/2006,18:19:58,39.132,N,72.538,W,0
7/20/2006,18:21:58,39.139,N,72.535,W,0
7/20/2006,18:23:58,39.146,N,72.531,W,0
7/20/2006,18:25:58,39.152,N,72.528,W,0
7/20/2006,18:27:59,39.159,N,72.525,W,0
7/20/2006,18:29:59,39.165,N,72.521,W,0
7/20/2006,18:31:59,39.171,N,72.518,W,0
7/20/2006,18:33:59,39.177,N,72.514,W,0
7/20/2006,18:35:59,39.184,N,72.51,W,0
7/20/2006,18:37:59,39.19,N,72.507,W,0
7/20/2006,18:39:59,39.196,N,72.503,W,0
7/20/2006,18:41:59,39.202,N,72.5,W,0
7/20/2006,18:43:58,39.207,N,72.496,W,0
7/20/2006,18:45:58,39.213,N,72.492,W,0
7/20/2006,18:47:58,39.219,N,72.489,W,0
7/20/2006,18:49:58,39.225,N,72.485,W,0
7/20/2006,18:51:58,39.23,N,72.481,W,0
7/20/2006,18:53:58,39.236,N,72.478,W,0
7/20/2006,18:55:58,39.241,N,72.474,W,0
7/20/2006,18:57:59,39.247,N,72.47,W,0
7/20/2006,18:59:59,39.252,N,72.466,W,0
7/20/2006,19:01:59,39.257,N,72.463,W,0
7/20/2006,19:03:59,39.262,N,72.459,W,0
7/20/2006,19:05:59,39.268,N,72.455,W,0
7/20/2006,19:07:59,39.273,N,72.451,W,0
7/20/2006,19:09:59,39.278,N,72.447,W,0
7/20/2006,19:11:59,39.283,N,72.444,W,0
7/20/2006,19:13:58,39.288,N,72.44,W,0
7/20/2006,19:15:58,39.292,N,72.436,W,0
7/20/2006,19:17:58,39.297,N,72.432,W,0
7/20/2006,19:19:58,39.302,N,72.428,W,0
7/20/2006,19:21:58,39.307,N,72.424,W,0
7/20/2006,19:23:58,39.311,N,72.42,W,0
7/20/2006,19:25:04,39.314,N,72.418,W,0
7/20/2006,19:27:04,39.319,N,72.414,W,0
7/20/2006,19:29:05,39.324,N,72.411,W,0
7/20/2006,19:31:05,39.329,N,72.407,W,0
7/20/2006,19:33:05,39.334,N,72.403,W,0
7/20/2006,19:35:05,39.339,N,72.399,W,0
7/20/2006,19:37:05,39.344,N,72.396,W,0
7/20/2006,19:39:05,39.348,N,72.392,W,0
7/20/2006,19:41:05,39.353,N,72.388,W,0
7/20/2006,19:43:05,39.357,N,72.384,W,0
7/20/2006,19:45:04,39.362,N,72.381,W,0
7/20/2006,19:47:04,39.366,N,72.377,W,0
7/20/2006,19:49:04,39.371,N,72.373,W,0
7/20/2006,19:51:04,39.375,N,72.369,W,0
7/20/2006,19:53:04,39.379,N,72.365,W,0
7/20/2006,19:55:04,39.383,N,72.362,W,0
7/20/2006,19:57:04,39.387,N,72.358,W,0
7/20/2006,19:59:05,39.392,N,72.354,W,0
7/20/2006,20:01:05,39.395,N,72.35,W,0
7/20/2006,20:03:05,39.399,N,72.346,W,0
7/20/2006,20:05:05,39.403,N,72.342,W,0
7/20/2006,20:07:05,39.407,N,72.338,W,0
7/20/2006,20:09:05,39.411,N,72.334,W,0
7/20/2006,20:11:05,39.414,N,72.33,W,0
7/20/2006,20:13:05,39.418,N,72.326,W,0
7/20/2006,20:15:04,39.421,N,72.323,W,0
7/20/2006,20:17:04,39.425,N,72.319,W,0
7/20/2006,20:19:04,39.428,N,72.315,W,0
7/20/2006,20:21:04,39.432,N,72.311,W,0
7/20/2006,20:23:04,39.435,N,72.306,W,0
7/20/2006,20:25:04,39.438,N,72.302,W,0
7/20/2006,20:27:04,39.442,N,72.298,W,0
7/20/2006,20:29:05,39.445,N,72.294,W,0
7/20/2006,20:31:05,39.448,N,72.29,W,0
7/20/2006,20:33:05,39.451,N,72.286,W,0
7/20/2006,20:35:05,39.454,N,72.282,W,0
7/20/2006,20:37:05,39.458,N,72.277,W,0
7/20/2006,20:39:05,39.461,N,72.273,W,0
7/20/2006,20:41:05,39.464,N,72.269,W,0
7/20/2006,20:43:05,39.467,N,72.265,W,0
7/20/2006,20:45:04,39.47,N,72.26,W,0
7/20/2006,20:47:04,39.473,N,72.256,W,0
7/20/2006,20:49:04,39.476,N,72.252,W,0
7/20/2006,20:51:04,39.479,N,72.247,W,0
7/20/2006,20:53:04,39.482,N,72.243,W,0
7/20/2006,20:55:04,39.484,N,72.238,W,0
7/20/2006,20:57:04,39.487,N,72.234,W,0
7/20/2006,20:59:05,39.49,N,72.229,W,0
7/20/2006,21:01:05,39.493,N,72.225,W,0
7/20/2006,21:03:05,39.496,N,72.22,W,0
7/20/2006,21:05:05,39.499,N,72.215,W,0
7/20/2006,21:07:05,39.502,N,72.211,W,0
7/20/2006,21:09:05,39.505,N,72.206,W,0
7/20/2006,21:11:05,39.508,N,72.201,W,0
7/20/2006,21:13:05,39.51,N,72.196,W,0
7/20/2006,21:15:04,39.513,N,72.191,W,0
7/20/2006,21:17:04,39.516,N,72.187,W,0
7/20/2006,21:19:04,39.519,N,72.182,W,0
7/20/2006,21:21:04,39.522,N,72.177,W,0
7/20/2006,21:23:04,39.525,N,72.172,W,0
7/20/2006,21:25:04,39.528,N,72.166,W,0
7/20/2006,21:27:04,39.531,N,72.161,W,0
7/20/2006,21:29:05,39.534,N,72.156,W,0
7/20/2006,21:31:05,39.537,N,72.151,W,0
7/20/2006,21:31:50,39.538,N,72.149,W,0
7/20/2006,21:33:50,39.542,N,72.144,W,0
7/20/2006,21:35:51,39.545,N,72.139,W,0
7/20/2006,21:37:51,39.548,N,72.133,W,0
7/20/2006,21:39:51,39.552,N,72.128,W,0
7/20/2006,21:41:51,39.556,N,72.123,W,0
7/20/2006,21:43:51,39.559,N,72.117,W,0
7/20/2006,21:45:51,39.562,N,72.112,W,0
7/20/2006,21:47:51,39.566,N,72.106,W,0
7/20/2006,21:49:51,39.569,N,72.101,W,0
7/20/2006,21:51:50,39.573,N,72.095,W,0
7/20/2006,21:53:50,39.576,N,72.09,W,0
7/20/2006,21:55:50,39.58,N,72.084,W,0
7/20/2006,21:57:50,39.583,N,72.078,W,0
7/20/2006,21:59:50,39.587,N,72.073,W,0
7/20/2006,22:01:50,39.59,N,72.067,W,0
7/20/2006,22:03:50,39.594,N,72.061,W,0
7/20/2006,22:05:51,39.597,N,72.055,W,0
7/20/2006,22:07:51,39.601,N,72.049,W,0
7/20/2006,22:09:51,39.604,N,72.043,W,0
7/20/2006,22:11:51,39.608,N,72.037,W,0
7/20/2006,22:13:51,39.611,N,72.031,W,0
7/20/2006,22:15:51,39.615,N,72.025,W,0
7/20/2006,22:17:51,39.618,N,72.019,W,0
7/20/2006,22:19:51,39.622,N,72.012,W,0
7/20/2006,22:21:50,39.625,N,72.006,W,0
7/20/2006,22:23:50,39.629,N,72,W,0
7/20/2006,22:25:50,39.632,N,71.994,W,0
7/20/2006,22:27:50,39.636,N,71.987,W,0
7/20/2006,22:29:50,39.639,N,71.981,W,0
7/20/2006,22:31:50,39.643,N,71.974,W,0
7/20/2006,22:33:50,39.646,N,71.968,W,0
7/20/2006,22:35:51,39.65,N,71.962,W,0
7/20/2006,22:37:51,39.653,N,71.955,W,0
7/20/2006,22:39:51,39.657,N,71.949,W,0
7/20/2006,22:41:51,39.66,N,71.942,W,0
7/20/2006,22:43:51,39.664,N,71.935,W,0
7/20/2006,22:45:51,39.667,N,71.929,W,0
7/20/2006,22:47:51,39.671,N,71.922,W,0
7/20/2006,22:49:51,39.675,N,71.916,W,0
7/20/2006,22:51:50,39.678,N,71.909,W,0
7/20/2006,22:53:50,39.682,N,71.902,W,0
7/20/2006,22:55:50,39.685,N,71.896,W,0
7/20/2006,22:57:50,39.689,N,71.889,W,0
7/20/2006,22:59:50,39.693,N,71.882,W,0
7/20/2006,23:01:50,39.696,N,71.876,W,0
7/20/2006,23:03:50,39.7,N,71.869,W,0
7/20/2006,23:05:51,39.703,N,71.862,W,0
7/20/2006,23:07:51,39.707,N,71.856,W,0
7/20/2006,23:09:51,39.711,N,71.849,W,0
7/20/2006,23:11:51,39.714,N,71.842,W,0
7/20/2006,23:13:51,39.718,N,71.835,W,0
7/20/2006,23:15:51,39.722,N,71.829,W,0
7/20/2006,23:17:51,39.725,N,71.822,W,0
7/20/2006,23:19:51,39.729,N,71.815,W,0
7/20/2006,23:21:50,39.733,N,71.808,W,0
7/20/2006,23:23:50,39.737,N,71.802,W,0
7/20/2006,23:24:02,39.737,N,71.801,W,0
7/20/2006,23:26:02,39.741,N,71.795,W,0
7/20/2006,23:28:02,39.744,N,71.79,W,0
7/20/2006,23:30:02,39.748,N,71.784,W,0
7/20/2006,23:32:02,39.751,N,71.778,W,0
7/20/2006,23:34:02,39.755,N,71.773,W,0
7/20/2006,23:36:01,39.758,N,71.767,W,0
7/20/2006,23:38:01,39.762,N,71.762,W,0
7/20/2006,23:40:01,39.765,N,71.756,W,0
7/20/2006,23:42:01,39.769,N,71.751,W,0
7/20/2006,23:44:01,39.773,N,71.746,W,0
7/20/2006,23:46:01,39.776,N,71.74,W,0
7/20/2006,23:48:01,39.78,N,71.735,W,0
7/20/2006,23:50:01,39.783,N,71.73,W,0
7/20/2006,23:52:02,39.787,N,71.724,W,0
7/20/2006,23:54:02,39.79,N,71.719,W,0
7/20/2006,23:56:02,39.794,N,71.714,W,0
7/20/2006,23:58:02,39.797,N,71.709,W,0
7/21/2006,0:00:02,39.801,N,71.704,W,0
7/21/2006,0:02:02,39.805,N,71.699,W,0
7/21/2006,0:04:02,39.808,N,71.694,W,0
7/21/2006,0:06:01,39.812,N,71.689,W,0
7/21/2006,0:08:01,39.815,N,71.684,W,0
7/21/2006,0:10:01,39.819,N,71.679,W,0
7/21/2006,0:12:01,39.822,N,71.674,W,0
7/21/2006,0:14:01,39.826,N,71.669,W,0
7/21/2006,0:16:01,39.83,N,71.664,W,0
7/21/2006,0:18:01,39.833,N,71.659,W,0
7/21/2006,0:20:01,39.837,N,71.654,W,0
7/21/2006,0:22:02,39.84,N,71.65,W,0
7/21/2006,0:24:02,39.844,N,71.645,W,0
7/21/2006,0:26:02,39.848,N,71.64,W,0
7/21/2006,0:28:02,39.851,N,71.636,W,0
7/21/2006,0:30:02,39.855,N,71.631,W,0
7/21/2006,0:32:02,39.859,N,71.626,W,0
7/21/2006,0:34:02,39.862,N,71.622,W,0
7/21/2006,0:36:01,39.866,N,71.617,W,0
7/21/2006,0:38:01,39.87,N,71.612,W,0
7/21/2006,0:40:01,39.873,N,71.608,W,0
7/21/2006,0:42:01,39.877,N,71.603,W,0
7/21/2006,0:44:01,39.881,N,71.599,W,0
7/21/2006,0:46:01,39.885,N,71.594,W,0
7/21/2006,0:48:01,39.889,N,71.59,W,0
7/21/2006,0:50:01,39.892,N,71.585,W,0
7/21/2006,0:52:02,39.896,N,71.58,W,0
7/21/2006,0:54:02,39.9,N,71.576,W,0
7/21/2006,0:56:02,39.904,N,71.571,W,0
7/21/2006,0:58:02,39.908,N,71.567,W,0
7/21/2006,1:00:02,39.912,N,71.562,W,0
7/21/2006,1:02:02,39.916,N,71.558,W,0
7/21/2006,1:04:02,39.92,N,71.553,W,0
7/21/2006,1:06:01,39.924,N,71.548,W,0
7/21/2006,1:08:01,39.928,N,71.544,W,0
7/21/2006,1:10:01,39.933,N,71.539,W,0
7/21/2006,1:12:01,39.937,N,71.535,W,0
7/21/2006,1:14:01,39.941,N,71.53,W,0
7/21/2006,1:16:01,39.945,N,71.525,W,0
7/21/2006,1:18:01,39.95,N,71.521,W,0
7/21/2006,1:20:01,39.954,N,71.516,W,0
7/21/2006,1:22:02,39.958,N,71.511,W,0
7/21/2006,1:24:02,39.963,N,71.507,W,0
7/21/2006,1:26:02,39.967,N,71.502,W,0
7/21/2006,1:28:02,39.972,N,71.497,W,0
7/21/2006,1:30:02,39.977,N,71.492,W,0
7/21/2006,1:32:02,39.981,N,71.488,W,0
7/21/2006,1:34:02,39.986,N,71.483,W,0
7/21/2006,1:36:01,39.991,N,71.478,W,0
7/21/2006,1:38:01,39.995,N,71.473,W,0
7/21/2006,1:40:01,40,N,71.468,W,0
7/21/2006,1:42:01,40.005,N,71.463,W,0
7/21/2006,1:44:01,40.01,N,71.458,W,0
7/21/2006,1:46:01,40.015,N,71.453,W,0
7/21/2006,1:48:01,40.02,N,71.448,W,0
7/21/2006,1:50:01,40.025,N,71.443,W,0
7/21/2006,1:52:02,40.031,N,71.437,W,0
7/21/2006,1:54:02,40.036,N,71.432,W,0
7/21/2006,1:56:02,40.041,N,71.427,W,0
7/21/2006,1:58:02,40.046,N,71.422,W,0
7/21/2006,2:00:02,40.052,N,71.416,W,0
7/21/2006,2:02:02,40.057,N,71.411,W,0
7/21/2006,2:04:02,40.063,N,71.405,W,0
7/21/2006,2:06:01,40.069,N,71.4,W,0
7/21/2006,2:08:01,40.074,N,71.394,W,0
7/21/2006,2:10:01,40.08,N,71.389,W,0
7/21/2006,2:12:01,40.086,N,71.383,W,0
7/21/2006,2:14:01,40.092,N,71.377,W,0
7/21/2006,2:16:01,40.098,N,71.371,W,0
7/21/2006,2:18:01,40.104,N,71.365,W,0
7/21/2006,2:20:01,40.11,N,71.359,W,0
7/21/2006,2:22:02,40.116,N,71.353,W,0
7/21/2006,2:24:02,40.123,N,71.347,W,0
7/21/2006,2:26:02,40.129,N,71.341,W,0
7/21/2006,2:28:02,40.135,N,71.335,W,0
7/21/2006,2:30:02,40.142,N,71.329,W,0
7/21/2006,2:32:02,40.149,N,71.322,W,0
7/21/2006,2:34:02,40.155,N,71.316,W,0
7/21/2006,2:36:01,40.162,N,71.309,W,0
7/21/2006,2:38:01,40.169,N,71.303,W,0
7/21/2006,2:40:01,40.176,N,71.296,W,0
7/21/2006,2:42:01,40.183,N,71.289,W,0
7/21/2006,2:44:01,40.19,N,71.282,W,0
7/21/2006,2:46:01,40.197,N,71.275,W,0
7/21/2006,2:48:01,40.205,N,71.268,W,0
7/21/2006,2:50:01,40.212,N,71.261,W,0
7/21/2006,2:52:02,40.22,N,71.254,W,0
7/21/2006,2:54:02,40.227,N,71.247,W,0
7/21/2006,2:56:02,40.235,N,71.24,W,0
7/21/2006,2:58:02,40.242,N,71.232,W,0
7/21/2006,3:00:00,40.25,N,71.225,W,0
7/21/2006,3:01:59,40.266,N,71.231,W,0
7/21/2006,3:03:59,40.282,N,71.237,W,0
7/21/2006,3:05:59,40.297,N,71.242,W,0
7/21/2006,3:07:59,40.313,N,71.247,W,0
7/21/2006,3:09:59,40.328,N,71.251,W,0
7/21/2006,3:11:59,40.343,N,71.255,W,0
7/21/2006,3:13:59,40.358,N,71.258,W,0
7/21/2006,3:16:00,40.372,N,71.261,W,0
7/21/2006,3:18:00,40.387,N,71.263,W,0
7/21/2006,3:20:00,40.4,N,71.264,W,0
7/21/2006,3:22:00,40.414,N,71.265,W,0
7/21/2006,3:24:00,40.428,N,71.265,W,0
7/21/2006,3:26:00,40.441,N,71.264,W,0
7/21/2006,3:28:00,40.454,N,71.263,W,0
7/21/2006,3:30:00,40.466,N,71.261,W,0
7/21/2006,3:31:59,40.478,N,71.259,W,0
7/21/2006,3:33:59,40.49,N,71.256,W,0
7/21/2006,3:35:59,40.502,N,71.252,W,0
7/21/2006,3:37:59,40.514,N,71.248,W,0
7/21/2006,3:39:59,40.525,N,71.243,W,0
7/21/2006,3:41:59,40.536,N,71.238,W,0
7/21/2006,3:43:59,40.547,N,71.233,W,0
7/21/2006,3:46:00,40.558,N,71.226,W,0
7/21/2006,3:48:00,40.568,N,71.22,W,0
7/21/2006,3:50:00,40.578,N,71.212,W,0
7/21/2006,3:52:00,40.588,N,71.205,W,0
7/21/2006,3:54:00,40.598,N,71.196,W,0
7/21/2006,3:56:00,40.607,N,71.188,W,0
7/21/2006,3:58:00,40.617,N,71.179,W,0
7/21/2006,4:00:00,40.626,N,71.169,W,0
7/21/2006,4:01:59,40.635,N,71.159,W,0
7/21/2006,4:03:59,40.643,N,71.149,W,0
7/21/2006,4:05:59,40.652,N,71.138,W,0
7/21/2006,4:07:59,40.66,N,71.127,W,0
7/21/2006,4:09:59,40.668,N,71.115,W,0
7/21/2006,4:11:59,40.676,N,71.103,W,0
7/21/2006,4:13:59,40.684,N,71.091,W,0
7/21/2006,4:16:00,40.692,N,71.078,W,0
7/21/2006,4:18:00,40.7,N,71.065,W,0
7/21/2006,4:20:00,40.707,N,71.052,W,0
7/21/2006,4:22:00,40.714,N,71.038,W,0
7/21/2006,4:24:00,40.721,N,71.024,W,0
7/21/2006,4:26:00,40.728,N,71.01,W,0
7/21/2006,4:28:00,40.735,N,70.995,W,0
7/21/2006,4:30:00,40.742,N,70.981,W,0
7/21/2006,4:31:59,40.749,N,70.966,W,0
7/21/2006,4:33:59,40.755,N,70.95,W,0
7/21/2006,4:35:59,40.762,N,70.935,W,0
7/21/2006,4:37:59,40.768,N,70.919,W,0
7/21/2006,4:39:59,40.774,N,70.903,W,0
7/21/2006,4:41:59,40.78,N,70.887,W,0
7/21/2006,4:43:59,40.786,N,70.87,W,0
7/21/2006,4:46:00,40.792,N,70.853,W,0
7/21/2006,4:48:00,40.798,N,70.837,W,0
7/21/2006,4:50:00,40.804,N,70.82,W,0
7/21/2006,4:52:00,40.81,N,70.803,W,0
7/21/2006,4:54:00,40.815,N,70.785,W,0
7/21/2006,4:56:00,40.821,N,70.768,W,0
7/21/2006,4:58:00,40.827,N,70.75,W,0
7/21/2006,5:00:00,40.832,N,70.733,W,0
7/21/2006,5:01:59,40.838,N,70.715,W,0
7/21/2006,5:03:59,40.843,N,70.697,W,0
7/21/2006,5:05:59,40.848,N,70.679,W,0
7/21/2006,5:07:59,40.854,N,70.661,W,0
7/21/2006,5:09:36,40.858,N,70.647,W,0
7/21/2006,5:11:36,40.863,N,70.629,W,0
7/21/2006,5:13:36,40.868,N,70.61,W,0
7/21/2006,5:15:36,40.874,N,70.592,W,0
7/21/2006,5:17:36,40.879,N,70.574,W,0
7/21/2006,5:17:53,40.88,N,70.572,W,0
7/21/2006,5:19:53,40.885,N,70.554,W,0
7/21/2006,5:21:53,40.891,N,70.536,W,0
7/21/2006,5:23:53,40.896,N,70.519,W,0
7/21/2006,5:25:52,40.902,N,70.501,W,0
7/21/2006,5:27:52,40.908,N,70.484,W,0
7/21/2006,5:29:52,40.913,N,70.467,W,0
7/21/2006,5:31:52,40.919,N,70.45,W,0
7/21/2006,5:33:52,40.925,N,70.433,W,0
7/21/2006,5:35:52,40.931,N,70.417,W,0
7/21/2006,5:37:52,40.938,N,70.4,W,0
7/21/2006,5:39:52,40.944,N,70.385,W,0
7/21/2006,5:41:53,40.951,N,70.369,W,0
7/21/2006,5:43:53,40.958,N,70.354,W,0
7/21/2006,5:45:53,40.965,N,70.339,W,0
7/21/2006,5:47:53,40.972,N,70.325,W,0
7/21/2006,5:49:53,40.979,N,70.311,W,0
7/21/2006,5:51:53,40.987,N,70.298,W,0
7/21/2006,5:53:53,40.994,N,70.285,W,0
7/21/2006,5:55:52,41.002,N,70.272,W,0
7/21/2006,5:57:52,41.011,N,70.26,W,0
7/21/2006,5:59:52,41.019,N,70.249,W,0
7/21/2006,6:01:52,41.028,N,70.238,W,0
7/21/2006,6:03:52,41.037,N,70.227,W,0
7/21/2006,6:05:52,41.047,N,70.218,W,0
7/21/2006,6:07:52,41.056,N,70.208,W,0
7/21/2006,6:09:52,41.066,N,70.2,W,0
7/21/2006,6:11:53,41.077,N,70.192,W,0
7/21/2006,6:13:53,41.087,N,70.185,W,0
7/21/2006,6:15:53,41.098,N,70.179,W,0
7/21/2006,6:17:53,41.11,N,70.173,W,0
7/21/2006,6:19:53,41.122,N,70.168,W,0
7/21/2006,6:21:53,41.134,N,70.164,W,0
7/21/2006,6:23:53,41.146,N,70.16,W,0
7/21/2006,6:25:52,41.159,N,70.157,W,0
7/21/2006,6:27:52,41.172,N,70.155,W,0
7/21/2006,6:29:52,41.185,N,70.153,W,0
7/21/2006,6:31:52,41.198,N,70.152,W,0
7/21/2006,6:33:52,41.212,N,70.151,W,0
7/21/2006,6:35:52,41.226,N,70.151,W,0
7/21/2006,6:37:52,41.24,N,70.151,W,0
7/21/2006,6:39:52,41.254,N,70.151,W,0
7/21/2006,6:41:53,41.268,N,70.151,W,0
7/21/2006,6:43:53,41.282,N,70.152,W,0
7/21/2006,6:45:32,41.294,N,70.153,W,0
7/21/2006,6:47:33,41.303,N,70.144,W,0
7/21/2006,6:49:33,41.311,N,70.135,W,0
7/21/2006,6:51:33,41.319,N,70.125,W,0
7/21/2006,6:53:33,41.328,N,70.116,W,0
7/21/2006,6:55:33,41.336,N,70.107,W,0
7/21/2006,6:57:33,41.344,N,70.098,W,0
7/21/2006,6:59:33,41.353,N,70.089,W,0
7/21/2006,7:01:32,41.361,N,70.08,W,0
7/21/2006,7:03:32,41.369,N,70.071,W,0
7/21/2006,7:05:32,41.377,N,70.062,W,0
7/21/2006,7:07:32,41.385,N,70.053,W,0
7/21/2006,7:09:32,41.392,N,70.044,W,0
7/21/2006,7:11:32,41.4,N,70.035,W,0
7/21/2006,7:13:32,41.408,N,70.027,W,0
7/21/2006,7:15:32,41.415,N,70.018,W,0
7/21/2006,7:17:33,41.423,N,70.009,W,0
7/21/2006,7:19:33,41.43,N,70,W,0
7/21/2006,7:21:33,41.438,N,69.991,W,0
7/21/2006,7:23:33,41.445,N,69.983,W,0
7/21/2006,7:25:33,41.452,N,69.974,W,0
7/21/2006,7:27:33,41.459,N,69.965,W,0
7/21/2006,7:29:33,41.466,N,69.957,W,0
7/21/2006,7:31:32,41.473,N,69.948,W,0
7/21/2006,7:33:32,41.48,N,69.94,W,0
7/21/2006,7:35:32,41.487,N,69.931,W,0
7/21/2006,7:37:32,41.493,N,69.923,W,0
7/21/2006,7:39:32,41.5,N,69.914,W,0
7/21/2006,7:41:32,41.507,N,69.906,W,0
7/21/2006,7:43:32,41.513,N,69.898,W,0
7/21/2006,7:45:32,41.519,N,69.889,W,0
7/21/2006,7:47:33,41.526,N,69.881,W,0
7/21/2006,7:49:33,41.532,N,69.873,W,0
7/21/2006,7:51:33,41.538,N,69.864,W,0
7/21/2006,7:53:33,41.544,N,69.856,W,0
7/21/2006,7:55:33,41.55,N,69.848,W,0
7/21/2006,7:57:33,41.556,N,69.84,W,0
7/21/2006,7:59:33,41.562,N,69.831,W,0
7/21/2006,8:01:32,41.568,N,69.823,W,0
7/21/2006,8:03:32,41.573,N,69.815,W,0
7/21/2006,8:05:32,41.579,N,69.807,W,0
7/21/2006,8:07:32,41.585,N,69.798,W,0
7/21/2006,8:09:32,41.59,N,69.79,W,0
7/21/2006,8:11:32,41.596,N,69.782,W,0
7/21/2006,8:13:32,41.602,N,69.773,W,0
7/21/2006,8:15:32,41.607,N,69.765,W,0
7/21/2006,8:17:33,41.613,N,69.757,W,0
7/21/2006,8:19:33,41.618,N,69.749,W,0
7/21/2006,8:21:33,41.623,N,69.74,W,0
7/21/2006,8:23:33,41.629,N,69.732,W,0
7/21/2006,8:25:33,41.634,N,69.723,W,0
7/21/2006,8:27:33,41.639,N,69.715,W,0
7/21/2006,8:29:33,41.645,N,69.707,W,0
7/21/2006,8:31:32,41.65,N,69.698,W,0
7/21/2006,8:33:32,41.655,N,69.69,W,0
7/21/2006,8:35:18,41.66,N,69.682,W,0
7/21/2006,8:37:19,41.667,N,69.669,W,0
7/21/2006,8:39:19,41.674,N,69.656,W,0
7/21/2006,8:41:19,41.681,N,69.644,W,0
7/21/2006,8:43:19,41.688,N,69.631,W,0
7/21/2006,8:45:19,41.695,N,69.618,W,0
7/21/2006,8:47:19,41.703,N,69.606,W,0
7/21/2006,8:49:19,41.71,N,69.593,W,0
7/21/2006,8:51:19,41.717,N,69.58,W,0
7/21/2006,8:53:18,41.724,N,69.567,W,0
7/21/2006,8:55:18,41.731,N,69.555,W,0
7/21/2006,8:57:18,41.738,N,69.542,W,0
7/21/2006,8:59:18,41.745,N,69.529,W,0
7/21/2006,9:01:18,41.752,N,69.516,W,0
7/21/2006,9:03:18,41.759,N,69.504,W,0
7/21/2006,9:05:18,41.766,N,69.491,W,0
7/21/2006,9:07:19,41.774,N,69.478,W,0
7/21/2006,9:09:19,41.781,N,69.466,W,0
7/21/2006,9:11:19,41.788,N,69.453,W,0
7/21/2006,9:13:19,41.795,N,69.44,W,0
7/21/2006,9:15:19,41.802,N,69.427,W,0
7/21/2006,9:17:19,41.809,N,69.415,W,0
7/21/2006,9:19:19,41.816,N,69.402,W,0
7/21/2006,9:21:19,41.823,N,69.389,W,0
7/21/2006,9:23:18,41.831,N,69.377,W,0
7/21/2006,9:25:18,41.838,N,69.364,W,0
7/21/2006,9:27:18,41.845,N,69.351,W,0
7/21/2006,9:29:18,41.852,N,69.339,W,0
7/21/2006,9:31:18,41.859,N,69.326,W,0
7/21/2006,9:33:18,41.866,N,69.313,W,0
7/21/2006,9:35:18,41.873,N,69.301,W,0
7/21/2006,9:37:19,41.881,N,69.288,W,0
7/21/2006,9:39:19,41.888,N,69.275,W,0
7/21/2006,9:41:19,41.895,N,69.263,W,0
7/21/2006,9:43:19,41.902,N,69.25,W,0
7/21/2006,9:45:19,41.909,N,69.238,W,0
7/21/2006,9:47:19,41.916,N,69.225,W,0
7/21/2006,9:49:19,41.924,N,69.212,W,0
7/21/2006,9:51:19,41.931,N,69.2,W,0
7/21/2006,9:53:18,41.938,N,69.187,W,0
7/21/2006,9:55:18,41.945,N,69.174,W,0
7/21/2006,9:57:18,41.952,N,69.162,W,0
7/21/2006,9:59:18,41.959,N,69.149,W,0
7/21/2006,10:01:18,41.967,N,69.137,W,0
7/21/2006,10:03:18,41.974,N,69.124,W,0
7/21/2006,10:05:18,41.981,N,69.111,W,0
7/21/2006,10:07:19,41.988,N,69.099,W,0
7/21/2006,10:09:19,41.995,N,69.086,W,0
7/21/2006,10:11:19,42.003,N,69.074,W,0
7/21/2006,10:13:19,42.01,N,69.061,W,0
7/21/2006,10:15:19,42.017,N,69.049,W,0
7/21/2006,10:17:19,42.024,N,69.036,W,0
7/21/2006,10:19:19,42.032,N,69.024,W,0
7/21/2006,10:21:19,42.039,N,69.011,W,0
7/21/2006,10:23:18,42.046,N,68.998,W,0
7/21/2006,10:25:18,42.053,N,68.986,W,0
7/21/2006,10:27:18,42.06,N,68.973,W,0
7/21/2006,10:29:18,42.068,N,68.961,W,0
7/21/2006,10:31:18,42.075,N,68.948,W,0
7/21/2006,10:33:18,42.082,N,68.936,W,0
7/21/2006,10:35:18,42.089,N,68.923,W,0
7/21/2006,10:37:19,42.097,N,68.911,W,0
7/21/2006,10:39:19,42.104,N,68.898,W,0
7/21/2006,10:41:19,42.111,N,68.886,W,0
7/21/2006,10:43:19,42.118,N,68.873,W,0
7/21/2006,10:45:19,42.126,N,68.861,W,0
7/21/2006,10:47:19,42.133,N,68.848,W,0
7/21/2006,10:49:19,42.14,N,68.836,W,0
7/21/2006,10:51:19,42.147,N,68.824,W,0
7/21/2006,10:53:18,42.155,N,68.811,W,0
7/21/2006,10:55:18,42.162,N,68.799,W,0
7/21/2006,10:57:18,42.169,N,68.786,W,0
7/21/2006,10:59:18,42.177,N,68.774,W,0
7/21/2006,11:01:18,42.184,N,68.761,W,0
7/21/2006,11:03:18,42.191,N,68.749,W,0
7/21/2006,11:05:18,42.199,N,68.737,W,0
7/21/2006,11:07:19,42.206,N,68.724,W,0
7/21/2006,11:09:19,42.213,N,68.712,W,0
7/21/2006,11:11:19,42.22,N,68.699,W,0
7/21/2006,11:13:19,42.228,N,68.687,W,0
7/21/2006,11:15:19,42.235,N,68.675,W,0
7/21/2006,11:17:19,42.242,N,68.662,W,0
7/21/2006,11:19:19,42.25,N,68.65,W,0
7/21/2006,11:21:19,42.257,N,68.638,W,0
7/21/2006,11:23:18,42.264,N,68.625,W,0
7/21/2006,11:25:18,42.272,N,68.613,W,0
7/21/2006,11:27:18,42.279,N,68.601,W,0
7/21/2006,11:29:18,42.287,N,68.588,W,0
7/21/2006,11:31:18,42.294,N,68.576,W,0
7/21/2006,11:33:18,42.301,N,68.564,W,0
7/21/2006,11:35:18,42.309,N,68.551,W,0
7/21/2006,11:37:19,42.316,N,68.539,W,0
7/21/2006,11:39:19,42.323,N,68.527,W,0
7/21/2006,11:41:19,42.331,N,68.514,W,0
7/21/2006,11:43:19,42.338,N,68.502,W,0
7/21/2006,11:45:19,42.346,N,68.49,W,0
7/21/2006,11:47:19,42.353,N,68.478,W,0
7/21/2006,11:49:19,42.36,N,68.465,W,0
7/21/2006,11:51:19,42.368,N,68.453,W,0
7/21/2006,11:53:18,42.375,N,68.441,W,0
7/21/2006,11:55:18,42.383,N,68.429,W,0
7/21/2006,11:57:18,42.39,N,68.416,W,0
7/21/2006,11:59:18,42.397,N,68.404,W,0
7/21/2006,12:01:18,42.405,N,68.392,W,0
7/21/2006,12:03:18,42.412,N,68.38,W,0
7/21/2006,12:05:18,42.42,N,68.368,W,0
7/21/2006,12:07:19,42.427,N,68.355,W,0
7/21/2006,12:09:19,42.435,N,68.343,W,0
7/21/2006,12:11:19,42.442,N,68.331,W,0
7/21/2006,12:13:19,42.45,N,68.319,W,0
7/21/2006,12:15:19,42.457,N,68.307,W,0
7/21/2006,12:17:19,42.465,N,68.295,W,0
7/21/2006,12:19:19,42.472,N,68.282,W,0
7/21/2006,12:21:19,42.48,N,68.27,W,0
7/21/2006,12:23:18,42.487,N,68.258,W,0
7/21/2006,12:25:18,42.495,N,68.246,W,0
7/21/2006,12:27:18,42.502,N,68.234,W,0
7/21/2006,12:29:18,42.51,N,68.222,W,0
7/21/2006,12:31:18,42.517,N,68.21,W,0
7/21/2006,12:33:18,42.525,N,68.198,W,0
7/21/2006,12:35:18,42.532,N,68.186,W,0
7/21/2006,12:37:19,42.54,N,68.174,W,0
7/21/2006,12:39:19,42.547,N,68.162,W,0
7/21/2006,12:41:19,42.555,N,68.15,W,0
7/21/2006,12:43:19,42.562,N,68.138,W,0
7/21/2006,12:45:19,42.57,N,68.126,W,0
7/21/2006,12:47:19,42.577,N,68.113,W,0
7/21/2006,12:49:19,42.585,N,68.101,W,0
7/21/2006,12:51:19,42.592,N,68.089,W,0
7/21/2006,12:53:18,42.6,N,68.077,W,0
7/21/2006,12:55:18,42.608,N,68.066,W,0
7/21/2006,12:57:18,42.615,N,68.054,W,0
7/21/2006,12:59:18,42.623,N,68.042,W,0
7/21/2006,13:01:18,42.63,N,68.03,W,0
7/21/2006,13:03:18,42.638,N,68.018,W,0
7/21/2006,13:05:18,42.646,N,68.006,W,0
7/21/2006,13:07:19,42.653,N,67.994,W,0
7/21/2006,13:09:19,42.661,N,67.982,W,0
7/21/2006,13:11:19,42.668,N,67.97,W,0
7/21/2006,13:13:19,42.676,N,67.958,W,0
7/21/2006,13:15:19,42.684,N,67.946,W,0
7/21/2006,13:17:19,42.691,N,67.934,W,0
7/21/2006,13:19:19,42.699,N,67.922,W,0
7/21/2006,13:21:19,42.707,N,67.91,W,0
7/21/2006,13:23:18,42.714,N,67.899,W,0
7/21/2006,13:25:18,42.722,N,67.887,W,0
7/21/2006,13:27:18,42.729,N,67.875,W,0
7/21/2006,13:29:18,42.737,N,67.863,W,0
7/21/2006,13:31:18,42.745,N,67.851,W,0
7/21/2006,13:33:18,42.752,N,67.839,W,0
7/21/2006,13:35:18,42.76,N,67.827,W,0
7/21/2006,13:37:19,42.768,N,67.816,W,0
7/21/2006,13:39:19,42.775,N,67.804,W,0
7/21/2006,13:41:19,42.783,N,67.792,W,0
7/21/2006,13:43:19,42.791,N,67.78,W,0
7/21/2006,13:45:19,42.799,N,67.768,W,0
7/21/2006,13:47:19,42.806,N,67.756,W,0
7/21/2006,13:49:19,42.814,N,67.745,W,0
7/21/2006,13:51:19,42.822,N,67.733,W,0
7/21/2006,13:53:18,42.829,N,67.721,W,0
7/21/2006,13:55:18,42.837,N,67.709,W,0
7/21/2006,13:57:18,42.845,N,67.698,W,0
7/21/2006,13:59:18,42.852,N,67.686,W,0
7/21/2006,14:01:18,42.86,N,67.674,W,0
7/21/2006,14:03:18,42.868,N,67.662,W,0
7/21/2006,14:05:18,42.876,N,67.651,W,0
7/21/2006,14:07:19,42.883,N,67.639,W,0
7/21/2006,14:09:19,42.891,N,67.627,W,0
7/21/2006,14:11:19,42.899,N,67.615,W,0
7/21/2006,14:13:19,42.907,N,67.604,W,0
7/21/2006,14:15:19,42.914,N,67.592,W,0
7/21/2006,14:17:19,42.922,N,67.58,W,0
7/21/2006,14:19:19,42.93,N,67.568,W,0
7/21/2006,14:21:19,42.938,N,67.557,W,0
7/21/2006,14:23:18,42.945,N,67.545,W,0
7/21/2006,14:25:18,42.953,N,67.533,W,0
7/21/2006,14:27:18,42.961,N,67.522,W,0
7/21/2006,14:29:18,42.969,N,67.51,W,0
7/21/2006,14:31:18,42.976,N,67.498,W,0
7/21/2006,14:33:18,42.984,N,67.487,W,0
7/21/2006,14:35:18,42.992,N,67.475,W,0
7/21/2006,14:37:19,43,N,67.463,W,0
7/21/2006,14:39:19,43.008,N,67.452,W,0
7/21/2006,14:41:19,43.015,N,67.44,W,0
7/21/2006,14:43:19,43.023,N,67.428,W,0
7/21/2006,14:45:19,43.031,N,67.417,W,0
7/21/2006,14:47:19,43.039,N,67.405,W,0
7/21/2006,14:49:19,43.047,N,67.394,W,0
7/21/2006,14:51:19,43.054,N,67.382,W,0
7/21/2006,14:53:18,43.062,N,67.37,W,0
7/21/2006,14:55:18,43.07,N,67.359,W,0
7/21/2006,14:57:18,43.078,N,67.347,W,0
7/21/2006,14:59:18,43.086,N,67.335,W,0
7/21/2006,15:01:18,43.093,N,67.324,W,0
7/21/2006,15:03:18,43.101,N,67.312,W,0
7/21/2006,15:05:18,43.109,N,67.301,W,0
7/21/2006,15:07:19,43.117,N,67.289,W,0
7/21/2006,15:09:19,43.125,N,67.278,W,0
7/21/2006,15:11:19,43.133,N,67.266,W,0
7/21/2006,15:13:19,43.14,N,67.254,W,0
7/21/2006,15:15:19,43.148,N,67.243,W,0
7/21/2006,15:17:19,43.156,N,67.231,W,0
7/21/2006,15:19:19,43.164,N,67.22,W,0
7/21/2006,15:21:19,43.172,N,67.208,W,0
7/21/2006,15:23:18,43.18,N,67.197,W,0
7/21/2006,15:25:18,43.187,N,67.185,W,0
7/21/2006,15:27:18,43.195,N,67.174,W,0
7/21/2006,15:29:18,43.203,N,67.162,W,0
7/21/2006,15:31:18,43.211,N,67.15,W,0
7/21/2006,15:33:18,43.219,N,67.139,W,0
7/21/2006,15:35:18,43.227,N,67.127,W,0
7/21/2006,15:37:19,43.235,N,67.116,W,0
7/21/2006,15:39:19,43.243,N,67.104,W,0
7/21/2006,15:41:19,43.25,N,67.093,W,0
7/21/2006,15:43:19,43.258,N,67.081,W,0
7/21/2006,15:45:19,43.266,N,67.07,W,0
7/21/2006,15:47:19,43.274,N,67.058,W,0
7/21/2006,15:49:19,43.282,N,67.047,W,0
7/21/2006,15:51:19,43.29,N,67.035,W,0
7/21/2006,15:53:18,43.298,N,67.024,W,0
7/21/2006,15:55:18,43.306,N,67.012,W,0
7/21/2006,15:57:18,43.313,N,67.001,W,0
7/21/2006,15:59:18,43.321,N,66.989,W,0
7/21/2006,16:01:18,43.329,N,66.978,W,0
7/21/2006,16:03:18,43.337,N,66.966,W,0
7/21/2006,16:05:18,43.345,N,66.955,W,0
7/21/2006,16:07:19,43.353,N,66.943,W,0
7/21/2006,16:09:19,43.361,N,66.932,W,0
7/21/2006,16:11:19,43.369,N,66.92,W,0
7/21/2006,16:13:19,43.377,N,66.909,W,0
7/21/2006,16:15:19,43.385,N,66.898,W,0
7/21/2006,16:17:19,43.392,N,66.886,W,0
7/21/2006,16:19:19,43.4,N,66.875,W,0
7/21/2006,16:21:19,43.408,N,66.863,W,0
7/21/2006,16:23:18,43.416,N,66.852,W,0
7/21/2006,16:25:18,43.424,N,66.84,W,0
7/21/2006,16:27:18,43.432,N,66.829,W,0
7/21/2006,16:29:18,43.44,N,66.817,W,0
7/21/2006,16:31:18,43.448,N,66.806,W,0
7/21/2006,16:33:18,43.456,N,66.794,W,0
7/21/2006,16:35:18,43.464,N,66.783,W,0
7/21/2006,16:37:19,43.472,N,66.772,W,0
7/21/2006,16:39:19,43.48,N,66.76,W,0
7/21/2006,16:41:19,43.487,N,66.749,W,0
7/21/2006,16:43:19,43.495,N,66.737,W,0
7/21/2006,16:45:19,43.503,N,66.726,W,0
7/21/2006,16:47:19,43.511,N,66.714,W,0
7/21/2006,16:49:19,43.519,N,66.703,W,0
7/21/2006,16:51:19,43.527,N,66.692,W,0
7/21/2006,16:53:18,43.535,N,66.68,W,0
7/21/2006,16:55:18,43.543,N,66.669,W,0
7/21/2006,16:57:18,43.551,N,66.657,W,0
7/21/2006,16:59:18,43.559,N,66.646,W,0
7/21/2006,17:01:18,43.567,N,66.635,W,0
7/21/2006,17:03:18,43.575,N,66.623,W,0
7/21/2006,17:05:18,43.583,N,66.612,W,0
7/21/2006,17:07:19,43.591,N,66.6,W,0
7/21/2006,17:09:19,43.599,N,66.589,W,0
7/21/2006,17:11:19,43.607,N,66.577,W,0
7/21/2006,17:13:19,43.614,N,66.566,W,0
7/21/2006,17:15:19,43.622,N,66.555,W,0
7/21/2006,17:17:19,43.63,N,66.543,W,0
7/21/2006,17:19:19,43.638,N,66.532,W,0
7/21/2006,17:21:19,43.646,N,66.52,W,0
7/21/2006,17:23:18,43.654,N,66.509,W,0
7/21/2006,17:25:18,43.662,N,66.498,W,0
7/21/2006,17:27:18,43.67,N,66.486,W,0
7/21/2006,17:29:18,43.678,N,66.475,W,0
7/21/2006,17:31:18,43.686,N,66.463,W,0
7/21/2006,17:33:18,43.694,N,66.452,W,0
7/21/2006,17:35:18,43.702,N,66.441,W,0
7/21/2006,17:37:19,43.71,N,66.429,W,0
7/21/2006,17:39:19,43.718,N,66.418,W,0
7/21/2006,17:41:19,43.726,N,66.406,W,0
7/21/2006,17:43:19,43.734,N,66.395,W,0
7/21/2006,17:45:19,43.742,N,66.384,W,0
7/21/2006,17:47:19,43.75,N,66.372,W,0
7/21/2006,17:49:19,43.758,N,66.361,W,0
7/21/2006,17:51:19,43.765,N,66.349,W,0
7/21/2006,17:53:18,43.773,N,66.338,W,0
7/21/2006,17:55:18,43.781,N,66.327,W,0
7/21/2006,17:57:18,43.789,N,66.315,W,0
7/21/2006,17:59:18,43.797,N,66.304,W,0
