Track,for,Bonnie,2010,,
Date,Time,(UTC),Latitude,Longitude,
MM/DD/Year,HH:MM:SS,(deg),(deg),,
7/22/2010,18:00:22,22.217,N,74.784,W
7/22/2010,18:02:21,22.224,N,74.791,W
7/22/2010,18:04:22,22.231,N,74.798,W
7/22/2010,18:06:22,22.238,N,74.805,W
7/22/2010,18:08:21,22.245,N,74.812,W
7/22/2010,18:10:21,22.252,N,74.819,W
7/22/2010,18:12:22,22.259,N,74.826,W
7/22/2010,18:14:22,22.266,N,74.834,W
7/22/2010,18:16:21,22.273,N,74.841,W
7/22/2010,18:18:21,22.28,N,74.848,W
7/22/2010,18:20:22,22.287,N,74.855,W
7/22/2010,18:22:22,22.294,N,74.862,W
7/22/2010,18:24:21,22.301,N,74.869,W
7/22/2010,18:26:21,22.307,N,74.877,W
7/22/2010,18:28:22,22.314,N,74.884,W
7/22/2010,18:30:22,22.32,N,74.891,W
7/22/2010,18:32:21,22.327,N,74.898,W
7/22/2010,18:34:22,22.333,N,74.906,W
7/22/2010,18:36:22,22.339,N,74.913,W
7/22/2010,18:38:21,22.345,N,74.92,W
7/22/2010,18:40:21,22.351,N,74.928,W
7/22/2010,18:42:22,22.356,N,74.935,W
7/22/2010,18:44:22,22.362,N,74.942,W
7/22/2010,18:46:21,22.367,N,74.95,W
7/22/2010,18:48:21,22.372,N,74.957,W
7/22/2010,18:50:22,22.377,N,74.965,W
7/22/2010,18:52:22,22.381,N,74.972,W
7/22/2010,18:54:21,22.386,N,74.979,W
7/22/2010,18:56:21,22.39,N,74.987,W
7/22/2010,18:58:22,22.394,N,74.995,W
7/22/2010,19:00:22,22.397,N,75.002,W
7/22/2010,19:02:21,22.401,N,75.01,W
7/22/2010,19:04:22,22.404,N,75.018,W
7/22/2010,19:06:22,22.406,N,75.025,W
7/22/2010,19:08:21,22.409,N,75.033,W
7/22/2010,19:10:21,22.411,N,75.041,W
7/22/2010,19:12:22,22.413,N,75.049,W
7/22/2010,19:14:22,22.414,N,75.056,W
7/22/2010,19:16:21,22.416,N,75.064,W
7/22/2010,19:18:21,22.416,N,75.072,W
7/22/2010,19:20:22,22.417,N,75.08,W
7/22/2010,19:20:46,22.417,N,75.082,W
7/22/2010,19:22:45,22.42,N,75.09,W
7/22/2010,19:24:45,22.423,N,75.097,W
7/22/2010,19:26:46,22.426,N,75.105,W
7/22/2010,19:28:46,22.429,N,75.112,W
7/22/2010,19:30:45,22.433,N,75.12,W
7/22/2010,19:32:46,22.436,N,75.127,W
7/22/2010,19:34:46,22.439,N,75.135,W
7/22/2010,19:36:45,22.442,N,75.142,W
7/22/2010,19:38:45,22.445,N,75.15,W
7/22/2010,19:40:46,22.448,N,75.157,W
7/22/2010,19:42:46,22.451,N,75.165,W
7/22/2010,19:44:45,22.455,N,75.172,W
7/22/2010,19:46:45,22.458,N,75.18,W
7/22/2010,19:48:46,22.461,N,75.187,W
7/22/2010,19:50:46,22.464,N,75.194,W
7/22/2010,19:52:45,22.467,N,75.202,W
7/22/2010,19:54:45,22.47,N,75.209,W
7/22/2010,19:56:46,22.474,N,75.216,W
7/22/2010,19:58:46,22.477,N,75.223,W
7/22/2010,20:00:45,22.48,N,75.231,W
7/22/2010,20:02:46,22.483,N,75.238,W
7/22/2010,20:04:46,22.486,N,75.245,W
7/22/2010,20:06:45,22.49,N,75.252,W
7/22/2010,20:08:45,22.493,N,75.259,W
7/22/2010,20:10:46,22.496,N,75.266,W
7/22/2010,20:12:46,22.499,N,75.274,W
7/22/2010,20:14:45,22.503,N,75.281,W
7/22/2010,20:16:45,22.506,N,75.288,W
7/22/2010,20:18:46,22.509,N,75.295,W
7/22/2010,20:20:46,22.512,N,75.302,W
7/22/2010,20:22:45,22.516,N,75.308,W
7/22/2010,20:24:45,22.519,N,75.315,W
7/22/2010,20:26:46,22.522,N,75.322,W
7/22/2010,20:28:46,22.526,N,75.329,W
7/22/2010,20:30:45,22.529,N,75.336,W
7/22/2010,20:32:46,22.532,N,75.343,W
7/22/2010,20:34:46,22.536,N,75.349,W
7/22/2010,20:36:45,22.539,N,75.356,W
7/22/2010,20:38:45,22.542,N,75.363,W
7/22/2010,20:40:46,22.546,N,75.369,W
7/22/2010,20:42:46,22.549,N,75.376,W
7/22/2010,20:44:45,22.553,N,75.382,W
7/22/2010,20:46:45,22.556,N,75.389,W
7/22/2010,20:48:46,22.56,N,75.395,W
7/22/2010,20:50:46,22.563,N,75.402,W
7/22/2010,20:52:45,22.566,N,75.408,W
7/22/2010,20:54:45,22.57,N,75.414,W
7/22/2010,20:56:46,22.573,N,75.421,W
7/22/2010,20:58:46,22.577,N,75.427,W
7/22/2010,21:00:45,22.58,N,75.433,W
7/22/2010,21:02:46,22.584,N,75.439,W
7/22/2010,21:04:46,22.587,N,75.445,W
7/22/2010,21:06:45,22.591,N,75.452,W
7/22/2010,21:08:45,22.595,N,75.458,W
7/22/2010,21:10:46,22.598,N,75.464,W
7/22/2010,21:12:46,22.602,N,75.469,W
7/22/2010,21:14:45,22.605,N,75.475,W
7/22/2010,21:16:45,22.609,N,75.481,W
7/22/2010,21:18:46,22.613,N,75.487,W
7/22/2010,21:20:46,22.616,N,75.493,W
7/22/2010,21:22:45,22.62,N,75.498,W
7/22/2010,21:24:45,22.623,N,75.504,W
7/22/2010,21:26:46,22.627,N,75.509,W
7/22/2010,21:28:46,22.631,N,75.515,W
7/22/2010,21:30:45,22.635,N,75.52,W
7/22/2010,21:32:46,22.638,N,75.526,W
7/22/2010,21:34:46,22.642,N,75.531,W
7/22/2010,21:36:45,22.646,N,75.537,W
7/22/2010,21:38:45,22.65,N,75.542,W
7/22/2010,21:40:46,22.653,N,75.547,W
7/22/2010,21:42:46,22.657,N,75.552,W
7/22/2010,21:44:45,22.661,N,75.557,W
7/22/2010,21:46:45,22.665,N,75.562,W
7/22/2010,21:48:46,22.669,N,75.567,W
7/22/2010,21:50:46,22.673,N,75.572,W
7/22/2010,21:52:45,22.677,N,75.577,W
7/22/2010,21:54:45,22.681,N,75.582,W
7/22/2010,21:56:46,22.684,N,75.586,W
7/22/2010,21:58:46,22.688,N,75.591,W
7/22/2010,22:00:45,22.692,N,75.595,W
7/22/2010,22:02:46,22.696,N,75.6,W
7/22/2010,22:04:46,22.7,N,75.604,W
7/22/2010,22:06:45,22.704,N,75.609,W
7/22/2010,22:08:45,22.708,N,75.613,W
7/22/2010,22:10:46,22.713,N,75.617,W
7/22/2010,22:12:46,22.717,N,75.622,W
7/22/2010,22:14:45,22.721,N,75.626,W
7/22/2010,22:16:45,22.725,N,75.63,W
7/22/2010,22:18:46,22.729,N,75.634,W
7/22/2010,22:20:46,22.733,N,75.638,W
7/22/2010,22:22:45,22.737,N,75.641,W
7/22/2010,22:24:45,22.742,N,75.645,W
7/22/2010,22:26:46,22.746,N,75.649,W
7/22/2010,22:26:49,22.746,N,75.649,W
7/22/2010,22:28:50,22.749,N,75.656,W
7/22/2010,22:30:50,22.753,N,75.662,W
7/22/2010,22:32:49,22.756,N,75.669,W
7/22/2010,22:34:49,22.759,N,75.676,W
7/22/2010,22:36:50,22.763,N,75.682,W
7/22/2010,22:38:50,22.766,N,75.689,W
7/22/2010,22:40:49,22.769,N,75.696,W
7/22/2010,22:42:49,22.773,N,75.702,W
7/22/2010,22:44:50,22.776,N,75.709,W
7/22/2010,22:46:50,22.779,N,75.716,W
7/22/2010,22:48:49,22.783,N,75.723,W
7/22/2010,22:50:49,22.786,N,75.73,W
7/22/2010,22:52:50,22.789,N,75.736,W
7/22/2010,22:54:50,22.793,N,75.743,W
7/22/2010,22:56:49,22.796,N,75.75,W
7/22/2010,22:58:50,22.799,N,75.757,W
7/22/2010,23:00:50,22.802,N,75.764,W
7/22/2010,23:02:49,22.806,N,75.771,W
7/22/2010,23:04:49,22.809,N,75.778,W
7/22/2010,23:06:50,22.812,N,75.785,W
7/22/2010,23:08:50,22.815,N,75.792,W
7/22/2010,23:10:49,22.819,N,75.799,W
7/22/2010,23:12:49,22.822,N,75.806,W
7/22/2010,23:14:50,22.825,N,75.813,W
7/22/2010,23:16:50,22.828,N,75.82,W
7/22/2010,23:18:49,22.832,N,75.827,W
7/22/2010,23:20:49,22.835,N,75.834,W
7/22/2010,23:22:50,22.838,N,75.841,W
7/22/2010,23:24:50,22.841,N,75.849,W
7/22/2010,23:26:49,22.844,N,75.856,W
7/22/2010,23:28:50,22.847,N,75.863,W
7/22/2010,23:30:50,22.851,N,75.87,W
7/22/2010,23:32:49,22.854,N,75.878,W
7/22/2010,23:34:49,22.857,N,75.885,W
7/22/2010,23:36:50,22.86,N,75.892,W
7/22/2010,23:38:50,22.863,N,75.899,W
7/22/2010,23:40:49,22.866,N,75.907,W
7/22/2010,23:42:49,22.87,N,75.914,W
7/22/2010,23:44:50,22.873,N,75.922,W
7/22/2010,23:46:50,22.876,N,75.929,W
7/22/2010,23:48:49,22.879,N,75.936,W
7/22/2010,23:50:49,22.882,N,75.944,W
7/22/2010,23:52:50,22.885,N,75.951,W
7/22/2010,23:54:50,22.888,N,75.959,W
7/22/2010,23:56:49,22.891,N,75.966,W
7/22/2010,23:58:50,22.894,N,75.974,W
7/23/2010,0:00:50,22.897,N,75.982,W
7/23/2010,0:02:49,22.9,N,75.989,W
7/23/2010,0:04:49,22.903,N,75.997,W
7/23/2010,0:06:50,22.906,N,76.004,W
7/23/2010,0:08:50,22.909,N,76.012,W
7/23/2010,0:10:49,22.912,N,76.02,W
7/23/2010,0:12:49,22.915,N,76.028,W
7/23/2010,0:14:50,22.918,N,76.035,W
7/23/2010,0:16:50,22.921,N,76.043,W
7/23/2010,0:18:49,22.924,N,76.051,W
7/23/2010,0:20:49,22.927,N,76.059,W
7/23/2010,0:22:50,22.93,N,76.067,W
7/23/2010,0:24:50,22.933,N,76.075,W
7/23/2010,0:26:49,22.936,N,76.082,W
7/23/2010,0:28:50,22.939,N,76.09,W
7/23/2010,0:30:50,22.942,N,76.098,W
7/23/2010,0:32:49,22.945,N,76.106,W
7/23/2010,0:34:49,22.948,N,76.114,W
7/23/2010,0:36:50,22.951,N,76.122,W
7/23/2010,0:38:50,22.954,N,76.13,W
7/23/2010,0:40:49,22.957,N,76.139,W
7/23/2010,0:42:49,22.96,N,76.147,W
7/23/2010,0:44:50,22.963,N,76.155,W
7/23/2010,0:46:50,22.966,N,76.163,W
7/23/2010,0:48:49,22.969,N,76.171,W
7/23/2010,0:50:49,22.972,N,76.179,W
7/23/2010,0:52:50,22.975,N,76.188,W
7/23/2010,0:54:50,22.978,N,76.196,W
7/23/2010,0:56:49,22.981,N,76.204,W
7/23/2010,0:58:50,22.983,N,76.212,W
7/23/2010,1:00:50,22.986,N,76.221,W
7/23/2010,1:02:49,22.989,N,76.229,W
7/23/2010,1:04:49,22.992,N,76.238,W
7/23/2010,1:06:50,22.995,N,76.246,W
7/23/2010,1:08:50,22.998,N,76.254,W
7/23/2010,1:10:49,23.001,N,76.263,W
7/23/2010,1:12:49,23.004,N,76.271,W
7/23/2010,1:14:50,23.007,N,76.28,W
7/23/2010,1:16:50,23.01,N,76.288,W
7/23/2010,1:18:49,23.013,N,76.297,W
7/23/2010,1:20:49,23.016,N,76.305,W
7/23/2010,1:22:50,23.019,N,76.314,W
7/23/2010,1:24:50,23.022,N,76.323,W
7/23/2010,1:26:49,23.025,N,76.331,W
7/23/2010,1:28:50,23.028,N,76.34,W
7/23/2010,1:30:50,23.031,N,76.349,W
7/23/2010,1:32:49,23.034,N,76.357,W
7/23/2010,1:34:49,23.036,N,76.366,W
7/23/2010,1:36:50,23.039,N,76.375,W
7/23/2010,1:38:50,23.042,N,76.384,W
7/23/2010,1:40:49,23.045,N,76.392,W
7/23/2010,1:42:49,23.048,N,76.401,W
7/23/2010,1:44:50,23.051,N,76.41,W
7/23/2010,1:46:50,23.054,N,76.419,W
7/23/2010,1:48:49,23.057,N,76.428,W
7/23/2010,1:50:49,23.06,N,76.437,W
7/23/2010,1:52:50,23.063,N,76.446,W
7/23/2010,1:54:50,23.066,N,76.455,W
7/23/2010,1:56:49,23.069,N,76.464,W
7/23/2010,1:58:50,23.073,N,76.473,W
7/23/2010,2:00:50,23.076,N,76.482,W
7/23/2010,2:02:49,23.079,N,76.491,W
7/23/2010,2:04:49,23.082,N,76.5,W
7/23/2010,2:06:50,23.085,N,76.509,W
7/23/2010,2:08:50,23.088,N,76.518,W
7/23/2010,2:10:49,23.091,N,76.528,W
7/23/2010,2:12:49,23.094,N,76.537,W
7/23/2010,2:14:50,23.097,N,76.546,W
7/23/2010,2:16:50,23.1,N,76.555,W
7/23/2010,2:18:49,23.103,N,76.564,W
7/23/2010,2:20:49,23.106,N,76.574,W
7/23/2010,2:22:50,23.11,N,76.583,W
7/23/2010,2:24:50,23.113,N,76.592,W
7/23/2010,2:26:49,23.116,N,76.602,W
7/23/2010,2:28:50,23.119,N,76.611,W
7/23/2010,2:30:50,23.122,N,76.621,W
7/23/2010,2:32:49,23.126,N,76.63,W
7/23/2010,2:34:49,23.129,N,76.639,W
7/23/2010,2:36:50,23.132,N,76.649,W
7/23/2010,2:38:50,23.135,N,76.658,W
7/23/2010,2:40:49,23.138,N,76.668,W
7/23/2010,2:42:49,23.142,N,76.677,W
7/23/2010,2:44:50,23.145,N,76.687,W
7/23/2010,2:46:50,23.148,N,76.697,W
7/23/2010,2:48:49,23.152,N,76.706,W
7/23/2010,2:50:49,23.155,N,76.716,W
7/23/2010,2:52:50,23.158,N,76.726,W
7/23/2010,2:54:50,23.162,N,76.735,W
7/23/2010,2:56:49,23.165,N,76.745,W
7/23/2010,2:58:50,23.168,N,76.755,W
7/23/2010,3:00:50,23.172,N,76.764,W
7/23/2010,3:02:49,23.175,N,76.774,W
7/23/2010,3:04:49,23.178,N,76.784,W
7/23/2010,3:06:50,23.182,N,76.794,W
7/23/2010,3:08:50,23.185,N,76.804,W
7/23/2010,3:10:49,23.189,N,76.814,W
7/23/2010,3:12:49,23.192,N,76.823,W
7/23/2010,3:14:50,23.196,N,76.833,W
7/23/2010,3:16:50,23.199,N,76.843,W
7/23/2010,3:18:49,23.203,N,76.853,W
7/23/2010,3:20:49,23.206,N,76.863,W
7/23/2010,3:22:50,23.21,N,76.873,W
7/23/2010,3:24:50,23.214,N,76.883,W
7/23/2010,3:26:49,23.217,N,76.893,W
7/23/2010,3:28:50,23.221,N,76.903,W
7/23/2010,3:30:50,23.225,N,76.914,W
7/23/2010,3:32:49,23.228,N,76.924,W
7/23/2010,3:34:49,23.232,N,76.934,W
7/23/2010,3:36:50,23.236,N,76.944,W
7/23/2010,3:38:50,23.239,N,76.954,W
7/23/2010,3:40:49,23.243,N,76.964,W
7/23/2010,3:42:49,23.247,N,76.975,W
7/23/2010,3:44:50,23.251,N,76.985,W
7/23/2010,3:46:50,23.254,N,76.995,W
7/23/2010,3:48:49,23.258,N,77.006,W
7/23/2010,3:50:49,23.262,N,77.016,W
7/23/2010,3:52:50,23.266,N,77.026,W
7/23/2010,3:54:50,23.27,N,77.037,W
7/23/2010,3:56:49,23.274,N,77.047,W
7/23/2010,3:58:50,23.278,N,77.057,W
7/23/2010,4:00:50,23.282,N,77.068,W
7/23/2010,4:02:49,23.286,N,77.078,W
7/23/2010,4:04:49,23.29,N,77.089,W
7/23/2010,4:06:50,23.294,N,77.099,W
7/23/2010,4:08:50,23.298,N,77.11,W
7/23/2010,4:10:49,23.302,N,77.12,W
7/23/2010,4:12:49,23.306,N,77.131,W
7/23/2010,4:14:50,23.31,N,77.142,W
7/23/2010,4:16:50,23.314,N,77.152,W
7/23/2010,4:18:49,23.318,N,77.163,W
7/23/2010,4:20:49,23.323,N,77.174,W
7/23/2010,4:22:50,23.327,N,77.184,W
7/23/2010,4:24:50,23.331,N,77.195,W
7/23/2010,4:26:49,23.335,N,77.206,W
7/23/2010,4:28:50,23.34,N,77.216,W
7/23/2010,4:30:50,23.344,N,77.227,W
7/23/2010,4:32:49,23.348,N,77.238,W
7/23/2010,4:34:49,23.353,N,77.249,W
7/23/2010,4:36:50,23.357,N,77.26,W
7/23/2010,4:38:50,23.362,N,77.271,W
7/23/2010,4:40:49,23.366,N,77.281,W
7/23/2010,4:42:49,23.371,N,77.292,W
7/23/2010,4:44:50,23.375,N,77.303,W
7/23/2010,4:46:50,23.38,N,77.314,W
7/23/2010,4:48:49,23.384,N,77.325,W
7/23/2010,4:50:49,23.389,N,77.336,W
7/23/2010,4:52:50,23.394,N,77.347,W
7/23/2010,4:54:50,23.398,N,77.358,W
7/23/2010,4:56:49,23.403,N,77.369,W
7/23/2010,4:58:50,23.408,N,77.38,W
7/23/2010,5:00:50,23.412,N,77.392,W
7/23/2010,5:02:49,23.417,N,77.403,W
7/23/2010,5:04:49,23.422,N,77.414,W
7/23/2010,5:06:50,23.427,N,77.425,W
7/23/2010,5:08:50,23.432,N,77.436,W
7/23/2010,5:10:49,23.436,N,77.447,W
7/23/2010,5:12:49,23.441,N,77.459,W
7/23/2010,5:14:50,23.446,N,77.47,W
7/23/2010,5:16:50,23.451,N,77.481,W
7/23/2010,5:18:49,23.456,N,77.492,W
7/23/2010,5:20:49,23.461,N,77.504,W
7/23/2010,5:22:50,23.466,N,77.515,W
7/23/2010,5:24:50,23.471,N,77.526,W
7/23/2010,5:26:49,23.476,N,77.538,W
7/23/2010,5:28:50,23.481,N,77.549,W
7/23/2010,5:30:50,23.486,N,77.56,W
7/23/2010,5:32:49,23.491,N,77.572,W
7/23/2010,5:34:49,23.496,N,77.583,W
7/23/2010,5:36:50,23.502,N,77.595,W
7/23/2010,5:38:50,23.507,N,77.606,W
7/23/2010,5:40:49,23.512,N,77.618,W
7/23/2010,5:42:49,23.517,N,77.629,W
7/23/2010,5:44:50,23.522,N,77.641,W
7/23/2010,5:46:50,23.528,N,77.652,W
7/23/2010,5:48:49,23.533,N,77.664,W
7/23/2010,5:50:49,23.538,N,77.675,W
7/23/2010,5:52:50,23.544,N,77.687,W
7/23/2010,5:54:50,23.549,N,77.698,W
7/23/2010,5:56:49,23.554,N,77.71,W
7/23/2010,5:58:50,23.56,N,77.722,W
7/23/2010,6:00:26,23.564,N,77.731,W
7/23/2010,6:02:26,23.57,N,77.743,W
7/23/2010,6:04:27,23.576,N,77.755,W
7/23/2010,6:06:27,23.582,N,77.767,W
7/23/2010,6:08:26,23.588,N,77.78,W
7/23/2010,6:10:26,23.594,N,77.792,W
7/23/2010,6:12:27,23.6,N,77.804,W
7/23/2010,6:14:26,23.606,N,77.816,W
7/23/2010,6:16:26,23.612,N,77.828,W
7/23/2010,6:18:27,23.618,N,77.84,W
7/23/2010,6:20:27,23.624,N,77.852,W
7/23/2010,6:22:26,23.63,N,77.864,W
7/23/2010,6:24:26,23.636,N,77.877,W
7/23/2010,6:26:27,23.642,N,77.889,W
7/23/2010,6:28:27,23.648,N,77.901,W
7/23/2010,6:30:26,23.654,N,77.913,W
7/23/2010,6:32:26,23.66,N,77.925,W
7/23/2010,6:34:27,23.666,N,77.937,W
7/23/2010,6:36:27,23.672,N,77.949,W
7/23/2010,6:38:26,23.678,N,77.961,W
7/23/2010,6:40:26,23.684,N,77.974,W
7/23/2010,6:42:27,23.69,N,77.986,W
7/23/2010,6:44:26,23.696,N,77.998,W
7/23/2010,6:46:26,23.702,N,78.01,W
7/23/2010,6:48:27,23.708,N,78.022,W
7/23/2010,6:50:27,23.714,N,78.034,W
7/23/2010,6:52:26,23.72,N,78.046,W
7/23/2010,6:54:26,23.726,N,78.059,W
7/23/2010,6:56:27,23.732,N,78.071,W
7/23/2010,6:58:27,23.738,N,78.083,W
7/23/2010,7:00:26,23.744,N,78.095,W
7/23/2010,7:02:26,23.75,N,78.107,W
7/23/2010,7:04:27,23.756,N,78.119,W
7/23/2010,7:06:27,23.762,N,78.131,W
7/23/2010,7:08:26,23.768,N,78.143,W
7/23/2010,7:10:26,23.774,N,78.156,W
7/23/2010,7:12:27,23.78,N,78.168,W
7/23/2010,7:14:26,23.786,N,78.18,W
7/23/2010,7:16:26,23.792,N,78.192,W
7/23/2010,7:18:27,23.798,N,78.204,W
7/23/2010,7:20:27,23.804,N,78.216,W
7/23/2010,7:22:26,23.81,N,78.228,W
7/23/2010,7:24:26,23.816,N,78.24,W
7/23/2010,7:26:27,23.822,N,78.253,W
7/23/2010,7:28:27,23.828,N,78.265,W
7/23/2010,7:30:26,23.834,N,78.277,W
7/23/2010,7:32:26,23.84,N,78.289,W
7/23/2010,7:34:27,23.846,N,78.301,W
7/23/2010,7:36:27,23.852,N,78.313,W
7/23/2010,7:38:26,23.858,N,78.325,W
7/23/2010,7:40:26,23.864,N,78.338,W
7/23/2010,7:42:27,23.87,N,78.35,W
7/23/2010,7:44:26,23.876,N,78.362,W
7/23/2010,7:46:26,23.882,N,78.374,W
7/23/2010,7:48:27,23.888,N,78.386,W
7/23/2010,7:50:27,23.894,N,78.398,W
7/23/2010,7:52:26,23.9,N,78.41,W
7/23/2010,7:54:26,23.906,N,78.422,W
7/23/2010,7:56:27,23.912,N,78.435,W
7/23/2010,7:58:27,23.918,N,78.447,W
7/23/2010,8:00:26,23.924,N,78.459,W
7/23/2010,8:02:26,23.93,N,78.471,W
7/23/2010,8:04:26,23.936,N,78.483,W
7/23/2010,8:06:26,23.942,N,78.495,W
7/23/2010,8:08:27,23.948,N,78.507,W
7/23/2010,8:10:27,23.954,N,78.519,W
7/23/2010,8:12:27,23.96,N,78.532,W
7/23/2010,8:14:26,23.966,N,78.544,W
7/23/2010,8:16:26,23.972,N,78.556,W
7/23/2010,8:18:26,23.978,N,78.568,W
7/23/2010,8:20:26,23.984,N,78.58,W
7/23/2010,8:22:27,23.99,N,78.592,W
7/23/2010,8:24:27,23.996,N,78.604,W
7/23/2010,8:26:27,24.002,N,78.617,W
7/23/2010,8:28:27,24.008,N,78.629,W
7/23/2010,8:30:26,24.014,N,78.641,W
7/23/2010,8:32:26,24.02,N,78.653,W
7/23/2010,8:34:26,24.026,N,78.665,W
7/23/2010,8:36:26,24.032,N,78.677,W
7/23/2010,8:38:27,24.038,N,78.689,W
7/23/2010,8:40:27,24.044,N,78.701,W
7/23/2010,8:42:27,24.05,N,78.714,W
7/23/2010,8:44:26,24.056,N,78.726,W
7/23/2010,8:46:26,24.062,N,78.738,W
7/23/2010,8:48:26,24.068,N,78.75,W
7/23/2010,8:50:26,24.074,N,78.762,W
7/23/2010,8:52:27,24.08,N,78.774,W
7/23/2010,8:54:27,24.086,N,78.786,W
7/23/2010,8:56:27,24.092,N,78.798,W
7/23/2010,8:58:27,24.098,N,78.811,W
7/23/2010,9:00:26,24.104,N,78.823,W
7/23/2010,9:02:26,24.11,N,78.835,W
7/23/2010,9:04:26,24.116,N,78.847,W
7/23/2010,9:06:26,24.122,N,78.859,W
7/23/2010,9:08:27,24.128,N,78.871,W
7/23/2010,9:10:27,24.134,N,78.883,W
7/23/2010,9:11:23,24.137,N,78.889,W
7/23/2010,9:13:23,24.15,N,78.906,W
7/23/2010,9:15:23,24.162,N,78.922,W
7/23/2010,9:17:23,24.175,N,78.938,W
7/23/2010,9:19:22,24.188,N,78.954,W
7/23/2010,9:21:22,24.2,N,78.97,W
7/23/2010,9:23:22,24.213,N,78.985,W
7/23/2010,9:25:22,24.225,N,79,W
7/23/2010,9:27:23,24.238,N,79.014,W
7/23/2010,9:29:23,24.25,N,79.028,W
7/23/2010,9:31:23,24.262,N,79.041,W
7/23/2010,9:32:32,24.269,N,79.049,W
7/23/2010,9:34:32,24.28,N,79.056,W
7/23/2010,9:36:32,24.291,N,79.063,W
7/23/2010,9:38:33,24.301,N,79.069,W
7/23/2010,9:40:33,24.312,N,79.076,W
7/23/2010,9:42:33,24.323,N,79.083,W
7/23/2010,9:44:33,24.334,N,79.09,W
7/23/2010,9:46:32,24.345,N,79.096,W
7/23/2010,9:48:32,24.355,N,79.103,W
7/23/2010,9:50:32,24.366,N,79.11,W
7/23/2010,9:52:32,24.377,N,79.117,W
7/23/2010,9:54:33,24.388,N,79.123,W
7/23/2010,9:56:33,24.399,N,79.13,W
7/23/2010,9:58:33,24.409,N,79.137,W
7/23/2010,10:00:33,24.42,N,79.144,W
7/23/2010,10:02:32,24.431,N,79.151,W
7/23/2010,10:04:32,24.442,N,79.157,W
7/23/2010,10:06:32,24.453,N,79.164,W
7/23/2010,10:08:33,24.463,N,79.171,W
7/23/2010,10:10:33,24.474,N,79.178,W
7/23/2010,10:12:33,24.485,N,79.184,W
7/23/2010,10:14:33,24.496,N,79.191,W
7/23/2010,10:16:32,24.507,N,79.198,W
7/23/2010,10:18:32,24.517,N,79.205,W
7/23/2010,10:20:32,24.528,N,79.211,W
7/23/2010,10:22:32,24.539,N,79.218,W
7/23/2010,10:24:33,24.55,N,79.225,W
7/23/2010,10:26:33,24.561,N,79.232,W
7/23/2010,10:28:33,24.571,N,79.238,W
7/23/2010,10:30:33,24.582,N,79.245,W
7/23/2010,10:32:32,24.593,N,79.252,W
7/23/2010,10:34:32,24.604,N,79.259,W
7/23/2010,10:36:32,24.615,N,79.266,W
7/23/2010,10:38:33,24.625,N,79.272,W
7/23/2010,10:40:33,24.636,N,79.279,W
7/23/2010,10:42:33,24.647,N,79.286,W
7/23/2010,10:44:33,24.658,N,79.293,W
7/23/2010,10:46:32,24.669,N,79.299,W
7/23/2010,10:48:32,24.679,N,79.306,W
7/23/2010,10:50:32,24.69,N,79.313,W
7/23/2010,10:52:32,24.701,N,79.32,W
7/23/2010,10:54:33,24.712,N,79.326,W
7/23/2010,10:56:33,24.723,N,79.333,W
7/23/2010,10:58:33,24.733,N,79.34,W
7/23/2010,11:00:33,24.744,N,79.347,W
7/23/2010,11:02:32,24.755,N,79.354,W
7/23/2010,11:04:32,24.766,N,79.36,W
7/23/2010,11:06:32,24.777,N,79.367,W
7/23/2010,11:08:33,24.787,N,79.374,W
7/23/2010,11:09:46,24.794,N,79.378,W
7/23/2010,11:11:46,24.804,N,79.385,W
7/23/2010,11:13:46,24.814,N,79.393,W
7/23/2010,11:15:46,24.824,N,79.401,W
7/23/2010,11:17:47,24.834,N,79.408,W
7/23/2010,11:19:47,24.844,N,79.416,W
7/23/2010,11:21:47,24.854,N,79.424,W
7/23/2010,11:23:47,24.864,N,79.431,W
7/23/2010,11:25:46,24.874,N,79.439,W
7/23/2010,11:27:46,24.884,N,79.447,W
7/23/2010,11:29:46,24.894,N,79.455,W
7/23/2010,11:31:47,24.904,N,79.463,W
7/23/2010,11:33:47,24.913,N,79.471,W
7/23/2010,11:35:47,24.923,N,79.479,W
7/23/2010,11:37:47,24.933,N,79.487,W
7/23/2010,11:39:46,24.942,N,79.495,W
7/23/2010,11:41:46,24.952,N,79.504,W
7/23/2010,11:43:46,24.961,N,79.512,W
7/23/2010,11:45:46,24.971,N,79.52,W
7/23/2010,11:47:47,24.98,N,79.529,W
7/23/2010,11:49:47,24.989,N,79.537,W
7/23/2010,11:51:47,24.999,N,79.546,W
7/23/2010,11:53:47,25.008,N,79.554,W
7/23/2010,11:55:46,25.017,N,79.563,W
7/23/2010,11:57:46,25.026,N,79.571,W
7/23/2010,11:59:46,25.035,N,79.58,W
7/23/2010,12:01:47,25.044,N,79.589,W
7/23/2010,12:03:47,25.053,N,79.597,W
7/23/2010,12:05:47,25.062,N,79.606,W
7/23/2010,12:07:47,25.07,N,79.615,W
7/23/2010,12:09:46,25.079,N,79.624,W
7/23/2010,12:11:46,25.088,N,79.633,W
7/23/2010,12:13:46,25.096,N,79.641,W
7/23/2010,12:15:46,25.105,N,79.65,W
7/23/2010,12:17:47,25.113,N,79.659,W
7/23/2010,12:19:47,25.122,N,79.668,W
7/23/2010,12:21:47,25.13,N,79.677,W
7/23/2010,12:23:47,25.138,N,79.686,W
7/23/2010,12:25:46,25.146,N,79.695,W
7/23/2010,12:27:46,25.155,N,79.704,W
7/23/2010,12:29:46,25.163,N,79.713,W
7/23/2010,12:31:47,25.17,N,79.723,W
7/23/2010,12:33:47,25.178,N,79.732,W
7/23/2010,12:35:47,25.186,N,79.741,W
7/23/2010,12:37:47,25.194,N,79.75,W
7/23/2010,12:39:46,25.201,N,79.759,W
7/23/2010,12:41:46,25.209,N,79.768,W
7/23/2010,12:43:46,25.216,N,79.777,W
7/23/2010,12:45:46,25.224,N,79.786,W
7/23/2010,12:47:47,25.231,N,79.796,W
7/23/2010,12:49:47,25.238,N,79.805,W
7/23/2010,12:51:47,25.245,N,79.814,W
7/23/2010,12:53:47,25.252,N,79.823,W
7/23/2010,12:55:46,25.259,N,79.832,W
7/23/2010,12:57:46,25.266,N,79.841,W
7/23/2010,12:59:46,25.273,N,79.85,W
7/23/2010,13:01:47,25.28,N,79.859,W
7/23/2010,13:03:47,25.286,N,79.869,W
7/23/2010,13:05:47,25.293,N,79.878,W
7/23/2010,13:07:47,25.299,N,79.887,W
7/23/2010,13:09:46,25.305,N,79.896,W
7/23/2010,13:11:46,25.311,N,79.905,W
7/23/2010,13:13:46,25.318,N,79.914,W
7/23/2010,13:15:46,25.323,N,79.923,W
7/23/2010,13:17:47,25.329,N,79.932,W
7/23/2010,13:19:47,25.335,N,79.941,W
7/23/2010,13:21:47,25.341,N,79.95,W
7/23/2010,13:23:47,25.346,N,79.959,W
7/23/2010,13:25:46,25.352,N,79.968,W
7/23/2010,13:27:46,25.357,N,79.977,W
7/23/2010,13:29:46,25.362,N,79.985,W
7/23/2010,13:31:47,25.368,N,79.994,W
7/23/2010,13:33:47,25.373,N,80.003,W
7/23/2010,13:35:47,25.378,N,80.012,W
7/23/2010,13:37:47,25.382,N,80.021,W
7/23/2010,13:39:46,25.387,N,80.029,W
7/23/2010,13:41:46,25.392,N,80.038,W
7/23/2010,13:43:46,25.396,N,80.046,W
7/23/2010,13:45:46,25.4,N,80.055,W
7/23/2010,13:47:47,25.405,N,80.063,W
7/23/2010,13:49:47,25.409,N,80.072,W
7/23/2010,13:51:47,25.413,N,80.08,W
7/23/2010,13:53:47,25.417,N,80.089,W
7/23/2010,13:55:46,25.421,N,80.097,W
7/23/2010,13:57:46,25.424,N,80.105,W
7/23/2010,13:59:46,25.428,N,80.114,W
7/23/2010,14:01:47,25.431,N,80.122,W
7/23/2010,14:03:47,25.435,N,80.13,W
7/23/2010,14:05:47,25.438,N,80.138,W
7/23/2010,14:07:47,25.441,N,80.147,W
7/23/2010,14:09:46,25.444,N,80.155,W
7/23/2010,14:11:46,25.447,N,80.163,W
7/23/2010,14:13:46,25.45,N,80.171,W
7/23/2010,14:15:46,25.453,N,80.179,W
7/23/2010,14:17:47,25.456,N,80.187,W
7/23/2010,14:19:47,25.459,N,80.195,W
7/23/2010,14:21:47,25.461,N,80.203,W
7/23/2010,14:23:47,25.464,N,80.211,W
7/23/2010,14:25:46,25.466,N,80.219,W
7/23/2010,14:27:46,25.469,N,80.226,W
7/23/2010,14:29:46,25.471,N,80.234,W
7/23/2010,14:31:47,25.473,N,80.242,W
7/23/2010,14:33:47,25.475,N,80.25,W
7/23/2010,14:35:47,25.478,N,80.258,W
7/23/2010,14:37:47,25.48,N,80.265,W
7/23/2010,14:39:46,25.482,N,80.273,W
7/23/2010,14:41:21,25.483,N,80.279,W
7/23/2010,14:43:20,25.486,N,80.287,W
7/23/2010,14:45:20,25.489,N,80.295,W
7/23/2010,14:47:20,25.492,N,80.302,W
7/23/2010,14:49:20,25.494,N,80.31,W
7/23/2010,14:51:21,25.497,N,80.318,W
7/23/2010,14:53:21,25.499,N,80.325,W
7/23/2010,14:55:21,25.502,N,80.333,W
7/23/2010,14:57:21,25.504,N,80.341,W
7/23/2010,14:59:20,25.506,N,80.348,W
7/23/2010,15:01:20,25.508,N,80.356,W
7/23/2010,15:03:20,25.51,N,80.364,W
7/23/2010,15:05:21,25.512,N,80.371,W
7/23/2010,15:07:21,25.513,N,80.379,W
7/23/2010,15:09:21,25.515,N,80.386,W
7/23/2010,15:11:21,25.516,N,80.394,W
7/23/2010,15:13:20,25.518,N,80.401,W
7/23/2010,15:15:20,25.519,N,80.409,W
7/23/2010,15:17:20,25.52,N,80.416,W
7/23/2010,15:19:20,25.521,N,80.423,W
7/23/2010,15:21:21,25.522,N,80.431,W
7/23/2010,15:23:21,25.523,N,80.438,W
7/23/2010,15:25:21,25.523,N,80.445,W
7/23/2010,15:27:21,25.524,N,80.453,W
7/23/2010,15:29:20,25.524,N,80.46,W
7/23/2010,15:31:20,25.525,N,80.467,W
7/23/2010,15:33:20,25.525,N,80.475,W
7/23/2010,15:35:21,25.525,N,80.482,W
7/23/2010,15:37:21,25.525,N,80.489,W
7/23/2010,15:39:21,25.525,N,80.496,W
7/23/2010,15:41:21,25.524,N,80.503,W
7/23/2010,15:43:20,25.524,N,80.51,W
7/23/2010,15:45:20,25.524,N,80.517,W
7/23/2010,15:47:20,25.523,N,80.524,W
7/23/2010,15:47:30,25.523,N,80.525,W
7/23/2010,15:49:30,25.524,N,80.532,W
7/23/2010,15:51:30,25.526,N,80.54,W
7/23/2010,15:53:29,25.527,N,80.547,W
7/23/2010,15:55:29,25.529,N,80.555,W
7/23/2010,15:57:29,25.53,N,80.562,W
7/23/2010,15:59:29,25.532,N,80.57,W
7/23/2010,16:01:30,25.533,N,80.577,W
7/23/2010,16:03:30,25.535,N,80.585,W
7/23/2010,16:05:30,25.536,N,80.593,W
7/23/2010,16:07:30,25.538,N,80.6,W
7/23/2010,16:09:29,25.539,N,80.608,W
7/23/2010,16:11:29,25.541,N,80.615,W
7/23/2010,16:13:29,25.543,N,80.623,W
7/23/2010,16:15:30,25.544,N,80.63,W
7/23/2010,16:17:30,25.546,N,80.638,W
7/23/2010,16:19:30,25.548,N,80.645,W
7/23/2010,16:21:30,25.549,N,80.653,W
7/23/2010,16:23:29,25.551,N,80.66,W
7/23/2010,16:25:29,25.553,N,80.668,W
7/23/2010,16:27:29,25.555,N,80.676,W
7/23/2010,16:29:29,25.556,N,80.683,W
7/23/2010,16:31:30,25.558,N,80.691,W
7/23/2010,16:33:30,25.56,N,80.698,W
7/23/2010,16:35:30,25.562,N,80.706,W
7/23/2010,16:37:30,25.564,N,80.714,W
7/23/2010,16:39:29,25.566,N,80.721,W
7/23/2010,16:41:29,25.568,N,80.729,W
7/23/2010,16:43:29,25.57,N,80.737,W
7/23/2010,16:45:30,25.572,N,80.744,W
7/23/2010,16:47:30,25.574,N,80.752,W
7/23/2010,16:49:30,25.576,N,80.76,W
7/23/2010,16:51:30,25.578,N,80.767,W
7/23/2010,16:53:29,25.58,N,80.775,W
7/23/2010,16:55:29,25.582,N,80.783,W
7/23/2010,16:57:29,25.585,N,80.79,W
7/23/2010,16:59:29,25.587,N,80.798,W
7/23/2010,17:01:30,25.589,N,80.806,W
7/23/2010,17:03:30,25.592,N,80.813,W
7/23/2010,17:05:30,25.594,N,80.821,W
7/23/2010,17:07:30,25.596,N,80.829,W
7/23/2010,17:09:29,25.599,N,80.837,W
7/23/2010,17:11:29,25.601,N,80.844,W
7/23/2010,17:13:29,25.604,N,80.852,W
7/23/2010,17:15:30,25.606,N,80.86,W
7/23/2010,17:17:30,25.609,N,80.868,W
7/23/2010,17:19:30,25.611,N,80.875,W
7/23/2010,17:21:30,25.614,N,80.883,W
7/23/2010,17:23:29,25.617,N,80.891,W
7/23/2010,17:25:29,25.619,N,80.899,W
7/23/2010,17:27:29,25.622,N,80.907,W
7/23/2010,17:29:29,25.625,N,80.915,W
7/23/2010,17:31:30,25.628,N,80.922,W
7/23/2010,17:33:30,25.631,N,80.93,W
7/23/2010,17:35:30,25.634,N,80.938,W
7/23/2010,17:37:30,25.637,N,80.946,W
7/23/2010,17:39:29,25.64,N,80.954,W
7/23/2010,17:41:29,25.643,N,80.962,W
7/23/2010,17:43:29,25.646,N,80.97,W
7/23/2010,17:45:30,25.649,N,80.978,W
7/23/2010,17:47:30,25.652,N,80.986,W
7/23/2010,17:49:30,25.655,N,80.994,W
7/23/2010,17:51:30,25.659,N,81.002,W
7/23/2010,17:53:29,25.662,N,81.01,W
7/23/2010,17:55:29,25.665,N,81.018,W
7/23/2010,17:57:29,25.669,N,81.026,W
7/23/2010,17:59:29,25.672,N,81.034,W
7/23/2010,18:01:30,25.676,N,81.042,W
7/23/2010,18:03:30,25.679,N,81.05,W
7/23/2010,18:05:30,25.683,N,81.058,W
7/23/2010,18:07:30,25.687,N,81.066,W
7/23/2010,18:09:29,25.69,N,81.074,W
7/23/2010,18:11:29,25.694,N,81.082,W
7/23/2010,18:13:29,25.698,N,81.09,W
7/23/2010,18:15:30,25.702,N,81.098,W
7/23/2010,18:17:30,25.706,N,81.106,W
7/23/2010,18:19:30,25.71,N,81.114,W
7/23/2010,18:21:30,25.714,N,81.122,W
7/23/2010,18:23:29,25.718,N,81.131,W
7/23/2010,18:25:29,25.722,N,81.139,W
7/23/2010,18:27:29,25.726,N,81.147,W
7/23/2010,18:29:29,25.73,N,81.155,W
7/23/2010,18:31:30,25.734,N,81.163,W
7/23/2010,18:33:30,25.739,N,81.172,W
7/23/2010,18:35:30,25.743,N,81.18,W
7/23/2010,18:37:30,25.747,N,81.188,W
7/23/2010,18:39:29,25.752,N,81.196,W
7/23/2010,18:41:29,25.756,N,81.205,W
7/23/2010,18:43:29,25.761,N,81.213,W
7/23/2010,18:45:30,25.765,N,81.221,W
7/23/2010,18:47:30,25.77,N,81.23,W
7/23/2010,18:49:30,25.775,N,81.238,W
7/23/2010,18:51:30,25.779,N,81.246,W
7/23/2010,18:53:29,25.784,N,81.255,W
7/23/2010,18:55:29,25.789,N,81.263,W
7/23/2010,18:57:29,25.793,N,81.271,W
7/23/2010,18:59:29,25.798,N,81.28,W
7/23/2010,19:01:30,25.803,N,81.288,W
7/23/2010,19:03:30,25.808,N,81.297,W
7/23/2010,19:05:30,25.813,N,81.305,W
7/23/2010,19:07:30,25.818,N,81.313,W
7/23/2010,19:09:29,25.823,N,81.322,W
7/23/2010,19:11:29,25.828,N,81.33,W
7/23/2010,19:13:29,25.833,N,81.339,W
7/23/2010,19:15:30,25.837,N,81.347,W
7/23/2010,19:17:30,25.843,N,81.356,W
7/23/2010,19:19:30,25.848,N,81.364,W
7/23/2010,19:21:30,25.853,N,81.373,W
7/23/2010,19:23:29,25.858,N,81.381,W
7/23/2010,19:25:29,25.863,N,81.39,W
7/23/2010,19:27:29,25.868,N,81.398,W
7/23/2010,19:29:29,25.873,N,81.407,W
7/23/2010,19:31:30,25.878,N,81.416,W
7/23/2010,19:33:30,25.883,N,81.424,W
7/23/2010,19:35:30,25.888,N,81.433,W
7/23/2010,19:37:30,25.893,N,81.441,W
7/23/2010,19:39:29,25.899,N,81.45,W
7/23/2010,19:41:29,25.904,N,81.459,W
7/23/2010,19:43:29,25.909,N,81.467,W
7/23/2010,19:45:30,25.914,N,81.476,W
7/23/2010,19:47:30,25.919,N,81.484,W
7/23/2010,19:49:30,25.924,N,81.493,W
7/23/2010,19:51:30,25.93,N,81.502,W
7/23/2010,19:53:29,25.935,N,81.51,W
7/23/2010,19:55:29,25.94,N,81.519,W
7/23/2010,19:57:29,25.945,N,81.528,W
7/23/2010,19:59:29,25.95,N,81.536,W
7/23/2010,20:01:30,25.955,N,81.545,W
7/23/2010,20:03:30,25.961,N,81.554,W
7/23/2010,20:05:30,25.966,N,81.563,W
7/23/2010,20:07:30,25.971,N,81.571,W
7/23/2010,20:09:29,25.976,N,81.58,W
7/23/2010,20:11:29,25.981,N,81.589,W
7/23/2010,20:13:29,25.986,N,81.598,W
7/23/2010,20:15:30,25.991,N,81.606,W
7/23/2010,20:17:30,25.996,N,81.615,W
7/23/2010,20:19:30,26.001,N,81.624,W
7/23/2010,20:21:30,26.006,N,81.633,W
7/23/2010,20:23:29,26.011,N,81.641,W
7/23/2010,20:25:29,26.016,N,81.65,W
7/23/2010,20:27:29,26.021,N,81.659,W
7/23/2010,20:29:29,26.026,N,81.668,W
7/23/2010,20:31:30,26.031,N,81.677,W
7/23/2010,20:33:30,26.036,N,81.686,W
7/23/2010,20:35:30,26.041,N,81.694,W
7/23/2010,20:37:30,26.046,N,81.703,W
7/23/2010,20:39:29,26.051,N,81.712,W
7/23/2010,20:41:29,26.055,N,81.721,W
7/23/2010,20:43:29,26.06,N,81.73,W
7/23/2010,20:45:30,26.065,N,81.739,W
7/23/2010,20:47:30,26.069,N,81.748,W
7/23/2010,20:49:30,26.074,N,81.757,W
7/23/2010,20:51:30,26.079,N,81.765,W
7/23/2010,20:53:29,26.083,N,81.774,W
7/23/2010,20:55:29,26.088,N,81.783,W
7/23/2010,20:57:29,26.092,N,81.792,W
7/23/2010,20:59:29,26.097,N,81.801,W
7/23/2010,21:01:30,26.101,N,81.81,W
7/23/2010,21:03:30,26.106,N,81.819,W
7/23/2010,21:05:30,26.11,N,81.828,W
7/23/2010,21:07:30,26.114,N,81.837,W
7/23/2010,21:09:29,26.119,N,81.846,W
7/23/2010,21:11:29,26.123,N,81.855,W
7/23/2010,21:13:29,26.127,N,81.864,W
7/23/2010,21:15:30,26.131,N,81.873,W
7/23/2010,21:17:30,26.135,N,81.882,W
7/23/2010,21:19:30,26.139,N,81.891,W
7/23/2010,21:21:30,26.143,N,81.9,W
7/23/2010,21:23:29,26.147,N,81.909,W
7/23/2010,21:25:29,26.151,N,81.918,W
7/23/2010,21:27:29,26.154,N,81.927,W
7/23/2010,21:29:29,26.158,N,81.936,W
7/23/2010,21:31:30,26.162,N,81.945,W
7/23/2010,21:33:30,26.165,N,81.954,W
7/23/2010,21:35:30,26.169,N,81.963,W
7/23/2010,21:37:30,26.173,N,81.972,W
7/23/2010,21:39:29,26.176,N,81.981,W
7/23/2010,21:41:29,26.179,N,81.99,W
7/23/2010,21:43:29,26.183,N,81.999,W
7/23/2010,21:45:30,26.186,N,82.008,W
7/23/2010,21:47:30,26.189,N,82.017,W
7/23/2010,21:49:30,26.192,N,82.026,W
7/23/2010,21:51:30,26.195,N,82.035,W
7/23/2010,21:53:29,26.198,N,82.044,W
7/23/2010,21:55:29,26.201,N,82.053,W
7/23/2010,21:57:29,26.204,N,82.063,W
7/23/2010,21:59:29,26.206,N,82.072,W
7/23/2010,22:01:30,26.209,N,82.081,W
7/23/2010,22:03:30,26.212,N,82.09,W
7/23/2010,22:05:30,26.214,N,82.099,W
7/23/2010,22:07:30,26.216,N,82.108,W
7/23/2010,22:09:29,26.219,N,82.117,W
7/23/2010,22:11:29,26.221,N,82.126,W
7/23/2010,22:13:29,26.223,N,82.135,W
7/23/2010,22:15:30,26.225,N,82.144,W
7/23/2010,22:17:30,26.228,N,82.153,W
7/23/2010,22:19:30,26.23,N,82.163,W
7/23/2010,22:21:30,26.231,N,82.172,W
7/23/2010,22:23:29,26.233,N,82.181,W
7/23/2010,22:25:29,26.235,N,82.19,W
7/23/2010,22:27:29,26.237,N,82.199,W
7/23/2010,22:29:29,26.239,N,82.208,W
7/23/2010,22:31:30,26.24,N,82.217,W
7/23/2010,22:33:30,26.242,N,82.226,W
7/23/2010,22:35:30,26.243,N,82.236,W
7/23/2010,22:37:30,26.245,N,82.245,W
7/23/2010,22:39:29,26.246,N,82.254,W
7/23/2010,22:41:29,26.247,N,82.263,W
7/23/2010,22:43:29,26.248,N,82.272,W
7/23/2010,22:45:30,26.25,N,82.281,W
7/23/2010,22:47:30,26.251,N,82.291,W
7/23/2010,22:49:30,26.252,N,82.3,W
7/23/2010,22:51:30,26.253,N,82.309,W
7/23/2010,22:53:29,26.254,N,82.318,W
7/23/2010,22:55:29,26.255,N,82.327,W
7/23/2010,22:57:29,26.255,N,82.336,W
7/23/2010,22:59:29,26.256,N,82.346,W
7/23/2010,23:01:30,26.257,N,82.355,W
7/23/2010,23:03:30,26.257,N,82.364,W
7/23/2010,23:05:30,26.258,N,82.373,W
7/23/2010,23:07:30,26.259,N,82.382,W
7/23/2010,23:09:29,26.259,N,82.392,W
7/23/2010,23:11:29,26.26,N,82.401,W
7/23/2010,23:13:29,26.26,N,82.41,W
7/23/2010,23:15:30,26.26,N,82.419,W
7/23/2010,23:17:30,26.261,N,82.428,W
7/23/2010,23:19:30,26.261,N,82.438,W
7/23/2010,23:21:30,26.261,N,82.447,W
7/23/2010,23:23:29,26.261,N,82.456,W
7/23/2010,23:25:29,26.261,N,82.465,W
7/23/2010,23:27:29,26.261,N,82.474,W
7/23/2010,23:29:29,26.262,N,82.484,W
7/23/2010,23:31:30,26.262,N,82.493,W
7/23/2010,23:33:30,26.261,N,82.502,W
7/23/2010,23:35:30,26.261,N,82.511,W
7/23/2010,23:37:30,26.261,N,82.52,W
7/23/2010,23:39:29,26.261,N,82.53,W
7/23/2010,23:41:29,26.261,N,82.539,W
7/23/2010,23:43:29,26.261,N,82.548,W
7/23/2010,23:45:30,26.26,N,82.557,W
7/23/2010,23:47:30,26.26,N,82.567,W
7/23/2010,23:49:30,26.259,N,82.576,W
7/23/2010,23:51:30,26.259,N,82.585,W
7/23/2010,23:53:29,26.259,N,82.594,W
7/23/2010,23:55:29,26.258,N,82.604,W
7/23/2010,23:57:29,26.258,N,82.613,W
7/23/2010,23:59:29,26.257,N,82.622,W
7/24/2010,0:01:30,26.256,N,82.631,W
7/24/2010,0:02:57,26.256,N,82.638,W
7/24/2010,0:04:57,26.255,N,82.646,W
7/24/2010,0:06:56,26.254,N,82.654,W
7/24/2010,0:08:56,26.253,N,82.662,W
7/24/2010,0:10:56,26.253,N,82.671,W
7/24/2010,0:12:56,26.252,N,82.679,W
7/24/2010,0:14:57,26.251,N,82.687,W
7/24/2010,0:16:57,26.25,N,82.696,W
7/24/2010,0:18:57,26.249,N,82.704,W
7/24/2010,0:20:57,26.248,N,82.713,W
7/24/2010,0:22:56,26.247,N,82.722,W
7/24/2010,0:24:56,26.246,N,82.73,W
7/24/2010,0:26:56,26.245,N,82.739,W
7/24/2010,0:28:56,26.244,N,82.748,W
7/24/2010,0:30:57,26.243,N,82.757,W
7/24/2010,0:32:57,26.242,N,82.766,W
7/24/2010,0:34:57,26.241,N,82.775,W
7/24/2010,0:36:56,26.24,N,82.783,W
7/24/2010,0:38:56,26.239,N,82.793,W
7/24/2010,0:40:56,26.237,N,82.802,W
7/24/2010,0:42:56,26.236,N,82.811,W
7/24/2010,0:44:57,26.235,N,82.82,W
7/24/2010,0:46:57,26.234,N,82.829,W
7/24/2010,0:48:57,26.233,N,82.839,W
7/24/2010,0:50:57,26.232,N,82.848,W
7/24/2010,0:52:56,26.231,N,82.857,W
7/24/2010,0:54:56,26.229,N,82.867,W
7/24/2010,0:56:56,26.228,N,82.876,W
7/24/2010,0:58:56,26.227,N,82.886,W
7/24/2010,1:00:57,26.226,N,82.895,W
7/24/2010,1:02:57,26.225,N,82.905,W
7/24/2010,1:04:57,26.223,N,82.915,W
7/24/2010,1:06:56,26.222,N,82.924,W
7/24/2010,1:08:56,26.221,N,82.934,W
7/24/2010,1:10:56,26.22,N,82.944,W
7/24/2010,1:12:56,26.218,N,82.954,W
7/24/2010,1:14:57,26.217,N,82.963,W
7/24/2010,1:16:57,26.216,N,82.973,W
7/24/2010,1:18:57,26.215,N,82.983,W
7/24/2010,1:20:57,26.213,N,82.993,W
7/24/2010,1:22:56,26.212,N,83.003,W
7/24/2010,1:24:56,26.211,N,83.013,W
7/24/2010,1:26:56,26.209,N,83.023,W
7/24/2010,1:28:56,26.208,N,83.033,W
7/24/2010,1:30:57,26.207,N,83.044,W
7/24/2010,1:32:57,26.205,N,83.054,W
7/24/2010,1:34:57,26.204,N,83.064,W
7/24/2010,1:36:20,26.203,N,83.071,W
7/24/2010,1:38:20,26.201,N,83.081,W
7/24/2010,1:40:19,26.199,N,83.09,W
7/24/2010,1:42:19,26.197,N,83.1,W
7/24/2010,1:44:19,26.195,N,83.11,W
7/24/2010,1:46:19,26.193,N,83.12,W
7/24/2010,1:48:20,26.191,N,83.13,W
7/24/2010,1:50:20,26.189,N,83.14,W
7/24/2010,1:52:20,26.187,N,83.149,W
7/24/2010,1:54:20,26.185,N,83.159,W
7/24/2010,1:56:19,26.182,N,83.169,W
7/24/2010,1:58:19,26.18,N,83.179,W
7/24/2010,2:00:19,26.178,N,83.189,W
7/24/2010,2:02:19,26.176,N,83.2,W
7/24/2010,2:04:20,26.173,N,83.21,W
7/24/2010,2:06:20,26.171,N,83.22,W
7/24/2010,2:08:20,26.169,N,83.23,W
7/24/2010,2:10:19,26.167,N,83.24,W
7/24/2010,2:12:19,26.164,N,83.251,W
7/24/2010,2:14:19,26.162,N,83.261,W
7/24/2010,2:16:19,26.16,N,83.272,W
7/24/2010,2:18:20,26.158,N,83.282,W
7/24/2010,2:20:20,26.156,N,83.293,W
7/24/2010,2:22:20,26.154,N,83.303,W
7/24/2010,2:24:20,26.152,N,83.314,W
7/24/2010,2:26:19,26.15,N,83.324,W
7/24/2010,2:28:19,26.148,N,83.335,W
7/24/2010,2:30:19,26.147,N,83.346,W
7/24/2010,2:32:19,26.145,N,83.357,W
7/24/2010,2:34:20,26.143,N,83.368,W
7/24/2010,2:36:20,26.142,N,83.379,W
7/24/2010,2:38:20,26.14,N,83.39,W
7/24/2010,2:40:19,26.139,N,83.401,W
7/24/2010,2:42:19,26.138,N,83.412,W
7/24/2010,2:44:19,26.137,N,83.423,W
7/24/2010,2:46:19,26.136,N,83.434,W
7/24/2010,2:48:20,26.135,N,83.446,W
7/24/2010,2:50:20,26.134,N,83.457,W
7/24/2010,2:52:20,26.133,N,83.469,W
7/24/2010,2:54:20,26.133,N,83.48,W
7/24/2010,2:56:19,26.133,N,83.492,W
7/24/2010,2:58:19,26.132,N,83.504,W
7/24/2010,3:00:19,26.132,N,83.516,W
7/24/2010,3:02:19,26.132,N,83.527,W
7/24/2010,3:04:20,26.133,N,83.539,W
7/24/2010,3:06:20,26.133,N,83.551,W
7/24/2010,3:08:20,26.134,N,83.564,W
7/24/2010,3:09:22,26.134,N,83.57,W
7/24/2010,3:11:23,26.135,N,83.582,W
7/24/2010,3:13:23,26.136,N,83.594,W
7/24/2010,3:15:23,26.136,N,83.606,W
7/24/2010,3:17:23,26.138,N,83.618,W
7/24/2010,3:19:22,26.139,N,83.63,W
7/24/2010,3:21:22,26.14,N,83.642,W
7/24/2010,3:23:22,26.142,N,83.655,W
7/24/2010,3:25:22,26.144,N,83.667,W
7/24/2010,3:27:23,26.145,N,83.68,W
7/24/2010,3:29:23,26.148,N,83.692,W
7/24/2010,3:31:23,26.15,N,83.705,W
7/24/2010,3:33:22,26.152,N,83.718,W
7/24/2010,3:35:22,26.155,N,83.731,W
7/24/2010,3:37:22,26.157,N,83.743,W
7/24/2010,3:39:22,26.16,N,83.757,W
7/24/2010,3:41:23,26.163,N,83.77,W
7/24/2010,3:43:23,26.167,N,83.783,W
7/24/2010,3:45:23,26.17,N,83.796,W
7/24/2010,3:47:23,26.174,N,83.81,W
7/24/2010,3:49:22,26.178,N,83.823,W
7/24/2010,3:51:22,26.182,N,83.837,W
7/24/2010,3:53:22,26.186,N,83.851,W
7/24/2010,3:55:22,26.19,N,83.864,W
7/24/2010,3:57:23,26.195,N,83.878,W
7/24/2010,3:59:23,26.2,N,83.892,W
7/24/2010,4:01:23,26.205,N,83.907,W
7/24/2010,4:03:22,26.21,N,83.921,W
7/24/2010,4:05:22,26.215,N,83.935,W
7/24/2010,4:07:22,26.221,N,83.95,W
7/24/2010,4:09:22,26.227,N,83.964,W
7/24/2010,4:11:23,26.233,N,83.979,W
7/24/2010,4:13:23,26.239,N,83.994,W
7/24/2010,4:15:23,26.245,N,84.009,W
7/24/2010,4:17:23,26.252,N,84.024,W
7/24/2010,4:19:22,26.259,N,84.039,W
7/24/2010,4:21:22,26.265,N,84.054,W
7/24/2010,4:23:22,26.272,N,84.069,W
7/24/2010,4:25:22,26.279,N,84.084,W
7/24/2010,4:27:23,26.287,N,84.099,W
7/24/2010,4:29:23,26.294,N,84.114,W
7/24/2010,4:31:23,26.302,N,84.13,W
7/24/2010,4:33:22,26.309,N,84.145,W
7/24/2010,4:35:22,26.317,N,84.16,W
7/24/2010,4:37:22,26.325,N,84.176,W
7/24/2010,4:39:22,26.333,N,84.191,W
7/24/2010,4:41:23,26.341,N,84.207,W
7/24/2010,4:43:23,26.349,N,84.222,W
7/24/2010,4:45:23,26.357,N,84.238,W
7/24/2010,4:47:23,26.366,N,84.254,W
7/24/2010,4:49:22,26.374,N,84.269,W
7/24/2010,4:51:22,26.383,N,84.285,W
7/24/2010,4:53:22,26.391,N,84.3,W
7/24/2010,4:55:22,26.4,N,84.316,W
7/24/2010,4:57:23,26.408,N,84.331,W
7/24/2010,4:59:23,26.417,N,84.347,W
7/24/2010,5:01:23,26.426,N,84.362,W
7/24/2010,5:03:22,26.434,N,84.378,W
7/24/2010,5:04:10,26.438,N,84.384,W
7/24/2010,5:06:10,26.442,N,84.397,W
7/24/2010,5:08:11,26.446,N,84.409,W
7/24/2010,5:10:11,26.451,N,84.422,W
7/24/2010,5:12:11,26.455,N,84.434,W
7/24/2010,5:14:11,26.459,N,84.447,W
7/24/2010,5:16:10,26.463,N,84.459,W
7/24/2010,5:18:10,26.467,N,84.471,W
7/24/2010,5:20:10,26.47,N,84.483,W
7/24/2010,5:22:10,26.474,N,84.495,W
7/24/2010,5:24:11,26.478,N,84.507,W
7/24/2010,5:26:11,26.482,N,84.519,W
7/24/2010,5:28:11,26.485,N,84.531,W
7/24/2010,5:30:11,26.489,N,84.542,W
7/24/2010,5:32:10,26.492,N,84.554,W
7/24/2010,5:34:10,26.495,N,84.565,W
7/24/2010,5:36:10,26.499,N,84.576,W
7/24/2010,5:38:11,26.502,N,84.588,W
7/24/2010,5:40:11,26.505,N,84.599,W
7/24/2010,5:42:11,26.508,N,84.61,W
7/24/2010,5:44:11,26.511,N,84.621,W
7/24/2010,5:46:10,26.514,N,84.632,W
7/24/2010,5:48:10,26.517,N,84.642,W
7/24/2010,5:50:10,26.52,N,84.653,W
7/24/2010,5:52:10,26.523,N,84.664,W
7/24/2010,5:54:11,26.526,N,84.674,W
7/24/2010,5:56:11,26.528,N,84.685,W
7/24/2010,5:58:11,26.531,N,84.695,W
7/24/2010,6:00:11,26.534,N,84.705,W
7/24/2010,6:02:10,26.536,N,84.715,W
7/24/2010,6:04:10,26.539,N,84.725,W
7/24/2010,6:06:10,26.541,N,84.735,W
7/24/2010,6:08:11,26.544,N,84.745,W
7/24/2010,6:10:11,26.546,N,84.755,W
7/24/2010,6:12:11,26.548,N,84.764,W
7/24/2010,6:14:11,26.551,N,84.774,W
7/24/2010,6:16:10,26.553,N,84.784,W
7/24/2010,6:18:10,26.555,N,84.793,W
7/24/2010,6:20:10,26.557,N,84.802,W
7/24/2010,6:22:10,26.56,N,84.812,W
7/24/2010,6:24:11,26.562,N,84.821,W
7/24/2010,6:26:11,26.564,N,84.83,W
7/24/2010,6:28:11,26.566,N,84.839,W
7/24/2010,6:30:11,26.568,N,84.848,W
7/24/2010,6:32:10,26.57,N,84.857,W
7/24/2010,6:34:10,26.572,N,84.866,W
7/24/2010,6:36:10,26.574,N,84.875,W
7/24/2010,6:38:11,26.576,N,84.883,W
7/24/2010,6:40:11,26.578,N,84.892,W
7/24/2010,6:42:11,26.581,N,84.901,W
7/24/2010,6:44:11,26.583,N,84.909,W
7/24/2010,6:46:10,26.585,N,84.918,W
7/24/2010,6:48:10,26.587,N,84.926,W
7/24/2010,6:50:10,26.589,N,84.934,W
7/24/2010,6:52:10,26.591,N,84.943,W
7/24/2010,6:54:11,26.593,N,84.951,W
7/24/2010,6:56:11,26.595,N,84.959,W
7/24/2010,6:58:11,26.597,N,84.967,W
7/24/2010,7:00:11,26.599,N,84.975,W
7/24/2010,7:02:10,26.602,N,84.983,W
7/24/2010,7:04:10,26.604,N,84.991,W
7/24/2010,7:06:10,26.606,N,84.999,W
7/24/2010,7:08:11,26.608,N,85.007,W
7/24/2010,7:10:11,26.61,N,85.015,W
7/24/2010,7:12:11,26.613,N,85.023,W
7/24/2010,7:14:11,26.615,N,85.03,W
7/24/2010,7:16:10,26.617,N,85.038,W
7/24/2010,7:18:10,26.62,N,85.046,W
7/24/2010,7:20:10,26.622,N,85.053,W
7/24/2010,7:22:10,26.625,N,85.061,W
7/24/2010,7:24:11,26.627,N,85.068,W
7/24/2010,7:26:11,26.63,N,85.076,W
7/24/2010,7:28:11,26.632,N,85.083,W
7/24/2010,7:30:11,26.635,N,85.091,W
7/24/2010,7:32:10,26.638,N,85.098,W
7/24/2010,7:34:10,26.641,N,85.105,W
7/24/2010,7:36:10,26.643,N,85.113,W
7/24/2010,7:38:11,26.646,N,85.12,W
7/24/2010,7:40:11,26.649,N,85.127,W
7/24/2010,7:42:11,26.652,N,85.134,W
7/24/2010,7:44:11,26.655,N,85.142,W
7/24/2010,7:46:10,26.658,N,85.149,W
7/24/2010,7:48:10,26.662,N,85.156,W
7/24/2010,7:50:10,26.665,N,85.163,W
7/24/2010,7:52:10,26.668,N,85.17,W
7/24/2010,7:54:11,26.672,N,85.177,W
7/24/2010,7:56:11,26.675,N,85.184,W
7/24/2010,7:58:11,26.679,N,85.191,W
7/24/2010,8:00:11,26.683,N,85.198,W
7/24/2010,8:02:10,26.686,N,85.205,W
7/24/2010,8:04:10,26.69,N,85.212,W
7/24/2010,8:06:10,26.694,N,85.219,W
7/24/2010,8:08:11,26.698,N,85.226,W
7/24/2010,8:10:11,26.702,N,85.233,W
7/24/2010,8:12:11,26.707,N,85.24,W
7/24/2010,8:14:11,26.711,N,85.247,W
7/24/2010,8:16:10,26.715,N,85.254,W
7/24/2010,8:18:10,26.72,N,85.261,W
7/24/2010,8:20:10,26.725,N,85.268,W
7/24/2010,8:22:10,26.729,N,85.275,W
7/24/2010,8:24:11,26.734,N,85.282,W
7/24/2010,8:26:11,26.739,N,85.288,W
7/24/2010,8:28:11,26.744,N,85.295,W
7/24/2010,8:30:11,26.749,N,85.302,W
7/24/2010,8:32:10,26.754,N,85.309,W
7/24/2010,8:34:10,26.759,N,85.316,W
7/24/2010,8:36:10,26.765,N,85.323,W
7/24/2010,8:38:11,26.77,N,85.33,W
7/24/2010,8:40:11,26.775,N,85.336,W
7/24/2010,8:42:11,26.781,N,85.343,W
7/24/2010,8:44:11,26.787,N,85.35,W
7/24/2010,8:46:10,26.792,N,85.357,W
7/24/2010,8:47:08,26.795,N,85.36,W
7/24/2010,8:49:09,26.801,N,85.366,W
7/24/2010,8:51:09,26.807,N,85.373,W
7/24/2010,8:53:09,26.813,N,85.379,W
7/24/2010,8:55:08,26.819,N,85.385,W
7/24/2010,8:57:08,26.825,N,85.392,W
7/24/2010,8:59:08,26.831,N,85.398,W
7/24/2010,9:01:08,26.837,N,85.404,W
7/24/2010,9:03:09,26.843,N,85.411,W
7/24/2010,9:05:09,26.85,N,85.417,W
7/24/2010,9:07:09,26.856,N,85.423,W
7/24/2010,9:09:09,26.862,N,85.429,W
7/24/2010,9:11:08,26.869,N,85.436,W
7/24/2010,9:13:08,26.875,N,85.442,W
7/24/2010,9:15:08,26.882,N,85.448,W
7/24/2010,9:17:08,26.888,N,85.455,W
7/24/2010,9:19:09,26.895,N,85.461,W
7/24/2010,9:21:09,26.902,N,85.467,W
7/24/2010,9:23:09,26.908,N,85.473,W
7/24/2010,9:25:08,26.915,N,85.48,W
7/24/2010,9:27:08,26.922,N,85.486,W
7/24/2010,9:29:08,26.929,N,85.492,W
7/24/2010,9:31:08,26.936,N,85.499,W
7/24/2010,9:33:09,26.943,N,85.505,W
7/24/2010,9:35:09,26.95,N,85.511,W
7/24/2010,9:37:09,26.957,N,85.518,W
7/24/2010,9:39:09,26.964,N,85.524,W
7/24/2010,9:41:08,26.971,N,85.531,W
7/24/2010,9:43:08,26.978,N,85.537,W
7/24/2010,9:45:08,26.985,N,85.544,W
7/24/2010,9:47:08,26.992,N,85.55,W
7/24/2010,9:49:09,27,N,85.557,W
7/24/2010,9:51:09,27.007,N,85.563,W
7/24/2010,9:53:09,27.014,N,85.57,W
7/24/2010,9:55:08,27.022,N,85.576,W
7/24/2010,9:57:08,27.029,N,85.583,W
7/24/2010,9:59:08,27.036,N,85.59,W
7/24/2010,10:01:08,27.044,N,85.597,W
7/24/2010,10:03:09,27.052,N,85.603,W
7/24/2010,10:05:09,27.059,N,85.61,W
7/24/2010,10:07:09,27.067,N,85.617,W
7/24/2010,10:09:09,27.074,N,85.624,W
7/24/2010,10:11:08,27.082,N,85.631,W
7/24/2010,10:13:08,27.09,N,85.638,W
7/24/2010,10:15:08,27.098,N,85.645,W
7/24/2010,10:17:08,27.106,N,85.652,W
7/24/2010,10:19:09,27.113,N,85.659,W
7/24/2010,10:21:09,27.121,N,85.666,W
7/24/2010,10:23:09,27.129,N,85.673,W
7/24/2010,10:25:08,27.137,N,85.68,W
7/24/2010,10:27:08,27.145,N,85.687,W
7/24/2010,10:29:08,27.153,N,85.695,W
7/24/2010,10:31:08,27.161,N,85.702,W
7/24/2010,10:33:09,27.169,N,85.709,W
7/24/2010,10:35:09,27.178,N,85.716,W
7/24/2010,10:37:09,27.186,N,85.724,W
7/24/2010,10:39:09,27.194,N,85.731,W
7/24/2010,10:40:08,27.198,N,85.735,W
7/24/2010,10:42:08,27.207,N,85.743,W
7/24/2010,10:44:08,27.216,N,85.75,W
7/24/2010,10:46:08,27.225,N,85.758,W
7/24/2010,10:48:09,27.234,N,85.766,W
7/24/2010,10:50:09,27.243,N,85.774,W
7/24/2010,10:52:09,27.252,N,85.782,W
7/24/2010,10:54:09,27.261,N,85.789,W
7/24/2010,10:56:08,27.271,N,85.797,W
7/24/2010,10:58:08,27.28,N,85.805,W
7/24/2010,11:00:08,27.29,N,85.813,W
7/24/2010,11:02:08,27.299,N,85.822,W
7/24/2010,11:04:09,27.309,N,85.83,W
7/24/2010,11:06:09,27.318,N,85.838,W
7/24/2010,11:08:09,27.328,N,85.846,W
7/24/2010,11:10:08,27.337,N,85.854,W
7/24/2010,11:12:08,27.347,N,85.862,W
7/24/2010,11:14:08,27.357,N,85.871,W
7/24/2010,11:16:08,27.366,N,85.879,W
7/24/2010,11:18:09,27.376,N,85.887,W
7/24/2010,11:20:09,27.386,N,85.895,W
7/24/2010,11:22:09,27.396,N,85.904,W
7/24/2010,11:24:09,27.405,N,85.912,W
7/24/2010,11:26:08,27.415,N,85.92,W
7/24/2010,11:28:08,27.425,N,85.929,W
7/24/2010,11:30:08,27.434,N,85.937,W
7/24/2010,11:32:08,27.444,N,85.945,W
7/24/2010,11:34:09,27.454,N,85.954,W
7/24/2010,11:36:09,27.463,N,85.962,W
7/24/2010,11:38:09,27.473,N,85.97,W
7/24/2010,11:40:08,27.482,N,85.979,W
7/24/2010,11:42:08,27.492,N,85.987,W
7/24/2010,11:44:08,27.501,N,85.995,W
7/24/2010,11:46:08,27.51,N,86.004,W
7/24/2010,11:48:09,27.52,N,86.012,W
7/24/2010,11:50:09,27.529,N,86.02,W
7/24/2010,11:52:09,27.538,N,86.029,W
7/24/2010,11:54:09,27.547,N,86.037,W
7/24/2010,11:56:08,27.556,N,86.045,W
7/24/2010,11:58:08,27.565,N,86.053,W
7/24/2010,12:00:08,27.574,N,86.061,W
7/24/2010,12:02:08,27.582,N,86.07,W
7/24/2010,12:04:09,27.591,N,86.078,W
7/24/2010,12:06:09,27.6,N,86.086,W
7/24/2010,12:08:09,27.608,N,86.094,W
7/24/2010,12:10:08,27.616,N,86.102,W
7/24/2010,12:12:08,27.624,N,86.11,W
7/24/2010,12:14:08,27.632,N,86.118,W
7/24/2010,12:16:08,27.64,N,86.126,W
7/24/2010,12:18:09,27.648,N,86.133,W
7/24/2010,12:20:09,27.656,N,86.141,W
7/24/2010,12:22:09,27.663,N,86.149,W
7/24/2010,12:24:09,27.67,N,86.157,W
7/24/2010,12:26:08,27.678,N,86.164,W
7/24/2010,12:28:08,27.685,N,86.172,W
7/24/2010,12:30:08,27.692,N,86.179,W
7/24/2010,12:32:08,27.698,N,86.187,W
7/24/2010,12:34:09,27.705,N,86.194,W
7/24/2010,12:36:09,27.711,N,86.202,W
7/24/2010,12:37:05,27.714,N,86.205,W
7/24/2010,12:39:05,27.717,N,86.211,W
7/24/2010,12:41:05,27.719,N,86.218,W
7/24/2010,12:43:05,27.722,N,86.224,W
7/24/2010,12:45:04,27.725,N,86.23,W
7/24/2010,12:47:04,27.728,N,86.237,W
7/24/2010,12:49:04,27.73,N,86.243,W
7/24/2010,12:51:04,27.733,N,86.249,W
7/24/2010,12:53:05,27.736,N,86.256,W
7/24/2010,12:55:05,27.738,N,86.262,W
7/24/2010,12:57:05,27.741,N,86.268,W
7/24/2010,12:59:04,27.744,N,86.274,W
7/24/2010,13:01:04,27.746,N,86.281,W
7/24/2010,13:03:04,27.749,N,86.287,W
7/24/2010,13:05:04,27.752,N,86.293,W
7/24/2010,13:07:05,27.754,N,86.299,W
7/24/2010,13:09:05,27.757,N,86.305,W
7/24/2010,13:11:05,27.759,N,86.311,W
7/24/2010,13:13:05,27.762,N,86.318,W
7/24/2010,13:15:04,27.765,N,86.324,W
7/24/2010,13:17:04,27.767,N,86.33,W
7/24/2010,13:19:04,27.77,N,86.336,W
7/24/2010,13:21:04,27.772,N,86.342,W
7/24/2010,13:23:05,27.775,N,86.348,W
7/24/2010,13:25:05,27.777,N,86.354,W
7/24/2010,13:27:05,27.78,N,86.36,W
7/24/2010,13:29:04,27.782,N,86.366,W
7/24/2010,13:31:04,27.785,N,86.372,W
7/24/2010,13:33:04,27.787,N,86.378,W
7/24/2010,13:35:04,27.79,N,86.384,W
7/24/2010,13:37:05,27.792,N,86.39,W
7/24/2010,13:39:05,27.795,N,86.396,W
7/24/2010,13:41:05,27.797,N,86.402,W
7/24/2010,13:43:05,27.8,N,86.408,W
7/24/2010,13:45:04,27.802,N,86.414,W
7/24/2010,13:47:04,27.804,N,86.419,W
7/24/2010,13:49:04,27.807,N,86.425,W
7/24/2010,13:51:04,27.809,N,86.431,W
7/24/2010,13:53:05,27.811,N,86.437,W
7/24/2010,13:55:05,27.814,N,86.443,W
7/24/2010,13:57:05,27.816,N,86.448,W
7/24/2010,13:59:04,27.818,N,86.454,W
7/24/2010,14:01:04,27.821,N,86.46,W
7/24/2010,14:03:04,27.823,N,86.465,W
7/24/2010,14:05:04,27.825,N,86.471,W
7/24/2010,14:07:05,27.827,N,86.477,W
7/24/2010,14:09:05,27.83,N,86.482,W
7/24/2010,14:11:05,27.832,N,86.488,W
7/24/2010,14:13:05,27.834,N,86.493,W
7/24/2010,14:15:04,27.836,N,86.499,W
7/24/2010,14:17:04,27.839,N,86.505,W
7/24/2010,14:19:04,27.841,N,86.51,W
7/24/2010,14:21:04,27.843,N,86.516,W
7/24/2010,14:23:05,27.845,N,86.521,W
7/24/2010,14:25:05,27.847,N,86.527,W
7/24/2010,14:27:05,27.849,N,86.532,W
7/24/2010,14:29:04,27.851,N,86.537,W
7/24/2010,14:31:04,27.853,N,86.543,W
7/24/2010,14:33:04,27.856,N,86.548,W
7/24/2010,14:35:04,27.858,N,86.554,W
7/24/2010,14:37:05,27.86,N,86.559,W
7/24/2010,14:39:05,27.862,N,86.564,W
7/24/2010,14:41:05,27.864,N,86.57,W
7/24/2010,14:43:05,27.866,N,86.575,W
7/24/2010,14:45:04,27.868,N,86.58,W
7/24/2010,14:47:04,27.87,N,86.585,W
7/24/2010,14:49:04,27.872,N,86.591,W
7/24/2010,14:51:04,27.874,N,86.596,W
7/24/2010,14:53:05,27.876,N,86.601,W
7/24/2010,14:55:05,27.878,N,86.606,W
7/24/2010,14:57:05,27.88,N,86.611,W
7/24/2010,14:59:04,27.881,N,86.617,W
7/24/2010,15:01:04,27.883,N,86.622,W
7/24/2010,15:03:04,27.885,N,86.627,W
7/24/2010,15:05:04,27.887,N,86.632,W
7/24/2010,15:07:05,27.889,N,86.637,W
7/24/2010,15:09:05,27.891,N,86.642,W
7/24/2010,15:11:05,27.893,N,86.647,W
7/24/2010,15:13:05,27.895,N,86.652,W
7/24/2010,15:15:04,27.897,N,86.657,W
7/24/2010,15:17:04,27.898,N,86.662,W
7/24/2010,15:19:04,27.9,N,86.667,W
7/24/2010,15:21:04,27.902,N,86.672,W
7/24/2010,15:23:05,27.904,N,86.677,W
7/24/2010,15:25:05,27.906,N,86.682,W
7/24/2010,15:27:05,27.907,N,86.687,W
7/24/2010,15:29:04,27.909,N,86.692,W
7/24/2010,15:31:04,27.911,N,86.697,W
7/24/2010,15:33:04,27.913,N,86.702,W
7/24/2010,15:35:04,27.915,N,86.707,W
7/24/2010,15:37:05,27.916,N,86.712,W
7/24/2010,15:39:05,27.918,N,86.717,W
7/24/2010,15:41:05,27.92,N,86.721,W
7/24/2010,15:43:05,27.921,N,86.726,W
7/24/2010,15:45:04,27.923,N,86.731,W
7/24/2010,15:47:04,27.925,N,86.736,W
7/24/2010,15:49:04,27.927,N,86.741,W
7/24/2010,15:51:04,27.928,N,86.746,W
7/24/2010,15:53:05,27.93,N,86.75,W
7/24/2010,15:55:05,27.932,N,86.755,W
7/24/2010,15:57:05,27.933,N,86.76,W
7/24/2010,15:59:04,27.935,N,86.765,W
7/24/2010,16:01:05,27.937,N,86.77,W
7/24/2010,16:03:05,27.938,N,86.774,W
7/24/2010,16:05:05,27.94,N,86.779,W
7/24/2010,16:07:05,27.942,N,86.784,W
7/24/2010,16:09:05,27.943,N,86.788,W
7/24/2010,16:11:05,27.945,N,86.793,W
7/24/2010,16:13:05,27.947,N,86.798,W
7/24/2010,16:15:04,27.948,N,86.803,W
7/24/2010,16:17:04,27.95,N,86.807,W
7/24/2010,16:19:04,27.951,N,86.812,W
7/24/2010,16:21:04,27.953,N,86.817,W
7/24/2010,16:23:04,27.955,N,86.821,W
7/24/2010,16:25:04,27.956,N,86.826,W
7/24/2010,16:27:04,27.958,N,86.831,W
7/24/2010,16:29:05,27.959,N,86.835,W
7/24/2010,16:31:05,27.961,N,86.84,W
7/24/2010,16:33:05,27.963,N,86.845,W
7/24/2010,16:35:05,27.964,N,86.849,W
7/24/2010,16:37:05,27.966,N,86.854,W
7/24/2010,16:39:05,27.967,N,86.858,W
7/24/2010,16:41:05,27.969,N,86.863,W
7/24/2010,16:43:05,27.97,N,86.868,W
7/24/2010,16:45:04,27.972,N,86.872,W
7/24/2010,16:47:04,27.973,N,86.877,W
7/24/2010,16:49:04,27.975,N,86.881,W
7/24/2010,16:51:04,27.977,N,86.886,W
7/24/2010,16:53:04,27.978,N,86.891,W
7/24/2010,16:55:04,27.98,N,86.895,W
7/24/2010,16:57:04,27.981,N,86.9,W
7/24/2010,16:59:05,27.983,N,86.904,W
7/24/2010,17:01:05,27.984,N,86.909,W
7/24/2010,17:03:05,27.986,N,86.913,W
7/24/2010,17:05:05,27.987,N,86.918,W
7/24/2010,17:07:05,27.989,N,86.922,W
7/24/2010,17:09:05,27.99,N,86.927,W
7/24/2010,17:11:05,27.992,N,86.932,W
7/24/2010,17:13:05,27.993,N,86.936,W
7/24/2010,17:15:04,27.995,N,86.941,W
7/24/2010,17:17:04,27.996,N,86.945,W
7/24/2010,17:19:04,27.998,N,86.95,W
7/24/2010,17:21:04,27.999,N,86.954,W
7/24/2010,17:23:04,28.001,N,86.959,W
7/24/2010,17:25:04,28.002,N,86.963,W
7/24/2010,17:27:04,28.004,N,86.968,W
7/24/2010,17:29:05,28.005,N,86.972,W
7/24/2010,17:31:05,28.007,N,86.977,W
7/24/2010,17:33:05,28.009,N,86.982,W
