Track,for,Colin,2016,,,
Date,Time,(UTC),Latitude,Longitude,,Category
MM/DD/Year,HH:MM:SS,(deg),(deg),,,
6/5/2016,11:53:59,21.594,N,88.006,W,0
6/5/2016,11:56:00,21.596,N,88.004,W,0
6/5/2016,11:57:59,21.598,N,88.002,W,0
6/5/2016,12:00:00,21.6,N,88,W,0
6/5/2016,12:02:00,21.602,N,87.998,W,0
6/5/2016,12:03:59,21.604,N,87.996,W,0
6/5/2016,12:06:00,21.606,N,87.994,W,0
6/5/2016,12:07:59,21.608,N,87.992,W,0
6/5/2016,12:10:00,21.61,N,87.99,W,0
6/5/2016,12:11:59,21.612,N,87.988,W,0
6/5/2016,12:14:00,21.614,N,87.986,W,0
6/5/2016,12:15:59,21.616,N,87.984,W,0
6/5/2016,12:18:00,21.618,N,87.983,W,0
6/5/2016,12:19:59,21.621,N,87.981,W,0
6/5/2016,12:22:00,21.623,N,87.979,W,0
6/5/2016,12:23:59,21.625,N,87.977,W,0
6/5/2016,12:26:00,21.627,N,87.975,W,0
6/5/2016,12:27:59,21.629,N,87.973,W,0
6/5/2016,12:30:00,21.631,N,87.971,W,0
6/5/2016,12:32:00,21.633,N,87.969,W,0
6/5/2016,12:33:59,21.635,N,87.967,W,0
6/5/2016,12:36:00,21.637,N,87.965,W,0
6/5/2016,12:37:59,21.639,N,87.963,W,0
6/5/2016,12:40:00,21.641,N,87.961,W,0
6/5/2016,12:41:59,21.643,N,87.959,W,0
6/5/2016,12:44:00,21.645,N,87.957,W,0
6/5/2016,12:45:59,21.647,N,87.955,W,0
6/5/2016,12:48:00,21.649,N,87.954,W,0
6/5/2016,12:49:59,21.652,N,87.952,W,0
6/5/2016,12:52:00,21.654,N,87.95,W,0
6/5/2016,12:53:59,21.656,N,87.948,W,0
6/5/2016,12:56:00,21.658,N,87.946,W,0
6/5/2016,12:57:59,21.66,N,87.944,W,0
6/5/2016,13:00:00,21.662,N,87.942,W,0
6/5/2016,13:02:00,21.664,N,87.94,W,0
6/5/2016,13:03:59,21.666,N,87.938,W,0
6/5/2016,13:06:00,21.668,N,87.936,W,0
6/5/2016,13:07:59,21.67,N,87.934,W,0
6/5/2016,13:10:00,21.672,N,87.933,W,0
6/5/2016,13:11:59,21.675,N,87.931,W,0
6/5/2016,13:14:00,21.677,N,87.929,W,0
6/5/2016,13:15:59,21.679,N,87.927,W,0
6/5/2016,13:18:00,21.681,N,87.925,W,0
6/5/2016,13:19:59,21.683,N,87.923,W,0
6/5/2016,13:22:00,21.685,N,87.921,W,0
6/5/2016,13:23:59,21.687,N,87.919,W,0
6/5/2016,13:26:00,21.689,N,87.918,W,0
6/5/2016,13:27:59,21.692,N,87.916,W,0
6/5/2016,13:30:00,21.694,N,87.914,W,0
6/5/2016,13:32:00,21.696,N,87.912,W,0
6/5/2016,13:33:59,21.698,N,87.91,W,0
6/5/2016,13:36:00,21.7,N,87.908,W,0
6/5/2016,13:37:59,21.702,N,87.906,W,0
6/5/2016,13:40:00,21.705,N,87.905,W,0
6/5/2016,13:41:59,21.707,N,87.903,W,0
6/5/2016,13:44:00,21.709,N,87.901,W,0
6/5/2016,13:45:59,21.711,N,87.899,W,0
6/5/2016,13:48:00,21.713,N,87.897,W,0
6/5/2016,13:49:59,21.715,N,87.895,W,0
6/5/2016,13:52:00,21.718,N,87.894,W,0
6/5/2016,13:53:59,21.72,N,87.892,W,0
6/5/2016,13:56:00,21.722,N,87.89,W,0
6/5/2016,13:57:59,21.724,N,87.888,W,0
6/5/2016,14:00:00,21.726,N,87.886,W,0
6/5/2016,14:02:00,21.729,N,87.885,W,0
6/5/2016,14:03:59,21.731,N,87.883,W,0
6/5/2016,14:06:00,21.733,N,87.881,W,0
6/5/2016,14:07:59,21.735,N,87.879,W,0
6/5/2016,14:10:00,21.738,N,87.878,W,0
6/5/2016,14:11:59,21.74,N,87.876,W,0
6/5/2016,14:14:00,21.742,N,87.874,W,0
6/5/2016,14:15:59,21.744,N,87.872,W,0
6/5/2016,14:18:00,21.747,N,87.871,W,0
6/5/2016,14:19:59,21.749,N,87.869,W,0
6/5/2016,14:22:00,21.751,N,87.867,W,0
6/5/2016,14:23:59,21.754,N,87.865,W,0
6/5/2016,14:26:00,21.756,N,87.864,W,0
6/5/2016,14:27:59,21.758,N,87.862,W,0
6/5/2016,14:30:00,21.76,N,87.86,W,0
6/5/2016,14:32:00,21.763,N,87.858,W,0
6/5/2016,14:33:59,21.765,N,87.857,W,0
6/5/2016,14:36:00,21.767,N,87.855,W,0
6/5/2016,14:37:59,21.77,N,87.853,W,0
6/5/2016,14:40:00,21.772,N,87.852,W,0
6/5/2016,14:41:59,21.774,N,87.85,W,0
6/5/2016,14:44:00,21.777,N,87.848,W,0
6/5/2016,14:45:59,21.779,N,87.847,W,0
6/5/2016,14:48:00,21.782,N,87.845,W,0
6/5/2016,14:49:59,21.784,N,87.843,W,0
6/5/2016,14:52:00,21.786,N,87.842,W,0
6/5/2016,14:53:59,21.789,N,87.84,W,0
6/5/2016,14:56:00,21.791,N,87.839,W,0
6/5/2016,14:57:59,21.794,N,87.837,W,0
6/5/2016,15:00:00,21.796,N,87.835,W,0
6/5/2016,15:02:00,21.798,N,87.834,W,0
6/5/2016,15:03:59,21.801,N,87.832,W,0
6/5/2016,15:06:00,21.803,N,87.831,W,0
6/5/2016,15:07:59,21.806,N,87.829,W,0
6/5/2016,15:10:00,21.808,N,87.827,W,0
6/5/2016,15:11:59,21.811,N,87.826,W,0
6/5/2016,15:14:00,21.813,N,87.824,W,0
6/5/2016,15:15:59,21.816,N,87.823,W,0
6/5/2016,15:18:00,21.818,N,87.821,W,0
6/5/2016,15:19:59,21.821,N,87.82,W,0
6/5/2016,15:22:00,21.823,N,87.818,W,0
6/5/2016,15:23:59,21.826,N,87.817,W,0
6/5/2016,15:26:00,21.828,N,87.815,W,0
6/5/2016,15:27:59,21.831,N,87.814,W,0
6/5/2016,15:30:00,21.833,N,87.812,W,0
6/5/2016,15:32:00,21.836,N,87.811,W,0
6/5/2016,15:33:59,21.839,N,87.809,W,0
6/5/2016,15:36:00,21.841,N,87.808,W,0
6/5/2016,15:37:59,21.844,N,87.806,W,0
6/5/2016,15:40:00,21.846,N,87.805,W,0
6/5/2016,15:41:59,21.849,N,87.803,W,0
6/5/2016,15:44:00,21.852,N,87.802,W,0
6/5/2016,15:45:59,21.854,N,87.801,W,0
6/5/2016,15:48:00,21.857,N,87.799,W,0
6/5/2016,15:49:59,21.86,N,87.798,W,0
6/5/2016,15:52:00,21.862,N,87.796,W,0
6/5/2016,15:53:59,21.865,N,87.795,W,0
6/5/2016,15:56:00,21.868,N,87.794,W,0
6/5/2016,15:57:59,21.87,N,87.792,W,0
6/5/2016,16:00:00,21.873,N,87.791,W,0
6/5/2016,16:01:59,21.876,N,87.79,W,0
6/5/2016,16:04:00,21.879,N,87.788,W,0
6/5/2016,16:06:00,21.881,N,87.787,W,0
6/5/2016,16:07:59,21.884,N,87.786,W,0
6/5/2016,16:09:59,21.887,N,87.784,W,0
6/5/2016,16:12:00,21.89,N,87.783,W,0
6/5/2016,16:14:00,21.892,N,87.782,W,0
6/5/2016,16:15:59,21.895,N,87.781,W,0
6/5/2016,16:17:59,21.898,N,87.779,W,0
6/5/2016,16:20:00,21.901,N,87.778,W,0
6/5/2016,16:22:00,21.904,N,87.777,W,0
6/5/2016,16:23:59,21.907,N,87.776,W,0
6/5/2016,16:25:59,21.909,N,87.774,W,0
6/5/2016,16:28:00,21.912,N,87.773,W,0
6/5/2016,16:30:00,21.915,N,87.772,W,0
6/5/2016,16:31:59,21.918,N,87.771,W,0
6/5/2016,16:34:00,21.921,N,87.77,W,0
6/5/2016,16:36:00,21.924,N,87.769,W,0
6/5/2016,16:37:59,21.927,N,87.767,W,0
6/5/2016,16:39:59,21.93,N,87.766,W,0
6/5/2016,16:42:00,21.933,N,87.765,W,0
6/5/2016,16:44:00,21.936,N,87.764,W,0
6/5/2016,16:45:59,21.939,N,87.763,W,0
6/5/2016,16:47:59,21.942,N,87.762,W,0
6/5/2016,16:50:00,21.945,N,87.761,W,0
6/5/2016,16:52:00,21.948,N,87.76,W,0
6/5/2016,16:53:59,21.951,N,87.759,W,0
6/5/2016,16:55:59,21.954,N,87.758,W,0
6/5/2016,16:58:00,21.957,N,87.757,W,0
6/5/2016,17:00:00,21.96,N,87.756,W,0
6/5/2016,17:01:59,21.963,N,87.755,W,0
6/5/2016,17:04:00,21.967,N,87.754,W,0
6/5/2016,17:06:00,21.97,N,87.753,W,0
6/5/2016,17:07:59,21.973,N,87.752,W,0
6/5/2016,17:09:59,21.976,N,87.751,W,0
6/5/2016,17:12:00,21.979,N,87.75,W,0
6/5/2016,17:14:00,21.982,N,87.749,W,0
6/5/2016,17:15:59,21.986,N,87.748,W,0
6/5/2016,17:17:59,21.989,N,87.747,W,0
6/5/2016,17:20:00,21.992,N,87.746,W,0
6/5/2016,17:22:00,21.995,N,87.745,W,0
6/5/2016,17:23:59,21.999,N,87.745,W,0
6/5/2016,17:25:59,22.002,N,87.744,W,0
6/5/2016,17:28:00,22.005,N,87.743,W,0
6/5/2016,17:30:00,22.009,N,87.742,W,0
6/5/2016,17:31:59,22.012,N,87.741,W,0
6/5/2016,17:34:00,22.015,N,87.741,W,0
6/5/2016,17:36:00,22.019,N,87.74,W,0
6/5/2016,17:37:59,22.022,N,87.739,W,0
6/5/2016,17:39:59,22.025,N,87.738,W,0
6/5/2016,17:42:00,22.029,N,87.738,W,0
6/5/2016,17:44:00,22.032,N,87.737,W,0
6/5/2016,17:45:59,22.036,N,87.736,W,0
6/5/2016,17:47:59,22.039,N,87.735,W,0
6/5/2016,17:50:00,22.043,N,87.735,W,0
6/5/2016,17:52:00,22.046,N,87.734,W,0
6/5/2016,17:53:59,22.05,N,87.734,W,0
6/5/2016,17:55:59,22.053,N,87.733,W,0
6/5/2016,17:58:00,22.057,N,87.732,W,0
6/5/2016,18:00:00,22.06,N,87.732,W,0
6/5/2016,18:01:59,22.064,N,87.731,W,0
6/5/2016,18:04:00,22.067,N,87.731,W,0
6/5/2016,18:06:00,22.071,N,87.73,W,0
6/5/2016,18:07:59,22.075,N,87.73,W,0
6/5/2016,18:09:59,22.078,N,87.729,W,0
6/5/2016,18:12:00,22.082,N,87.728,W,0
6/5/2016,18:14:00,22.086,N,87.728,W,0
6/5/2016,18:15:59,22.089,N,87.728,W,0
6/5/2016,18:17:59,22.093,N,87.727,W,0
6/5/2016,18:20:00,22.097,N,87.727,W,0
6/5/2016,18:22:00,22.1,N,87.726,W,0
6/5/2016,18:23:59,22.104,N,87.726,W,0
6/5/2016,18:25:59,22.108,N,87.725,W,0
6/5/2016,18:28:00,22.112,N,87.725,W,0
6/5/2016,18:30:00,22.116,N,87.725,W,0
6/5/2016,18:31:59,22.119,N,87.724,W,0
6/5/2016,18:34:00,22.123,N,87.724,W,0
6/5/2016,18:36:00,22.127,N,87.724,W,0
6/5/2016,18:37:59,22.131,N,87.723,W,0
6/5/2016,18:39:59,22.135,N,87.723,W,0
6/5/2016,18:42:00,22.139,N,87.723,W,0
6/5/2016,18:44:00,22.143,N,87.723,W,0
6/5/2016,18:45:59,22.147,N,87.722,W,0
6/5/2016,18:47:59,22.151,N,87.722,W,0
6/5/2016,18:50:00,22.155,N,87.722,W,0
6/5/2016,18:52:00,22.159,N,87.722,W,0
6/5/2016,18:53:59,22.163,N,87.722,W,0
6/5/2016,18:55:59,22.167,N,87.722,W,0
6/5/2016,18:58:00,22.171,N,87.721,W,0
6/5/2016,19:00:00,22.175,N,87.721,W,0
6/5/2016,19:01:59,22.179,N,87.721,W,0
6/5/2016,19:04:00,22.183,N,87.721,W,0
6/5/2016,19:06:00,22.188,N,87.721,W,0
6/5/2016,19:07:59,22.192,N,87.721,W,0
6/5/2016,19:09:59,22.196,N,87.721,W,0
6/5/2016,19:12:00,22.2,N,87.721,W,0
6/5/2016,19:14:00,22.205,N,87.721,W,0
6/5/2016,19:15:59,22.209,N,87.721,W,0
6/5/2016,19:17:59,22.213,N,87.721,W,0
6/5/2016,19:20:00,22.217,N,87.721,W,0
6/5/2016,19:22:00,22.222,N,87.721,W,0
6/5/2016,19:23:59,22.226,N,87.722,W,0
6/5/2016,19:25:59,22.23,N,87.722,W,0
6/5/2016,19:28:00,22.235,N,87.722,W,0
6/5/2016,19:30:00,22.239,N,87.722,W,0
6/5/2016,19:31:59,22.244,N,87.722,W,0
6/5/2016,19:34:00,22.248,N,87.722,W,0
6/5/2016,19:36:00,22.253,N,87.723,W,0
6/5/2016,19:37:59,22.257,N,87.723,W,0
6/5/2016,19:39:59,22.262,N,87.723,W,0
6/5/2016,19:42:00,22.266,N,87.723,W,0
6/5/2016,19:44:00,22.271,N,87.724,W,0
6/5/2016,19:45:59,22.275,N,87.724,W,0
6/5/2016,19:47:59,22.28,N,87.724,W,0
6/5/2016,19:50:00,22.284,N,87.725,W,0
6/5/2016,19:52:00,22.289,N,87.725,W,0
6/5/2016,19:53:59,22.294,N,87.725,W,0
6/5/2016,19:55:59,22.298,N,87.726,W,0
6/5/2016,19:58:00,22.303,N,87.726,W,0
6/5/2016,20:00:00,22.308,N,87.727,W,0
6/5/2016,20:01:59,22.313,N,87.727,W,0
6/5/2016,20:04:00,22.317,N,87.728,W,0
6/5/2016,20:06:00,22.322,N,87.728,W,0
6/5/2016,20:07:59,22.327,N,87.729,W,0
6/5/2016,20:09:59,22.332,N,87.729,W,0
6/5/2016,20:12:00,22.337,N,87.73,W,0
6/5/2016,20:14:00,22.342,N,87.731,W,0
6/5/2016,20:15:59,22.347,N,87.731,W,0
6/5/2016,20:17:59,22.352,N,87.732,W,0
6/5/2016,20:20:00,22.357,N,87.733,W,0
6/5/2016,20:22:00,22.362,N,87.733,W,0
6/5/2016,20:23:59,22.367,N,87.734,W,0
6/5/2016,20:25:59,22.372,N,87.735,W,0
6/5/2016,20:28:00,22.377,N,87.735,W,0
6/5/2016,20:30:00,22.382,N,87.736,W,0
6/5/2016,20:31:59,22.387,N,87.737,W,0
6/5/2016,20:34:00,22.392,N,87.738,W,0
6/5/2016,20:36:00,22.397,N,87.739,W,0
6/5/2016,20:37:59,22.402,N,87.739,W,0
6/5/2016,20:39:59,22.407,N,87.74,W,0
6/5/2016,20:42:00,22.413,N,87.741,W,0
6/5/2016,20:44:00,22.418,N,87.742,W,0
6/5/2016,20:45:59,22.423,N,87.743,W,0
6/5/2016,20:47:59,22.429,N,87.744,W,0
6/5/2016,20:50:00,22.434,N,87.745,W,0
6/5/2016,20:52:00,22.439,N,87.746,W,0
6/5/2016,20:53:59,22.445,N,87.747,W,0
6/5/2016,20:55:59,22.45,N,87.748,W,0
6/5/2016,20:58:00,22.455,N,87.749,W,0
6/5/2016,21:00:00,22.461,N,87.75,W,0
6/5/2016,21:01:59,22.466,N,87.751,W,0
6/5/2016,21:04:00,22.472,N,87.753,W,0
6/5/2016,21:06:00,22.477,N,87.754,W,0
6/5/2016,21:07:59,22.483,N,87.755,W,0
6/5/2016,21:09:59,22.489,N,87.756,W,0
6/5/2016,21:12:00,22.494,N,87.757,W,0
6/5/2016,21:14:00,22.5,N,87.759,W,0
6/5/2016,21:15:59,22.505,N,87.76,W,0
6/5/2016,21:17:59,22.511,N,87.761,W,0
6/5/2016,21:20:00,22.517,N,87.763,W,0
6/5/2016,21:22:00,22.523,N,87.764,W,0
6/5/2016,21:23:59,22.528,N,87.765,W,0
6/5/2016,21:25:59,22.534,N,87.767,W,0
6/5/2016,21:28:00,22.54,N,87.768,W,0
6/5/2016,21:30:00,22.546,N,87.77,W,0
6/5/2016,21:31:59,22.552,N,87.771,W,0
6/5/2016,21:34:00,22.557,N,87.773,W,0
6/5/2016,21:36:00,22.563,N,87.774,W,0
6/5/2016,21:37:59,22.569,N,87.776,W,0
6/5/2016,21:39:59,22.575,N,87.777,W,0
6/5/2016,21:42:00,22.581,N,87.779,W,0
6/5/2016,21:44:00,22.587,N,87.78,W,0
6/5/2016,21:45:59,22.593,N,87.782,W,0
6/5/2016,21:47:59,22.599,N,87.784,W,0
6/5/2016,21:50:00,22.606,N,87.785,W,0
6/5/2016,21:52:00,22.612,N,87.787,W,0
6/5/2016,21:53:59,22.618,N,87.789,W,0
6/5/2016,21:55:59,22.624,N,87.791,W,0
6/5/2016,21:58:00,22.63,N,87.792,W,0
6/5/2016,22:00:00,22.637,N,87.794,W,0
6/5/2016,22:01:59,22.643,N,87.796,W,0
6/5/2016,22:04:00,22.649,N,87.798,W,0
6/5/2016,22:06:00,22.655,N,87.8,W,0
6/5/2016,22:07:59,22.662,N,87.802,W,0
6/5/2016,22:09:59,22.668,N,87.804,W,0
6/5/2016,22:12:00,22.675,N,87.806,W,0
6/5/2016,22:14:00,22.681,N,87.808,W,0
6/5/2016,22:15:59,22.688,N,87.81,W,0
6/5/2016,22:17:59,22.694,N,87.812,W,0
6/5/2016,22:20:00,22.701,N,87.814,W,0
6/5/2016,22:22:00,22.707,N,87.816,W,0
6/5/2016,22:23:59,22.714,N,87.818,W,0
6/5/2016,22:25:59,22.72,N,87.82,W,0
6/5/2016,22:28:00,22.727,N,87.822,W,0
6/5/2016,22:30:00,22.734,N,87.825,W,0
6/5/2016,22:31:59,22.74,N,87.827,W,0
6/5/2016,22:34:00,22.747,N,87.829,W,0
6/5/2016,22:36:00,22.754,N,87.831,W,0
6/5/2016,22:37:59,22.761,N,87.834,W,0
6/5/2016,22:39:59,22.768,N,87.836,W,0
6/5/2016,22:42:00,22.774,N,87.838,W,0
6/5/2016,22:44:00,22.781,N,87.841,W,0
6/5/2016,22:45:59,22.788,N,87.843,W,0
6/5/2016,22:47:59,22.795,N,87.846,W,0
6/5/2016,22:50:00,22.802,N,87.848,W,0
6/5/2016,22:52:00,22.809,N,87.851,W,0
6/5/2016,22:53:59,22.816,N,87.853,W,0
6/5/2016,22:55:59,22.823,N,87.856,W,0
6/5/2016,22:58:00,22.83,N,87.858,W,0
6/5/2016,23:00:00,22.838,N,87.861,W,0
6/5/2016,23:01:59,22.845,N,87.863,W,0
6/5/2016,23:04:00,22.852,N,87.866,W,0
6/5/2016,23:06:00,22.859,N,87.869,W,0
6/5/2016,23:07:59,22.866,N,87.872,W,0
6/5/2016,23:09:59,22.874,N,87.874,W,0
6/5/2016,23:12:00,22.881,N,87.877,W,0
6/5/2016,23:14:00,22.888,N,87.88,W,0
6/5/2016,23:15:59,22.896,N,87.883,W,0
6/5/2016,23:17:59,22.903,N,87.885,W,0
6/5/2016,23:20:00,22.91,N,87.888,W,0
6/5/2016,23:22:00,22.918,N,87.891,W,0
6/5/2016,23:23:59,22.925,N,87.894,W,0
6/5/2016,23:25:59,22.933,N,87.897,W,0
6/5/2016,23:28:00,22.94,N,87.9,W,0
6/5/2016,23:30:00,22.948,N,87.903,W,0
6/5/2016,23:31:59,22.955,N,87.906,W,0
6/5/2016,23:34:00,22.963,N,87.909,W,0
6/5/2016,23:36:00,22.971,N,87.912,W,0
6/5/2016,23:37:59,22.978,N,87.915,W,0
6/5/2016,23:39:59,22.986,N,87.918,W,0
6/5/2016,23:42:00,22.994,N,87.921,W,0
6/5/2016,23:44:00,23.002,N,87.925,W,0
6/5/2016,23:45:59,23.009,N,87.928,W,0
6/5/2016,23:47:59,23.017,N,87.931,W,0
6/5/2016,23:50:00,23.025,N,87.934,W,0
6/5/2016,23:52:00,23.033,N,87.938,W,0
6/5/2016,23:53:59,23.041,N,87.941,W,0
6/5/2016,23:55:59,23.049,N,87.944,W,0
6/5/2016,23:58:00,23.057,N,87.947,W,0
6/6/2016,0:00:00,23.065,N,87.951,W,0
6/6/2016,0:01:59,23.073,N,87.954,W,0
6/6/2016,0:04:00,23.081,N,87.958,W,0
6/6/2016,0:06:00,23.089,N,87.961,W,0
6/6/2016,0:07:59,23.097,N,87.964,W,0
6/6/2016,0:09:59,23.105,N,87.968,W,0
6/6/2016,0:12:00,23.113,N,87.971,W,0
6/6/2016,0:14:00,23.121,N,87.975,W,0
6/6/2016,0:15:59,23.129,N,87.979,W,0
6/6/2016,0:17:59,23.138,N,87.982,W,0
6/6/2016,0:20:00,23.146,N,87.986,W,0
6/6/2016,0:22:00,23.154,N,87.989,W,0
6/6/2016,0:23:59,23.162,N,87.993,W,0
6/6/2016,0:25:59,23.171,N,87.997,W,0
6/6/2016,0:28:00,23.179,N,88,W,0
6/6/2016,0:30:00,23.187,N,88.004,W,0
6/6/2016,0:31:59,23.196,N,88.008,W,0
6/6/2016,0:34:00,23.204,N,88.011,W,0
6/6/2016,0:36:00,23.213,N,88.015,W,0
6/6/2016,0:37:59,23.221,N,88.019,W,0
6/6/2016,0:39:59,23.23,N,88.023,W,0
6/6/2016,0:42:00,23.238,N,88.027,W,0
6/6/2016,0:44:00,23.247,N,88.031,W,0
6/6/2016,0:45:59,23.255,N,88.034,W,0
6/6/2016,0:47:59,23.264,N,88.038,W,0
6/6/2016,0:50:00,23.272,N,88.042,W,0
6/6/2016,0:52:00,23.281,N,88.046,W,0
6/6/2016,0:53:59,23.29,N,88.05,W,0
6/6/2016,0:55:59,23.298,N,88.054,W,0
6/6/2016,0:58:00,23.307,N,88.058,W,0
6/6/2016,1:00:00,23.316,N,88.062,W,0
6/6/2016,1:01:59,23.324,N,88.066,W,0
6/6/2016,1:04:00,23.333,N,88.07,W,0
6/6/2016,1:06:00,23.342,N,88.075,W,0
6/6/2016,1:07:59,23.351,N,88.079,W,0
6/6/2016,1:09:59,23.36,N,88.083,W,0
6/6/2016,1:12:00,23.369,N,88.087,W,0
6/6/2016,1:14:00,23.378,N,88.091,W,0
6/6/2016,1:15:59,23.386,N,88.095,W,0
6/6/2016,1:17:59,23.395,N,88.1,W,0
6/6/2016,1:20:00,23.404,N,88.104,W,0
6/6/2016,1:22:00,23.413,N,88.108,W,0
6/6/2016,1:23:59,23.422,N,88.112,W,0
6/6/2016,1:25:59,23.431,N,88.117,W,0
6/6/2016,1:28:00,23.44,N,88.121,W,0
6/6/2016,1:30:00,23.449,N,88.125,W,0
6/6/2016,1:31:59,23.459,N,88.13,W,0
6/6/2016,1:34:00,23.468,N,88.134,W,0
6/6/2016,1:36:00,23.477,N,88.139,W,0
6/6/2016,1:37:59,23.486,N,88.143,W,0
6/6/2016,1:39:59,23.495,N,88.147,W,0
6/6/2016,1:42:00,23.504,N,88.152,W,0
6/6/2016,1:44:00,23.514,N,88.156,W,0
6/6/2016,1:45:59,23.523,N,88.161,W,0
6/6/2016,1:47:59,23.532,N,88.165,W,0
6/6/2016,1:50:00,23.542,N,88.17,W,0
6/6/2016,1:52:00,23.551,N,88.174,W,0
6/6/2016,1:53:59,23.56,N,88.179,W,0
6/6/2016,1:55:59,23.57,N,88.184,W,0
6/6/2016,1:58:00,23.579,N,88.188,W,0
6/6/2016,2:00:00,23.588,N,88.193,W,0
6/6/2016,2:01:59,23.598,N,88.198,W,0
6/6/2016,2:04:00,23.607,N,88.202,W,0
6/6/2016,2:06:00,23.617,N,88.207,W,0
6/6/2016,2:07:59,23.626,N,88.212,W,0
6/6/2016,2:09:59,23.636,N,88.216,W,0
6/6/2016,2:12:00,23.645,N,88.221,W,0
6/6/2016,2:14:00,23.655,N,88.226,W,0
6/6/2016,2:15:59,23.664,N,88.231,W,0
6/6/2016,2:17:59,23.674,N,88.236,W,0
6/6/2016,2:20:00,23.684,N,88.24,W,0
6/6/2016,2:22:00,23.693,N,88.245,W,0
6/6/2016,2:23:59,23.703,N,88.25,W,0
6/6/2016,2:25:59,23.712,N,88.255,W,0
6/6/2016,2:28:00,23.722,N,88.26,W,0
6/6/2016,2:30:00,23.732,N,88.265,W,0
6/6/2016,2:31:59,23.742,N,88.27,W,0
6/6/2016,2:34:00,23.751,N,88.275,W,0
6/6/2016,2:36:00,23.761,N,88.28,W,0
6/6/2016,2:37:59,23.771,N,88.285,W,0
6/6/2016,2:39:59,23.781,N,88.29,W,0
6/6/2016,2:42:00,23.791,N,88.295,W,0
6/6/2016,2:44:00,23.8,N,88.3,W,0
6/6/2016,2:45:59,23.81,N,88.305,W,0
6/6/2016,2:47:59,23.82,N,88.31,W,0
6/6/2016,2:50:00,23.83,N,88.315,W,0
6/6/2016,2:52:00,23.84,N,88.32,W,0
6/6/2016,2:53:59,23.85,N,88.325,W,0
6/6/2016,2:55:59,23.86,N,88.33,W,0
6/6/2016,2:58:00,23.87,N,88.335,W,0
6/6/2016,3:00:00,23.88,N,88.341,W,0
6/6/2016,3:01:59,23.89,N,88.346,W,0
6/6/2016,3:04:00,23.9,N,88.351,W,0
6/6/2016,3:06:00,23.91,N,88.356,W,0
6/6/2016,3:07:59,23.92,N,88.361,W,0
6/6/2016,3:09:59,23.93,N,88.367,W,0
6/6/2016,3:12:00,23.94,N,88.372,W,0
6/6/2016,3:14:00,23.95,N,88.377,W,0
6/6/2016,3:15:59,23.96,N,88.383,W,0
6/6/2016,3:17:59,23.971,N,88.388,W,0
6/6/2016,3:20:00,23.981,N,88.393,W,0
6/6/2016,3:22:00,23.991,N,88.399,W,0
6/6/2016,3:23:59,24.001,N,88.404,W,0
6/6/2016,3:25:59,24.011,N,88.409,W,0
6/6/2016,3:28:00,24.022,N,88.415,W,0
6/6/2016,3:30:00,24.032,N,88.42,W,0
6/6/2016,3:31:59,24.042,N,88.425,W,0
6/6/2016,3:34:00,24.052,N,88.431,W,0
6/6/2016,3:36:00,24.063,N,88.436,W,0
6/6/2016,3:37:59,24.073,N,88.442,W,0
6/6/2016,3:39:59,24.083,N,88.447,W,0
6/6/2016,3:42:00,24.094,N,88.453,W,0
6/6/2016,3:44:00,24.104,N,88.458,W,0
6/6/2016,3:45:59,24.115,N,88.464,W,0
6/6/2016,3:47:59,24.125,N,88.469,W,0
6/6/2016,3:50:00,24.135,N,88.475,W,0
6/6/2016,3:52:00,24.146,N,88.481,W,0
6/6/2016,3:53:59,24.156,N,88.486,W,0
6/6/2016,3:55:59,24.167,N,88.492,W,0
6/6/2016,3:58:00,24.177,N,88.497,W,0
6/6/2016,4:00:00,24.188,N,88.503,W,0
6/6/2016,4:01:59,24.198,N,88.509,W,0
6/6/2016,4:04:00,24.209,N,88.514,W,0
6/6/2016,4:06:00,24.219,N,88.52,W,0
6/6/2016,4:07:59,24.23,N,88.526,W,0
6/6/2016,4:09:59,24.24,N,88.531,W,0
6/6/2016,4:12:00,24.251,N,88.537,W,0
6/6/2016,4:14:00,24.262,N,88.543,W,0
6/6/2016,4:15:59,24.272,N,88.548,W,0
6/6/2016,4:17:59,24.283,N,88.554,W,0
6/6/2016,4:20:00,24.294,N,88.56,W,0
6/6/2016,4:22:00,24.304,N,88.566,W,0
6/6/2016,4:23:59,24.315,N,88.571,W,0
6/6/2016,4:25:59,24.326,N,88.577,W,0
6/6/2016,4:28:00,24.336,N,88.583,W,0
6/6/2016,4:30:00,24.347,N,88.589,W,0
6/6/2016,4:31:59,24.358,N,88.595,W,0
6/6/2016,4:34:00,24.369,N,88.601,W,0
6/6/2016,4:36:00,24.379,N,88.606,W,0
6/6/2016,4:37:59,24.39,N,88.612,W,0
6/6/2016,4:39:59,24.401,N,88.618,W,0
6/6/2016,4:42:00,24.412,N,88.624,W,0
6/6/2016,4:44:00,24.423,N,88.63,W,0
6/6/2016,4:45:59,24.433,N,88.636,W,0
6/6/2016,4:47:59,24.444,N,88.642,W,0
6/6/2016,4:50:00,24.455,N,88.648,W,0
6/6/2016,4:52:00,24.466,N,88.654,W,0
6/6/2016,4:53:59,24.477,N,88.66,W,0
6/6/2016,4:55:59,24.488,N,88.666,W,0
6/6/2016,4:58:00,24.499,N,88.672,W,0
6/6/2016,5:00:00,24.51,N,88.678,W,0
6/6/2016,5:01:59,24.52,N,88.684,W,0
6/6/2016,5:04:00,24.531,N,88.69,W,0
6/6/2016,5:06:00,24.542,N,88.696,W,0
6/6/2016,5:07:59,24.553,N,88.702,W,0
6/6/2016,5:09:59,24.564,N,88.708,W,0
6/6/2016,5:12:00,24.575,N,88.714,W,0
6/6/2016,5:14:00,24.586,N,88.72,W,0
6/6/2016,5:15:59,24.597,N,88.726,W,0
6/6/2016,5:17:59,24.608,N,88.732,W,0
6/6/2016,5:20:00,24.619,N,88.738,W,0
6/6/2016,5:22:00,24.631,N,88.744,W,0
6/6/2016,5:23:59,24.642,N,88.751,W,0
6/6/2016,5:25:59,24.653,N,88.757,W,0
6/6/2016,5:28:00,24.664,N,88.763,W,0
6/6/2016,5:30:00,24.675,N,88.769,W,0
6/6/2016,5:31:59,24.686,N,88.775,W,0
6/6/2016,5:34:00,24.697,N,88.781,W,0
6/6/2016,5:36:00,24.708,N,88.788,W,0
6/6/2016,5:37:59,24.719,N,88.794,W,0
6/6/2016,5:39:59,24.731,N,88.8,W,0
6/6/2016,5:42:00,24.742,N,88.806,W,0
6/6/2016,5:44:00,24.753,N,88.812,W,0
6/6/2016,5:45:59,24.764,N,88.819,W,0
6/6/2016,5:47:59,24.775,N,88.825,W,0
6/6/2016,5:50:00,24.786,N,88.831,W,0
6/6/2016,5:52:00,24.798,N,88.837,W,0
6/6/2016,5:53:59,24.809,N,88.844,W,0
6/6/2016,5:55:59,24.82,N,88.85,W,0
6/6/2016,5:58:00,24.831,N,88.856,W,0
6/6/2016,6:00:00,24.843,N,88.863,W,0
6/6/2016,6:01:59,24.854,N,88.869,W,0
6/6/2016,6:04:00,24.865,N,88.875,W,0
6/6/2016,6:06:00,24.877,N,88.882,W,0
6/6/2016,6:07:59,24.888,N,88.888,W,0
6/6/2016,6:09:59,24.899,N,88.894,W,0
6/6/2016,6:12:00,24.91,N,88.901,W,0
6/6/2016,6:13:41,24.92,N,88.906,W,0
6/6/2016,6:15:40,24.933,N,88.906,W,0
6/6/2016,6:17:40,24.946,N,88.905,W,0
6/6/2016,6:19:41,24.959,N,88.905,W,0
6/6/2016,6:21:41,24.972,N,88.904,W,0
6/6/2016,6:23:40,24.985,N,88.903,W,0
6/6/2016,6:25:40,24.998,N,88.903,W,0
6/6/2016,6:27:41,25.011,N,88.902,W,0
6/6/2016,6:29:41,25.024,N,88.901,W,0
6/6/2016,6:31:40,25.037,N,88.9,W,0
6/6/2016,6:33:40,25.05,N,88.9,W,0
6/6/2016,6:35:41,25.063,N,88.899,W,0
6/6/2016,6:37:41,25.077,N,88.898,W,0
6/6/2016,6:39:40,25.09,N,88.897,W,0
6/6/2016,6:41:41,25.103,N,88.895,W,0
6/6/2016,6:43:41,25.116,N,88.894,W,0
6/6/2016,6:45:40,25.13,N,88.893,W,0
6/6/2016,6:47:40,25.143,N,88.892,W,0
6/6/2016,6:49:41,25.156,N,88.89,W,0
6/6/2016,6:51:41,25.17,N,88.889,W,0
6/6/2016,6:53:40,25.183,N,88.888,W,0
6/6/2016,6:55:40,25.196,N,88.886,W,0
6/6/2016,6:57:41,25.21,N,88.885,W,0
6/6/2016,6:59:41,25.223,N,88.883,W,0
6/6/2016,7:01:40,25.237,N,88.881,W,0
6/6/2016,7:03:40,25.25,N,88.88,W,0
6/6/2016,7:05:41,25.264,N,88.878,W,0
6/6/2016,7:07:41,25.277,N,88.876,W,0
6/6/2016,7:09:40,25.291,N,88.874,W,0
6/6/2016,7:11:41,25.304,N,88.873,W,0
6/6/2016,7:13:41,25.318,N,88.871,W,0
6/6/2016,7:15:40,25.332,N,88.869,W,0
6/6/2016,7:17:40,25.345,N,88.867,W,0
6/6/2016,7:19:41,25.359,N,88.864,W,0
6/6/2016,7:21:41,25.372,N,88.862,W,0
6/6/2016,7:23:40,25.386,N,88.86,W,0
6/6/2016,7:25:40,25.4,N,88.858,W,0
6/6/2016,7:27:41,25.413,N,88.856,W,0
6/6/2016,7:29:41,25.427,N,88.853,W,0
6/6/2016,7:31:40,25.441,N,88.851,W,0
6/6/2016,7:33:40,25.455,N,88.848,W,0
6/6/2016,7:35:41,25.468,N,88.846,W,0
6/6/2016,7:37:41,25.482,N,88.843,W,0
6/6/2016,7:39:40,25.496,N,88.841,W,0
6/6/2016,7:41:41,25.51,N,88.838,W,0
6/6/2016,7:43:41,25.523,N,88.835,W,0
6/6/2016,7:45:40,25.537,N,88.833,W,0
6/6/2016,7:47:40,25.551,N,88.83,W,0
6/6/2016,7:49:41,25.565,N,88.827,W,0
6/6/2016,7:51:41,25.579,N,88.824,W,0
6/6/2016,7:53:40,25.592,N,88.821,W,0
6/6/2016,7:55:40,25.606,N,88.818,W,0
6/6/2016,7:57:41,25.62,N,88.815,W,0
6/6/2016,7:59:41,25.634,N,88.812,W,0
6/6/2016,8:01:41,25.648,N,88.809,W,0
6/6/2016,8:03:41,25.662,N,88.806,W,0
6/6/2016,8:05:41,25.675,N,88.803,W,0
6/6/2016,8:07:41,25.689,N,88.799,W,0
6/6/2016,8:09:40,25.703,N,88.796,W,0
6/6/2016,8:11:40,25.717,N,88.793,W,0
6/6/2016,8:13:40,25.731,N,88.789,W,0
6/6/2016,8:15:41,25.745,N,88.786,W,0
6/6/2016,8:17:41,25.759,N,88.782,W,0
6/6/2016,8:19:41,25.772,N,88.779,W,0
6/6/2016,8:21:41,25.786,N,88.775,W,0
6/6/2016,8:23:40,25.8,N,88.771,W,0
6/6/2016,8:25:40,25.814,N,88.768,W,0
6/6/2016,8:27:40,25.828,N,88.764,W,0
6/6/2016,8:29:40,25.842,N,88.76,W,0
6/6/2016,8:31:41,25.856,N,88.756,W,0
6/6/2016,8:33:41,25.87,N,88.752,W,0
6/6/2016,8:35:41,25.883,N,88.749,W,0
6/6/2016,8:37:41,25.897,N,88.745,W,0
6/6/2016,8:39:40,25.911,N,88.741,W,0
6/6/2016,8:41:40,25.925,N,88.736,W,0
6/6/2016,8:43:40,25.939,N,88.732,W,0
6/6/2016,8:45:41,25.953,N,88.728,W,0
6/6/2016,8:47:41,25.967,N,88.724,W,0
6/6/2016,8:49:41,25.98,N,88.72,W,0
6/6/2016,8:51:41,25.994,N,88.715,W,0
6/6/2016,8:53:40,26.008,N,88.711,W,0
6/6/2016,8:55:40,26.022,N,88.707,W,0
6/6/2016,8:57:40,26.036,N,88.702,W,0
6/6/2016,8:59:40,26.049,N,88.698,W,0
6/6/2016,9:01:41,26.063,N,88.693,W,0
6/6/2016,9:03:41,26.077,N,88.689,W,0
6/6/2016,9:05:41,26.091,N,88.684,W,0
6/6/2016,9:07:41,26.104,N,88.68,W,0
6/6/2016,9:09:40,26.118,N,88.675,W,0
6/6/2016,9:11:40,26.132,N,88.67,W,0
6/6/2016,9:13:40,26.146,N,88.665,W,0
6/6/2016,9:15:41,26.159,N,88.661,W,0
6/6/2016,9:17:41,26.173,N,88.656,W,0
6/6/2016,9:19:41,26.187,N,88.651,W,0
6/6/2016,9:21:41,26.2,N,88.646,W,0
6/6/2016,9:23:40,26.214,N,88.641,W,0
6/6/2016,9:25:40,26.228,N,88.636,W,0
6/6/2016,9:27:40,26.241,N,88.631,W,0
6/6/2016,9:29:33,26.254,N,88.626,W,0
6/6/2016,9:31:32,26.267,N,88.622,W,0
6/6/2016,9:33:32,26.279,N,88.618,W,0
6/6/2016,9:35:32,26.292,N,88.614,W,0
6/6/2016,9:37:32,26.304,N,88.61,W,0
6/6/2016,9:39:33,26.317,N,88.606,W,0
6/6/2016,9:41:33,26.329,N,88.602,W,0
6/6/2016,9:43:33,26.342,N,88.598,W,0
6/6/2016,9:45:33,26.354,N,88.594,W,0
6/6/2016,9:47:32,26.366,N,88.59,W,0
6/6/2016,9:49:32,26.379,N,88.585,W,0
6/6/2016,9:51:32,26.391,N,88.581,W,0
6/6/2016,9:53:33,26.403,N,88.577,W,0
6/6/2016,9:55:33,26.415,N,88.572,W,0
6/6/2016,9:57:33,26.428,N,88.568,W,0
6/6/2016,9:59:33,26.44,N,88.564,W,0
6/6/2016,10:01:32,26.452,N,88.559,W,0
6/6/2016,10:03:32,26.464,N,88.555,W,0
6/6/2016,10:05:32,26.476,N,88.55,W,0
6/6/2016,10:07:32,26.488,N,88.546,W,0
6/6/2016,10:09:33,26.5,N,88.541,W,0
6/6/2016,10:11:33,26.512,N,88.537,W,0
6/6/2016,10:13:33,26.524,N,88.532,W,0
6/6/2016,10:15:33,26.536,N,88.527,W,0
6/6/2016,10:17:32,26.547,N,88.522,W,0
6/6/2016,10:19:32,26.559,N,88.518,W,0
6/6/2016,10:21:32,26.571,N,88.513,W,0
6/6/2016,10:23:33,26.583,N,88.508,W,0
6/6/2016,10:25:33,26.594,N,88.503,W,0
6/6/2016,10:27:33,26.606,N,88.498,W,0
6/6/2016,10:29:33,26.617,N,88.493,W,0
6/6/2016,10:31:32,26.629,N,88.488,W,0
6/6/2016,10:33:32,26.64,N,88.483,W,0
6/6/2016,10:35:32,26.652,N,88.478,W,0
6/6/2016,10:37:32,26.663,N,88.473,W,0
6/6/2016,10:39:33,26.675,N,88.468,W,0
6/6/2016,10:41:33,26.686,N,88.462,W,0
6/6/2016,10:43:33,26.697,N,88.457,W,0
6/6/2016,10:45:33,26.709,N,88.452,W,0
6/6/2016,10:47:32,26.72,N,88.446,W,0
6/6/2016,10:49:32,26.731,N,88.441,W,0
6/6/2016,10:51:32,26.742,N,88.435,W,0
6/6/2016,10:53:33,26.753,N,88.43,W,0
6/6/2016,10:55:33,26.764,N,88.424,W,0
6/6/2016,10:57:33,26.775,N,88.419,W,0
6/6/2016,10:59:33,26.786,N,88.413,W,0
6/6/2016,11:01:32,26.797,N,88.407,W,0
6/6/2016,11:03:32,26.808,N,88.402,W,0
6/6/2016,11:05:32,26.819,N,88.396,W,0
6/6/2016,11:07:32,26.83,N,88.39,W,0
6/6/2016,11:09:33,26.84,N,88.384,W,0
6/6/2016,11:11:33,26.851,N,88.378,W,0
6/6/2016,11:13:33,26.862,N,88.372,W,0
6/6/2016,11:15:33,26.872,N,88.366,W,0
6/6/2016,11:17:32,26.883,N,88.36,W,0
6/6/2016,11:19:32,26.893,N,88.354,W,0
6/6/2016,11:21:32,26.904,N,88.348,W,0
6/6/2016,11:23:33,26.914,N,88.342,W,0
6/6/2016,11:25:33,26.924,N,88.335,W,0
6/6/2016,11:27:33,26.935,N,88.329,W,0
6/6/2016,11:29:33,26.945,N,88.323,W,0
6/6/2016,11:31:32,26.955,N,88.316,W,0
6/6/2016,11:33:32,26.965,N,88.31,W,0
6/6/2016,11:35:32,26.975,N,88.303,W,0
6/6/2016,11:37:32,26.985,N,88.297,W,0
6/6/2016,11:39:33,26.995,N,88.29,W,0
6/6/2016,11:41:33,27.005,N,88.283,W,0
6/6/2016,11:43:33,27.015,N,88.277,W,0
6/6/2016,11:45:33,27.025,N,88.27,W,0
6/6/2016,11:47:32,27.035,N,88.263,W,0
6/6/2016,11:49:32,27.045,N,88.256,W,0
6/6/2016,11:51:32,27.054,N,88.249,W,0
6/6/2016,11:53:33,27.064,N,88.242,W,0
6/6/2016,11:55:33,27.073,N,88.235,W,0
6/6/2016,11:57:33,27.083,N,88.228,W,0
6/6/2016,11:59:33,27.092,N,88.221,W,0
6/6/2016,12:01:32,27.102,N,88.213,W,0
6/6/2016,12:03:32,27.111,N,88.206,W,0
6/6/2016,12:05:32,27.12,N,88.199,W,0
6/6/2016,12:07:32,27.13,N,88.191,W,0
6/6/2016,12:09:33,27.139,N,88.184,W,0
6/6/2016,12:11:33,27.148,N,88.176,W,0
6/6/2016,12:13:33,27.157,N,88.169,W,0
6/6/2016,12:15:33,27.166,N,88.161,W,0
6/6/2016,12:17:32,27.175,N,88.153,W,0
6/6/2016,12:19:32,27.184,N,88.146,W,0
6/6/2016,12:21:32,27.193,N,88.138,W,0
6/6/2016,12:23:33,27.202,N,88.13,W,0
6/6/2016,12:25:33,27.211,N,88.122,W,0
6/6/2016,12:27:33,27.219,N,88.114,W,0
6/6/2016,12:29:33,27.228,N,88.106,W,0
6/6/2016,12:31:32,27.237,N,88.098,W,0
6/6/2016,12:33:32,27.245,N,88.09,W,0
6/6/2016,12:35:32,27.254,N,88.081,W,0
6/6/2016,12:37:32,27.262,N,88.073,W,0
6/6/2016,12:39:33,27.27,N,88.065,W,0
6/6/2016,12:41:33,27.279,N,88.057,W,0
6/6/2016,12:43:33,27.287,N,88.048,W,0
6/6/2016,12:45:33,27.295,N,88.04,W,0
6/6/2016,12:47:32,27.304,N,88.031,W,0
6/6/2016,12:49:32,27.312,N,88.023,W,0
6/6/2016,12:51:32,27.32,N,88.014,W,0
6/6/2016,12:53:33,27.328,N,88.005,W,0
6/6/2016,12:55:33,27.336,N,87.997,W,0
6/6/2016,12:57:33,27.344,N,87.988,W,0
6/6/2016,12:59:33,27.352,N,87.979,W,0
6/6/2016,13:01:32,27.36,N,87.97,W,0
6/6/2016,13:03:32,27.368,N,87.961,W,0
6/6/2016,13:05:32,27.375,N,87.952,W,0
6/6/2016,13:07:32,27.383,N,87.943,W,0
6/6/2016,13:09:33,27.391,N,87.934,W,0
6/6/2016,13:11:33,27.398,N,87.925,W,0
6/6/2016,13:13:33,27.406,N,87.916,W,0
6/6/2016,13:15:33,27.414,N,87.907,W,0
6/6/2016,13:17:32,27.421,N,87.898,W,0
6/6/2016,13:19:32,27.429,N,87.888,W,0
6/6/2016,13:21:32,27.436,N,87.879,W,0
6/6/2016,13:23:33,27.444,N,87.87,W,0
6/6/2016,13:25:33,27.451,N,87.86,W,0
6/6/2016,13:27:33,27.458,N,87.851,W,0
6/6/2016,13:29:33,27.465,N,87.841,W,0
6/6/2016,13:31:32,27.473,N,87.832,W,0
6/6/2016,13:33:32,27.48,N,87.822,W,0
6/6/2016,13:35:32,27.487,N,87.813,W,0
6/6/2016,13:37:32,27.494,N,87.803,W,0
6/6/2016,13:39:33,27.501,N,87.793,W,0
6/6/2016,13:41:33,27.508,N,87.784,W,0
6/6/2016,13:43:33,27.515,N,87.774,W,0
6/6/2016,13:45:33,27.522,N,87.764,W,0
6/6/2016,13:47:32,27.529,N,87.754,W,0
6/6/2016,13:49:32,27.536,N,87.744,W,0
6/6/2016,13:51:32,27.543,N,87.734,W,0
6/6/2016,13:53:33,27.55,N,87.724,W,0
6/6/2016,13:55:33,27.557,N,87.714,W,0
6/6/2016,13:57:33,27.563,N,87.704,W,0
6/6/2016,13:59:33,27.57,N,87.694,W,0
6/6/2016,14:01:32,27.577,N,87.684,W,0
6/6/2016,14:03:32,27.584,N,87.674,W,0
6/6/2016,14:05:32,27.59,N,87.664,W,0
6/6/2016,14:07:32,27.597,N,87.653,W,0
6/6/2016,14:09:33,27.603,N,87.643,W,0
6/6/2016,14:11:33,27.61,N,87.633,W,0
6/6/2016,14:13:33,27.616,N,87.623,W,0
6/6/2016,14:15:33,27.623,N,87.612,W,0
6/6/2016,14:17:32,27.629,N,87.602,W,0
6/6/2016,14:19:32,27.636,N,87.591,W,0
6/6/2016,14:21:32,27.642,N,87.581,W,0
6/6/2016,14:23:33,27.648,N,87.57,W,0
6/6/2016,14:25:33,27.655,N,87.56,W,0
6/6/2016,14:27:33,27.661,N,87.549,W,0
6/6/2016,14:29:33,27.667,N,87.539,W,0
6/6/2016,14:31:32,27.674,N,87.528,W,0
6/6/2016,14:33:32,27.68,N,87.517,W,0
6/6/2016,14:35:32,27.686,N,87.507,W,0
6/6/2016,14:37:32,27.692,N,87.496,W,0
6/6/2016,14:39:33,27.698,N,87.485,W,0
6/6/2016,14:41:33,27.704,N,87.474,W,0
6/6/2016,14:43:33,27.71,N,87.463,W,0
6/6/2016,14:45:33,27.716,N,87.453,W,0
6/6/2016,14:47:32,27.722,N,87.442,W,0
6/6/2016,14:49:32,27.728,N,87.431,W,0
6/6/2016,14:51:32,27.734,N,87.42,W,0
6/6/2016,14:53:33,27.74,N,87.409,W,0
6/6/2016,14:55:33,27.746,N,87.398,W,0
6/6/2016,14:57:33,27.752,N,87.387,W,0
6/6/2016,14:59:33,27.758,N,87.376,W,0
6/6/2016,15:01:32,27.764,N,87.365,W,0
6/6/2016,15:03:32,27.77,N,87.354,W,0
6/6/2016,15:05:32,27.776,N,87.343,W,0
6/6/2016,15:07:32,27.782,N,87.332,W,0
6/6/2016,15:09:33,27.787,N,87.32,W,0
6/6/2016,15:11:33,27.793,N,87.309,W,0
6/6/2016,15:13:33,27.799,N,87.298,W,0
6/6/2016,15:15:33,27.805,N,87.287,W,0
6/6/2016,15:17:32,27.81,N,87.275,W,0
6/6/2016,15:19:32,27.816,N,87.264,W,0
6/6/2016,15:21:32,27.822,N,87.253,W,0
6/6/2016,15:23:33,27.827,N,87.242,W,0
6/6/2016,15:25:33,27.833,N,87.23,W,0
6/6/2016,15:27:33,27.838,N,87.219,W,0
6/6/2016,15:29:33,27.844,N,87.207,W,0
6/6/2016,15:31:32,27.85,N,87.196,W,0
6/6/2016,15:33:32,27.855,N,87.185,W,0
6/6/2016,15:35:32,27.861,N,87.173,W,0
6/6/2016,15:37:32,27.866,N,87.162,W,0
6/6/2016,15:39:33,27.872,N,87.15,W,0
6/6/2016,15:41:33,27.877,N,87.139,W,0
6/6/2016,15:43:33,27.883,N,87.127,W,0
6/6/2016,15:45:33,27.888,N,87.116,W,0
6/6/2016,15:47:32,27.894,N,87.104,W,0
6/6/2016,15:49:32,27.899,N,87.093,W,0
6/6/2016,15:51:32,27.905,N,87.081,W,0
6/6/2016,15:53:33,27.91,N,87.07,W,0
6/6/2016,15:55:33,27.916,N,87.058,W,0
6/6/2016,15:57:33,27.921,N,87.046,W,0
6/6/2016,15:59:33,27.926,N,87.035,W,0
6/6/2016,16:01:32,27.932,N,87.023,W,0
6/6/2016,16:03:32,27.937,N,87.011,W,0
6/6/2016,16:05:32,27.943,N,87,W,0
6/6/2016,16:07:32,27.948,N,86.988,W,0
6/6/2016,16:09:33,27.953,N,86.976,W,0
6/6/2016,16:11:33,27.959,N,86.965,W,0
6/6/2016,16:13:33,27.964,N,86.953,W,0
6/6/2016,16:15:33,27.969,N,86.941,W,0
6/6/2016,16:17:32,27.975,N,86.929,W,0
6/6/2016,16:19:32,27.98,N,86.918,W,0
6/6/2016,16:21:32,27.985,N,86.906,W,0
6/6/2016,16:23:33,27.991,N,86.894,W,0
6/6/2016,16:25:33,27.996,N,86.882,W,0
6/6/2016,16:27:33,28.001,N,86.87,W,0
6/6/2016,16:29:33,28.006,N,86.859,W,0
6/6/2016,16:31:32,28.012,N,86.847,W,0
6/6/2016,16:33:32,28.017,N,86.835,W,0
6/6/2016,16:35:32,28.022,N,86.823,W,0
6/6/2016,16:37:32,28.028,N,86.811,W,0
6/6/2016,16:39:33,28.033,N,86.799,W,0
6/6/2016,16:41:33,28.038,N,86.788,W,0
6/6/2016,16:43:33,28.043,N,86.776,W,0
6/6/2016,16:45:33,28.049,N,86.764,W,0
6/6/2016,16:47:32,28.054,N,86.752,W,0
6/6/2016,16:49:32,28.059,N,86.74,W,0
6/6/2016,16:51:32,28.065,N,86.728,W,0
6/6/2016,16:53:33,28.07,N,86.716,W,0
6/6/2016,16:55:33,28.075,N,86.704,W,0
6/6/2016,16:57:33,28.08,N,86.692,W,0
6/6/2016,16:59:33,28.086,N,86.681,W,0
6/6/2016,17:01:32,28.091,N,86.669,W,0
6/6/2016,17:03:32,28.096,N,86.657,W,0
6/6/2016,17:05:32,28.101,N,86.645,W,0
6/6/2016,17:07:32,28.107,N,86.633,W,0
6/6/2016,17:09:33,28.112,N,86.621,W,0
6/6/2016,17:11:33,28.117,N,86.609,W,0
6/6/2016,17:13:33,28.123,N,86.597,W,0
6/6/2016,17:15:33,28.128,N,86.585,W,0
6/6/2016,17:17:32,28.133,N,86.573,W,0
6/6/2016,17:19:32,28.139,N,86.562,W,0
6/6/2016,17:21:32,28.144,N,86.55,W,0
6/6/2016,17:23:33,28.149,N,86.538,W,0
6/6/2016,17:25:33,28.155,N,86.526,W,0
6/6/2016,17:27:33,28.16,N,86.514,W,0
6/6/2016,17:29:33,28.165,N,86.502,W,0
6/6/2016,17:31:32,28.171,N,86.49,W,0
6/6/2016,17:33:32,28.176,N,86.478,W,0
6/6/2016,17:35:32,28.181,N,86.466,W,0
6/6/2016,17:37:32,28.187,N,86.454,W,0
6/6/2016,17:39:33,28.192,N,86.443,W,0
6/6/2016,17:41:33,28.197,N,86.431,W,0
6/6/2016,17:43:33,28.203,N,86.419,W,0
6/6/2016,17:45:33,28.208,N,86.407,W,0
6/6/2016,17:47:32,28.214,N,86.395,W,0
6/6/2016,17:49:32,28.219,N,86.383,W,0
6/6/2016,17:51:32,28.225,N,86.371,W,0
6/6/2016,17:53:33,28.23,N,86.36,W,0
6/6/2016,17:55:33,28.236,N,86.348,W,0
6/6/2016,17:57:33,28.241,N,86.336,W,0
6/6/2016,17:59:33,28.247,N,86.324,W,0
6/6/2016,18:01:32,28.252,N,86.312,W,0
6/6/2016,18:03:32,28.258,N,86.3,W,0
6/6/2016,18:05:32,28.263,N,86.289,W,0
6/6/2016,18:07:32,28.269,N,86.277,W,0
6/6/2016,18:09:33,28.274,N,86.265,W,0
6/6/2016,18:11:33,28.28,N,86.253,W,0
6/6/2016,18:13:33,28.285,N,86.242,W,0
6/6/2016,18:15:33,28.291,N,86.23,W,0
6/6/2016,18:17:32,28.297,N,86.218,W,0
6/6/2016,18:19:32,28.302,N,86.206,W,0
6/6/2016,18:21:32,28.308,N,86.195,W,0
6/6/2016,18:23:33,28.314,N,86.183,W,0
6/6/2016,18:25:33,28.319,N,86.171,W,0
6/6/2016,18:27:33,28.325,N,86.16,W,0
6/6/2016,18:29:33,28.331,N,86.148,W,0
6/6/2016,18:31:32,28.336,N,86.136,W,0
6/6/2016,18:33:32,28.342,N,86.125,W,0
6/6/2016,18:35:32,28.348,N,86.113,W,0
6/6/2016,18:37:32,28.354,N,86.101,W,0
6/6/2016,18:39:33,28.359,N,86.09,W,0
6/6/2016,18:41:33,28.365,N,86.078,W,0
6/6/2016,18:43:33,28.371,N,86.066,W,0
6/6/2016,18:45:33,28.377,N,86.055,W,0
6/6/2016,18:47:32,28.383,N,86.043,W,0
6/6/2016,18:49:32,28.389,N,86.032,W,0
6/6/2016,18:51:32,28.394,N,86.02,W,0
6/6/2016,18:53:33,28.4,N,86.008,W,0
6/6/2016,18:55:33,28.406,N,85.997,W,0
6/6/2016,18:57:33,28.412,N,85.985,W,0
6/6/2016,18:59:33,28.418,N,85.974,W,0
6/6/2016,19:01:32,28.424,N,85.962,W,0
6/6/2016,19:03:32,28.43,N,85.951,W,0
6/6/2016,19:05:32,28.436,N,85.939,W,0
6/6/2016,19:07:32,28.442,N,85.928,W,0
6/6/2016,19:09:33,28.448,N,85.916,W,0
6/6/2016,19:11:33,28.454,N,85.905,W,0
6/6/2016,19:13:33,28.46,N,85.893,W,0
6/6/2016,19:15:33,28.466,N,85.882,W,0
6/6/2016,19:17:32,28.472,N,85.87,W,0
6/6/2016,19:19:32,28.478,N,85.859,W,0
6/6/2016,19:21:32,28.484,N,85.847,W,0
6/6/2016,19:23:33,28.49,N,85.836,W,0
6/6/2016,19:25:33,28.496,N,85.824,W,0
6/6/2016,19:27:33,28.502,N,85.813,W,0
6/6/2016,19:29:33,28.508,N,85.801,W,0
6/6/2016,19:31:32,28.514,N,85.79,W,0
6/6/2016,19:33:32,28.52,N,85.779,W,0
6/6/2016,19:35:32,28.526,N,85.767,W,0
6/6/2016,19:37:32,28.533,N,85.756,W,0
6/6/2016,19:39:33,28.539,N,85.744,W,0
6/6/2016,19:41:33,28.545,N,85.733,W,0
6/6/2016,19:43:33,28.551,N,85.722,W,0
6/6/2016,19:45:33,28.557,N,85.71,W,0
6/6/2016,19:47:32,28.563,N,85.699,W,0
6/6/2016,19:48:24,28.566,N,85.694,W,0
6/6/2016,19:50:24,28.573,N,85.684,W,0
6/6/2016,19:52:23,28.579,N,85.673,W,0
6/6/2016,19:54:23,28.586,N,85.663,W,0
6/6/2016,19:56:23,28.592,N,85.652,W,0
6/6/2016,19:58:23,28.599,N,85.642,W,0
6/6/2016,20:00:24,28.606,N,85.631,W,0
6/6/2016,20:02:24,28.612,N,85.621,W,0
6/6/2016,20:04:24,28.619,N,85.61,W,0
6/6/2016,20:06:23,28.625,N,85.6,W,0
6/6/2016,20:08:23,28.632,N,85.589,W,0
6/6/2016,20:10:23,28.638,N,85.579,W,0
6/6/2016,20:12:23,28.645,N,85.568,W,0
6/6/2016,20:14:24,28.652,N,85.558,W,0
6/6/2016,20:16:24,28.658,N,85.547,W,0
6/6/2016,20:18:24,28.665,N,85.537,W,0
6/6/2016,20:20:24,28.671,N,85.526,W,0
6/6/2016,20:22:23,28.678,N,85.515,W,0
6/6/2016,20:24:23,28.685,N,85.505,W,0
6/6/2016,20:26:23,28.691,N,85.494,W,0
6/6/2016,20:28:23,28.698,N,85.484,W,0
6/6/2016,20:30:24,28.704,N,85.473,W,0
6/6/2016,20:32:24,28.711,N,85.462,W,0
6/6/2016,20:34:24,28.718,N,85.452,W,0
6/6/2016,20:36:23,28.724,N,85.441,W,0
6/6/2016,20:38:23,28.731,N,85.43,W,0
6/6/2016,20:40:23,28.738,N,85.419,W,0
6/6/2016,20:42:23,28.744,N,85.409,W,0
6/6/2016,20:44:24,28.751,N,85.398,W,0
6/6/2016,20:46:24,28.757,N,85.387,W,0
6/6/2016,20:48:24,28.764,N,85.376,W,0
6/6/2016,20:50:24,28.771,N,85.366,W,0
6/6/2016,20:52:23,28.777,N,85.355,W,0
6/6/2016,20:54:23,28.784,N,85.344,W,0
6/6/2016,20:56:23,28.79,N,85.333,W,0
6/6/2016,20:58:23,28.797,N,85.322,W,0
6/6/2016,21:00:24,28.804,N,85.311,W,0
6/6/2016,21:02:24,28.81,N,85.301,W,0
6/6/2016,21:04:24,28.817,N,85.29,W,0
6/6/2016,21:06:23,28.823,N,85.279,W,0
6/6/2016,21:08:23,28.83,N,85.268,W,0
6/6/2016,21:10:23,28.837,N,85.257,W,0
6/6/2016,21:12:23,28.843,N,85.246,W,0
6/6/2016,21:14:24,28.85,N,85.235,W,0
6/6/2016,21:16:24,28.857,N,85.224,W,0
6/6/2016,21:18:24,28.863,N,85.213,W,0
6/6/2016,21:20:24,28.87,N,85.202,W,0
6/6/2016,21:22:23,28.876,N,85.191,W,0
6/6/2016,21:24:23,28.883,N,85.18,W,0
6/6/2016,21:26:23,28.89,N,85.169,W,0
6/6/2016,21:28:23,28.896,N,85.158,W,0
6/6/2016,21:30:24,28.903,N,85.147,W,0
6/6/2016,21:32:24,28.91,N,85.136,W,0
6/6/2016,21:34:24,28.916,N,85.125,W,0
6/6/2016,21:36:23,28.923,N,85.114,W,0
6/6/2016,21:38:23,28.929,N,85.103,W,0
6/6/2016,21:40:23,28.936,N,85.092,W,0
6/6/2016,21:42:23,28.943,N,85.081,W,0
6/6/2016,21:44:24,28.949,N,85.07,W,0
6/6/2016,21:46:24,28.956,N,85.059,W,0
6/6/2016,21:48:24,28.963,N,85.048,W,0
6/6/2016,21:50:24,28.969,N,85.037,W,0
6/6/2016,21:52:23,28.976,N,85.026,W,0
6/6/2016,21:54:23,28.982,N,85.015,W,0
6/6/2016,21:56:23,28.989,N,85.003,W,0
6/6/2016,21:58:23,28.996,N,84.992,W,0
6/6/2016,22:00:24,29.002,N,84.981,W,0
6/6/2016,22:02:24,29.009,N,84.97,W,0
6/6/2016,22:04:24,29.016,N,84.959,W,0
6/6/2016,22:06:23,29.022,N,84.948,W,0
6/6/2016,22:08:23,29.029,N,84.936,W,0
6/6/2016,22:10:23,29.036,N,84.925,W,0
6/6/2016,22:12:23,29.042,N,84.914,W,0
6/6/2016,22:14:24,29.049,N,84.903,W,0
6/6/2016,22:16:24,29.055,N,84.892,W,0
6/6/2016,22:18:24,29.062,N,84.88,W,0
6/6/2016,22:20:24,29.069,N,84.869,W,0
6/6/2016,22:22:23,29.075,N,84.858,W,0
6/6/2016,22:24:23,29.082,N,84.847,W,0
6/6/2016,22:26:23,29.089,N,84.835,W,0
6/6/2016,22:28:23,29.095,N,84.824,W,0
6/6/2016,22:30:24,29.102,N,84.813,W,0
6/6/2016,22:32:24,29.109,N,84.801,W,0
6/6/2016,22:34:24,29.115,N,84.79,W,0
6/6/2016,22:36:23,29.122,N,84.779,W,0
6/6/2016,22:38:23,29.129,N,84.768,W,0
6/6/2016,22:40:23,29.135,N,84.756,W,0
6/6/2016,22:42:23,29.142,N,84.745,W,0
6/6/2016,22:44:24,29.148,N,84.733,W,0
6/6/2016,22:46:24,29.155,N,84.722,W,0
6/6/2016,22:48:24,29.162,N,84.711,W,0
6/6/2016,22:50:24,29.168,N,84.699,W,0
6/6/2016,22:52:23,29.175,N,84.688,W,0
6/6/2016,22:54:23,29.182,N,84.677,W,0
6/6/2016,22:56:23,29.188,N,84.665,W,0
6/6/2016,22:58:23,29.195,N,84.654,W,0
6/6/2016,23:00:24,29.202,N,84.643,W,0
6/6/2016,23:02:24,29.208,N,84.631,W,0
6/6/2016,23:04:24,29.215,N,84.62,W,0
6/6/2016,23:06:23,29.222,N,84.608,W,0
6/6/2016,23:08:23,29.228,N,84.597,W,0
6/6/2016,23:10:23,29.235,N,84.585,W,0
6/6/2016,23:12:23,29.242,N,84.574,W,0
6/6/2016,23:14:24,29.248,N,84.563,W,0
6/6/2016,23:16:24,29.255,N,84.551,W,0
6/6/2016,23:18:24,29.262,N,84.54,W,0
6/6/2016,23:20:24,29.268,N,84.528,W,0
6/6/2016,23:22:23,29.275,N,84.517,W,0
6/6/2016,23:24:23,29.281,N,84.505,W,0
6/6/2016,23:26:23,29.288,N,84.494,W,0
6/6/2016,23:28:23,29.295,N,84.482,W,0
6/6/2016,23:30:24,29.301,N,84.471,W,0
6/6/2016,23:32:24,29.308,N,84.459,W,0
6/6/2016,23:34:24,29.315,N,84.448,W,0
6/6/2016,23:36:23,29.321,N,84.436,W,0
6/6/2016,23:38:23,29.328,N,84.425,W,0
6/6/2016,23:40:23,29.335,N,84.413,W,0
6/6/2016,23:42:23,29.341,N,84.402,W,0
6/6/2016,23:44:24,29.348,N,84.39,W,0
6/6/2016,23:46:24,29.355,N,84.379,W,0
6/6/2016,23:48:24,29.361,N,84.367,W,0
6/6/2016,23:50:24,29.368,N,84.355,W,0
6/6/2016,23:52:23,29.375,N,84.344,W,0
6/6/2016,23:54:23,29.381,N,84.332,W,0
6/6/2016,23:56:23,29.388,N,84.321,W,0
6/6/2016,23:58:23,29.395,N,84.309,W,0
6/7/2016,0:00:24,29.401,N,84.298,W,0
6/7/2016,0:02:24,29.408,N,84.286,W,0
6/7/2016,0:04:24,29.415,N,84.275,W,0
6/7/2016,0:06:23,29.421,N,84.263,W,0
6/7/2016,0:08:23,29.428,N,84.251,W,0
6/7/2016,0:10:23,29.435,N,84.24,W,0
6/7/2016,0:12:23,29.441,N,84.228,W,0
6/7/2016,0:14:24,29.448,N,84.217,W,0
6/7/2016,0:16:24,29.455,N,84.205,W,0
6/7/2016,0:18:24,29.461,N,84.193,W,0
6/7/2016,0:20:24,29.468,N,84.182,W,0
6/7/2016,0:22:23,29.475,N,84.17,W,0
6/7/2016,0:24:23,29.481,N,84.158,W,0
6/7/2016,0:26:23,29.488,N,84.147,W,0
6/7/2016,0:28:23,29.495,N,84.135,W,0
6/7/2016,0:30:24,29.501,N,84.124,W,0
6/7/2016,0:32:24,29.508,N,84.112,W,0
6/7/2016,0:34:24,29.515,N,84.1,W,0
6/7/2016,0:36:23,29.521,N,84.089,W,0
6/7/2016,0:38:23,29.528,N,84.077,W,0
6/7/2016,0:40:23,29.535,N,84.065,W,0
6/7/2016,0:42:23,29.541,N,84.054,W,0
6/7/2016,0:44:24,29.548,N,84.042,W,0
6/7/2016,0:46:24,29.555,N,84.03,W,0
6/7/2016,0:48:24,29.561,N,84.019,W,0
6/7/2016,0:50:24,29.568,N,84.007,W,0
6/7/2016,0:52:23,29.575,N,83.995,W,0
6/7/2016,0:54:23,29.581,N,83.984,W,0
6/7/2016,0:56:23,29.588,N,83.972,W,0
6/7/2016,0:58:23,29.595,N,83.96,W,0
6/7/2016,1:00:24,29.601,N,83.949,W,0
6/7/2016,1:02:24,29.608,N,83.937,W,0
6/7/2016,1:04:24,29.615,N,83.925,W,0
6/7/2016,1:06:23,29.621,N,83.914,W,0
6/7/2016,1:08:23,29.628,N,83.902,W,0
6/7/2016,1:10:23,29.635,N,83.89,W,0
6/7/2016,1:12:23,29.641,N,83.879,W,0
6/7/2016,1:14:24,29.648,N,83.867,W,0
6/7/2016,1:16:24,29.655,N,83.855,W,0
6/7/2016,1:18:24,29.661,N,83.844,W,0
6/7/2016,1:20:24,29.668,N,83.832,W,0
6/7/2016,1:22:23,29.675,N,83.82,W,0
6/7/2016,1:24:23,29.681,N,83.808,W,0
6/7/2016,1:26:23,29.688,N,83.797,W,0
6/7/2016,1:28:23,29.695,N,83.785,W,0
6/7/2016,1:30:24,29.701,N,83.773,W,0
6/7/2016,1:32:24,29.708,N,83.762,W,0
6/7/2016,1:34:24,29.715,N,83.75,W,0
6/7/2016,1:36:23,29.721,N,83.738,W,0
6/7/2016,1:38:23,29.728,N,83.726,W,0
6/7/2016,1:40:23,29.735,N,83.715,W,0
6/7/2016,1:42:23,29.741,N,83.703,W,0
6/7/2016,1:44:24,29.748,N,83.691,W,0
6/7/2016,1:46:24,29.755,N,83.68,W,0
6/7/2016,1:48:24,29.761,N,83.668,W,0
6/7/2016,1:50:24,29.768,N,83.656,W,0
6/7/2016,1:52:23,29.775,N,83.645,W,0
6/7/2016,1:54:23,29.781,N,83.633,W,0
6/7/2016,1:56:23,29.788,N,83.621,W,0
6/7/2016,1:58:23,29.795,N,83.609,W,0
