Track,for,Cristobal,2002,,,
Date,Time,(UTC),Latitude,Longitude,,Category
MM/DD/Year,HH:MM:SS,(deg),(deg),,,
8/6/2002,5:54:00,31.107,N,77.007,W,0
8/6/2002,5:56:00,31.105,N,77.005,W,0
8/6/2002,5:58:00,31.102,N,77.002,W,0
8/6/2002,6:00:00,31.1,N,77,W,0
8/6/2002,6:01:59,31.098,N,76.998,W,0
8/6/2002,6:03:59,31.095,N,76.995,W,0
8/6/2002,6:05:59,31.093,N,76.993,W,0
8/6/2002,6:07:59,31.091,N,76.991,W,0
8/6/2002,6:09:59,31.088,N,76.989,W,0
8/6/2002,6:11:59,31.086,N,76.986,W,0
8/6/2002,6:13:59,31.084,N,76.984,W,0
8/6/2002,6:16:00,31.081,N,76.982,W,0
8/6/2002,6:18:00,31.079,N,76.98,W,0
8/6/2002,6:20:00,31.077,N,76.977,W,0
8/6/2002,6:22:00,31.074,N,76.975,W,0
8/6/2002,6:24:00,31.072,N,76.973,W,0
8/6/2002,6:26:00,31.07,N,76.971,W,0
8/6/2002,6:28:00,31.067,N,76.968,W,0
8/6/2002,6:30:00,31.065,N,76.966,W,0
8/6/2002,6:31:59,31.063,N,76.964,W,0
8/6/2002,6:33:59,31.06,N,76.962,W,0
8/6/2002,6:35:59,31.058,N,76.959,W,0
8/6/2002,6:37:59,31.056,N,76.957,W,0
8/6/2002,6:39:59,31.053,N,76.955,W,0
8/6/2002,6:41:59,31.051,N,76.953,W,0
8/6/2002,6:43:59,31.049,N,76.95,W,0
8/6/2002,6:46:00,31.046,N,76.948,W,0
8/6/2002,6:48:00,31.044,N,76.946,W,0
8/6/2002,6:50:00,31.042,N,76.944,W,0
8/6/2002,6:52:00,31.04,N,76.941,W,0
8/6/2002,6:54:00,31.037,N,76.939,W,0
8/6/2002,6:56:00,31.035,N,76.937,W,0
8/6/2002,6:58:00,31.033,N,76.935,W,0
8/6/2002,7:00:00,31.03,N,76.932,W,0
8/6/2002,7:01:59,31.028,N,76.93,W,0
8/6/2002,7:03:59,31.026,N,76.928,W,0
8/6/2002,7:05:59,31.023,N,76.926,W,0
8/6/2002,7:07:59,31.021,N,76.923,W,0
8/6/2002,7:09:59,31.019,N,76.921,W,0
8/6/2002,7:11:59,31.016,N,76.919,W,0
8/6/2002,7:13:59,31.014,N,76.917,W,0
8/6/2002,7:16:00,31.012,N,76.914,W,0
8/6/2002,7:18:00,31.009,N,76.912,W,0
8/6/2002,7:20:00,31.007,N,76.91,W,0
8/6/2002,7:22:00,31.005,N,76.908,W,0
8/6/2002,7:24:00,31.002,N,76.905,W,0
8/6/2002,7:26:00,31,N,76.903,W,0
8/6/2002,7:28:00,30.998,N,76.901,W,0
8/6/2002,7:30:00,30.996,N,76.899,W,0
8/6/2002,7:31:59,30.993,N,76.896,W,0
8/6/2002,7:33:59,30.991,N,76.894,W,0
8/6/2002,7:35:59,30.989,N,76.892,W,0
8/6/2002,7:37:59,30.986,N,76.89,W,0
8/6/2002,7:39:59,30.984,N,76.887,W,0
8/6/2002,7:41:59,30.982,N,76.885,W,0
8/6/2002,7:43:59,30.979,N,76.883,W,0
8/6/2002,7:46:00,30.977,N,76.881,W,0
8/6/2002,7:48:00,30.975,N,76.878,W,0
8/6/2002,7:50:00,30.972,N,76.876,W,0
8/6/2002,7:52:00,30.97,N,76.874,W,0
8/6/2002,7:54:00,30.968,N,76.872,W,0
8/6/2002,7:56:00,30.966,N,76.869,W,0
8/6/2002,7:58:00,30.963,N,76.867,W,0
8/6/2002,8:00:00,30.961,N,76.865,W,0
8/6/2002,8:02:00,30.959,N,76.863,W,0
8/6/2002,8:03:59,30.956,N,76.86,W,0
8/6/2002,8:06:00,30.954,N,76.858,W,0
8/6/2002,8:07:59,30.952,N,76.856,W,0
8/6/2002,8:10:00,30.95,N,76.854,W,0
8/6/2002,8:11:59,30.947,N,76.851,W,0
8/6/2002,8:14:00,30.945,N,76.849,W,0
8/6/2002,8:15:59,30.943,N,76.847,W,0
8/6/2002,8:18:00,30.94,N,76.845,W,0
8/6/2002,8:19:59,30.938,N,76.843,W,0
8/6/2002,8:22:00,30.936,N,76.84,W,0
8/6/2002,8:23:59,30.934,N,76.838,W,0
8/6/2002,8:26:00,30.931,N,76.836,W,0
8/6/2002,8:27:59,30.929,N,76.834,W,0
8/6/2002,8:30:00,30.927,N,76.831,W,0
8/6/2002,8:32:00,30.924,N,76.829,W,0
8/6/2002,8:33:59,30.922,N,76.827,W,0
8/6/2002,8:36:00,30.92,N,76.825,W,0
8/6/2002,8:37:59,30.918,N,76.822,W,0
8/6/2002,8:40:00,30.915,N,76.82,W,0
8/6/2002,8:41:59,30.913,N,76.818,W,0
8/6/2002,8:44:00,30.911,N,76.816,W,0
8/6/2002,8:45:59,30.909,N,76.813,W,0
8/6/2002,8:48:00,30.906,N,76.811,W,0
8/6/2002,8:49:59,30.904,N,76.809,W,0
8/6/2002,8:52:00,30.902,N,76.807,W,0
8/6/2002,8:53:59,30.9,N,76.804,W,0
8/6/2002,8:56:00,30.897,N,76.802,W,0
8/6/2002,8:57:59,30.895,N,76.8,W,0
8/6/2002,9:00:00,30.893,N,76.798,W,0
8/6/2002,9:02:00,30.891,N,76.796,W,0
8/6/2002,9:03:59,30.888,N,76.793,W,0
8/6/2002,9:06:00,30.886,N,76.791,W,0
8/6/2002,9:07:59,30.884,N,76.789,W,0
8/6/2002,9:10:00,30.882,N,76.787,W,0
8/6/2002,9:11:59,30.879,N,76.784,W,0
8/6/2002,9:14:00,30.877,N,76.782,W,0
8/6/2002,9:15:59,30.875,N,76.78,W,0
8/6/2002,9:18:00,30.873,N,76.778,W,0
8/6/2002,9:19:59,30.87,N,76.776,W,0
8/6/2002,9:22:00,30.868,N,76.773,W,0
8/6/2002,9:23:59,30.866,N,76.771,W,0
8/6/2002,9:26:00,30.864,N,76.769,W,0
8/6/2002,9:27:59,30.862,N,76.767,W,0
8/6/2002,9:30:00,30.859,N,76.764,W,0
8/6/2002,9:32:00,30.857,N,76.762,W,0
8/6/2002,9:33:59,30.855,N,76.76,W,0
8/6/2002,9:36:00,30.853,N,76.758,W,0
8/6/2002,9:37:59,30.85,N,76.756,W,0
8/6/2002,9:40:00,30.848,N,76.753,W,0
8/6/2002,9:41:59,30.846,N,76.751,W,0
8/6/2002,9:44:00,30.844,N,76.749,W,0
8/6/2002,9:45:59,30.842,N,76.747,W,0
8/6/2002,9:48:00,30.839,N,76.744,W,0
8/6/2002,9:49:59,30.837,N,76.742,W,0
8/6/2002,9:52:00,30.835,N,76.74,W,0
8/6/2002,9:53:59,30.833,N,76.738,W,0
8/6/2002,9:56:00,30.831,N,76.736,W,0
8/6/2002,9:57:59,30.828,N,76.733,W,0
8/6/2002,10:00:00,30.826,N,76.731,W,0
8/6/2002,10:02:00,30.824,N,76.729,W,0
8/6/2002,10:03:59,30.822,N,76.727,W,0
8/6/2002,10:06:00,30.82,N,76.725,W,0
8/6/2002,10:07:59,30.818,N,76.722,W,0
8/6/2002,10:10:00,30.815,N,76.72,W,0
8/6/2002,10:11:59,30.813,N,76.718,W,0
8/6/2002,10:14:00,30.811,N,76.716,W,0
8/6/2002,10:15:59,30.809,N,76.713,W,0
8/6/2002,10:18:00,30.807,N,76.711,W,0
8/6/2002,10:19:59,30.805,N,76.709,W,0
8/6/2002,10:22:00,30.802,N,76.707,W,0
8/6/2002,10:23:59,30.8,N,76.705,W,0
8/6/2002,10:26:00,30.798,N,76.702,W,0
8/6/2002,10:27:59,30.796,N,76.7,W,0
8/6/2002,10:30:00,30.794,N,76.698,W,0
8/6/2002,10:32:00,30.792,N,76.696,W,0
8/6/2002,10:33:59,30.789,N,76.694,W,0
8/6/2002,10:36:00,30.787,N,76.691,W,0
8/6/2002,10:37:59,30.785,N,76.689,W,0
8/6/2002,10:40:00,30.783,N,76.687,W,0
8/6/2002,10:41:59,30.781,N,76.685,W,0
8/6/2002,10:44:00,30.779,N,76.683,W,0
8/6/2002,10:45:59,30.777,N,76.681,W,0
8/6/2002,10:48:00,30.774,N,76.678,W,0
8/6/2002,10:49:59,30.772,N,76.676,W,0
8/6/2002,10:52:00,30.77,N,76.674,W,0
8/6/2002,10:53:59,30.768,N,76.672,W,0
8/6/2002,10:56:00,30.766,N,76.67,W,0
8/6/2002,10:57:59,30.764,N,76.667,W,0
8/6/2002,11:00:00,30.762,N,76.665,W,0
8/6/2002,11:02:00,30.76,N,76.663,W,0
8/6/2002,11:03:59,30.758,N,76.661,W,0
8/6/2002,11:06:00,30.755,N,76.659,W,0
8/6/2002,11:07:59,30.753,N,76.656,W,0
8/6/2002,11:10:00,30.751,N,76.654,W,0
8/6/2002,11:11:59,30.749,N,76.652,W,0
8/6/2002,11:14:00,30.747,N,76.65,W,0
8/6/2002,11:15:59,30.745,N,76.648,W,0
8/6/2002,11:18:00,30.743,N,76.646,W,0
8/6/2002,11:19:59,30.741,N,76.643,W,0
8/6/2002,11:22:00,30.739,N,76.641,W,0
8/6/2002,11:23:59,30.737,N,76.639,W,0
8/6/2002,11:26:00,30.735,N,76.637,W,0
8/6/2002,11:27:59,30.733,N,76.635,W,0
8/6/2002,11:30:00,30.731,N,76.632,W,0
8/6/2002,11:32:00,30.728,N,76.63,W,0
8/6/2002,11:33:59,30.726,N,76.628,W,0
8/6/2002,11:36:00,30.724,N,76.626,W,0
8/6/2002,11:37:59,30.722,N,76.624,W,0
8/6/2002,11:40:00,30.72,N,76.622,W,0
8/6/2002,11:41:59,30.718,N,76.619,W,0
8/6/2002,11:44:00,30.716,N,76.617,W,0
8/6/2002,11:45:59,30.714,N,76.615,W,0
8/6/2002,11:48:00,30.712,N,76.613,W,0
8/6/2002,11:49:59,30.71,N,76.611,W,0
8/6/2002,11:52:00,30.708,N,76.609,W,0
8/6/2002,11:53:59,30.706,N,76.606,W,0
8/6/2002,11:56:00,30.704,N,76.604,W,0
8/6/2002,11:57:59,30.702,N,76.602,W,0
8/6/2002,12:00:00,30.7,N,76.6,W,0
8/6/2002,12:02:00,30.698,N,76.598,W,0
8/6/2002,12:03:59,30.696,N,76.596,W,0
8/6/2002,12:06:00,30.694,N,76.594,W,0
8/6/2002,12:07:59,30.692,N,76.591,W,0
8/6/2002,12:10:00,30.69,N,76.589,W,0
8/6/2002,12:11:59,30.688,N,76.587,W,0
8/6/2002,12:14:00,30.686,N,76.585,W,0
8/6/2002,12:15:59,30.684,N,76.583,W,0
8/6/2002,12:18:00,30.682,N,76.581,W,0
8/6/2002,12:19:59,30.68,N,76.578,W,0
8/6/2002,12:22:00,30.678,N,76.576,W,0
8/6/2002,12:23:59,30.676,N,76.574,W,0
8/6/2002,12:26:00,30.674,N,76.572,W,0
8/6/2002,12:27:59,30.672,N,76.57,W,0
8/6/2002,12:30:00,30.67,N,76.568,W,0
8/6/2002,12:32:00,30.668,N,76.566,W,0
8/6/2002,12:33:59,30.666,N,76.563,W,0
8/6/2002,12:36:00,30.664,N,76.561,W,0
8/6/2002,12:37:59,30.662,N,76.559,W,0
8/6/2002,12:40:00,30.661,N,76.557,W,0
8/6/2002,12:41:59,30.659,N,76.555,W,0
8/6/2002,12:44:00,30.657,N,76.553,W,0
8/6/2002,12:45:59,30.655,N,76.551,W,0
8/6/2002,12:48:00,30.653,N,76.549,W,0
8/6/2002,12:49:59,30.651,N,76.546,W,0
8/6/2002,12:52:00,30.649,N,76.544,W,0
8/6/2002,12:53:59,30.647,N,76.542,W,0
8/6/2002,12:56:00,30.645,N,76.54,W,0
8/6/2002,12:57:59,30.643,N,76.538,W,0
8/6/2002,13:00:00,30.641,N,76.536,W,0
8/6/2002,13:02:00,30.64,N,76.534,W,0
8/6/2002,13:03:59,30.638,N,76.532,W,0
8/6/2002,13:06:00,30.636,N,76.529,W,0
8/6/2002,13:07:59,30.634,N,76.527,W,0
8/6/2002,13:10:00,30.632,N,76.525,W,0
8/6/2002,13:11:59,30.63,N,76.523,W,0
8/6/2002,13:14:00,30.628,N,76.521,W,0
8/6/2002,13:15:59,30.626,N,76.519,W,0
8/6/2002,13:18:00,30.625,N,76.517,W,0
8/6/2002,13:19:59,30.623,N,76.515,W,0
8/6/2002,13:22:00,30.621,N,76.513,W,0
8/6/2002,13:23:59,30.619,N,76.51,W,0
8/6/2002,13:26:00,30.617,N,76.508,W,0
8/6/2002,13:27:59,30.615,N,76.506,W,0
8/6/2002,13:30:00,30.613,N,76.504,W,0
8/6/2002,13:32:00,30.612,N,76.502,W,0
8/6/2002,13:33:59,30.61,N,76.5,W,0
8/6/2002,13:36:00,30.608,N,76.498,W,0
8/6/2002,13:37:59,30.606,N,76.496,W,0
8/6/2002,13:40:00,30.604,N,76.494,W,0
8/6/2002,13:41:59,30.603,N,76.492,W,0
8/6/2002,13:44:00,30.601,N,76.489,W,0
8/6/2002,13:45:59,30.599,N,76.487,W,0
8/6/2002,13:48:00,30.597,N,76.485,W,0
8/6/2002,13:49:59,30.595,N,76.483,W,0
8/6/2002,13:52:00,30.594,N,76.481,W,0
8/6/2002,13:53:59,30.592,N,76.479,W,0
8/6/2002,13:56:00,30.59,N,76.477,W,0
8/6/2002,13:57:59,30.588,N,76.475,W,0
8/6/2002,14:00:00,30.587,N,76.473,W,0
8/6/2002,14:02:00,30.585,N,76.471,W,0
8/6/2002,14:03:59,30.583,N,76.469,W,0
8/6/2002,14:06:00,30.581,N,76.466,W,0
8/6/2002,14:07:59,30.58,N,76.464,W,0
8/6/2002,14:10:00,30.578,N,76.462,W,0
8/6/2002,14:11:59,30.576,N,76.46,W,0
8/6/2002,14:14:00,30.574,N,76.458,W,0
8/6/2002,14:15:59,30.573,N,76.456,W,0
8/6/2002,14:18:00,30.571,N,76.454,W,0
8/6/2002,14:19:59,30.569,N,76.452,W,0
8/6/2002,14:22:00,30.567,N,76.45,W,0
8/6/2002,14:23:59,30.566,N,76.448,W,0
8/6/2002,14:26:00,30.564,N,76.446,W,0
8/6/2002,14:27:59,30.562,N,76.444,W,0
8/6/2002,14:30:00,30.561,N,76.442,W,0
8/6/2002,14:32:00,30.559,N,76.44,W,0
8/6/2002,14:33:59,30.557,N,76.438,W,0
8/6/2002,14:36:00,30.556,N,76.436,W,0
8/6/2002,14:37:59,30.554,N,76.433,W,0
8/6/2002,14:40:00,30.552,N,76.431,W,0
8/6/2002,14:41:59,30.551,N,76.429,W,0
8/6/2002,14:44:00,30.549,N,76.427,W,0
8/6/2002,14:45:59,30.547,N,76.425,W,0
8/6/2002,14:48:00,30.546,N,76.423,W,0
8/6/2002,14:49:59,30.544,N,76.421,W,0
8/6/2002,14:52:00,30.542,N,76.419,W,0
8/6/2002,14:53:59,30.541,N,76.417,W,0
8/6/2002,14:56:00,30.539,N,76.415,W,0
8/6/2002,14:57:59,30.537,N,76.413,W,0
8/6/2002,15:00:00,30.536,N,76.411,W,0
8/6/2002,15:02:00,30.534,N,76.409,W,0
8/6/2002,15:03:59,30.533,N,76.407,W,0
8/6/2002,15:06:00,30.531,N,76.405,W,0
8/6/2002,15:07:59,30.529,N,76.403,W,0
8/6/2002,15:10:00,30.528,N,76.401,W,0
8/6/2002,15:11:59,30.526,N,76.399,W,0
8/6/2002,15:14:00,30.525,N,76.397,W,0
8/6/2002,15:15:59,30.523,N,76.395,W,0
8/6/2002,15:18:00,30.522,N,76.393,W,0
8/6/2002,15:19:59,30.52,N,76.391,W,0
8/6/2002,15:22:00,30.518,N,76.389,W,0
8/6/2002,15:23:59,30.517,N,76.387,W,0
8/6/2002,15:26:00,30.515,N,76.385,W,0
8/6/2002,15:27:59,30.514,N,76.383,W,0
8/6/2002,15:30:00,30.512,N,76.381,W,0
8/6/2002,15:32:00,30.511,N,76.379,W,0
8/6/2002,15:33:59,30.509,N,76.377,W,0
8/6/2002,15:36:00,30.508,N,76.375,W,0
8/6/2002,15:37:59,30.506,N,76.373,W,0
8/6/2002,15:40:00,30.505,N,76.371,W,0
8/6/2002,15:41:59,30.503,N,76.369,W,0
8/6/2002,15:44:00,30.502,N,76.367,W,0
8/6/2002,15:45:59,30.5,N,76.365,W,0
8/6/2002,15:48:00,30.499,N,76.363,W,0
8/6/2002,15:49:59,30.497,N,76.361,W,0
8/6/2002,15:52:00,30.496,N,76.359,W,0
8/6/2002,15:53:59,30.494,N,76.357,W,0
8/6/2002,15:56:00,30.493,N,76.355,W,0
8/6/2002,15:57:59,30.491,N,76.353,W,0
8/6/2002,16:00:00,30.49,N,76.351,W,0
8/6/2002,16:01:59,30.489,N,76.349,W,0
8/6/2002,16:04:00,30.487,N,76.347,W,0
8/6/2002,16:06:00,30.486,N,76.345,W,0
8/6/2002,16:07:59,30.484,N,76.343,W,0
8/6/2002,16:09:59,30.483,N,76.341,W,0
8/6/2002,16:12:00,30.481,N,76.339,W,0
8/6/2002,16:14:00,30.48,N,76.337,W,0
8/6/2002,16:15:59,30.479,N,76.335,W,0
8/6/2002,16:17:59,30.477,N,76.333,W,0
8/6/2002,16:20:00,30.476,N,76.331,W,0
8/6/2002,16:22:00,30.475,N,76.329,W,0
8/6/2002,16:23:59,30.473,N,76.327,W,0
8/6/2002,16:25:59,30.472,N,76.325,W,0
8/6/2002,16:28:00,30.47,N,76.323,W,0
8/6/2002,16:30:00,30.469,N,76.321,W,0
8/6/2002,16:31:59,30.468,N,76.319,W,0
8/6/2002,16:34:00,30.466,N,76.317,W,0
8/6/2002,16:36:00,30.465,N,76.315,W,0
8/6/2002,16:37:59,30.464,N,76.313,W,0
8/6/2002,16:39:59,30.462,N,76.311,W,0
8/6/2002,16:42:00,30.461,N,76.309,W,0
8/6/2002,16:44:00,30.46,N,76.307,W,0
8/6/2002,16:45:59,30.458,N,76.306,W,0
8/6/2002,16:47:59,30.457,N,76.304,W,0
8/6/2002,16:50:00,30.456,N,76.302,W,0
8/6/2002,16:52:00,30.455,N,76.3,W,0
8/6/2002,16:53:59,30.453,N,76.298,W,0
8/6/2002,16:55:59,30.452,N,76.296,W,0
8/6/2002,16:58:00,30.451,N,76.294,W,0
8/6/2002,17:00:00,30.45,N,76.292,W,0
8/6/2002,17:01:59,30.448,N,76.29,W,0
8/6/2002,17:04:00,30.447,N,76.288,W,0
8/6/2002,17:06:00,30.446,N,76.286,W,0
8/6/2002,17:07:59,30.445,N,76.284,W,0
8/6/2002,17:09:59,30.443,N,76.282,W,0
8/6/2002,17:12:00,30.442,N,76.28,W,0
8/6/2002,17:14:00,30.441,N,76.279,W,0
8/6/2002,17:15:59,30.44,N,76.277,W,0
8/6/2002,17:17:59,30.438,N,76.275,W,0
8/6/2002,17:20:00,30.437,N,76.273,W,0
8/6/2002,17:22:00,30.436,N,76.271,W,0
8/6/2002,17:23:59,30.435,N,76.269,W,0
8/6/2002,17:25:59,30.434,N,76.267,W,0
8/6/2002,17:28:00,30.433,N,76.265,W,0
8/6/2002,17:30:00,30.431,N,76.263,W,0
8/6/2002,17:31:59,30.43,N,76.261,W,0
8/6/2002,17:34:00,30.429,N,76.26,W,0
8/6/2002,17:36:00,30.428,N,76.258,W,0
8/6/2002,17:37:59,30.427,N,76.256,W,0
8/6/2002,17:39:59,30.426,N,76.254,W,0
8/6/2002,17:42:00,30.425,N,76.252,W,0
8/6/2002,17:44:00,30.423,N,76.25,W,0
8/6/2002,17:45:59,30.422,N,76.248,W,0
8/6/2002,17:47:59,30.421,N,76.246,W,0
8/6/2002,17:50:00,30.42,N,76.244,W,0
8/6/2002,17:52:00,30.419,N,76.243,W,0
8/6/2002,17:53:59,30.418,N,76.241,W,0
8/6/2002,17:55:59,30.417,N,76.239,W,0
8/6/2002,17:58:00,30.416,N,76.237,W,0
8/6/2002,18:00:00,30.415,N,76.235,W,0
8/6/2002,18:01:59,30.414,N,76.233,W,0
8/6/2002,18:04:00,30.413,N,76.231,W,0
8/6/2002,18:06:00,30.412,N,76.23,W,0
8/6/2002,18:07:59,30.411,N,76.228,W,0
8/6/2002,18:09:59,30.41,N,76.226,W,0
8/6/2002,18:12:00,30.409,N,76.224,W,0
8/6/2002,18:14:00,30.408,N,76.222,W,0
8/6/2002,18:15:59,30.407,N,76.22,W,0
8/6/2002,18:17:59,30.406,N,76.218,W,0
8/6/2002,18:20:00,30.405,N,76.217,W,0
8/6/2002,18:22:00,30.404,N,76.215,W,0
8/6/2002,18:23:59,30.403,N,76.213,W,0
8/6/2002,18:25:59,30.402,N,76.211,W,0
8/6/2002,18:28:00,30.401,N,76.209,W,0
8/6/2002,18:30:00,30.4,N,76.207,W,0
8/6/2002,18:31:59,30.399,N,76.206,W,0
8/6/2002,18:34:00,30.398,N,76.204,W,0
8/6/2002,18:36:00,30.397,N,76.202,W,0
8/6/2002,18:37:59,30.396,N,76.2,W,0
8/6/2002,18:39:59,30.395,N,76.198,W,0
8/6/2002,18:42:00,30.394,N,76.196,W,0
8/6/2002,18:44:00,30.393,N,76.195,W,0
8/6/2002,18:45:59,30.393,N,76.193,W,0
8/6/2002,18:47:59,30.392,N,76.191,W,0
8/6/2002,18:50:00,30.391,N,76.189,W,0
8/6/2002,18:52:00,30.39,N,76.187,W,0
8/6/2002,18:53:59,30.389,N,76.186,W,0
8/6/2002,18:55:59,30.388,N,76.184,W,0
8/6/2002,18:58:00,30.387,N,76.182,W,0
8/6/2002,19:00:00,30.387,N,76.18,W,0
8/6/2002,19:01:59,30.386,N,76.178,W,0
8/6/2002,19:04:00,30.385,N,76.177,W,0
8/6/2002,19:06:00,30.384,N,76.175,W,0
8/6/2002,19:07:59,30.383,N,76.173,W,0
8/6/2002,19:09:59,30.382,N,76.171,W,0
8/6/2002,19:12:00,30.382,N,76.169,W,0
8/6/2002,19:14:00,30.381,N,76.168,W,0
8/6/2002,19:15:59,30.38,N,76.166,W,0
8/6/2002,19:17:59,30.379,N,76.164,W,0
8/6/2002,19:20:00,30.379,N,76.162,W,0
8/6/2002,19:22:00,30.378,N,76.161,W,0
8/6/2002,19:23:59,30.377,N,76.159,W,0
8/6/2002,19:25:59,30.376,N,76.157,W,0
8/6/2002,19:28:00,30.376,N,76.155,W,0
8/6/2002,19:30:00,30.375,N,76.153,W,0
8/6/2002,19:31:59,30.374,N,76.152,W,0
8/6/2002,19:34:00,30.374,N,76.15,W,0
8/6/2002,19:36:00,30.373,N,76.148,W,0
8/6/2002,19:37:59,30.372,N,76.146,W,0
8/6/2002,19:39:59,30.371,N,76.145,W,0
8/6/2002,19:42:00,30.371,N,76.143,W,0
8/6/2002,19:44:00,30.37,N,76.141,W,0
8/6/2002,19:45:59,30.369,N,76.139,W,0
8/6/2002,19:47:59,30.369,N,76.138,W,0
8/6/2002,19:50:00,30.368,N,76.136,W,0
8/6/2002,19:52:00,30.368,N,76.134,W,0
8/6/2002,19:53:59,30.367,N,76.133,W,0
8/6/2002,19:55:59,30.366,N,76.131,W,0
8/6/2002,19:58:00,30.366,N,76.129,W,0
8/6/2002,20:00:00,30.365,N,76.127,W,0
8/6/2002,20:01:59,30.365,N,76.126,W,0
8/6/2002,20:04:00,30.364,N,76.124,W,0
8/6/2002,20:06:00,30.363,N,76.122,W,0
8/6/2002,20:07:59,30.363,N,76.12,W,0
8/6/2002,20:09:59,30.362,N,76.119,W,0
8/6/2002,20:12:00,30.362,N,76.117,W,0
8/6/2002,20:14:00,30.361,N,76.115,W,0
8/6/2002,20:15:59,30.361,N,76.114,W,0
8/6/2002,20:17:59,30.36,N,76.112,W,0
8/6/2002,20:20:00,30.36,N,76.11,W,0
8/6/2002,20:22:00,30.359,N,76.109,W,0
8/6/2002,20:23:59,30.359,N,76.107,W,0
8/6/2002,20:25:59,30.358,N,76.105,W,0
8/6/2002,20:28:00,30.358,N,76.103,W,0
8/6/2002,20:30:00,30.357,N,76.102,W,0
8/6/2002,20:31:59,30.357,N,76.1,W,0
8/6/2002,20:34:00,30.356,N,76.098,W,0
8/6/2002,20:36:00,30.356,N,76.097,W,0
8/6/2002,20:37:59,30.355,N,76.095,W,0
8/6/2002,20:39:59,30.355,N,76.093,W,0
8/6/2002,20:42:00,30.355,N,76.092,W,0
8/6/2002,20:44:00,30.354,N,76.09,W,0
8/6/2002,20:45:59,30.354,N,76.088,W,0
8/6/2002,20:47:59,30.353,N,76.087,W,0
8/6/2002,20:50:00,30.353,N,76.085,W,0
8/6/2002,20:52:00,30.353,N,76.083,W,0
8/6/2002,20:53:59,30.352,N,76.082,W,0
8/6/2002,20:55:59,30.352,N,76.08,W,0
8/6/2002,20:58:00,30.352,N,76.078,W,0
8/6/2002,21:00:00,30.351,N,76.077,W,0
8/6/2002,21:01:59,30.351,N,76.075,W,0
8/6/2002,21:04:00,30.351,N,76.073,W,0
8/6/2002,21:06:00,30.35,N,76.072,W,0
8/6/2002,21:07:59,30.35,N,76.07,W,0
8/6/2002,21:09:59,30.35,N,76.069,W,0
8/6/2002,21:12:00,30.349,N,76.067,W,0
8/6/2002,21:14:00,30.349,N,76.065,W,0
8/6/2002,21:15:59,30.349,N,76.064,W,0
8/6/2002,21:17:59,30.349,N,76.062,W,0
8/6/2002,21:20:00,30.348,N,76.06,W,0
8/6/2002,21:22:00,30.348,N,76.059,W,0
8/6/2002,21:23:59,30.348,N,76.057,W,0
8/6/2002,21:25:59,30.348,N,76.056,W,0
8/6/2002,21:28:00,30.347,N,76.054,W,0
8/6/2002,21:30:00,30.347,N,76.052,W,0
8/6/2002,21:31:59,30.347,N,76.051,W,0
8/6/2002,21:34:00,30.347,N,76.049,W,0
8/6/2002,21:36:00,30.347,N,76.048,W,0
8/6/2002,21:37:59,30.346,N,76.046,W,0
8/6/2002,21:39:59,30.346,N,76.044,W,0
8/6/2002,21:42:00,30.346,N,76.043,W,0
8/6/2002,21:44:00,30.346,N,76.041,W,0
8/6/2002,21:45:59,30.346,N,76.04,W,0
8/6/2002,21:47:59,30.346,N,76.038,W,0
8/6/2002,21:50:00,30.346,N,76.037,W,0
8/6/2002,21:52:00,30.346,N,76.035,W,0
8/6/2002,21:53:59,30.345,N,76.033,W,0
8/6/2002,21:55:59,30.345,N,76.032,W,0
8/6/2002,21:58:00,30.345,N,76.03,W,0
8/6/2002,22:00:00,30.345,N,76.029,W,0
8/6/2002,22:01:59,30.345,N,76.027,W,0
8/6/2002,22:04:00,30.345,N,76.026,W,0
8/6/2002,22:06:00,30.345,N,76.024,W,0
8/6/2002,22:07:59,30.345,N,76.022,W,0
8/6/2002,22:09:59,30.345,N,76.021,W,0
8/6/2002,22:12:00,30.345,N,76.019,W,0
8/6/2002,22:14:00,30.345,N,76.018,W,0
8/6/2002,22:15:03,30.345,N,76.017,W,0
8/6/2002,22:17:02,30.344,N,76.015,W,0
8/6/2002,22:19:02,30.343,N,76.013,W,0
8/6/2002,22:21:03,30.342,N,76.011,W,0
8/6/2002,22:23:03,30.341,N,76.009,W,0
8/6/2002,22:25:02,30.34,N,76.007,W,0
8/6/2002,22:27:03,30.339,N,76.006,W,0
8/6/2002,22:29:03,30.338,N,76.004,W,0
8/6/2002,22:31:02,30.336,N,76.002,W,0
8/6/2002,22:33:02,30.335,N,76,W,0
8/6/2002,22:35:03,30.334,N,75.998,W,0
8/6/2002,22:37:03,30.333,N,75.996,W,0
8/6/2002,22:39:02,30.332,N,75.994,W,0
8/6/2002,22:41:02,30.331,N,75.992,W,0
8/6/2002,22:43:03,30.33,N,75.99,W,0
8/6/2002,22:45:03,30.329,N,75.988,W,0
8/6/2002,22:47:02,30.328,N,75.987,W,0
8/6/2002,22:49:02,30.327,N,75.985,W,0
8/6/2002,22:51:03,30.326,N,75.983,W,0
8/6/2002,22:53:03,30.325,N,75.981,W,0
8/6/2002,22:55:02,30.324,N,75.979,W,0
8/6/2002,22:57:03,30.323,N,75.977,W,0
8/6/2002,22:59:03,30.322,N,75.975,W,0
8/6/2002,23:01:02,30.321,N,75.973,W,0
8/6/2002,23:03:02,30.32,N,75.971,W,0
8/6/2002,23:05:03,30.318,N,75.969,W,0
8/6/2002,23:07:03,30.317,N,75.967,W,0
8/6/2002,23:09:02,30.316,N,75.966,W,0
8/6/2002,23:11:02,30.315,N,75.964,W,0
8/6/2002,23:13:03,30.314,N,75.962,W,0
8/6/2002,23:15:03,30.313,N,75.96,W,0
8/6/2002,23:17:02,30.312,N,75.958,W,0
8/6/2002,23:19:02,30.311,N,75.956,W,0
8/6/2002,23:21:03,30.31,N,75.954,W,0
8/6/2002,23:23:03,30.309,N,75.952,W,0
8/6/2002,23:25:02,30.308,N,75.95,W,0
8/6/2002,23:27:03,30.307,N,75.949,W,0
8/6/2002,23:29:03,30.306,N,75.947,W,0
8/6/2002,23:31:02,30.305,N,75.945,W,0
8/6/2002,23:33:02,30.304,N,75.943,W,0
8/6/2002,23:35:03,30.303,N,75.941,W,0
8/6/2002,23:37:03,30.302,N,75.939,W,0
8/6/2002,23:39:02,30.301,N,75.937,W,0
8/6/2002,23:41:02,30.3,N,75.935,W,0
8/6/2002,23:43:03,30.299,N,75.933,W,0
8/6/2002,23:45:03,30.298,N,75.932,W,0
8/6/2002,23:47:02,30.296,N,75.93,W,0
8/6/2002,23:49:02,30.295,N,75.928,W,0
8/6/2002,23:51:03,30.294,N,75.926,W,0
8/6/2002,23:53:03,30.293,N,75.924,W,0
8/6/2002,23:55:02,30.292,N,75.922,W,0
8/6/2002,23:57:03,30.291,N,75.92,W,0
8/6/2002,23:59:03,30.29,N,75.918,W,0
8/7/2002,0:01:02,30.289,N,75.917,W,0
8/7/2002,0:03:02,30.288,N,75.915,W,0
8/7/2002,0:05:03,30.287,N,75.913,W,0
8/7/2002,0:07:03,30.286,N,75.911,W,0
8/7/2002,0:09:02,30.285,N,75.909,W,0
8/7/2002,0:11:02,30.284,N,75.907,W,0
8/7/2002,0:13:03,30.283,N,75.905,W,0
8/7/2002,0:15:03,30.282,N,75.903,W,0
8/7/2002,0:17:02,30.281,N,75.902,W,0
8/7/2002,0:19:02,30.28,N,75.9,W,0
8/7/2002,0:21:03,30.279,N,75.898,W,0
8/7/2002,0:23:03,30.278,N,75.896,W,0
8/7/2002,0:25:02,30.277,N,75.894,W,0
8/7/2002,0:27:03,30.276,N,75.892,W,0
8/7/2002,0:29:03,30.275,N,75.891,W,0
8/7/2002,0:31:02,30.274,N,75.889,W,0
8/7/2002,0:33:02,30.273,N,75.887,W,0
8/7/2002,0:35:03,30.272,N,75.885,W,0
8/7/2002,0:37:03,30.271,N,75.883,W,0
8/7/2002,0:39:02,30.27,N,75.881,W,0
8/7/2002,0:41:02,30.269,N,75.879,W,0
8/7/2002,0:43:03,30.268,N,75.878,W,0
8/7/2002,0:45:03,30.267,N,75.876,W,0
8/7/2002,0:47:02,30.265,N,75.874,W,0
8/7/2002,0:49:02,30.264,N,75.872,W,0
8/7/2002,0:51:03,30.263,N,75.87,W,0
8/7/2002,0:53:03,30.262,N,75.869,W,0
8/7/2002,0:55:02,30.261,N,75.867,W,0
8/7/2002,0:57:03,30.26,N,75.865,W,0
8/7/2002,0:59:03,30.259,N,75.863,W,0
8/7/2002,1:01:02,30.258,N,75.861,W,0
8/7/2002,1:03:02,30.257,N,75.859,W,0
8/7/2002,1:05:03,30.256,N,75.858,W,0
8/7/2002,1:07:03,30.255,N,75.856,W,0
8/7/2002,1:09:02,30.254,N,75.854,W,0
8/7/2002,1:11:02,30.253,N,75.852,W,0
8/7/2002,1:13:03,30.252,N,75.85,W,0
8/7/2002,1:15:03,30.251,N,75.849,W,0
8/7/2002,1:17:02,30.25,N,75.847,W,0
8/7/2002,1:19:02,30.249,N,75.845,W,0
8/7/2002,1:21:03,30.248,N,75.843,W,0
8/7/2002,1:23:03,30.247,N,75.842,W,0
8/7/2002,1:25:02,30.246,N,75.84,W,0
8/7/2002,1:27:03,30.245,N,75.838,W,0
8/7/2002,1:29:03,30.244,N,75.836,W,0
8/7/2002,1:31:02,30.243,N,75.834,W,0
8/7/2002,1:33:02,30.242,N,75.833,W,0
8/7/2002,1:35:03,30.241,N,75.831,W,0
8/7/2002,1:37:03,30.24,N,75.829,W,0
8/7/2002,1:39:02,30.239,N,75.827,W,0
8/7/2002,1:41:02,30.238,N,75.826,W,0
8/7/2002,1:43:03,30.237,N,75.824,W,0
8/7/2002,1:45:03,30.236,N,75.822,W,0
8/7/2002,1:47:02,30.235,N,75.82,W,0
8/7/2002,1:49:02,30.234,N,75.819,W,0
8/7/2002,1:51:03,30.233,N,75.817,W,0
8/7/2002,1:53:03,30.232,N,75.815,W,0
8/7/2002,1:55:02,30.231,N,75.813,W,0
8/7/2002,1:57:03,30.23,N,75.812,W,0
8/7/2002,1:59:03,30.229,N,75.81,W,0
8/7/2002,2:01:02,30.228,N,75.808,W,0
8/7/2002,2:03:02,30.227,N,75.807,W,0
8/7/2002,2:05:03,30.226,N,75.805,W,0
8/7/2002,2:07:03,30.225,N,75.803,W,0
8/7/2002,2:09:02,30.224,N,75.801,W,0
8/7/2002,2:11:02,30.223,N,75.8,W,0
8/7/2002,2:13:03,30.221,N,75.798,W,0
8/7/2002,2:15:03,30.22,N,75.796,W,0
8/7/2002,2:17:02,30.219,N,75.795,W,0
8/7/2002,2:19:02,30.218,N,75.793,W,0
8/7/2002,2:21:03,30.217,N,75.791,W,0
8/7/2002,2:23:03,30.216,N,75.79,W,0
8/7/2002,2:25:02,30.215,N,75.788,W,0
8/7/2002,2:27:03,30.214,N,75.786,W,0
8/7/2002,2:29:03,30.213,N,75.785,W,0
8/7/2002,2:31:02,30.212,N,75.783,W,0
8/7/2002,2:33:02,30.211,N,75.781,W,0
8/7/2002,2:35:03,30.21,N,75.78,W,0
8/7/2002,2:37:03,30.209,N,75.778,W,0
8/7/2002,2:39:02,30.208,N,75.776,W,0
8/7/2002,2:41:02,30.207,N,75.775,W,0
8/7/2002,2:43:03,30.206,N,75.773,W,0
8/7/2002,2:45:03,30.205,N,75.771,W,0
8/7/2002,2:47:02,30.204,N,75.77,W,0
8/7/2002,2:49:02,30.203,N,75.768,W,0
8/7/2002,2:51:03,30.202,N,75.766,W,0
8/7/2002,2:53:03,30.201,N,75.765,W,0
8/7/2002,2:55:02,30.2,N,75.763,W,0
8/7/2002,2:57:03,30.199,N,75.762,W,0
8/7/2002,2:59:03,30.198,N,75.76,W,0
8/7/2002,3:01:02,30.197,N,75.758,W,0
8/7/2002,3:03:02,30.196,N,75.757,W,0
8/7/2002,3:05:03,30.195,N,75.755,W,0
8/7/2002,3:07:03,30.194,N,75.754,W,0
8/7/2002,3:09:02,30.193,N,75.752,W,0
8/7/2002,3:11:02,30.192,N,75.75,W,0
8/7/2002,3:13:03,30.191,N,75.749,W,0
8/7/2002,3:15:03,30.19,N,75.747,W,0
8/7/2002,3:17:02,30.189,N,75.746,W,0
8/7/2002,3:19:02,30.188,N,75.744,W,0
8/7/2002,3:21:03,30.187,N,75.743,W,0
8/7/2002,3:23:03,30.186,N,75.741,W,0
8/7/2002,3:25:02,30.185,N,75.74,W,0
8/7/2002,3:27:03,30.184,N,75.738,W,0
8/7/2002,3:29:03,30.183,N,75.736,W,0
8/7/2002,3:31:02,30.182,N,75.735,W,0
8/7/2002,3:33:02,30.181,N,75.733,W,0
8/7/2002,3:35:03,30.18,N,75.732,W,0
8/7/2002,3:37:03,30.179,N,75.73,W,0
8/7/2002,3:39:02,30.178,N,75.729,W,0
8/7/2002,3:41:02,30.177,N,75.727,W,0
8/7/2002,3:43:03,30.176,N,75.726,W,0
8/7/2002,3:45:03,30.174,N,75.724,W,0
8/7/2002,3:47:02,30.173,N,75.723,W,0
8/7/2002,3:49:02,30.172,N,75.721,W,0
8/7/2002,3:51:03,30.171,N,75.72,W,0
8/7/2002,3:53:03,30.17,N,75.718,W,0
8/7/2002,3:55:02,30.169,N,75.717,W,0
8/7/2002,3:57:03,30.168,N,75.715,W,0
8/7/2002,3:59:03,30.167,N,75.714,W,0
8/7/2002,4:01:02,30.166,N,75.713,W,0
8/7/2002,4:03:02,30.165,N,75.711,W,0
8/7/2002,4:05:03,30.164,N,75.71,W,0
8/7/2002,4:07:03,30.163,N,75.708,W,0
8/7/2002,4:09:02,30.162,N,75.707,W,0
8/7/2002,4:11:02,30.161,N,75.705,W,0
8/7/2002,4:13:03,30.16,N,75.704,W,0
8/7/2002,4:15:03,30.159,N,75.703,W,0
8/7/2002,4:17:02,30.158,N,75.701,W,0
8/7/2002,4:19:02,30.157,N,75.7,W,0
8/7/2002,4:21:03,30.156,N,75.698,W,0
8/7/2002,4:23:03,30.155,N,75.697,W,0
8/7/2002,4:25:02,30.154,N,75.696,W,0
8/7/2002,4:27:03,30.153,N,75.694,W,0
8/7/2002,4:29:03,30.152,N,75.693,W,0
8/7/2002,4:31:02,30.151,N,75.691,W,0
8/7/2002,4:33:02,30.15,N,75.69,W,0
8/7/2002,4:35:03,30.149,N,75.689,W,0
8/7/2002,4:37:03,30.148,N,75.687,W,0
8/7/2002,4:39:02,30.147,N,75.686,W,0
8/7/2002,4:41:02,30.146,N,75.685,W,0
8/7/2002,4:43:03,30.145,N,75.683,W,0
8/7/2002,4:45:03,30.144,N,75.682,W,0
8/7/2002,4:47:02,30.142,N,75.681,W,0
8/7/2002,4:49:02,30.141,N,75.679,W,0
8/7/2002,4:51:03,30.14,N,75.678,W,0
8/7/2002,4:53:03,30.139,N,75.677,W,0
8/7/2002,4:55:02,30.138,N,75.676,W,0
8/7/2002,4:57:03,30.137,N,75.674,W,0
8/7/2002,4:59:03,30.136,N,75.673,W,0
8/7/2002,5:01:02,30.135,N,75.672,W,0
8/7/2002,5:03:02,30.134,N,75.67,W,0
8/7/2002,5:05:03,30.133,N,75.669,W,0
8/7/2002,5:07:03,30.132,N,75.668,W,0
8/7/2002,5:09:02,30.131,N,75.667,W,0
8/7/2002,5:11:02,30.13,N,75.665,W,0
8/7/2002,5:13:03,30.129,N,75.664,W,0
8/7/2002,5:15:03,30.128,N,75.663,W,0
8/7/2002,5:17:02,30.127,N,75.662,W,0
8/7/2002,5:19:02,30.126,N,75.66,W,0
8/7/2002,5:21:03,30.125,N,75.659,W,0
8/7/2002,5:23:03,30.124,N,75.658,W,0
8/7/2002,5:25:02,30.123,N,75.657,W,0
8/7/2002,5:27:03,30.122,N,75.656,W,0
8/7/2002,5:29:03,30.121,N,75.655,W,0
8/7/2002,5:31:02,30.12,N,75.653,W,0
8/7/2002,5:33:02,30.118,N,75.652,W,0
8/7/2002,5:35:03,30.117,N,75.651,W,0
8/7/2002,5:37:03,30.116,N,75.65,W,0
8/7/2002,5:39:02,30.115,N,75.649,W,0
8/7/2002,5:41:02,30.114,N,75.648,W,0
8/7/2002,5:43:03,30.113,N,75.646,W,0
8/7/2002,5:45:03,30.112,N,75.645,W,0
8/7/2002,5:47:02,30.111,N,75.644,W,0
8/7/2002,5:49:02,30.11,N,75.643,W,0
8/7/2002,5:51:03,30.109,N,75.642,W,0
8/7/2002,5:53:03,30.108,N,75.641,W,0
8/7/2002,5:55:02,30.107,N,75.64,W,0
8/7/2002,5:57:03,30.106,N,75.639,W,0
8/7/2002,5:59:03,30.105,N,75.638,W,0
8/7/2002,6:01:02,30.104,N,75.637,W,0
8/7/2002,6:03:02,30.103,N,75.636,W,0
8/7/2002,6:05:03,30.102,N,75.634,W,0
8/7/2002,6:07:03,30.1,N,75.633,W,0
8/7/2002,6:09:02,30.099,N,75.632,W,0
8/7/2002,6:11:02,30.098,N,75.631,W,0
8/7/2002,6:13:03,30.097,N,75.63,W,0
8/7/2002,6:15:03,30.096,N,75.629,W,0
8/7/2002,6:17:02,30.095,N,75.628,W,0
8/7/2002,6:19:02,30.094,N,75.627,W,0
8/7/2002,6:21:03,30.093,N,75.626,W,0
8/7/2002,6:23:03,30.092,N,75.625,W,0
8/7/2002,6:25:02,30.091,N,75.624,W,0
8/7/2002,6:27:03,30.09,N,75.623,W,0
8/7/2002,6:29:03,30.089,N,75.622,W,0
8/7/2002,6:31:02,30.088,N,75.622,W,0
8/7/2002,6:33:02,30.087,N,75.621,W,0
8/7/2002,6:35:03,30.085,N,75.62,W,0
8/7/2002,6:37:03,30.084,N,75.619,W,0
8/7/2002,6:39:02,30.083,N,75.618,W,0
8/7/2002,6:41:02,30.082,N,75.617,W,0
8/7/2002,6:43:03,30.081,N,75.616,W,0
8/7/2002,6:45:03,30.08,N,75.615,W,0
8/7/2002,6:47:02,30.079,N,75.614,W,0
8/7/2002,6:49:02,30.078,N,75.613,W,0
8/7/2002,6:51:03,30.077,N,75.612,W,0
8/7/2002,6:53:03,30.076,N,75.612,W,0
8/7/2002,6:55:02,30.075,N,75.611,W,0
8/7/2002,6:57:03,30.074,N,75.61,W,0
8/7/2002,6:59:03,30.073,N,75.609,W,0
8/7/2002,7:01:02,30.071,N,75.608,W,0
8/7/2002,7:03:02,30.07,N,75.607,W,0
8/7/2002,7:05:03,30.069,N,75.607,W,0
8/7/2002,7:07:03,30.068,N,75.606,W,0
8/7/2002,7:09:02,30.067,N,75.605,W,0
8/7/2002,7:11:02,30.066,N,75.604,W,0
8/7/2002,7:13:03,30.065,N,75.603,W,0
8/7/2002,7:15:03,30.064,N,75.603,W,0
8/7/2002,7:17:02,30.063,N,75.602,W,0
8/7/2002,7:19:02,30.062,N,75.601,W,0
8/7/2002,7:21:03,30.061,N,75.6,W,0
8/7/2002,7:23:03,30.059,N,75.6,W,0
8/7/2002,7:25:02,30.058,N,75.599,W,0
8/7/2002,7:27:03,30.057,N,75.598,W,0
8/7/2002,7:29:03,30.056,N,75.598,W,0
8/7/2002,7:31:02,30.055,N,75.597,W,0
8/7/2002,7:33:02,30.054,N,75.596,W,0
8/7/2002,7:35:03,30.053,N,75.595,W,0
8/7/2002,7:37:03,30.052,N,75.595,W,0
8/7/2002,7:39:02,30.051,N,75.594,W,0
8/7/2002,7:41:02,30.049,N,75.593,W,0
8/7/2002,7:43:03,30.048,N,75.593,W,0
8/7/2002,7:45:03,30.047,N,75.592,W,0
8/7/2002,7:47:02,30.046,N,75.592,W,0
8/7/2002,7:49:02,30.045,N,75.591,W,0
8/7/2002,7:51:03,30.044,N,75.59,W,0
8/7/2002,7:53:03,30.043,N,75.59,W,0
8/7/2002,7:55:02,30.042,N,75.589,W,0
8/7/2002,7:57:03,30.041,N,75.589,W,0
8/7/2002,7:59:03,30.039,N,75.588,W,0
8/7/2002,8:01:03,30.038,N,75.587,W,0
8/7/2002,8:03:03,30.037,N,75.587,W,0
8/7/2002,8:05:03,30.036,N,75.586,W,0
8/7/2002,8:07:03,30.035,N,75.586,W,0
8/7/2002,8:09:02,30.034,N,75.585,W,0
8/7/2002,8:11:02,30.033,N,75.585,W,0
8/7/2002,8:13:02,30.032,N,75.584,W,0
8/7/2002,8:15:02,30.03,N,75.584,W,0
8/7/2002,8:17:03,30.029,N,75.583,W,0
8/7/2002,8:19:03,30.028,N,75.583,W,0
8/7/2002,8:21:03,30.027,N,75.582,W,0
8/7/2002,8:23:03,30.026,N,75.582,W,0
8/7/2002,8:25:02,30.025,N,75.581,W,0
8/7/2002,8:27:02,30.024,N,75.581,W,0
8/7/2002,8:29:02,30.023,N,75.581,W,0
8/7/2002,8:31:03,30.021,N,75.58,W,0
8/7/2002,8:33:03,30.02,N,75.58,W,0
8/7/2002,8:35:03,30.019,N,75.579,W,0
8/7/2002,8:37:03,30.018,N,75.579,W,0
8/7/2002,8:39:02,30.017,N,75.579,W,0
8/7/2002,8:41:02,30.016,N,75.578,W,0
8/7/2002,8:43:02,30.015,N,75.578,W,0
8/7/2002,8:45:02,30.013,N,75.578,W,0
8/7/2002,8:47:03,30.012,N,75.577,W,0
8/7/2002,8:49:03,30.011,N,75.577,W,0
8/7/2002,8:51:03,30.01,N,75.577,W,0
8/7/2002,8:53:03,30.009,N,75.576,W,0
8/7/2002,8:55:02,30.008,N,75.576,W,0
8/7/2002,8:57:02,30.006,N,75.576,W,0
8/7/2002,8:59:02,30.005,N,75.575,W,0
8/7/2002,9:01:03,30.004,N,75.575,W,0
8/7/2002,9:03:03,30.003,N,75.575,W,0
8/7/2002,9:05:03,30.002,N,75.575,W,0
8/7/2002,9:07:03,30.001,N,75.574,W,0
8/7/2002,9:09:02,30,N,75.574,W,0
8/7/2002,9:11:02,29.998,N,75.574,W,0
8/7/2002,9:13:02,29.997,N,75.574,W,0
8/7/2002,9:15:02,29.996,N,75.574,W,0
8/7/2002,9:17:03,29.995,N,75.573,W,0
8/7/2002,9:19:03,29.994,N,75.573,W,0
8/7/2002,9:21:03,29.993,N,75.573,W,0
8/7/2002,9:23:03,29.991,N,75.573,W,0
8/7/2002,9:25:02,29.99,N,75.573,W,0
8/7/2002,9:27:02,29.989,N,75.573,W,0
8/7/2002,9:29:02,29.988,N,75.572,W,0
8/7/2002,9:31:03,29.987,N,75.572,W,0
8/7/2002,9:33:03,29.985,N,75.572,W,0
8/7/2002,9:35:03,29.984,N,75.572,W,0
8/7/2002,9:37:03,29.983,N,75.572,W,0
8/7/2002,9:39:02,29.982,N,75.572,W,0
8/7/2002,9:41:02,29.981,N,75.572,W,0
8/7/2002,9:43:02,29.98,N,75.572,W,0
8/7/2002,9:45:02,29.978,N,75.572,W,0
8/7/2002,9:47:03,29.977,N,75.572,W,0
8/7/2002,9:49:03,29.976,N,75.572,W,0
8/7/2002,9:51:03,29.975,N,75.572,W,0
8/7/2002,9:53:03,29.974,N,75.572,W,0
8/7/2002,9:55:02,29.972,N,75.572,W,0
8/7/2002,9:57:02,29.971,N,75.572,W,0
8/7/2002,9:59:02,29.97,N,75.572,W,0
8/7/2002,10:01:03,29.969,N,75.572,W,0
8/7/2002,10:03:03,29.968,N,75.572,W,0
8/7/2002,10:05:03,29.966,N,75.572,W,0
8/7/2002,10:07:03,29.965,N,75.572,W,0
8/7/2002,10:09:02,29.964,N,75.572,W,0
8/7/2002,10:11:02,29.963,N,75.572,W,0
8/7/2002,10:13:02,29.962,N,75.572,W,0
8/7/2002,10:15:02,29.96,N,75.572,W,0
8/7/2002,10:17:03,29.959,N,75.572,W,0
8/7/2002,10:19:03,29.958,N,75.572,W,0
8/7/2002,10:21:03,29.957,N,75.572,W,0
8/7/2002,10:23:03,29.956,N,75.572,W,0
8/7/2002,10:25:02,29.954,N,75.573,W,0
8/7/2002,10:27:02,29.953,N,75.573,W,0
8/7/2002,10:29:02,29.952,N,75.573,W,0
8/7/2002,10:31:03,29.951,N,75.573,W,0
8/7/2002,10:33:03,29.95,N,75.573,W,0
8/7/2002,10:35:03,29.948,N,75.573,W,0
8/7/2002,10:37:03,29.947,N,75.573,W,0
8/7/2002,10:39:02,29.946,N,75.574,W,0
8/7/2002,10:41:02,29.945,N,75.574,W,0
8/7/2002,10:43:02,29.944,N,75.574,W,0
8/7/2002,10:45:02,29.942,N,75.574,W,0
8/7/2002,10:47:03,29.941,N,75.574,W,0
8/7/2002,10:49:03,29.94,N,75.575,W,0
8/7/2002,10:51:03,29.939,N,75.575,W,0
8/7/2002,10:53:03,29.937,N,75.575,W,0
8/7/2002,10:55:02,29.936,N,75.575,W,0
8/7/2002,10:57:02,29.935,N,75.576,W,0
8/7/2002,10:59:02,29.934,N,75.576,W,0
8/7/2002,11:01:03,29.933,N,75.576,W,0
8/7/2002,11:03:03,29.931,N,75.576,W,0
8/7/2002,11:05:03,29.93,N,75.577,W,0
8/7/2002,11:07:03,29.929,N,75.577,W,0
8/7/2002,11:09:02,29.928,N,75.577,W,0
8/7/2002,11:11:02,29.926,N,75.578,W,0
8/7/2002,11:13:02,29.925,N,75.578,W,0
8/7/2002,11:15:02,29.924,N,75.578,W,0
8/7/2002,11:17:03,29.923,N,75.579,W,0
8/7/2002,11:19:03,29.921,N,75.579,W,0
8/7/2002,11:21:03,29.92,N,75.579,W,0
8/7/2002,11:23:03,29.919,N,75.58,W,0
8/7/2002,11:25:02,29.918,N,75.58,W,0
8/7/2002,11:27:02,29.916,N,75.58,W,0
8/7/2002,11:29:02,29.915,N,75.581,W,0
8/7/2002,11:31:03,29.914,N,75.581,W,0
8/7/2002,11:33:03,29.913,N,75.582,W,0
8/7/2002,11:35:03,29.911,N,75.582,W,0
8/7/2002,11:37:03,29.91,N,75.582,W,0
8/7/2002,11:39:02,29.909,N,75.583,W,0
8/7/2002,11:41:02,29.908,N,75.583,W,0
8/7/2002,11:43:02,29.906,N,75.584,W,0
8/7/2002,11:45:02,29.905,N,75.584,W,0
8/7/2002,11:47:03,29.904,N,75.584,W,0
8/7/2002,11:49:03,29.903,N,75.585,W,0
8/7/2002,11:51:03,29.901,N,75.585,W,0
8/7/2002,11:53:03,29.9,N,75.586,W,0
8/7/2002,11:55:02,29.899,N,75.586,W,0
8/7/2002,11:57:02,29.898,N,75.587,W,0
8/7/2002,11:59:02,29.896,N,75.587,W,0
8/7/2002,12:01:03,29.895,N,75.588,W,0
8/7/2002,12:03:03,29.894,N,75.588,W,0
8/7/2002,12:05:03,29.893,N,75.589,W,0
8/7/2002,12:07:03,29.891,N,75.589,W,0
8/7/2002,12:09:02,29.89,N,75.59,W,0
8/7/2002,12:11:02,29.889,N,75.59,W,0
8/7/2002,12:13:02,29.888,N,75.591,W,0
8/7/2002,12:15:02,29.886,N,75.591,W,0
8/7/2002,12:17:03,29.885,N,75.592,W,0
8/7/2002,12:19:03,29.884,N,75.593,W,0
8/7/2002,12:21:03,29.883,N,75.593,W,0
8/7/2002,12:23:03,29.881,N,75.594,W,0
8/7/2002,12:25:02,29.88,N,75.594,W,0
8/7/2002,12:27:02,29.879,N,75.595,W,0
8/7/2002,12:29:02,29.878,N,75.595,W,0
8/7/2002,12:31:03,29.876,N,75.596,W,0
8/7/2002,12:33:03,29.875,N,75.597,W,0
8/7/2002,12:35:03,29.874,N,75.597,W,0
8/7/2002,12:37:03,29.872,N,75.598,W,0
8/7/2002,12:39:02,29.871,N,75.599,W,0
8/7/2002,12:41:02,29.87,N,75.599,W,0
8/7/2002,12:43:02,29.869,N,75.6,W,0
8/7/2002,12:45:02,29.867,N,75.6,W,0
8/7/2002,12:47:03,29.866,N,75.601,W,0
8/7/2002,12:49:03,29.865,N,75.602,W,0
8/7/2002,12:51:03,29.864,N,75.602,W,0
8/7/2002,12:53:03,29.862,N,75.603,W,0
8/7/2002,12:55:02,29.861,N,75.604,W,0
8/7/2002,12:57:02,29.86,N,75.604,W,0
8/7/2002,12:59:02,29.858,N,75.605,W,0
8/7/2002,13:01:03,29.857,N,75.606,W,0
8/7/2002,13:03:03,29.856,N,75.606,W,0
8/7/2002,13:05:03,29.855,N,75.607,W,0
8/7/2002,13:07:03,29.853,N,75.608,W,0
8/7/2002,13:09:02,29.852,N,75.609,W,0
8/7/2002,13:11:02,29.851,N,75.609,W,0
8/7/2002,13:13:02,29.849,N,75.61,W,0
8/7/2002,13:15:02,29.848,N,75.611,W,0
8/7/2002,13:17:03,29.847,N,75.611,W,0
8/7/2002,13:19:03,29.846,N,75.612,W,0
8/7/2002,13:21:03,29.844,N,75.613,W,0
8/7/2002,13:23:03,29.843,N,75.614,W,0
8/7/2002,13:25:02,29.842,N,75.614,W,0
8/7/2002,13:27:02,29.84,N,75.615,W,0
8/7/2002,13:29:02,29.839,N,75.616,W,0
8/7/2002,13:31:03,29.838,N,75.617,W,0
8/7/2002,13:33:03,29.837,N,75.618,W,0
8/7/2002,13:35:03,29.835,N,75.618,W,0
8/7/2002,13:37:03,29.834,N,75.619,W,0
8/7/2002,13:39:02,29.833,N,75.62,W,0
8/7/2002,13:41:02,29.831,N,75.621,W,0
8/7/2002,13:43:02,29.83,N,75.622,W,0
8/7/2002,13:45:02,29.829,N,75.622,W,0
8/7/2002,13:47:03,29.827,N,75.623,W,0
8/7/2002,13:49:03,29.826,N,75.624,W,0
8/7/2002,13:51:03,29.825,N,75.625,W,0
8/7/2002,13:53:03,29.824,N,75.626,W,0
8/7/2002,13:55:02,29.822,N,75.627,W,0
8/7/2002,13:57:02,29.821,N,75.627,W,0
8/7/2002,13:59:02,29.82,N,75.628,W,0
8/7/2002,14:01:03,29.818,N,75.629,W,0
8/7/2002,14:03:03,29.817,N,75.63,W,0
8/7/2002,14:05:03,29.816,N,75.631,W,0
8/7/2002,14:07:03,29.814,N,75.632,W,0
8/7/2002,14:09:02,29.813,N,75.633,W,0
8/7/2002,14:11:02,29.812,N,75.633,W,0
8/7/2002,14:13:02,29.81,N,75.634,W,0
8/7/2002,14:15:02,29.809,N,75.635,W,0
8/7/2002,14:17:03,29.808,N,75.636,W,0
8/7/2002,14:19:03,29.807,N,75.637,W,0
8/7/2002,14:21:03,29.805,N,75.638,W,0
8/7/2002,14:23:03,29.804,N,75.639,W,0
8/7/2002,14:25:02,29.803,N,75.64,W,0
8/7/2002,14:27:02,29.801,N,75.641,W,0
8/7/2002,14:29:02,29.8,N,75.642,W,0
8/7/2002,14:31:03,29.799,N,75.642,W,0
8/7/2002,14:33:03,29.797,N,75.643,W,0
8/7/2002,14:35:03,29.796,N,75.644,W,0
8/7/2002,14:37:03,29.795,N,75.645,W,0
8/7/2002,14:39:02,29.793,N,75.646,W,0
8/7/2002,14:41:02,29.792,N,75.647,W,0
8/7/2002,14:43:02,29.791,N,75.648,W,0
8/7/2002,14:45:02,29.789,N,75.649,W,0
8/7/2002,14:47:03,29.788,N,75.65,W,0
8/7/2002,14:49:03,29.787,N,75.651,W,0
8/7/2002,14:51:03,29.786,N,75.652,W,0
8/7/2002,14:53:03,29.784,N,75.653,W,0
8/7/2002,14:55:02,29.783,N,75.654,W,0
8/7/2002,14:57:02,29.782,N,75.655,W,0
8/7/2002,14:59:02,29.78,N,75.656,W,0
8/7/2002,15:01:03,29.779,N,75.657,W,0
8/7/2002,15:03:03,29.778,N,75.658,W,0
8/7/2002,15:05:03,29.776,N,75.659,W,0
8/7/2002,15:07:03,29.775,N,75.66,W,0
8/7/2002,15:09:02,29.774,N,75.661,W,0
8/7/2002,15:11:02,29.772,N,75.662,W,0
8/7/2002,15:13:02,29.771,N,75.663,W,0
8/7/2002,15:15:02,29.77,N,75.664,W,0
8/7/2002,15:17:03,29.768,N,75.665,W,0
8/7/2002,15:19:03,29.767,N,75.666,W,0
8/7/2002,15:21:03,29.766,N,75.667,W,0
8/7/2002,15:23:03,29.764,N,75.668,W,0
8/7/2002,15:25:02,29.763,N,75.669,W,0
8/7/2002,15:27:02,29.762,N,75.67,W,0
8/7/2002,15:29:02,29.76,N,75.671,W,0
8/7/2002,15:31:03,29.759,N,75.672,W,0
8/7/2002,15:33:03,29.758,N,75.673,W,0
8/7/2002,15:35:03,29.756,N,75.674,W,0
8/7/2002,15:37:03,29.755,N,75.675,W,0
8/7/2002,15:39:02,29.754,N,75.676,W,0
8/7/2002,15:41:02,29.752,N,75.678,W,0
8/7/2002,15:43:02,29.751,N,75.679,W,0
8/7/2002,15:45:02,29.75,N,75.68,W,0
8/7/2002,15:47:03,29.748,N,75.681,W,0
8/7/2002,15:49:03,29.747,N,75.682,W,0
8/7/2002,15:51:03,29.746,N,75.683,W,0
8/7/2002,15:53:03,29.744,N,75.684,W,0
8/7/2002,15:55:02,29.743,N,75.685,W,0
8/7/2002,15:57:02,29.742,N,75.686,W,0
8/7/2002,15:59:02,29.74,N,75.687,W,0
8/7/2002,16:01:03,29.739,N,75.688,W,0
8/7/2002,16:03:03,29.738,N,75.689,W,0
8/7/2002,16:05:03,29.736,N,75.691,W,0
8/7/2002,16:07:03,29.735,N,75.692,W,0
8/7/2002,16:09:02,29.734,N,75.693,W,0
8/7/2002,16:11:02,29.732,N,75.694,W,0
8/7/2002,16:13:02,29.731,N,75.695,W,0
8/7/2002,16:15:02,29.73,N,75.696,W,0
8/7/2002,16:17:03,29.728,N,75.697,W,0
8/7/2002,16:19:03,29.727,N,75.698,W,0
8/7/2002,16:21:03,29.726,N,75.699,W,0
8/7/2002,16:23:03,29.724,N,75.701,W,0
8/7/2002,16:25:02,29.723,N,75.702,W,0
8/7/2002,16:27:02,29.722,N,75.703,W,0
8/7/2002,16:29:02,29.72,N,75.704,W,0
8/7/2002,16:31:03,29.719,N,75.705,W,0
8/7/2002,16:33:03,29.718,N,75.706,W,0
8/7/2002,16:35:03,29.716,N,75.707,W,0
8/7/2002,16:37:03,29.715,N,75.709,W,0
8/7/2002,16:39:02,29.714,N,75.71,W,0
8/7/2002,16:41:02,29.712,N,75.711,W,0
8/7/2002,16:43:02,29.711,N,75.712,W,0
8/7/2002,16:45:02,29.71,N,75.713,W,0
8/7/2002,16:47:03,29.708,N,75.714,W,0
8/7/2002,16:49:03,29.707,N,75.716,W,0
8/7/2002,16:51:03,29.706,N,75.717,W,0
8/7/2002,16:53:03,29.704,N,75.718,W,0
8/7/2002,16:55:02,29.703,N,75.719,W,0
8/7/2002,16:57:02,29.702,N,75.72,W,0
8/7/2002,16:59:02,29.7,N,75.721,W,0
8/7/2002,17:01:03,29.699,N,75.723,W,0
8/7/2002,17:03:03,29.697,N,75.724,W,0
8/7/2002,17:05:03,29.696,N,75.725,W,0
8/7/2002,17:05:15,29.696,N,75.725,W,0
8/7/2002,17:07:15,29.695,N,75.726,W,0
8/7/2002,17:09:15,29.693,N,75.728,W,0
8/7/2002,17:11:15,29.692,N,75.729,W,0
8/7/2002,17:13:14,29.69,N,75.731,W,0
8/7/2002,17:15:14,29.689,N,75.732,W,0
8/7/2002,17:17:14,29.687,N,75.734,W,0
8/7/2002,17:19:15,29.686,N,75.735,W,0
8/7/2002,17:21:15,29.684,N,75.736,W,0
8/7/2002,17:23:15,29.683,N,75.738,W,0
8/7/2002,17:25:15,29.681,N,75.739,W,0
8/7/2002,17:27:14,29.68,N,75.741,W,0
8/7/2002,17:29:14,29.679,N,75.742,W,0
8/7/2002,17:31:14,29.677,N,75.743,W,0
8/7/2002,17:33:14,29.676,N,75.745,W,0
8/7/2002,17:35:15,29.674,N,75.746,W,0
8/7/2002,17:37:15,29.673,N,75.747,W,0
8/7/2002,17:39:15,29.671,N,75.749,W,0
8/7/2002,17:41:15,29.67,N,75.75,W,0
8/7/2002,17:43:14,29.669,N,75.751,W,0
8/7/2002,17:45:14,29.667,N,75.753,W,0
8/7/2002,17:47:14,29.666,N,75.754,W,0
8/7/2002,17:49:15,29.664,N,75.755,W,0
8/7/2002,17:51:15,29.663,N,75.757,W,0
8/7/2002,17:53:15,29.662,N,75.758,W,0
8/7/2002,17:55:15,29.66,N,75.759,W,0
8/7/2002,17:57:14,29.659,N,75.761,W,0
8/7/2002,17:59:14,29.658,N,75.762,W,0
8/7/2002,18:01:14,29.656,N,75.763,W,0
8/7/2002,18:03:14,29.655,N,75.764,W,0
8/7/2002,18:05:15,29.653,N,75.766,W,0
8/7/2002,18:07:15,29.652,N,75.767,W,0
8/7/2002,18:09:15,29.651,N,75.768,W,0
8/7/2002,18:11:15,29.649,N,75.769,W,0
8/7/2002,18:13:14,29.648,N,75.771,W,0
8/7/2002,18:15:14,29.647,N,75.772,W,0
8/7/2002,18:17:14,29.645,N,75.773,W,0
8/7/2002,18:19:15,29.644,N,75.774,W,0
8/7/2002,18:21:15,29.643,N,75.775,W,0
8/7/2002,18:23:15,29.641,N,75.776,W,0
8/7/2002,18:25:15,29.64,N,75.778,W,0
8/7/2002,18:27:14,29.639,N,75.779,W,0
8/7/2002,18:29:14,29.637,N,75.78,W,0
8/7/2002,18:31:14,29.636,N,75.781,W,0
8/7/2002,18:33:14,29.635,N,75.782,W,0
8/7/2002,18:35:15,29.634,N,75.783,W,0
8/7/2002,18:37:15,29.632,N,75.784,W,0
8/7/2002,18:39:15,29.631,N,75.785,W,0
8/7/2002,18:41:15,29.63,N,75.787,W,0
8/7/2002,18:43:14,29.628,N,75.788,W,0
8/7/2002,18:45:14,29.627,N,75.789,W,0
8/7/2002,18:47:14,29.626,N,75.79,W,0
8/7/2002,18:49:15,29.625,N,75.791,W,0
8/7/2002,18:51:15,29.623,N,75.792,W,0
8/7/2002,18:53:15,29.622,N,75.793,W,0
8/7/2002,18:55:15,29.621,N,75.794,W,0
8/7/2002,18:57:14,29.62,N,75.795,W,0
8/7/2002,18:59:14,29.618,N,75.796,W,0
8/7/2002,19:01:14,29.617,N,75.797,W,0
8/7/2002,19:03:14,29.616,N,75.798,W,0
8/7/2002,19:05:15,29.615,N,75.799,W,0
8/7/2002,19:07:15,29.613,N,75.8,W,0
8/7/2002,19:08:04,29.613,N,75.8,W,0
8/7/2002,19:10:04,29.612,N,75.801,W,0
8/7/2002,19:12:03,29.61,N,75.802,W,0
8/7/2002,19:14:03,29.609,N,75.803,W,0
8/7/2002,19:16:03,29.608,N,75.804,W,0
8/7/2002,19:18:03,29.606,N,75.805,W,0
8/7/2002,19:20:04,29.605,N,75.807,W,0
8/7/2002,19:22:04,29.604,N,75.808,W,0
8/7/2002,19:24:04,29.602,N,75.809,W,0
8/7/2002,19:26:03,29.601,N,75.81,W,0
8/7/2002,19:28:03,29.6,N,75.811,W,0
8/7/2002,19:30:03,29.599,N,75.812,W,0
8/7/2002,19:32:03,29.597,N,75.813,W,0
8/7/2002,19:34:04,29.596,N,75.814,W,0
8/7/2002,19:36:04,29.595,N,75.815,W,0
8/7/2002,19:38:04,29.593,N,75.816,W,0
8/7/2002,19:40:04,29.592,N,75.817,W,0
8/7/2002,19:42:03,29.591,N,75.818,W,0
8/7/2002,19:44:03,29.589,N,75.819,W,0
8/7/2002,19:46:03,29.588,N,75.82,W,0
8/7/2002,19:48:03,29.587,N,75.821,W,0
8/7/2002,19:50:04,29.586,N,75.822,W,0
8/7/2002,19:52:04,29.584,N,75.823,W,0
8/7/2002,19:54:04,29.583,N,75.824,W,0
8/7/2002,19:56:03,29.582,N,75.825,W,0
8/7/2002,19:58:03,29.58,N,75.826,W,0
8/7/2002,20:00:03,29.579,N,75.827,W,0
8/7/2002,20:02:03,29.578,N,75.828,W,0
8/7/2002,20:04:04,29.577,N,75.829,W,0
8/7/2002,20:06:04,29.575,N,75.83,W,0
8/7/2002,20:08:04,29.574,N,75.831,W,0
8/7/2002,20:10:04,29.573,N,75.831,W,0
8/7/2002,20:12:03,29.572,N,75.832,W,0
8/7/2002,20:14:03,29.57,N,75.833,W,0
8/7/2002,20:16:03,29.569,N,75.834,W,0
8/7/2002,20:18:03,29.568,N,75.835,W,0
8/7/2002,20:20:04,29.566,N,75.836,W,0
8/7/2002,20:22:04,29.565,N,75.837,W,0
8/7/2002,20:24:04,29.564,N,75.838,W,0
8/7/2002,20:26:03,29.563,N,75.838,W,0
8/7/2002,20:28:03,29.561,N,75.839,W,0
8/7/2002,20:30:03,29.56,N,75.84,W,0
8/7/2002,20:32:03,29.559,N,75.841,W,0
8/7/2002,20:34:04,29.558,N,75.842,W,0
8/7/2002,20:36:04,29.556,N,75.842,W,0
8/7/2002,20:38:04,29.555,N,75.843,W,0
8/7/2002,20:40:04,29.554,N,75.844,W,0
8/7/2002,20:42:03,29.553,N,75.845,W,0
8/7/2002,20:44:03,29.552,N,75.846,W,0
8/7/2002,20:46:03,29.55,N,75.846,W,0
8/7/2002,20:48:03,29.549,N,75.847,W,0
8/7/2002,20:50:04,29.548,N,75.848,W,0
8/7/2002,20:52:04,29.547,N,75.848,W,0
8/7/2002,20:54:04,29.545,N,75.849,W,0
8/7/2002,20:56:03,29.544,N,75.85,W,0
8/7/2002,20:58:03,29.543,N,75.851,W,0
8/7/2002,21:00:03,29.542,N,75.851,W,0
8/7/2002,21:02:03,29.541,N,75.852,W,0
8/7/2002,21:04:04,29.539,N,75.853,W,0
8/7/2002,21:06:04,29.538,N,75.853,W,0
8/7/2002,21:08:04,29.537,N,75.854,W,0
8/7/2002,21:10:04,29.536,N,75.854,W,0
8/7/2002,21:12:03,29.535,N,75.855,W,0
8/7/2002,21:14:03,29.533,N,75.856,W,0
8/7/2002,21:16:03,29.532,N,75.856,W,0
8/7/2002,21:18:03,29.531,N,75.857,W,0
8/7/2002,21:20:04,29.53,N,75.857,W,0
8/7/2002,21:22:04,29.529,N,75.858,W,0
8/7/2002,21:24:04,29.527,N,75.859,W,0
8/7/2002,21:26:03,29.526,N,75.859,W,0
8/7/2002,21:28:03,29.525,N,75.86,W,0
8/7/2002,21:30:03,29.524,N,75.86,W,0
8/7/2002,21:32:03,29.523,N,75.861,W,0
8/7/2002,21:34:04,29.522,N,75.861,W,0
8/7/2002,21:36:04,29.52,N,75.862,W,0
8/7/2002,21:38:04,29.519,N,75.862,W,0
8/7/2002,21:40:04,29.518,N,75.862,W,0
8/7/2002,21:42:03,29.517,N,75.863,W,0
8/7/2002,21:44:03,29.516,N,75.863,W,0
8/7/2002,21:46:03,29.515,N,75.864,W,0
8/7/2002,21:48:03,29.514,N,75.864,W,0
8/7/2002,21:50:04,29.512,N,75.865,W,0
8/7/2002,21:52:04,29.511,N,75.865,W,0
8/7/2002,21:54:04,29.51,N,75.865,W,0
8/7/2002,21:56:03,29.509,N,75.866,W,0
8/7/2002,21:58:03,29.508,N,75.866,W,0
8/7/2002,22:00:03,29.507,N,75.866,W,0
8/7/2002,22:02:03,29.506,N,75.867,W,0
8/7/2002,22:04:04,29.505,N,75.867,W,0
8/7/2002,22:06:04,29.503,N,75.867,W,0
8/7/2002,22:08:04,29.502,N,75.868,W,0
8/7/2002,22:10:04,29.501,N,75.868,W,0
8/7/2002,22:12:03,29.5,N,75.868,W,0
8/7/2002,22:14:03,29.499,N,75.868,W,0
8/7/2002,22:16:03,29.498,N,75.868,W,0
8/7/2002,22:18:03,29.497,N,75.869,W,0
8/7/2002,22:20:04,29.496,N,75.869,W,0
8/7/2002,22:22:04,29.495,N,75.869,W,0
8/7/2002,22:24:04,29.494,N,75.869,W,0
8/7/2002,22:26:03,29.492,N,75.869,W,0
8/7/2002,22:28:03,29.491,N,75.87,W,0
8/7/2002,22:30:03,29.49,N,75.87,W,0
8/7/2002,22:32:03,29.489,N,75.87,W,0
8/7/2002,22:34:04,29.488,N,75.87,W,0
8/7/2002,22:36:04,29.487,N,75.87,W,0
8/7/2002,22:38:04,29.486,N,75.87,W,0
8/7/2002,22:40:04,29.485,N,75.87,W,0
8/7/2002,22:42:03,29.484,N,75.87,W,0
8/7/2002,22:44:03,29.483,N,75.87,W,0
8/7/2002,22:46:03,29.482,N,75.87,W,0
8/7/2002,22:48:03,29.481,N,75.87,W,0
8/7/2002,22:50:04,29.48,N,75.87,W,0
8/7/2002,22:52:04,29.479,N,75.87,W,0
8/7/2002,22:54:04,29.478,N,75.87,W,0
8/7/2002,22:56:03,29.477,N,75.87,W,0
8/7/2002,22:58:03,29.476,N,75.87,W,0
8/7/2002,23:00:03,29.475,N,75.87,W,0
8/7/2002,23:02:03,29.474,N,75.87,W,0
8/7/2002,23:04:04,29.473,N,75.87,W,0
8/7/2002,23:06:04,29.472,N,75.869,W,0
8/7/2002,23:08:04,29.471,N,75.869,W,0
8/7/2002,23:10:04,29.47,N,75.869,W,0
8/7/2002,23:12:03,29.469,N,75.869,W,0
8/7/2002,23:14:03,29.468,N,75.869,W,0
8/7/2002,23:16:03,29.467,N,75.868,W,0
8/7/2002,23:18:03,29.466,N,75.868,W,0
8/7/2002,23:20:04,29.465,N,75.868,W,0
8/7/2002,23:22:04,29.464,N,75.868,W,0
8/7/2002,23:24:04,29.463,N,75.867,W,0
8/7/2002,23:26:03,29.462,N,75.867,W,0
8/7/2002,23:28:03,29.461,N,75.867,W,0
8/7/2002,23:30:03,29.46,N,75.866,W,0
8/7/2002,23:32:03,29.459,N,75.866,W,0
8/7/2002,23:34:04,29.458,N,75.866,W,0
8/7/2002,23:36:04,29.457,N,75.865,W,0
8/7/2002,23:38:04,29.456,N,75.865,W,0
8/7/2002,23:40:04,29.455,N,75.865,W,0
8/7/2002,23:42:03,29.454,N,75.864,W,0
8/7/2002,23:44:03,29.454,N,75.864,W,0
8/7/2002,23:46:03,29.453,N,75.863,W,0
8/7/2002,23:48:03,29.452,N,75.863,W,0
8/7/2002,23:50:04,29.451,N,75.862,W,0
8/7/2002,23:52:04,29.45,N,75.862,W,0
8/7/2002,23:54:04,29.449,N,75.861,W,0
8/7/2002,23:56:03,29.448,N,75.86,W,0
8/7/2002,23:58:03,29.447,N,75.86,W,0
8/8/2002,0:00:03,29.446,N,75.859,W,0
8/8/2002,0:02:03,29.446,N,75.859,W,0
8/8/2002,0:04:04,29.445,N,75.858,W,0
8/8/2002,0:06:04,29.444,N,75.857,W,0
8/8/2002,0:08:04,29.443,N,75.857,W,0
8/8/2002,0:10:04,29.442,N,75.856,W,0
8/8/2002,0:12:03,29.441,N,75.855,W,0
8/8/2002,0:14:03,29.44,N,75.855,W,0
8/8/2002,0:16:03,29.44,N,75.854,W,0
8/8/2002,0:18:03,29.439,N,75.853,W,0
8/8/2002,0:20:04,29.438,N,75.852,W,0
8/8/2002,0:22:04,29.437,N,75.851,W,0
8/8/2002,0:24:04,29.436,N,75.851,W,0
8/8/2002,0:26:03,29.435,N,75.85,W,0
8/8/2002,0:28:03,29.435,N,75.849,W,0
8/8/2002,0:30:03,29.434,N,75.848,W,0
8/8/2002,0:32:03,29.433,N,75.847,W,0
8/8/2002,0:34:04,29.432,N,75.846,W,0
8/8/2002,0:36:04,29.431,N,75.845,W,0
8/8/2002,0:38:04,29.431,N,75.844,W,0
8/8/2002,0:40:04,29.43,N,75.843,W,0
8/8/2002,0:42:03,29.429,N,75.842,W,0
8/8/2002,0:44:03,29.428,N,75.841,W,0
8/8/2002,0:46:03,29.427,N,75.84,W,0
8/8/2002,0:48:03,29.427,N,75.839,W,0
8/8/2002,0:50:04,29.426,N,75.838,W,0
8/8/2002,0:52:04,29.425,N,75.837,W,0
8/8/2002,0:54:04,29.424,N,75.836,W,0
8/8/2002,0:56:03,29.424,N,75.835,W,0
8/8/2002,0:58:03,29.423,N,75.834,W,0
8/8/2002,1:00:03,29.422,N,75.832,W,0
8/8/2002,1:02:03,29.422,N,75.831,W,0
8/8/2002,1:04:04,29.421,N,75.83,W,0
8/8/2002,1:06:04,29.42,N,75.829,W,0
8/8/2002,1:08:04,29.419,N,75.827,W,0
8/8/2002,1:10:04,29.419,N,75.826,W,0
8/8/2002,1:12:03,29.418,N,75.825,W,0
8/8/2002,1:14:03,29.417,N,75.824,W,0
8/8/2002,1:16:03,29.417,N,75.822,W,0
8/8/2002,1:18:03,29.416,N,75.821,W,0
8/8/2002,1:20:04,29.415,N,75.819,W,0
8/8/2002,1:22:04,29.415,N,75.818,W,0
8/8/2002,1:24:04,29.414,N,75.817,W,0
8/8/2002,1:26:03,29.413,N,75.815,W,0
8/8/2002,1:28:03,29.413,N,75.814,W,0
8/8/2002,1:30:03,29.412,N,75.812,W,0
8/8/2002,1:32:03,29.411,N,75.811,W,0
8/8/2002,1:34:04,29.411,N,75.809,W,0
8/8/2002,1:36:04,29.41,N,75.807,W,0
8/8/2002,1:38:04,29.409,N,75.806,W,0
8/8/2002,1:40:04,29.409,N,75.804,W,0
8/8/2002,1:42:03,29.408,N,75.803,W,0
8/8/2002,1:44:03,29.408,N,75.801,W,0
8/8/2002,1:46:03,29.407,N,75.799,W,0
8/8/2002,1:48:03,29.407,N,75.798,W,0
8/8/2002,1:50:04,29.406,N,75.796,W,0
8/8/2002,1:52:04,29.405,N,75.794,W,0
8/8/2002,1:54:04,29.405,N,75.792,W,0
8/8/2002,1:56:03,29.404,N,75.791,W,0
8/8/2002,1:58:03,29.404,N,75.789,W,0
8/8/2002,2:00:03,29.403,N,75.787,W,0
8/8/2002,2:02:03,29.403,N,75.785,W,0
8/8/2002,2:04:04,29.402,N,75.783,W,0
8/8/2002,2:06:04,29.402,N,75.781,W,0
8/8/2002,2:08:04,29.401,N,75.779,W,0
8/8/2002,2:10:04,29.401,N,75.777,W,0
8/8/2002,2:12:03,29.4,N,75.775,W,0
8/8/2002,2:14:03,29.4,N,75.773,W,0
8/8/2002,2:16:03,29.399,N,75.771,W,0
8/8/2002,2:18:03,29.399,N,75.769,W,0
8/8/2002,2:20:04,29.398,N,75.767,W,0
8/8/2002,2:22:04,29.398,N,75.765,W,0
8/8/2002,2:24:04,29.397,N,75.763,W,0
8/8/2002,2:26:03,29.397,N,75.761,W,0
8/8/2002,2:28:03,29.397,N,75.759,W,0
8/8/2002,2:30:03,29.396,N,75.757,W,0
8/8/2002,2:32:03,29.396,N,75.754,W,0
8/8/2002,2:34:04,29.395,N,75.752,W,0
8/8/2002,2:36:04,29.395,N,75.75,W,0
8/8/2002,2:38:04,29.395,N,75.748,W,0
8/8/2002,2:40:04,29.394,N,75.745,W,0
8/8/2002,2:42:03,29.394,N,75.743,W,0
8/8/2002,2:44:03,29.393,N,75.741,W,0
8/8/2002,2:46:03,29.393,N,75.738,W,0
8/8/2002,2:48:03,29.393,N,75.736,W,0
8/8/2002,2:50:04,29.392,N,75.734,W,0
8/8/2002,2:52:04,29.392,N,75.731,W,0
8/8/2002,2:54:04,29.392,N,75.729,W,0
8/8/2002,2:56:03,29.392,N,75.726,W,0
8/8/2002,2:58:03,29.391,N,75.724,W,0
8/8/2002,3:00:03,29.391,N,75.721,W,0
8/8/2002,3:02:03,29.391,N,75.719,W,0
8/8/2002,3:04:04,29.391,N,75.716,W,0
8/8/2002,3:06:04,29.39,N,75.713,W,0
8/8/2002,3:08:04,29.39,N,75.711,W,0
8/8/2002,3:10:04,29.39,N,75.708,W,0
8/8/2002,3:12:03,29.39,N,75.705,W,0
8/8/2002,3:14:03,29.389,N,75.703,W,0
8/8/2002,3:16:03,29.389,N,75.7,W,0
8/8/2002,3:18:03,29.389,N,75.697,W,0
8/8/2002,3:20:04,29.389,N,75.695,W,0
8/8/2002,3:22:04,29.389,N,75.692,W,0
8/8/2002,3:24:04,29.389,N,75.689,W,0
8/8/2002,3:26:03,29.388,N,75.686,W,0
8/8/2002,3:28:03,29.388,N,75.683,W,0
8/8/2002,3:30:03,29.388,N,75.68,W,0
8/8/2002,3:32:03,29.388,N,75.677,W,0
8/8/2002,3:34:04,29.388,N,75.674,W,0
8/8/2002,3:36:04,29.388,N,75.671,W,0
8/8/2002,3:38:04,29.388,N,75.668,W,0
8/8/2002,3:40:04,29.388,N,75.665,W,0
8/8/2002,3:42:03,29.388,N,75.662,W,0
8/8/2002,3:44:03,29.388,N,75.659,W,0
8/8/2002,3:46:03,29.388,N,75.656,W,0
8/8/2002,3:48:03,29.388,N,75.653,W,0
8/8/2002,3:50:04,29.388,N,75.65,W,0
8/8/2002,3:52:04,29.388,N,75.647,W,0
8/8/2002,3:54:04,29.388,N,75.643,W,0
8/8/2002,3:56:03,29.388,N,75.64,W,0
8/8/2002,3:58:03,29.388,N,75.637,W,0
8/8/2002,4:00:03,29.388,N,75.634,W,0
8/8/2002,4:02:03,29.388,N,75.63,W,0
8/8/2002,4:04:04,29.388,N,75.627,W,0
8/8/2002,4:06:04,29.388,N,75.624,W,0
8/8/2002,4:08:04,29.388,N,75.62,W,0
8/8/2002,4:10:04,29.388,N,75.617,W,0
8/8/2002,4:12:03,29.388,N,75.613,W,0
8/8/2002,4:14:03,29.388,N,75.61,W,0
8/8/2002,4:16:03,29.389,N,75.607,W,0
8/8/2002,4:18:03,29.389,N,75.603,W,0
8/8/2002,4:20:04,29.389,N,75.599,W,0
8/8/2002,4:22:04,29.389,N,75.596,W,0
8/8/2002,4:24:04,29.389,N,75.592,W,0
8/8/2002,4:26:03,29.39,N,75.589,W,0
8/8/2002,4:28:03,29.39,N,75.585,W,0
8/8/2002,4:30:03,29.39,N,75.581,W,0
8/8/2002,4:32:03,29.39,N,75.578,W,0
8/8/2002,4:34:04,29.391,N,75.574,W,0
8/8/2002,4:36:04,29.391,N,75.57,W,0
8/8/2002,4:38:04,29.391,N,75.566,W,0
8/8/2002,4:40:04,29.392,N,75.563,W,0
8/8/2002,4:42:03,29.392,N,75.559,W,0
8/8/2002,4:44:03,29.392,N,75.555,W,0
8/8/2002,4:46:03,29.393,N,75.551,W,0
8/8/2002,4:48:03,29.393,N,75.547,W,0
8/8/2002,4:50:04,29.393,N,75.543,W,0
8/8/2002,4:52:04,29.394,N,75.539,W,0
8/8/2002,4:54:04,29.394,N,75.535,W,0
8/8/2002,4:56:03,29.395,N,75.531,W,0
8/8/2002,4:58:03,29.395,N,75.527,W,0
8/8/2002,5:00:03,29.395,N,75.523,W,0
8/8/2002,5:02:03,29.396,N,75.519,W,0
8/8/2002,5:04:04,29.396,N,75.515,W,0
8/8/2002,5:06:04,29.397,N,75.511,W,0
8/8/2002,5:08:04,29.397,N,75.506,W,0
8/8/2002,5:10:04,29.398,N,75.502,W,0
8/8/2002,5:12:03,29.398,N,75.498,W,0
8/8/2002,5:14:03,29.399,N,75.494,W,0
8/8/2002,5:16:03,29.4,N,75.489,W,0
8/8/2002,5:18:03,29.4,N,75.485,W,0
8/8/2002,5:20:04,29.401,N,75.481,W,0
8/8/2002,5:22:04,29.401,N,75.476,W,0
8/8/2002,5:24:04,29.402,N,75.472,W,0
8/8/2002,5:26:03,29.403,N,75.467,W,0
8/8/2002,5:28:03,29.403,N,75.463,W,0
8/8/2002,5:30:03,29.404,N,75.459,W,0
8/8/2002,5:32:03,29.405,N,75.454,W,0
8/8/2002,5:34:04,29.405,N,75.449,W,0
8/8/2002,5:36:04,29.406,N,75.445,W,0
8/8/2002,5:38:04,29.407,N,75.44,W,0
8/8/2002,5:40:04,29.408,N,75.436,W,0
8/8/2002,5:42:03,29.408,N,75.431,W,0
8/8/2002,5:44:03,29.409,N,75.426,W,0
8/8/2002,5:46:03,29.41,N,75.422,W,0
8/8/2002,5:48:03,29.411,N,75.417,W,0
8/8/2002,5:50:04,29.412,N,75.412,W,0
8/8/2002,5:52:04,29.412,N,75.407,W,0
8/8/2002,5:54:04,29.413,N,75.402,W,0
8/8/2002,5:56:03,29.414,N,75.397,W,0
8/8/2002,5:58:03,29.415,N,75.393,W,0
8/8/2002,6:00:03,29.416,N,75.388,W,0
8/8/2002,6:02:03,29.417,N,75.383,W,0
8/8/2002,6:04:04,29.418,N,75.378,W,0
8/8/2002,6:06:04,29.419,N,75.373,W,0
8/8/2002,6:08:04,29.42,N,75.368,W,0
8/8/2002,6:10:04,29.421,N,75.363,W,0
8/8/2002,6:12:03,29.422,N,75.357,W,0
8/8/2002,6:14:03,29.423,N,75.352,W,0
8/8/2002,6:16:03,29.424,N,75.347,W,0
8/8/2002,6:18:03,29.425,N,75.342,W,0
8/8/2002,6:20:04,29.426,N,75.337,W,0
8/8/2002,6:22:04,29.427,N,75.331,W,0
8/8/2002,6:24:04,29.428,N,75.326,W,0
8/8/2002,6:26:03,29.429,N,75.321,W,0
8/8/2002,6:28:03,29.431,N,75.316,W,0
8/8/2002,6:30:03,29.432,N,75.31,W,0
8/8/2002,6:32:03,29.433,N,75.305,W,0
8/8/2002,6:34:04,29.434,N,75.299,W,0
8/8/2002,6:36:04,29.435,N,75.294,W,0
8/8/2002,6:38:04,29.437,N,75.288,W,0
8/8/2002,6:40:04,29.438,N,75.283,W,0
8/8/2002,6:42:03,29.439,N,75.277,W,0
8/8/2002,6:44:03,29.441,N,75.272,W,0
8/8/2002,6:46:03,29.442,N,75.266,W,0
8/8/2002,6:48:03,29.443,N,75.26,W,0
8/8/2002,6:50:04,29.445,N,75.255,W,0
8/8/2002,6:52:04,29.446,N,75.249,W,0
8/8/2002,6:54:04,29.447,N,75.243,W,0
8/8/2002,6:56:03,29.449,N,75.238,W,0
8/8/2002,6:58:03,29.45,N,75.232,W,0
8/8/2002,7:00:03,29.452,N,75.226,W,0
8/8/2002,7:02:03,29.453,N,75.22,W,0
8/8/2002,7:04:04,29.455,N,75.214,W,0
8/8/2002,7:06:04,29.456,N,75.208,W,0
8/8/2002,7:08:04,29.458,N,75.202,W,0
8/8/2002,7:10:04,29.459,N,75.196,W,0
8/8/2002,7:12:03,29.461,N,75.19,W,0
8/8/2002,7:14:03,29.462,N,75.184,W,0
8/8/2002,7:16:03,29.464,N,75.178,W,0
8/8/2002,7:18:03,29.465,N,75.172,W,0
8/8/2002,7:20:04,29.467,N,75.166,W,0
8/8/2002,7:22:04,29.469,N,75.16,W,0
8/8/2002,7:24:04,29.47,N,75.154,W,0
8/8/2002,7:26:03,29.472,N,75.147,W,0
8/8/2002,7:28:03,29.474,N,75.141,W,0
8/8/2002,7:30:03,29.476,N,75.135,W,0
8/8/2002,7:32:03,29.477,N,75.129,W,0
8/8/2002,7:34:04,29.479,N,75.122,W,0
8/8/2002,7:36:04,29.481,N,75.116,W,0
8/8/2002,7:38:04,29.483,N,75.109,W,0
8/8/2002,7:40:04,29.485,N,75.103,W,0
8/8/2002,7:42:03,29.486,N,75.096,W,0
8/8/2002,7:44:03,29.488,N,75.09,W,0
8/8/2002,7:46:03,29.49,N,75.083,W,0
8/8/2002,7:48:03,29.492,N,75.077,W,0
8/8/2002,7:50:04,29.494,N,75.07,W,0
8/8/2002,7:52:04,29.496,N,75.064,W,0
8/8/2002,7:54:04,29.498,N,75.057,W,0
8/8/2002,7:56:03,29.5,N,75.05,W,0
8/8/2002,7:58:03,29.502,N,75.043,W,0
8/8/2002,8:00:03,29.504,N,75.037,W,0
8/8/2002,8:02:03,29.506,N,75.03,W,0
8/8/2002,8:04:04,29.508,N,75.023,W,0
8/8/2002,8:06:04,29.51,N,75.016,W,0
8/8/2002,8:08:04,29.512,N,75.009,W,0
8/8/2002,8:10:04,29.515,N,75.002,W,0
8/8/2002,8:12:03,29.517,N,74.995,W,0
8/8/2002,8:14:03,29.519,N,74.988,W,0
8/8/2002,8:16:03,29.521,N,74.981,W,0
8/8/2002,8:18:03,29.523,N,74.974,W,0
8/8/2002,8:20:04,29.526,N,74.967,W,0
8/8/2002,8:22:04,29.528,N,74.96,W,0
8/8/2002,8:24:04,29.53,N,74.953,W,0
8/8/2002,8:26:03,29.533,N,74.946,W,0
8/8/2002,8:28:03,29.535,N,74.938,W,0
8/8/2002,8:30:03,29.537,N,74.931,W,0
8/8/2002,8:32:03,29.54,N,74.924,W,0
8/8/2002,8:34:04,29.542,N,74.916,W,0
8/8/2002,8:36:04,29.545,N,74.909,W,0
8/8/2002,8:38:04,29.547,N,74.902,W,0
8/8/2002,8:40:04,29.55,N,74.894,W,0
8/8/2002,8:42:03,29.552,N,74.887,W,0
8/8/2002,8:44:03,29.555,N,74.879,W,0
8/8/2002,8:46:03,29.557,N,74.872,W,0
8/8/2002,8:48:03,29.56,N,74.864,W,0
8/8/2002,8:50:04,29.562,N,74.857,W,0
8/8/2002,8:52:04,29.565,N,74.849,W,0
8/8/2002,8:54:04,29.568,N,74.841,W,0
8/8/2002,8:56:03,29.57,N,74.834,W,0
8/8/2002,8:58:03,29.573,N,74.826,W,0
8/8/2002,9:00:03,29.576,N,74.818,W,0
8/8/2002,9:02:03,29.578,N,74.81,W,0
8/8/2002,9:04:04,29.581,N,74.802,W,0
8/8/2002,9:06:04,29.584,N,74.795,W,0
8/8/2002,9:08:04,29.587,N,74.787,W,0
8/8/2002,9:10:04,29.589,N,74.779,W,0
8/8/2002,9:12:03,29.592,N,74.771,W,0
8/8/2002,9:14:03,29.595,N,74.763,W,0
8/8/2002,9:16:03,29.598,N,74.755,W,0
8/8/2002,9:18:03,29.601,N,74.747,W,0
8/8/2002,9:20:04,29.604,N,74.739,W,0
8/8/2002,9:22:04,29.607,N,74.73,W,0
8/8/2002,9:24:04,29.61,N,74.722,W,0
8/8/2002,9:26:03,29.613,N,74.714,W,0
8/8/2002,9:28:03,29.616,N,74.706,W,0
8/8/2002,9:30:03,29.619,N,74.698,W,0
8/8/2002,9:32:03,29.622,N,74.689,W,0
8/8/2002,9:34:04,29.625,N,74.681,W,0
8/8/2002,9:36:04,29.628,N,74.673,W,0
8/8/2002,9:38:04,29.631,N,74.664,W,0
8/8/2002,9:40:04,29.634,N,74.656,W,0
8/8/2002,9:42:03,29.638,N,74.647,W,0
8/8/2002,9:44:03,29.641,N,74.639,W,0
8/8/2002,9:46:03,29.644,N,74.63,W,0
8/8/2002,9:48:03,29.647,N,74.622,W,0
8/8/2002,9:50:04,29.65,N,74.613,W,0
8/8/2002,9:52:04,29.654,N,74.605,W,0
8/8/2002,9:54:04,29.657,N,74.596,W,0
8/8/2002,9:56:03,29.66,N,74.587,W,0
8/8/2002,9:58:03,29.664,N,74.579,W,0
8/8/2002,10:00:03,29.667,N,74.57,W,0
8/8/2002,10:02:03,29.67,N,74.561,W,0
8/8/2002,10:04:04,29.674,N,74.553,W,0
8/8/2002,10:06:04,29.677,N,74.544,W,0
8/8/2002,10:08:04,29.681,N,74.535,W,0
8/8/2002,10:10:04,29.684,N,74.526,W,0
8/8/2002,10:12:03,29.687,N,74.517,W,0
8/8/2002,10:14:03,29.691,N,74.508,W,0
8/8/2002,10:16:03,29.694,N,74.499,W,0
8/8/2002,10:18:03,29.698,N,74.49,W,0
8/8/2002,10:20:04,29.701,N,74.481,W,0
8/8/2002,10:22:04,29.705,N,74.472,W,0
8/8/2002,10:24:04,29.709,N,74.463,W,0
8/8/2002,10:26:03,29.712,N,74.454,W,0
8/8/2002,10:28:03,29.716,N,74.445,W,0
8/8/2002,10:30:03,29.719,N,74.436,W,0
8/8/2002,10:32:03,29.723,N,74.427,W,0
8/8/2002,10:34:04,29.727,N,74.418,W,0
8/8/2002,10:36:04,29.73,N,74.408,W,0
8/8/2002,10:38:04,29.734,N,74.399,W,0
8/8/2002,10:40:04,29.738,N,74.39,W,0
8/8/2002,10:42:03,29.742,N,74.381,W,0
8/8/2002,10:44:03,29.745,N,74.371,W,0
8/8/2002,10:46:03,29.749,N,74.362,W,0
8/8/2002,10:48:03,29.753,N,74.353,W,0
8/8/2002,10:50:04,29.757,N,74.343,W,0
8/8/2002,10:52:04,29.761,N,74.334,W,0
8/8/2002,10:54:04,29.764,N,74.324,W,0
8/8/2002,10:56:03,29.768,N,74.315,W,0
8/8/2002,10:58:03,29.772,N,74.305,W,0
8/8/2002,11:00:03,29.776,N,74.296,W,0
8/8/2002,11:02:03,29.78,N,74.286,W,0
8/8/2002,11:04:04,29.784,N,74.277,W,0
8/8/2002,11:06:04,29.788,N,74.267,W,0
8/8/2002,11:08:04,29.792,N,74.258,W,0
8/8/2002,11:10:04,29.796,N,74.248,W,0
8/8/2002,11:12:03,29.8,N,74.238,W,0
8/8/2002,11:14:03,29.804,N,74.229,W,0
8/8/2002,11:16:03,29.808,N,74.219,W,0
8/8/2002,11:18:03,29.812,N,74.209,W,0
8/8/2002,11:20:04,29.816,N,74.199,W,0
8/8/2002,11:22:04,29.82,N,74.19,W,0
8/8/2002,11:24:04,29.824,N,74.18,W,0
8/8/2002,11:26:03,29.828,N,74.17,W,0
8/8/2002,11:28:03,29.832,N,74.16,W,0
8/8/2002,11:30:03,29.836,N,74.15,W,0
8/8/2002,11:32:03,29.841,N,74.14,W,0
8/8/2002,11:34:04,29.845,N,74.131,W,0
8/8/2002,11:36:04,29.849,N,74.121,W,0
8/8/2002,11:38:04,29.853,N,74.111,W,0
8/8/2002,11:40:04,29.857,N,74.101,W,0
8/8/2002,11:42:03,29.861,N,74.091,W,0
8/8/2002,11:44:03,29.866,N,74.081,W,0
8/8/2002,11:46:03,29.87,N,74.071,W,0
8/8/2002,11:48:03,29.874,N,74.061,W,0
8/8/2002,11:50:04,29.879,N,74.05,W,0
8/8/2002,11:52:04,29.883,N,74.04,W,0
8/8/2002,11:54:04,29.887,N,74.03,W,0
8/8/2002,11:56:03,29.891,N,74.02,W,0
8/8/2002,11:58:03,29.896,N,74.01,W,0
8/8/2002,12:00:00,29.9,N,74,W,0
8/8/2002,12:01:59,29.895,N,73.991,W,0
8/8/2002,12:03:59,29.89,N,73.982,W,0
8/8/2002,12:05:59,29.886,N,73.973,W,0
8/8/2002,12:08:00,29.882,N,73.964,W,0
8/8/2002,12:10:00,29.877,N,73.955,W,0
8/8/2002,12:12:00,29.873,N,73.946,W,0
8/8/2002,12:14:00,29.87,N,73.937,W,0
8/8/2002,12:15:59,29.866,N,73.928,W,0
8/8/2002,12:17:59,29.863,N,73.919,W,0
8/8/2002,12:19:59,29.859,N,73.91,W,0
8/8/2002,12:21:59,29.856,N,73.9,W,0
8/8/2002,12:24:00,29.853,N,73.891,W,0
8/8/2002,12:26:00,29.851,N,73.882,W,0
8/8/2002,12:28:00,29.848,N,73.872,W,0
8/8/2002,12:30:00,29.846,N,73.863,W,0
8/8/2002,12:31:59,29.844,N,73.853,W,0
8/8/2002,12:33:59,29.842,N,73.844,W,0
8/8/2002,12:35:59,29.84,N,73.834,W,0
8/8/2002,12:38:00,29.838,N,73.825,W,0
8/8/2002,12:40:00,29.837,N,73.815,W,0
8/8/2002,12:42:00,29.835,N,73.805,W,0
8/8/2002,12:44:00,29.834,N,73.796,W,0
8/8/2002,12:45:59,29.833,N,73.786,W,0
8/8/2002,12:47:59,29.832,N,73.776,W,0
8/8/2002,12:49:59,29.831,N,73.766,W,0
8/8/2002,12:51:59,29.831,N,73.756,W,0
8/8/2002,12:54:00,29.831,N,73.746,W,0
8/8/2002,12:56:00,29.83,N,73.737,W,0
8/8/2002,12:58:00,29.83,N,73.727,W,0
8/8/2002,13:00:00,29.83,N,73.717,W,0
8/8/2002,13:01:59,29.831,N,73.706,W,0
8/8/2002,13:03:59,29.831,N,73.696,W,0
8/8/2002,13:05:59,29.832,N,73.686,W,0
8/8/2002,13:08:00,29.832,N,73.676,W,0
8/8/2002,13:10:00,29.833,N,73.666,W,0
8/8/2002,13:12:00,29.834,N,73.656,W,0
8/8/2002,13:14:00,29.836,N,73.645,W,0
8/8/2002,13:15:59,29.837,N,73.635,W,0
8/8/2002,13:17:59,29.838,N,73.625,W,0
8/8/2002,13:19:59,29.84,N,73.614,W,0
8/8/2002,13:21:59,29.842,N,73.604,W,0
8/8/2002,13:24:00,29.844,N,73.593,W,0
8/8/2002,13:26:00,29.846,N,73.583,W,0
8/8/2002,13:28:00,29.848,N,73.572,W,0
8/8/2002,13:30:00,29.85,N,73.562,W,0
8/8/2002,13:31:59,29.853,N,73.551,W,0
8/8/2002,13:33:59,29.856,N,73.541,W,0
8/8/2002,13:35:59,29.858,N,73.53,W,0
8/8/2002,13:38:00,29.861,N,73.519,W,0
8/8/2002,13:40:00,29.864,N,73.509,W,0
8/8/2002,13:42:00,29.868,N,73.498,W,0
8/8/2002,13:44:00,29.871,N,73.487,W,0
8/8/2002,13:45:59,29.874,N,73.476,W,0
8/8/2002,13:47:59,29.878,N,73.465,W,0
8/8/2002,13:49:59,29.882,N,73.455,W,0
8/8/2002,13:51:59,29.886,N,73.444,W,0
8/8/2002,13:54:00,29.89,N,73.433,W,0
8/8/2002,13:56:00,29.894,N,73.422,W,0
8/8/2002,13:58:00,29.898,N,73.411,W,0
8/8/2002,14:00:00,29.902,N,73.4,W,0
8/8/2002,14:01:59,29.907,N,73.389,W,0
8/8/2002,14:03:59,29.912,N,73.378,W,0
8/8/2002,14:05:59,29.916,N,73.367,W,0
8/8/2002,14:08:00,29.921,N,73.355,W,0
8/8/2002,14:10:00,29.926,N,73.344,W,0
8/8/2002,14:12:00,29.932,N,73.333,W,0
8/8/2002,14:14:00,29.937,N,73.322,W,0
8/8/2002,14:15:59,29.942,N,73.311,W,0
8/8/2002,14:17:59,29.948,N,73.299,W,0
8/8/2002,14:19:59,29.953,N,73.288,W,0
8/8/2002,14:21:59,29.959,N,73.277,W,0
8/8/2002,14:24:00,29.965,N,73.265,W,0
8/8/2002,14:26:00,29.971,N,73.254,W,0
8/8/2002,14:28:00,29.977,N,73.242,W,0
8/8/2002,14:30:00,29.983,N,73.231,W,0
8/8/2002,14:31:59,29.99,N,73.219,W,0
8/8/2002,14:33:59,29.996,N,73.208,W,0
8/8/2002,14:35:59,30.003,N,73.196,W,0
8/8/2002,14:38:00,30.009,N,73.185,W,0
8/8/2002,14:40:00,30.016,N,73.173,W,0
8/8/2002,14:42:00,30.023,N,73.162,W,0
8/8/2002,14:44:00,30.03,N,73.15,W,0
8/8/2002,14:45:59,30.037,N,73.138,W,0
8/8/2002,14:47:59,30.044,N,73.127,W,0
8/8/2002,14:49:59,30.052,N,73.115,W,0
8/8/2002,14:51:59,30.059,N,73.103,W,0
8/8/2002,14:54:00,30.067,N,73.091,W,0
8/8/2002,14:56:00,30.074,N,73.08,W,0
8/8/2002,14:58:00,30.082,N,73.068,W,0
8/8/2002,15:00:00,30.09,N,73.056,W,0
8/8/2002,15:01:59,30.098,N,73.044,W,0
8/8/2002,15:03:59,30.106,N,73.032,W,0
8/8/2002,15:05:59,30.114,N,73.02,W,0
8/8/2002,15:08:00,30.122,N,73.008,W,0
8/8/2002,15:10:00,30.13,N,72.996,W,0
8/8/2002,15:12:00,30.139,N,72.985,W,0
8/8/2002,15:14:00,30.147,N,72.973,W,0
8/8/2002,15:15:59,30.156,N,72.961,W,0
8/8/2002,15:17:59,30.165,N,72.948,W,0
8/8/2002,15:19:59,30.173,N,72.936,W,0
8/8/2002,15:21:59,30.182,N,72.924,W,0
8/8/2002,15:24:00,30.191,N,72.912,W,0
8/8/2002,15:26:00,30.2,N,72.9,W,0
8/8/2002,15:28:00,30.209,N,72.888,W,0
8/8/2002,15:30:00,30.219,N,72.876,W,0
8/8/2002,15:31:59,30.228,N,72.864,W,0
8/8/2002,15:33:59,30.237,N,72.851,W,0
8/8/2002,15:35:59,30.247,N,72.839,W,0
8/8/2002,15:38:00,30.256,N,72.827,W,0
8/8/2002,15:40:00,30.266,N,72.815,W,0
8/8/2002,15:42:00,30.275,N,72.803,W,0
8/8/2002,15:44:00,30.285,N,72.79,W,0
8/8/2002,15:45:59,30.295,N,72.778,W,0
8/8/2002,15:47:59,30.305,N,72.766,W,0
8/8/2002,15:49:59,30.315,N,72.753,W,0
8/8/2002,15:51:59,30.325,N,72.741,W,0
8/8/2002,15:54:00,30.335,N,72.729,W,0
8/8/2002,15:56:00,30.346,N,72.716,W,0
8/8/2002,15:58:00,30.356,N,72.704,W,0
8/8/2002,16:00:00,30.366,N,72.691,W,0
8/8/2002,16:01:59,30.377,N,72.679,W,0
8/8/2002,16:03:59,30.387,N,72.666,W,0
8/8/2002,16:05:59,30.398,N,72.654,W,0
8/8/2002,16:07:59,30.408,N,72.641,W,0
8/8/2002,16:09:59,30.419,N,72.629,W,0
8/8/2002,16:11:59,30.43,N,72.616,W,0
8/8/2002,16:13:59,30.441,N,72.604,W,0
8/8/2002,16:16:00,30.452,N,72.591,W,0
8/8/2002,16:18:00,30.463,N,72.579,W,0
8/8/2002,16:20:00,30.474,N,72.566,W,0
8/8/2002,16:22:00,30.485,N,72.554,W,0
8/8/2002,16:24:00,30.496,N,72.541,W,0
8/8/2002,16:26:00,30.507,N,72.528,W,0
8/8/2002,16:28:00,30.518,N,72.516,W,0
8/8/2002,16:30:00,30.53,N,72.503,W,0
8/8/2002,16:31:59,30.541,N,72.49,W,0
8/8/2002,16:33:59,30.552,N,72.478,W,0
8/8/2002,16:35:59,30.564,N,72.465,W,0
8/8/2002,16:37:59,30.575,N,72.452,W,0
8/8/2002,16:39:59,30.587,N,72.44,W,0
8/8/2002,16:41:59,30.599,N,72.427,W,0
8/8/2002,16:43:59,30.61,N,72.414,W,0
8/8/2002,16:46:00,30.622,N,72.401,W,0
8/8/2002,16:48:00,30.634,N,72.389,W,0
8/8/2002,16:50:00,30.646,N,72.376,W,0
8/8/2002,16:52:00,30.657,N,72.363,W,0
8/8/2002,16:54:00,30.669,N,72.35,W,0
8/8/2002,16:56:00,30.681,N,72.338,W,0
8/8/2002,16:58:00,30.693,N,72.325,W,0
8/8/2002,17:00:00,30.705,N,72.312,W,0
8/8/2002,17:01:59,30.717,N,72.299,W,0
8/8/2002,17:03:59,30.729,N,72.286,W,0
8/8/2002,17:05:59,30.742,N,72.273,W,0
8/8/2002,17:07:59,30.754,N,72.261,W,0
8/8/2002,17:09:59,30.766,N,72.248,W,0
8/8/2002,17:11:59,30.778,N,72.235,W,0
8/8/2002,17:13:59,30.791,N,72.222,W,0
8/8/2002,17:16:00,30.803,N,72.209,W,0
8/8/2002,17:18:00,30.815,N,72.196,W,0
8/8/2002,17:20:00,30.828,N,72.183,W,0
8/8/2002,17:22:00,30.84,N,72.17,W,0
8/8/2002,17:24:00,30.853,N,72.157,W,0
8/8/2002,17:26:00,30.865,N,72.144,W,0
8/8/2002,17:28:00,30.878,N,72.132,W,0
8/8/2002,17:30:00,30.89,N,72.119,W,0
8/8/2002,17:31:59,30.903,N,72.106,W,0
8/8/2002,17:33:59,30.915,N,72.093,W,0
8/8/2002,17:35:59,30.928,N,72.08,W,0
8/8/2002,17:37:59,30.941,N,72.067,W,0
8/8/2002,17:39:59,30.953,N,72.054,W,0
8/8/2002,17:41:59,30.966,N,72.041,W,0
8/8/2002,17:43:59,30.979,N,72.028,W,0
8/8/2002,17:46:00,30.991,N,72.015,W,0
8/8/2002,17:48:00,31.004,N,72.002,W,0
8/8/2002,17:50:00,31.017,N,71.989,W,0
8/8/2002,17:52:00,31.03,N,71.976,W,0
8/8/2002,17:54:00,31.042,N,71.963,W,0
8/8/2002,17:56:00,31.055,N,71.95,W,0
8/8/2002,17:58:00,31.068,N,71.937,W,0
8/8/2002,18:00:00,31.081,N,71.924,W,0
8/8/2002,18:01:59,31.094,N,71.911,W,0
8/8/2002,18:03:59,31.106,N,71.898,W,0
8/8/2002,18:05:59,31.119,N,71.885,W,0
8/8/2002,18:07:59,31.132,N,71.872,W,0
8/8/2002,18:09:59,31.145,N,71.859,W,0
8/8/2002,18:11:59,31.158,N,71.846,W,0
8/8/2002,18:13:59,31.171,N,71.833,W,0
8/8/2002,18:16:00,31.184,N,71.82,W,0
8/8/2002,18:18:00,31.197,N,71.807,W,0
8/8/2002,18:20:00,31.209,N,71.794,W,0
8/8/2002,18:22:00,31.222,N,71.781,W,0
