Track,for,Danielle,2010,,,
Date,Time,(UTC),Latitude,Longitude,,Category
MM/DD/Year,HH:MM:SS,(deg),(deg),,,
8/26/2010,23:53:59,25.59,N,57.283,W,4
8/26/2010,23:55:59,25.593,N,57.289,W,4
8/26/2010,23:58:00,25.597,N,57.294,W,4
8/27/2010,0:00:00,25.6,N,57.3,W,4
8/27/2010,0:02:00,25.603,N,57.306,W,4
8/27/2010,0:04:00,25.607,N,57.311,W,4
8/27/2010,0:06:00,25.61,N,57.317,W,4
8/27/2010,0:08:00,25.614,N,57.322,W,4
8/27/2010,0:10:00,25.617,N,57.328,W,4
8/27/2010,0:12:00,25.621,N,57.334,W,4
8/27/2010,0:14:00,25.624,N,57.339,W,4
8/27/2010,0:16:00,25.628,N,57.345,W,4
8/27/2010,0:18:00,25.631,N,57.35,W,4
8/27/2010,0:20:00,25.635,N,57.356,W,4
8/27/2010,0:22:00,25.638,N,57.362,W,4
8/27/2010,0:24:00,25.642,N,57.367,W,4
8/27/2010,0:26:00,25.645,N,57.373,W,4
8/27/2010,0:28:00,25.648,N,57.379,W,4
8/27/2010,0:30:00,25.652,N,57.384,W,4
8/27/2010,0:32:00,25.655,N,57.39,W,4
8/27/2010,0:34:00,25.659,N,57.395,W,4
8/27/2010,0:36:00,25.662,N,57.401,W,4
8/27/2010,0:38:00,25.666,N,57.407,W,4
8/27/2010,0:40:00,25.669,N,57.412,W,4
8/27/2010,0:42:00,25.673,N,57.418,W,4
8/27/2010,0:44:00,25.676,N,57.423,W,4
8/27/2010,0:46:00,25.68,N,57.429,W,4
8/27/2010,0:48:00,25.683,N,57.435,W,4
8/27/2010,0:50:00,25.687,N,57.44,W,4
8/27/2010,0:52:00,25.69,N,57.446,W,4
8/27/2010,0:54:00,25.693,N,57.451,W,4
8/27/2010,0:56:00,25.697,N,57.457,W,4
8/27/2010,0:58:00,25.7,N,57.463,W,4
8/27/2010,1:00:00,25.704,N,57.468,W,4
8/27/2010,1:01:59,25.707,N,57.474,W,4
8/27/2010,1:04:00,25.711,N,57.479,W,4
8/27/2010,1:06:00,25.714,N,57.485,W,4
8/27/2010,1:07:59,25.718,N,57.491,W,4
8/27/2010,1:09:59,25.721,N,57.496,W,4
8/27/2010,1:12:00,25.725,N,57.502,W,4
8/27/2010,1:14:00,25.728,N,57.507,W,4
8/27/2010,1:15:59,25.731,N,57.513,W,4
8/27/2010,1:17:59,25.735,N,57.519,W,4
8/27/2010,1:20:00,25.738,N,57.524,W,4
8/27/2010,1:22:00,25.742,N,57.53,W,4
8/27/2010,1:23:59,25.745,N,57.535,W,4
8/27/2010,1:25:59,25.749,N,57.541,W,4
8/27/2010,1:28:00,25.752,N,57.547,W,4
8/27/2010,1:30:00,25.756,N,57.552,W,4
8/27/2010,1:31:59,25.759,N,57.558,W,4
8/27/2010,1:34:00,25.762,N,57.563,W,4
8/27/2010,1:36:00,25.766,N,57.569,W,4
8/27/2010,1:38:00,25.769,N,57.575,W,4
8/27/2010,1:39:59,25.773,N,57.58,W,4
8/27/2010,1:42:00,25.776,N,57.586,W,4
8/27/2010,1:44:00,25.78,N,57.591,W,4
8/27/2010,1:46:00,25.783,N,57.597,W,4
8/27/2010,1:47:59,25.786,N,57.603,W,4
8/27/2010,1:50:00,25.79,N,57.608,W,4
8/27/2010,1:52:00,25.793,N,57.614,W,4
8/27/2010,1:54:00,25.797,N,57.619,W,4
8/27/2010,1:55:59,25.8,N,57.625,W,4
8/27/2010,1:58:00,25.804,N,57.631,W,4
8/27/2010,2:00:00,25.807,N,57.636,W,4
8/27/2010,2:01:59,25.81,N,57.642,W,4
8/27/2010,2:03:59,25.814,N,57.647,W,4
8/27/2010,2:05:59,25.817,N,57.653,W,4
8/27/2010,2:08:00,25.821,N,57.659,W,4
8/27/2010,2:10:00,25.824,N,57.664,W,4
8/27/2010,2:12:00,25.828,N,57.67,W,4
8/27/2010,2:14:00,25.831,N,57.675,W,4
8/27/2010,2:15:59,25.834,N,57.681,W,4
8/27/2010,2:17:59,25.838,N,57.686,W,4
8/27/2010,2:19:59,25.841,N,57.692,W,4
8/27/2010,2:21:59,25.845,N,57.698,W,4
8/27/2010,2:24:00,25.848,N,57.703,W,4
8/27/2010,2:26:00,25.851,N,57.709,W,4
8/27/2010,2:28:00,25.855,N,57.714,W,4
8/27/2010,2:30:00,25.858,N,57.72,W,4
8/27/2010,2:31:59,25.862,N,57.726,W,4
8/27/2010,2:33:59,25.865,N,57.731,W,4
8/27/2010,2:35:59,25.868,N,57.737,W,4
8/27/2010,2:38:00,25.872,N,57.742,W,4
8/27/2010,2:40:00,25.875,N,57.748,W,4
8/27/2010,2:42:00,25.878,N,57.753,W,4
8/27/2010,2:44:00,25.882,N,57.759,W,4
8/27/2010,2:46:00,25.885,N,57.765,W,4
8/27/2010,2:47:59,25.889,N,57.77,W,4
8/27/2010,2:49:59,25.892,N,57.776,W,4
8/27/2010,2:51:59,25.895,N,57.781,W,4
8/27/2010,2:54:00,25.899,N,57.787,W,4
8/27/2010,2:56:00,25.902,N,57.792,W,4
8/27/2010,2:58:00,25.906,N,57.798,W,4
8/27/2010,3:00:00,25.909,N,57.804,W,4
8/27/2010,3:01:59,25.912,N,57.809,W,4
8/27/2010,3:03:59,25.916,N,57.815,W,4
8/27/2010,3:05:59,25.919,N,57.82,W,4
8/27/2010,3:08:00,25.922,N,57.826,W,4
8/27/2010,3:10:00,25.926,N,57.831,W,4
8/27/2010,3:12:00,25.929,N,57.837,W,4
8/27/2010,3:14:00,25.932,N,57.843,W,4
8/27/2010,3:15:59,25.936,N,57.848,W,4
8/27/2010,3:17:59,25.939,N,57.854,W,4
8/27/2010,3:19:59,25.942,N,57.859,W,4
8/27/2010,3:21:59,25.946,N,57.865,W,4
8/27/2010,3:24:00,25.949,N,57.87,W,4
8/27/2010,3:26:00,25.952,N,57.876,W,4
8/27/2010,3:28:00,25.956,N,57.881,W,4
8/27/2010,3:30:00,25.959,N,57.887,W,4
8/27/2010,3:31:59,25.962,N,57.893,W,4
8/27/2010,3:33:59,25.966,N,57.898,W,4
8/27/2010,3:35:59,25.969,N,57.904,W,4
8/27/2010,3:38:00,25.972,N,57.909,W,4
8/27/2010,3:40:00,25.976,N,57.915,W,4
8/27/2010,3:42:00,25.979,N,57.92,W,4
8/27/2010,3:44:00,25.982,N,57.926,W,4
8/27/2010,3:46:00,25.986,N,57.931,W,4
8/27/2010,3:47:59,25.989,N,57.937,W,4
8/27/2010,3:49:59,25.992,N,57.942,W,4
8/27/2010,3:51:59,25.996,N,57.948,W,4
8/27/2010,3:54:00,25.999,N,57.954,W,4
8/27/2010,3:56:00,26.002,N,57.959,W,4
8/27/2010,3:58:00,26.005,N,57.965,W,4
8/27/2010,4:00:00,26.009,N,57.97,W,4
8/27/2010,4:01:59,26.012,N,57.976,W,4
8/27/2010,4:03:59,26.015,N,57.981,W,4
8/27/2010,4:05:59,26.019,N,57.987,W,4
8/27/2010,4:07:59,26.022,N,57.992,W,4
8/27/2010,4:09:59,26.025,N,57.998,W,4
8/27/2010,4:11:59,26.028,N,58.003,W,4
8/27/2010,4:13:59,26.032,N,58.009,W,4
8/27/2010,4:16:00,26.035,N,58.014,W,4
8/27/2010,4:18:00,26.038,N,58.02,W,4
8/27/2010,4:20:00,26.042,N,58.025,W,4
8/27/2010,4:22:00,26.045,N,58.031,W,4
8/27/2010,4:24:00,26.048,N,58.037,W,4
8/27/2010,4:26:00,26.051,N,58.042,W,4
8/27/2010,4:28:00,26.055,N,58.048,W,4
8/27/2010,4:30:00,26.058,N,58.053,W,4
8/27/2010,4:31:59,26.061,N,58.059,W,4
8/27/2010,4:33:59,26.064,N,58.064,W,4
8/27/2010,4:35:59,26.067,N,58.07,W,4
8/27/2010,4:37:59,26.071,N,58.075,W,4
8/27/2010,4:39:59,26.074,N,58.081,W,4
8/27/2010,4:41:59,26.077,N,58.086,W,4
8/27/2010,4:43:59,26.08,N,58.092,W,4
8/27/2010,4:46:00,26.084,N,58.097,W,4
8/27/2010,4:48:00,26.087,N,58.103,W,4
8/27/2010,4:50:00,26.09,N,58.108,W,4
8/27/2010,4:52:00,26.093,N,58.114,W,4
8/27/2010,4:54:00,26.096,N,58.119,W,4
8/27/2010,4:56:00,26.1,N,58.125,W,4
8/27/2010,4:58:00,26.103,N,58.13,W,4
8/27/2010,5:00:00,26.106,N,58.136,W,4
8/27/2010,5:01:59,26.109,N,58.141,W,4
8/27/2010,5:03:59,26.112,N,58.147,W,4
8/27/2010,5:05:59,26.116,N,58.152,W,4
8/27/2010,5:07:59,26.119,N,58.158,W,4
8/27/2010,5:09:59,26.122,N,58.163,W,4
8/27/2010,5:11:59,26.125,N,58.169,W,4
8/27/2010,5:13:59,26.128,N,58.174,W,4
8/27/2010,5:16:00,26.131,N,58.18,W,4
8/27/2010,5:18:00,26.135,N,58.185,W,4
8/27/2010,5:20:00,26.138,N,58.191,W,4
8/27/2010,5:22:00,26.141,N,58.196,W,4
8/27/2010,5:24:00,26.144,N,58.202,W,4
8/27/2010,5:26:00,26.147,N,58.207,W,4
8/27/2010,5:28:00,26.15,N,58.213,W,4
8/27/2010,5:30:00,26.153,N,58.218,W,4
8/27/2010,5:31:59,26.157,N,58.224,W,4
8/27/2010,5:33:59,26.16,N,58.229,W,4
8/27/2010,5:35:59,26.163,N,58.234,W,4
8/27/2010,5:37:59,26.166,N,58.24,W,4
8/27/2010,5:39:59,26.169,N,58.245,W,4
8/27/2010,5:41:59,26.172,N,58.251,W,4
8/27/2010,5:43:59,26.175,N,58.256,W,4
8/27/2010,5:46:00,26.178,N,58.262,W,4
8/27/2010,5:48:00,26.181,N,58.267,W,4
8/27/2010,5:50:00,26.185,N,58.273,W,4
8/27/2010,5:52:00,26.188,N,58.278,W,4
8/27/2010,5:54:00,26.191,N,58.284,W,4
8/27/2010,5:56:00,26.194,N,58.289,W,4
8/27/2010,5:58:00,26.197,N,58.295,W,4
8/27/2010,6:00:00,26.2,N,58.3,W,4
8/27/2010,6:01:59,26.203,N,58.305,W,4
8/27/2010,6:03:59,26.206,N,58.311,W,4
8/27/2010,6:05:59,26.209,N,58.316,W,4
8/27/2010,6:07:59,26.212,N,58.322,W,4
8/27/2010,6:09:59,26.215,N,58.327,W,4
8/27/2010,6:11:59,26.218,N,58.333,W,4
8/27/2010,6:13:59,26.221,N,58.338,W,4
8/27/2010,6:16:00,26.224,N,58.344,W,4
8/27/2010,6:18:00,26.227,N,58.349,W,4
8/27/2010,6:20:00,26.23,N,58.354,W,4
8/27/2010,6:22:00,26.234,N,58.36,W,4
8/27/2010,6:24:00,26.237,N,58.365,W,4
8/27/2010,6:26:00,26.24,N,58.371,W,4
8/27/2010,6:28:00,26.243,N,58.376,W,4
8/27/2010,6:30:00,26.246,N,58.382,W,4
8/27/2010,6:31:59,26.249,N,58.387,W,4
8/27/2010,6:33:59,26.252,N,58.392,W,4
8/27/2010,6:35:59,26.255,N,58.398,W,4
8/27/2010,6:37:59,26.258,N,58.403,W,4
8/27/2010,6:39:59,26.26,N,58.409,W,4
8/27/2010,6:41:59,26.263,N,58.414,W,4
8/27/2010,6:43:59,26.266,N,58.419,W,4
8/27/2010,6:46:00,26.269,N,58.425,W,4
8/27/2010,6:48:00,26.272,N,58.43,W,4
8/27/2010,6:50:00,26.275,N,58.436,W,4
8/27/2010,6:52:00,26.278,N,58.441,W,4
8/27/2010,6:54:00,26.281,N,58.446,W,4
8/27/2010,6:56:00,26.284,N,58.452,W,4
8/27/2010,6:58:00,26.287,N,58.457,W,4
8/27/2010,7:00:00,26.29,N,58.463,W,4
8/27/2010,7:01:59,26.293,N,58.468,W,4
8/27/2010,7:03:59,26.296,N,58.473,W,4
8/27/2010,7:05:59,26.299,N,58.479,W,4
8/27/2010,7:07:59,26.302,N,58.484,W,4
8/27/2010,7:09:59,26.305,N,58.49,W,4
8/27/2010,7:11:59,26.307,N,58.495,W,4
8/27/2010,7:13:59,26.31,N,58.5,W,4
8/27/2010,7:16:00,26.313,N,58.506,W,4
8/27/2010,7:18:00,26.316,N,58.511,W,4
8/27/2010,7:20:00,26.319,N,58.516,W,4
8/27/2010,7:22:00,26.322,N,58.522,W,4
8/27/2010,7:24:00,26.325,N,58.527,W,4
8/27/2010,7:26:00,26.328,N,58.533,W,4
8/27/2010,7:28:00,26.331,N,58.538,W,4
8/27/2010,7:30:00,26.333,N,58.543,W,4
8/27/2010,7:31:59,26.336,N,58.549,W,4
8/27/2010,7:33:59,26.339,N,58.554,W,4
8/27/2010,7:35:59,26.342,N,58.559,W,4
8/27/2010,7:37:59,26.345,N,58.565,W,4
8/27/2010,7:39:59,26.348,N,58.57,W,4
8/27/2010,7:41:59,26.35,N,58.575,W,4
8/27/2010,7:43:59,26.353,N,58.581,W,4
8/27/2010,7:46:00,26.356,N,58.586,W,4
8/27/2010,7:48:00,26.359,N,58.591,W,4
8/27/2010,7:50:00,26.362,N,58.597,W,4
8/27/2010,7:52:00,26.364,N,58.602,W,4
8/27/2010,7:54:00,26.367,N,58.608,W,4
8/27/2010,7:56:00,26.37,N,58.613,W,4
8/27/2010,7:58:00,26.373,N,58.618,W,4
8/27/2010,8:00:00,26.375,N,58.624,W,4
8/27/2010,8:02:00,26.378,N,58.629,W,4
8/27/2010,8:03:59,26.381,N,58.634,W,4
8/27/2010,8:06:00,26.384,N,58.639,W,4
8/27/2010,8:07:59,26.386,N,58.645,W,4
8/27/2010,8:10:00,26.389,N,58.65,W,4
8/27/2010,8:11:59,26.392,N,58.655,W,4
8/27/2010,8:14:00,26.395,N,58.661,W,4
8/27/2010,8:15:59,26.397,N,58.666,W,4
8/27/2010,8:18:00,26.4,N,58.671,W,4
8/27/2010,8:19:59,26.403,N,58.677,W,4
8/27/2010,8:22:00,26.405,N,58.682,W,4
8/27/2010,8:23:59,26.408,N,58.687,W,4
8/27/2010,8:26:00,26.411,N,58.693,W,4
8/27/2010,8:27:59,26.414,N,58.698,W,4
8/27/2010,8:30:00,26.416,N,58.703,W,4
8/27/2010,8:32:00,26.419,N,58.708,W,4
8/27/2010,8:33:59,26.422,N,58.714,W,4
8/27/2010,8:36:00,26.424,N,58.719,W,4
8/27/2010,8:37:59,26.427,N,58.724,W,4
8/27/2010,8:40:00,26.43,N,58.73,W,4
8/27/2010,8:41:59,26.432,N,58.735,W,4
8/27/2010,8:44:00,26.435,N,58.74,W,4
8/27/2010,8:45:59,26.437,N,58.745,W,4
8/27/2010,8:48:00,26.44,N,58.751,W,4
8/27/2010,8:49:59,26.443,N,58.756,W,4
8/27/2010,8:52:00,26.445,N,58.761,W,4
8/27/2010,8:53:59,26.448,N,58.766,W,4
8/27/2010,8:56:00,26.45,N,58.772,W,4
8/27/2010,8:57:59,26.453,N,58.777,W,4
8/27/2010,9:00:00,26.456,N,58.782,W,4
8/27/2010,9:02:00,26.458,N,58.787,W,4
8/27/2010,9:03:59,26.461,N,58.793,W,4
8/27/2010,9:06:00,26.463,N,58.798,W,4
8/27/2010,9:07:59,26.466,N,58.803,W,4
8/27/2010,9:10:00,26.468,N,58.808,W,4
8/27/2010,9:11:59,26.471,N,58.814,W,4
8/27/2010,9:14:00,26.474,N,58.819,W,4
8/27/2010,9:15:59,26.476,N,58.824,W,4
8/27/2010,9:18:00,26.479,N,58.829,W,4
8/27/2010,9:19:59,26.481,N,58.835,W,4
8/27/2010,9:22:00,26.484,N,58.84,W,4
8/27/2010,9:23:59,26.486,N,58.845,W,4
8/27/2010,9:26:00,26.489,N,58.85,W,4
8/27/2010,9:27:59,26.491,N,58.856,W,4
8/27/2010,9:30:00,26.494,N,58.861,W,4
8/27/2010,9:32:00,26.496,N,58.866,W,4
8/27/2010,9:33:59,26.499,N,58.871,W,4
8/27/2010,9:36:00,26.501,N,58.876,W,4
8/27/2010,9:37:59,26.503,N,58.882,W,4
8/27/2010,9:40:00,26.506,N,58.887,W,4
8/27/2010,9:41:59,26.508,N,58.892,W,4
8/27/2010,9:44:00,26.511,N,58.897,W,4
8/27/2010,9:45:59,26.513,N,58.902,W,4
8/27/2010,9:48:00,26.516,N,58.908,W,4
8/27/2010,9:49:59,26.518,N,58.913,W,4
8/27/2010,9:52:00,26.521,N,58.918,W,4
8/27/2010,9:53:59,26.523,N,58.923,W,4
8/27/2010,9:56:00,26.525,N,58.928,W,4
8/27/2010,9:57:59,26.528,N,58.934,W,4
8/27/2010,10:00:00,26.53,N,58.939,W,4
8/27/2010,10:02:00,26.533,N,58.944,W,4
8/27/2010,10:03:59,26.535,N,58.949,W,4
8/27/2010,10:06:00,26.537,N,58.954,W,4
8/27/2010,10:07:59,26.54,N,58.959,W,4
8/27/2010,10:10:00,26.542,N,58.965,W,4
8/27/2010,10:11:59,26.545,N,58.97,W,4
8/27/2010,10:14:00,26.547,N,58.975,W,4
8/27/2010,10:15:59,26.549,N,58.98,W,4
8/27/2010,10:18:00,26.552,N,58.985,W,4
8/27/2010,10:19:59,26.554,N,58.99,W,4
8/27/2010,10:22:00,26.556,N,58.996,W,4
8/27/2010,10:23:59,26.559,N,59.001,W,4
8/27/2010,10:26:00,26.561,N,59.006,W,4
8/27/2010,10:27:59,26.563,N,59.011,W,4
8/27/2010,10:30:00,26.566,N,59.016,W,4
8/27/2010,10:32:00,26.568,N,59.021,W,4
8/27/2010,10:33:59,26.57,N,59.027,W,4
8/27/2010,10:36:00,26.573,N,59.032,W,4
8/27/2010,10:37:59,26.575,N,59.037,W,4
8/27/2010,10:40:00,26.577,N,59.042,W,4
8/27/2010,10:41:59,26.579,N,59.047,W,4
8/27/2010,10:44:00,26.582,N,59.052,W,4
8/27/2010,10:45:59,26.584,N,59.057,W,4
8/27/2010,10:48:00,26.586,N,59.062,W,4
8/27/2010,10:49:59,26.589,N,59.068,W,4
8/27/2010,10:52:00,26.591,N,59.073,W,4
8/27/2010,10:53:59,26.593,N,59.078,W,4
8/27/2010,10:56:00,26.595,N,59.083,W,4
8/27/2010,10:57:59,26.598,N,59.088,W,4
8/27/2010,11:00:00,26.6,N,59.093,W,4
8/27/2010,11:02:00,26.602,N,59.098,W,4
8/27/2010,11:03:59,26.604,N,59.103,W,4
8/27/2010,11:06:00,26.607,N,59.109,W,4
8/27/2010,11:07:59,26.609,N,59.114,W,4
8/27/2010,11:10:00,26.611,N,59.119,W,4
8/27/2010,11:11:59,26.613,N,59.124,W,4
8/27/2010,11:14:00,26.615,N,59.129,W,4
8/27/2010,11:15:59,26.618,N,59.134,W,4
8/27/2010,11:18:00,26.62,N,59.139,W,4
8/27/2010,11:19:59,26.622,N,59.144,W,4
8/27/2010,11:22:00,26.624,N,59.149,W,4
8/27/2010,11:23:59,26.626,N,59.155,W,4
8/27/2010,11:26:00,26.629,N,59.16,W,4
8/27/2010,11:27:59,26.631,N,59.165,W,4
8/27/2010,11:30:00,26.633,N,59.17,W,4
8/27/2010,11:32:00,26.635,N,59.175,W,4
8/27/2010,11:33:59,26.637,N,59.18,W,4
8/27/2010,11:36:00,26.64,N,59.185,W,4
8/27/2010,11:37:59,26.642,N,59.19,W,4
8/27/2010,11:40:00,26.644,N,59.195,W,4
8/27/2010,11:41:59,26.646,N,59.2,W,4
8/27/2010,11:44:00,26.648,N,59.205,W,4
8/27/2010,11:45:59,26.65,N,59.21,W,4
8/27/2010,11:48:00,26.652,N,59.216,W,4
8/27/2010,11:49:59,26.655,N,59.221,W,4
8/27/2010,11:52:00,26.657,N,59.226,W,4
8/27/2010,11:53:59,26.659,N,59.231,W,4
8/27/2010,11:56:00,26.661,N,59.236,W,4
8/27/2010,11:57:59,26.663,N,59.241,W,4
8/27/2010,12:00:00,26.665,N,59.246,W,4
8/27/2010,12:02:00,26.667,N,59.251,W,4
8/27/2010,12:03:59,26.669,N,59.256,W,4
8/27/2010,12:06:00,26.671,N,59.261,W,4
8/27/2010,12:07:59,26.674,N,59.266,W,4
8/27/2010,12:10:00,26.676,N,59.271,W,4
8/27/2010,12:11:59,26.678,N,59.276,W,4
8/27/2010,12:14:00,26.68,N,59.281,W,4
8/27/2010,12:15:59,26.682,N,59.286,W,4
8/27/2010,12:18:00,26.684,N,59.292,W,4
8/27/2010,12:19:59,26.686,N,59.297,W,4
8/27/2010,12:22:00,26.688,N,59.302,W,4
8/27/2010,12:23:59,26.69,N,59.307,W,4
8/27/2010,12:26:00,26.692,N,59.312,W,4
8/27/2010,12:27:59,26.694,N,59.317,W,4
8/27/2010,12:30:00,26.696,N,59.322,W,4
8/27/2010,12:32:00,26.698,N,59.327,W,4
8/27/2010,12:33:59,26.7,N,59.332,W,4
8/27/2010,12:36:00,26.703,N,59.337,W,4
8/27/2010,12:37:59,26.705,N,59.342,W,4
8/27/2010,12:40:00,26.707,N,59.347,W,4
8/27/2010,12:41:59,26.709,N,59.352,W,4
8/27/2010,12:44:00,26.711,N,59.357,W,4
8/27/2010,12:45:59,26.713,N,59.362,W,4
8/27/2010,12:48:00,26.715,N,59.367,W,4
8/27/2010,12:49:59,26.717,N,59.372,W,4
8/27/2010,12:52:00,26.719,N,59.377,W,4
8/27/2010,12:53:59,26.721,N,59.382,W,4
8/27/2010,12:56:00,26.723,N,59.387,W,4
8/27/2010,12:57:59,26.725,N,59.392,W,4
8/27/2010,13:00:00,26.727,N,59.397,W,4
8/27/2010,13:02:00,26.729,N,59.402,W,4
8/27/2010,13:03:59,26.731,N,59.407,W,4
8/27/2010,13:06:00,26.733,N,59.412,W,4
8/27/2010,13:07:59,26.735,N,59.417,W,4
8/27/2010,13:10:00,26.737,N,59.422,W,4
8/27/2010,13:11:59,26.739,N,59.427,W,4
8/27/2010,13:14:00,26.741,N,59.432,W,4
8/27/2010,13:15:59,26.743,N,59.437,W,4
8/27/2010,13:18:00,26.745,N,59.442,W,4
8/27/2010,13:19:59,26.747,N,59.447,W,4
8/27/2010,13:22:00,26.749,N,59.452,W,4
8/27/2010,13:23:59,26.751,N,59.457,W,4
8/27/2010,13:26:00,26.752,N,59.462,W,4
8/27/2010,13:27:59,26.754,N,59.467,W,4
8/27/2010,13:30:00,26.756,N,59.472,W,4
8/27/2010,13:32:00,26.758,N,59.477,W,4
8/27/2010,13:33:59,26.76,N,59.482,W,4
8/27/2010,13:36:00,26.762,N,59.487,W,4
8/27/2010,13:37:59,26.764,N,59.492,W,4
8/27/2010,13:40:00,26.766,N,59.497,W,4
8/27/2010,13:41:59,26.768,N,59.502,W,4
8/27/2010,13:44:00,26.77,N,59.507,W,4
8/27/2010,13:45:59,26.772,N,59.512,W,4
8/27/2010,13:48:00,26.774,N,59.517,W,4
8/27/2010,13:49:59,26.776,N,59.522,W,4
8/27/2010,13:52:00,26.778,N,59.527,W,4
8/27/2010,13:53:59,26.78,N,59.532,W,4
8/27/2010,13:56:00,26.782,N,59.537,W,4
8/27/2010,13:57:59,26.783,N,59.542,W,4
8/27/2010,14:00:00,26.785,N,59.547,W,4
8/27/2010,14:02:00,26.787,N,59.552,W,4
8/27/2010,14:03:59,26.789,N,59.557,W,4
8/27/2010,14:06:00,26.791,N,59.562,W,4
8/27/2010,14:07:59,26.793,N,59.567,W,4
8/27/2010,14:10:00,26.795,N,59.572,W,4
8/27/2010,14:11:59,26.797,N,59.577,W,4
8/27/2010,14:14:00,26.799,N,59.582,W,4
8/27/2010,14:15:59,26.801,N,59.587,W,4
8/27/2010,14:18:00,26.802,N,59.592,W,4
8/27/2010,14:19:59,26.804,N,59.597,W,4
8/27/2010,14:22:00,26.806,N,59.602,W,4
8/27/2010,14:23:59,26.808,N,59.607,W,4
8/27/2010,14:26:00,26.81,N,59.612,W,4
8/27/2010,14:27:59,26.812,N,59.617,W,4
8/27/2010,14:30:00,26.814,N,59.622,W,4
8/27/2010,14:32:00,26.816,N,59.627,W,4
8/27/2010,14:33:59,26.817,N,59.632,W,4
8/27/2010,14:36:00,26.819,N,59.637,W,4
8/27/2010,14:37:59,26.821,N,59.642,W,4
8/27/2010,14:40:00,26.823,N,59.647,W,4
8/27/2010,14:41:59,26.825,N,59.652,W,4
8/27/2010,14:44:00,26.827,N,59.657,W,4
8/27/2010,14:45:59,26.829,N,59.662,W,4
8/27/2010,14:48:00,26.83,N,59.667,W,4
8/27/2010,14:49:59,26.832,N,59.672,W,4
8/27/2010,14:52:00,26.834,N,59.677,W,4
8/27/2010,14:53:59,26.836,N,59.682,W,4
8/27/2010,14:56:00,26.838,N,59.687,W,4
8/27/2010,14:57:59,26.84,N,59.692,W,4
8/27/2010,15:00:00,26.842,N,59.697,W,4
8/27/2010,15:02:00,26.843,N,59.701,W,4
8/27/2010,15:03:59,26.845,N,59.706,W,4
8/27/2010,15:06:00,26.847,N,59.711,W,4
8/27/2010,15:07:59,26.849,N,59.716,W,4
8/27/2010,15:10:00,26.851,N,59.721,W,4
8/27/2010,15:11:59,26.853,N,59.726,W,4
8/27/2010,15:14:00,26.854,N,59.731,W,4
8/27/2010,15:15:59,26.856,N,59.736,W,4
8/27/2010,15:18:00,26.858,N,59.741,W,4
8/27/2010,15:19:59,26.86,N,59.746,W,4
8/27/2010,15:22:00,26.862,N,59.751,W,4
8/27/2010,15:23:59,26.864,N,59.756,W,4
8/27/2010,15:26:00,26.865,N,59.761,W,4
8/27/2010,15:27:59,26.867,N,59.766,W,4
8/27/2010,15:30:00,26.869,N,59.771,W,4
8/27/2010,15:32:00,26.871,N,59.776,W,4
8/27/2010,15:33:59,26.873,N,59.781,W,4
8/27/2010,15:36:00,26.874,N,59.786,W,4
8/27/2010,15:37:59,26.876,N,59.791,W,4
8/27/2010,15:40:00,26.878,N,59.796,W,4
8/27/2010,15:41:59,26.88,N,59.8,W,4
8/27/2010,15:44:00,26.882,N,59.805,W,4
8/27/2010,15:45:59,26.883,N,59.81,W,4
8/27/2010,15:48:00,26.885,N,59.815,W,4
8/27/2010,15:49:54,26.887,N,59.82,W,4
8/27/2010,15:51:53,26.888,N,59.825,W,4
8/27/2010,15:53:54,26.89,N,59.83,W,4
8/27/2010,15:55:53,26.891,N,59.834,W,4
8/27/2010,15:57:54,26.893,N,59.839,W,4
8/27/2010,15:59:53,26.894,N,59.844,W,4
8/27/2010,16:01:53,26.896,N,59.849,W,4
8/27/2010,16:03:54,26.897,N,59.854,W,4
8/27/2010,16:05:54,26.899,N,59.858,W,4
8/27/2010,16:07:53,26.9,N,59.863,W,4
8/27/2010,16:09:54,26.902,N,59.868,W,4
8/27/2010,16:11:54,26.903,N,59.873,W,4
8/27/2010,16:13:53,26.905,N,59.877,W,4
8/27/2010,16:15:53,26.906,N,59.882,W,4
8/27/2010,16:17:54,26.908,N,59.887,W,4
8/27/2010,16:19:54,26.909,N,59.891,W,4
8/27/2010,16:21:53,26.911,N,59.896,W,4
8/27/2010,16:23:53,26.912,N,59.901,W,4
8/27/2010,16:25:54,26.914,N,59.906,W,4
8/27/2010,16:27:54,26.915,N,59.91,W,4
8/27/2010,16:29:53,26.917,N,59.915,W,4
8/27/2010,16:31:53,26.918,N,59.92,W,4
8/27/2010,16:33:54,26.92,N,59.924,W,4
8/27/2010,16:35:54,26.921,N,59.929,W,4
8/27/2010,16:37:53,26.923,N,59.934,W,4
8/27/2010,16:39:54,26.924,N,59.938,W,4
8/27/2010,16:41:54,26.926,N,59.943,W,4
8/27/2010,16:43:53,26.927,N,59.947,W,4
8/27/2010,16:45:53,26.929,N,59.952,W,4
8/27/2010,16:47:54,26.93,N,59.957,W,4
8/27/2010,16:49:54,26.932,N,59.961,W,4
8/27/2010,16:51:53,26.933,N,59.966,W,4
8/27/2010,16:53:53,26.935,N,59.971,W,4
8/27/2010,16:55:54,26.936,N,59.975,W,4
8/27/2010,16:57:54,26.938,N,59.98,W,4
8/27/2010,16:59:53,26.939,N,59.984,W,4
8/27/2010,17:01:53,26.941,N,59.989,W,4
8/27/2010,17:03:54,26.942,N,59.993,W,4
8/27/2010,17:05:54,26.944,N,59.998,W,4
8/27/2010,17:07:53,26.946,N,60.003,W,4
8/27/2010,17:09:54,26.947,N,60.007,W,4
8/27/2010,17:11:54,26.949,N,60.012,W,4
8/27/2010,17:13:53,26.95,N,60.016,W,4
8/27/2010,17:15:53,26.952,N,60.021,W,4
8/27/2010,17:17:54,26.953,N,60.025,W,4
8/27/2010,17:19:54,26.955,N,60.03,W,4
8/27/2010,17:21:53,26.957,N,60.034,W,4
8/27/2010,17:23:53,26.958,N,60.039,W,4
8/27/2010,17:25:54,26.96,N,60.043,W,4
8/27/2010,17:27:54,26.962,N,60.047,W,4
8/27/2010,17:29:53,26.963,N,60.052,W,4
8/27/2010,17:31:53,26.965,N,60.056,W,4
8/27/2010,17:33:54,26.966,N,60.061,W,4
8/27/2010,17:35:47,26.968,N,60.065,W,4
8/27/2010,17:37:47,26.97,N,60.07,W,4
8/27/2010,17:39:46,26.971,N,60.074,W,4
8/27/2010,17:41:46,26.973,N,60.079,W,4
8/27/2010,17:43:47,26.975,N,60.083,W,4
8/27/2010,17:45:47,26.977,N,60.088,W,4
8/27/2010,17:47:46,26.979,N,60.092,W,4
8/27/2010,17:49:46,26.98,N,60.097,W,4
8/27/2010,17:51:47,26.982,N,60.101,W,4
8/27/2010,17:53:47,26.984,N,60.106,W,4
8/27/2010,17:55:46,26.986,N,60.11,W,4
8/27/2010,17:57:46,26.988,N,60.114,W,4
8/27/2010,17:59:47,26.99,N,60.119,W,4
8/27/2010,18:01:46,26.991,N,60.123,W,4
8/27/2010,18:03:46,26.993,N,60.128,W,4
8/27/2010,18:05:47,26.995,N,60.132,W,4
8/27/2010,18:07:47,26.997,N,60.137,W,4
8/27/2010,18:09:46,26.999,N,60.141,W,4
8/27/2010,18:11:46,27.001,N,60.146,W,4
8/27/2010,18:13:47,27.003,N,60.15,W,4
8/27/2010,18:15:47,27.005,N,60.154,W,4
8/27/2010,18:17:46,27.007,N,60.159,W,4
8/27/2010,18:19:46,27.009,N,60.163,W,4
8/27/2010,18:21:47,27.011,N,60.167,W,4
8/27/2010,18:23:47,27.013,N,60.172,W,4
8/27/2010,18:25:46,27.015,N,60.176,W,4
8/27/2010,18:27:46,27.017,N,60.181,W,4
8/27/2010,18:29:47,27.019,N,60.185,W,4
8/27/2010,18:31:46,27.021,N,60.189,W,4
8/27/2010,18:33:46,27.023,N,60.194,W,4
8/27/2010,18:35:47,27.026,N,60.198,W,4
8/27/2010,18:37:47,27.028,N,60.202,W,4
8/27/2010,18:39:46,27.03,N,60.207,W,4
8/27/2010,18:41:46,27.032,N,60.211,W,4
8/27/2010,18:43:47,27.034,N,60.215,W,4
8/27/2010,18:45:47,27.037,N,60.219,W,4
8/27/2010,18:47:46,27.039,N,60.224,W,4
8/27/2010,18:49:46,27.041,N,60.228,W,4
8/27/2010,18:51:47,27.043,N,60.232,W,4
8/27/2010,18:53:47,27.046,N,60.236,W,4
8/27/2010,18:55:46,27.048,N,60.241,W,4
8/27/2010,18:57:46,27.05,N,60.245,W,4
8/27/2010,18:59:47,27.053,N,60.249,W,4
8/27/2010,19:01:46,27.055,N,60.253,W,4
8/27/2010,19:03:46,27.057,N,60.257,W,4
8/27/2010,19:05:47,27.06,N,60.262,W,4
8/27/2010,19:07:47,27.062,N,60.266,W,4
8/27/2010,19:09:46,27.065,N,60.27,W,4
8/27/2010,19:11:46,27.067,N,60.274,W,4
8/27/2010,19:13:47,27.07,N,60.278,W,4
8/27/2010,19:15:47,27.072,N,60.282,W,4
8/27/2010,19:17:46,27.075,N,60.286,W,4
8/27/2010,19:19:46,27.077,N,60.291,W,4
8/27/2010,19:21:47,27.08,N,60.295,W,4
8/27/2010,19:23:47,27.083,N,60.299,W,4
8/27/2010,19:25:46,27.085,N,60.303,W,4
8/27/2010,19:27:46,27.088,N,60.307,W,4
8/27/2010,19:29:47,27.09,N,60.311,W,4
8/27/2010,19:31:46,27.093,N,60.315,W,4
8/27/2010,19:33:46,27.096,N,60.319,W,4
8/27/2010,19:35:47,27.099,N,60.323,W,4
8/27/2010,19:37:47,27.101,N,60.327,W,4
8/27/2010,19:39:46,27.104,N,60.331,W,4
8/27/2010,19:41:46,27.107,N,60.335,W,4
8/27/2010,19:43:47,27.11,N,60.339,W,4
8/27/2010,19:45:47,27.113,N,60.343,W,4
8/27/2010,19:47:46,27.116,N,60.347,W,4
8/27/2010,19:49:46,27.118,N,60.351,W,4
8/27/2010,19:51:47,27.121,N,60.355,W,4
8/27/2010,19:53:47,27.124,N,60.359,W,4
8/27/2010,19:55:46,27.127,N,60.362,W,4
8/27/2010,19:57:46,27.13,N,60.366,W,4
8/27/2010,19:59:47,27.133,N,60.37,W,4
8/27/2010,20:01:46,27.136,N,60.374,W,4
8/27/2010,20:03:46,27.14,N,60.378,W,4
8/27/2010,20:05:47,27.143,N,60.382,W,4
8/27/2010,20:07:47,27.146,N,60.385,W,4
8/27/2010,20:09:46,27.149,N,60.389,W,4
8/27/2010,20:11:46,27.152,N,60.393,W,4
8/27/2010,20:13:47,27.155,N,60.397,W,4
8/27/2010,20:15:47,27.159,N,60.401,W,4
8/27/2010,20:17:46,27.162,N,60.404,W,4
8/27/2010,20:19:46,27.165,N,60.408,W,4
8/27/2010,20:21:47,27.169,N,60.412,W,4
8/27/2010,20:23:47,27.172,N,60.415,W,4
8/27/2010,20:25:46,27.175,N,60.419,W,4
8/27/2010,20:27:46,27.179,N,60.423,W,4
8/27/2010,20:29:47,27.182,N,60.426,W,4
8/27/2010,20:31:46,27.186,N,60.43,W,4
8/27/2010,20:33:46,27.189,N,60.434,W,4
8/27/2010,20:35:47,27.193,N,60.437,W,4
8/27/2010,20:37:47,27.196,N,60.441,W,4
8/27/2010,20:39:46,27.2,N,60.444,W,4
8/27/2010,20:41:46,27.203,N,60.448,W,4
8/27/2010,20:43:47,27.207,N,60.452,W,4
8/27/2010,20:45:47,27.211,N,60.455,W,4
8/27/2010,20:47:46,27.214,N,60.459,W,4
8/27/2010,20:49:46,27.218,N,60.462,W,4
8/27/2010,20:51:47,27.222,N,60.466,W,4
8/27/2010,20:53:47,27.226,N,60.469,W,4
8/27/2010,20:55:46,27.229,N,60.473,W,4
8/27/2010,20:57:46,27.233,N,60.476,W,4
8/27/2010,20:59:47,27.237,N,60.48,W,4
8/27/2010,21:01:46,27.241,N,60.483,W,4
8/27/2010,21:03:46,27.245,N,60.486,W,4
8/27/2010,21:05:47,27.249,N,60.49,W,4
8/27/2010,21:07:47,27.253,N,60.493,W,4
8/27/2010,21:09:46,27.256,N,60.497,W,4
8/27/2010,21:11:46,27.26,N,60.5,W,4
8/27/2010,21:13:47,27.264,N,60.503,W,4
8/27/2010,21:15:47,27.268,N,60.507,W,4
8/27/2010,21:17:46,27.272,N,60.51,W,4
8/27/2010,21:19:46,27.276,N,60.513,W,4
8/27/2010,21:21:47,27.281,N,60.517,W,4
8/27/2010,21:23:47,27.285,N,60.52,W,4
8/27/2010,21:25:46,27.289,N,60.523,W,4
8/27/2010,21:27:46,27.293,N,60.526,W,4
8/27/2010,21:29:47,27.297,N,60.53,W,4
8/27/2010,21:31:46,27.301,N,60.533,W,4
8/27/2010,21:33:46,27.305,N,60.536,W,4
8/27/2010,21:35:47,27.309,N,60.539,W,4
8/27/2010,21:37:47,27.314,N,60.542,W,4
8/27/2010,21:39:46,27.318,N,60.546,W,4
8/27/2010,21:41:46,27.322,N,60.549,W,4
8/27/2010,21:43:47,27.326,N,60.552,W,4
8/27/2010,21:45:47,27.331,N,60.555,W,4
8/27/2010,21:47:46,27.335,N,60.558,W,4
8/27/2010,21:49:46,27.339,N,60.561,W,4
8/27/2010,21:51:47,27.343,N,60.564,W,4
8/27/2010,21:53:47,27.348,N,60.567,W,4
8/27/2010,21:55:46,27.352,N,60.57,W,4
8/27/2010,21:57:46,27.356,N,60.574,W,4
8/27/2010,21:59:47,27.361,N,60.577,W,4
8/27/2010,22:01:46,27.365,N,60.58,W,4
8/27/2010,22:03:46,27.369,N,60.583,W,4
8/27/2010,22:05:47,27.374,N,60.586,W,4
8/27/2010,22:07:47,27.378,N,60.589,W,4
8/27/2010,22:09:46,27.383,N,60.592,W,4
8/27/2010,22:11:46,27.387,N,60.595,W,4
8/27/2010,22:13:47,27.391,N,60.598,W,4
8/27/2010,22:15:47,27.396,N,60.6,W,4
8/27/2010,22:17:46,27.4,N,60.603,W,4
8/27/2010,22:19:46,27.405,N,60.606,W,4
8/27/2010,22:21:47,27.409,N,60.609,W,4
8/27/2010,22:23:47,27.414,N,60.612,W,4
8/27/2010,22:25:46,27.418,N,60.615,W,4
8/27/2010,22:27:46,27.423,N,60.618,W,4
8/27/2010,22:29:47,27.427,N,60.621,W,4
8/27/2010,22:31:46,27.432,N,60.624,W,4
8/27/2010,22:33:46,27.436,N,60.626,W,4
8/27/2010,22:35:47,27.441,N,60.629,W,4
8/27/2010,22:37:47,27.445,N,60.632,W,4
8/27/2010,22:39:46,27.45,N,60.635,W,4
8/27/2010,22:41:46,27.454,N,60.638,W,4
8/27/2010,22:43:47,27.459,N,60.64,W,4
8/27/2010,22:45:47,27.463,N,60.643,W,4
8/27/2010,22:47:46,27.468,N,60.646,W,4
8/27/2010,22:49:46,27.473,N,60.649,W,4
8/27/2010,22:51:47,27.477,N,60.651,W,4
8/27/2010,22:53:47,27.482,N,60.654,W,4
8/27/2010,22:55:46,27.486,N,60.657,W,4
8/27/2010,22:57:46,27.491,N,60.66,W,4
8/27/2010,22:59:47,27.495,N,60.662,W,4
8/27/2010,23:01:46,27.5,N,60.665,W,4
8/27/2010,23:03:46,27.504,N,60.668,W,4
8/27/2010,23:05:47,27.509,N,60.67,W,4
8/27/2010,23:07:47,27.514,N,60.673,W,4
8/27/2010,23:09:46,27.518,N,60.675,W,4
8/27/2010,23:11:46,27.523,N,60.678,W,4
8/27/2010,23:13:47,27.527,N,60.681,W,4
8/27/2010,23:15:47,27.532,N,60.683,W,4
8/27/2010,23:17:46,27.536,N,60.686,W,4
8/27/2010,23:19:46,27.541,N,60.688,W,4
8/27/2010,23:21:47,27.546,N,60.691,W,4
8/27/2010,23:23:47,27.55,N,60.694,W,4
8/27/2010,23:25:46,27.555,N,60.696,W,4
8/27/2010,23:27:46,27.559,N,60.699,W,4
8/27/2010,23:29:47,27.564,N,60.701,W,4
8/27/2010,23:31:46,27.568,N,60.704,W,4
8/27/2010,23:33:46,27.573,N,60.706,W,4
8/27/2010,23:35:47,27.577,N,60.709,W,4
8/27/2010,23:37:47,27.582,N,60.711,W,4
8/27/2010,23:39:46,27.587,N,60.714,W,4
8/27/2010,23:41:46,27.591,N,60.716,W,4
8/27/2010,23:43:47,27.596,N,60.718,W,4
8/27/2010,23:45:47,27.6,N,60.721,W,4
8/27/2010,23:47:46,27.605,N,60.723,W,4
8/27/2010,23:49:46,27.609,N,60.726,W,4
8/27/2010,23:51:47,27.614,N,60.728,W,4
8/27/2010,23:53:47,27.618,N,60.73,W,4
8/27/2010,23:55:46,27.623,N,60.733,W,4
8/27/2010,23:57:46,27.627,N,60.735,W,4
8/27/2010,23:59:47,27.632,N,60.738,W,4
8/28/2010,0:01:46,27.636,N,60.74,W,4
8/28/2010,0:03:46,27.641,N,60.742,W,4
8/28/2010,0:05:47,27.645,N,60.745,W,4
8/28/2010,0:07:47,27.649,N,60.747,W,4
8/28/2010,0:09:46,27.654,N,60.749,W,4
8/28/2010,0:11:46,27.658,N,60.751,W,4
8/28/2010,0:13:47,27.663,N,60.754,W,4
8/28/2010,0:15:47,27.667,N,60.756,W,4
8/28/2010,0:17:46,27.671,N,60.758,W,4
8/28/2010,0:19:46,27.676,N,60.761,W,4
8/28/2010,0:21:47,27.68,N,60.763,W,4
8/28/2010,0:23:47,27.685,N,60.765,W,4
8/28/2010,0:25:46,27.689,N,60.767,W,4
8/28/2010,0:27:46,27.693,N,60.769,W,4
8/28/2010,0:29:47,27.697,N,60.772,W,4
8/28/2010,0:31:46,27.702,N,60.774,W,4
8/28/2010,0:33:46,27.706,N,60.776,W,4
8/28/2010,0:35:47,27.71,N,60.778,W,4
8/28/2010,0:37:47,27.715,N,60.78,W,4
8/28/2010,0:39:46,27.719,N,60.782,W,4
8/28/2010,0:41:46,27.723,N,60.785,W,4
8/28/2010,0:43:47,27.727,N,60.787,W,4
8/28/2010,0:45:47,27.731,N,60.789,W,4
8/28/2010,0:47:46,27.736,N,60.791,W,4
8/28/2010,0:49:46,27.74,N,60.793,W,4
8/28/2010,0:51:47,27.744,N,60.795,W,4
8/28/2010,0:53:47,27.748,N,60.797,W,4
8/28/2010,0:55:46,27.752,N,60.799,W,4
8/28/2010,0:57:46,27.756,N,60.801,W,4
8/28/2010,0:59:47,27.76,N,60.803,W,4
8/28/2010,1:01:46,27.764,N,60.806,W,4
8/28/2010,1:03:46,27.768,N,60.808,W,4
8/28/2010,1:05:47,27.772,N,60.81,W,4
8/28/2010,1:07:47,27.776,N,60.812,W,4
8/28/2010,1:09:46,27.78,N,60.814,W,4
8/28/2010,1:11:46,27.784,N,60.816,W,4
8/28/2010,1:13:47,27.788,N,60.818,W,4
8/28/2010,1:15:47,27.792,N,60.82,W,4
8/28/2010,1:17:46,27.796,N,60.822,W,4
8/28/2010,1:19:46,27.8,N,60.824,W,4
8/28/2010,1:21:47,27.804,N,60.826,W,4
8/28/2010,1:23:47,27.808,N,60.828,W,4
8/28/2010,1:25:46,27.812,N,60.829,W,4
8/28/2010,1:27:46,27.815,N,60.831,W,4
8/28/2010,1:29:47,27.819,N,60.833,W,4
8/28/2010,1:31:46,27.823,N,60.835,W,4
8/28/2010,1:33:46,27.827,N,60.837,W,4
8/28/2010,1:35:47,27.83,N,60.839,W,4
8/28/2010,1:37:47,27.834,N,60.841,W,4
8/28/2010,1:39:46,27.838,N,60.843,W,4
8/28/2010,1:41:46,27.842,N,60.845,W,4
8/28/2010,1:43:47,27.845,N,60.847,W,4
8/28/2010,1:45:47,27.849,N,60.848,W,4
8/28/2010,1:47:46,27.853,N,60.85,W,4
8/28/2010,1:49:46,27.856,N,60.852,W,4
8/28/2010,1:51:47,27.86,N,60.854,W,4
8/28/2010,1:53:47,27.863,N,60.856,W,4
8/28/2010,1:55:46,27.867,N,60.858,W,4
8/28/2010,1:57:46,27.871,N,60.859,W,4
8/28/2010,1:59:47,27.874,N,60.861,W,4
8/28/2010,2:01:46,27.878,N,60.863,W,4
8/28/2010,2:03:46,27.881,N,60.865,W,4
8/28/2010,2:05:47,27.885,N,60.867,W,4
8/28/2010,2:07:47,27.888,N,60.868,W,4
8/28/2010,2:09:46,27.892,N,60.87,W,4
8/28/2010,2:11:46,27.895,N,60.872,W,4
8/28/2010,2:13:47,27.899,N,60.874,W,4
8/28/2010,2:15:47,27.902,N,60.876,W,4
8/28/2010,2:17:46,27.906,N,60.877,W,4
8/28/2010,2:19:46,27.909,N,60.879,W,4
8/28/2010,2:21:47,27.912,N,60.881,W,4
8/28/2010,2:23:47,27.916,N,60.882,W,4
8/28/2010,2:25:46,27.919,N,60.884,W,4
8/28/2010,2:27:46,27.923,N,60.886,W,4
8/28/2010,2:29:47,27.926,N,60.888,W,4
8/28/2010,2:31:46,27.929,N,60.889,W,4
8/28/2010,2:33:46,27.933,N,60.891,W,4
8/28/2010,2:35:47,27.936,N,60.893,W,4
8/28/2010,2:37:47,27.939,N,60.894,W,4
8/28/2010,2:39:46,27.943,N,60.896,W,4
8/28/2010,2:41:46,27.946,N,60.898,W,4
8/28/2010,2:43:47,27.949,N,60.899,W,4
8/28/2010,2:45:47,27.952,N,60.901,W,4
8/28/2010,2:47:46,27.956,N,60.903,W,4
8/28/2010,2:49:46,27.959,N,60.904,W,4
8/28/2010,2:51:47,27.962,N,60.906,W,4
8/28/2010,2:53:47,27.965,N,60.908,W,4
8/28/2010,2:55:46,27.969,N,60.909,W,4
8/28/2010,2:57:46,27.972,N,60.911,W,4
8/28/2010,2:59:47,27.975,N,60.913,W,4
8/28/2010,3:01:46,27.978,N,60.914,W,4
8/28/2010,3:03:46,27.981,N,60.916,W,4
8/28/2010,3:05:47,27.984,N,60.917,W,4
8/28/2010,3:07:47,27.988,N,60.919,W,4
8/28/2010,3:09:46,27.991,N,60.921,W,4
8/28/2010,3:11:46,27.994,N,60.922,W,4
8/28/2010,3:13:47,27.997,N,60.924,W,4
8/28/2010,3:15:47,28,N,60.925,W,4
8/28/2010,3:17:46,28.003,N,60.927,W,4
8/28/2010,3:19:46,28.006,N,60.929,W,4
8/28/2010,3:21:47,28.009,N,60.93,W,4
8/28/2010,3:23:47,28.012,N,60.932,W,4
8/28/2010,3:25:46,28.015,N,60.933,W,4
8/28/2010,3:27:46,28.018,N,60.935,W,4
8/28/2010,3:29:47,28.021,N,60.936,W,4
8/28/2010,3:31:46,28.024,N,60.938,W,4
8/28/2010,3:33:46,28.027,N,60.94,W,4
8/28/2010,3:35:47,28.031,N,60.941,W,4
8/28/2010,3:37:47,28.034,N,60.943,W,4
8/28/2010,3:39:46,28.037,N,60.944,W,4
8/28/2010,3:41:46,28.039,N,60.946,W,4
8/28/2010,3:43:47,28.042,N,60.947,W,4
8/28/2010,3:45:47,28.045,N,60.949,W,4
8/28/2010,3:47:29,28.048,N,60.95,W,4
8/28/2010,3:49:30,28.051,N,60.952,W,4
8/28/2010,3:51:30,28.053,N,60.954,W,4
8/28/2010,3:53:29,28.056,N,60.956,W,4
8/28/2010,3:55:29,28.059,N,60.958,W,4
8/28/2010,3:57:30,28.062,N,60.96,W,4
8/28/2010,3:59:30,28.064,N,60.962,W,4
8/28/2010,4:01:29,28.067,N,60.964,W,4
8/28/2010,4:03:29,28.07,N,60.966,W,4
8/28/2010,4:05:30,28.073,N,60.968,W,4
8/28/2010,4:07:30,28.075,N,60.969,W,4
8/28/2010,4:09:29,28.078,N,60.971,W,4
8/28/2010,4:11:30,28.081,N,60.973,W,4
8/28/2010,4:13:30,28.084,N,60.975,W,4
8/28/2010,4:15:29,28.086,N,60.977,W,4
8/28/2010,4:17:29,28.089,N,60.978,W,4
8/28/2010,4:19:30,28.092,N,60.98,W,4
8/28/2010,4:21:30,28.095,N,60.982,W,4
8/28/2010,4:23:29,28.097,N,60.984,W,4
8/28/2010,4:25:29,28.1,N,60.985,W,4
8/28/2010,4:27:30,28.103,N,60.987,W,4
8/28/2010,4:29:30,28.106,N,60.988,W,4
8/28/2010,4:31:29,28.108,N,60.99,W,4
8/28/2010,4:33:29,28.111,N,60.992,W,4
8/28/2010,4:35:30,28.114,N,60.993,W,4
8/28/2010,4:37:30,28.117,N,60.995,W,4
8/28/2010,4:39:29,28.12,N,60.996,W,4
8/28/2010,4:41:30,28.123,N,60.998,W,4
8/28/2010,4:43:30,28.125,N,60.999,W,4
8/28/2010,4:45:29,28.128,N,61.001,W,4
8/28/2010,4:47:29,28.131,N,61.002,W,4
8/28/2010,4:49:30,28.134,N,61.003,W,4
8/28/2010,4:51:30,28.137,N,61.005,W,4
8/28/2010,4:53:29,28.14,N,61.006,W,4
8/28/2010,4:55:29,28.142,N,61.007,W,4
8/28/2010,4:57:30,28.145,N,61.009,W,4
8/28/2010,4:59:30,28.148,N,61.01,W,4
8/28/2010,5:01:29,28.151,N,61.011,W,4
8/28/2010,5:03:29,28.154,N,61.012,W,4
8/28/2010,5:05:30,28.157,N,61.014,W,4
8/28/2010,5:07:30,28.16,N,61.015,W,4
8/28/2010,5:09:29,28.163,N,61.016,W,4
8/28/2010,5:11:30,28.165,N,61.017,W,4
8/28/2010,5:13:30,28.168,N,61.018,W,4
8/28/2010,5:15:29,28.171,N,61.019,W,4
8/28/2010,5:17:29,28.174,N,61.02,W,4
8/28/2010,5:19:30,28.177,N,61.021,W,4
8/28/2010,5:21:30,28.18,N,61.022,W,4
8/28/2010,5:23:29,28.183,N,61.023,W,4
8/28/2010,5:25:29,28.186,N,61.024,W,4
8/28/2010,5:27:30,28.189,N,61.025,W,4
8/28/2010,5:29:30,28.192,N,61.026,W,4
8/28/2010,5:31:29,28.195,N,61.027,W,4
8/28/2010,5:33:29,28.198,N,61.027,W,4
8/28/2010,5:34:51,28.2,N,61.028,W,4
8/28/2010,5:36:50,28.204,N,61.028,W,4
8/28/2010,5:38:50,28.207,N,61.027,W,4
8/28/2010,5:40:51,28.211,N,61.027,W,4
8/28/2010,5:42:50,28.214,N,61.027,W,4
8/28/2010,5:44:50,28.218,N,61.026,W,4
8/28/2010,5:46:51,28.221,N,61.026,W,4
8/28/2010,5:48:51,28.225,N,61.026,W,4
8/28/2010,5:50:50,28.228,N,61.025,W,4
8/28/2010,5:52:50,28.232,N,61.025,W,4
8/28/2010,5:54:51,28.235,N,61.025,W,4
8/28/2010,5:56:51,28.239,N,61.024,W,4
8/28/2010,5:58:50,28.242,N,61.024,W,4
8/28/2010,6:00:50,28.246,N,61.024,W,4
8/28/2010,6:02:51,28.249,N,61.023,W,4
8/28/2010,6:04:51,28.253,N,61.023,W,4
8/28/2010,6:06:50,28.257,N,61.023,W,4
8/28/2010,6:08:50,28.26,N,61.022,W,4
8/28/2010,6:10:51,28.264,N,61.022,W,4
8/28/2010,6:12:50,28.267,N,61.022,W,4
8/28/2010,6:14:50,28.271,N,61.021,W,4
8/28/2010,6:16:51,28.274,N,61.021,W,4
8/28/2010,6:18:51,28.278,N,61.02,W,4
8/28/2010,6:20:50,28.281,N,61.02,W,4
8/28/2010,6:22:50,28.285,N,61.02,W,4
8/28/2010,6:24:51,28.288,N,61.019,W,4
8/28/2010,6:26:51,28.292,N,61.019,W,4
8/28/2010,6:28:50,28.296,N,61.018,W,4
8/28/2010,6:30:50,28.299,N,61.018,W,4
8/28/2010,6:32:51,28.303,N,61.017,W,4
8/28/2010,6:34:51,28.306,N,61.017,W,4
8/28/2010,6:36:50,28.31,N,61.016,W,4
8/28/2010,6:38:50,28.313,N,61.016,W,4
8/28/2010,6:40:51,28.317,N,61.015,W,4
8/28/2010,6:42:50,28.32,N,61.015,W,4
8/28/2010,6:44:50,28.324,N,61.015,W,4
8/28/2010,6:46:51,28.327,N,61.014,W,4
8/28/2010,6:48:51,28.331,N,61.014,W,4
8/28/2010,6:50:50,28.335,N,61.013,W,4
8/28/2010,6:52:50,28.338,N,61.012,W,4
8/28/2010,6:54:51,28.342,N,61.012,W,4
8/28/2010,6:56:51,28.345,N,61.011,W,4
8/28/2010,6:58:50,28.349,N,61.011,W,4
8/28/2010,7:00:50,28.352,N,61.01,W,4
8/28/2010,7:02:51,28.356,N,61.01,W,4
8/28/2010,7:04:51,28.359,N,61.009,W,4
8/28/2010,7:06:50,28.363,N,61.009,W,4
8/28/2010,7:08:50,28.367,N,61.008,W,4
8/28/2010,7:10:51,28.37,N,61.008,W,4
8/28/2010,7:12:50,28.374,N,61.007,W,4
8/28/2010,7:14:50,28.377,N,61.006,W,4
8/28/2010,7:16:51,28.381,N,61.006,W,4
8/28/2010,7:18:51,28.384,N,61.005,W,4
8/28/2010,7:20:50,28.388,N,61.004,W,4
8/28/2010,7:22:50,28.392,N,61.004,W,4
8/28/2010,7:24:51,28.395,N,61.003,W,4
8/28/2010,7:26:51,28.399,N,61.003,W,4
8/28/2010,7:28:50,28.402,N,61.002,W,4
8/28/2010,7:30:50,28.406,N,61.001,W,4
8/28/2010,7:32:51,28.409,N,61.001,W,4
8/28/2010,7:34:51,28.413,N,61,W,4
8/28/2010,7:36:50,28.417,N,60.999,W,4
8/28/2010,7:38:50,28.42,N,60.998,W,4
8/28/2010,7:40:51,28.424,N,60.998,W,4
8/28/2010,7:42:50,28.427,N,60.997,W,4
8/28/2010,7:44:50,28.431,N,60.996,W,4
8/28/2010,7:46:51,28.435,N,60.996,W,4
8/28/2010,7:48:51,28.438,N,60.995,W,4
8/28/2010,7:50:50,28.442,N,60.994,W,4
8/28/2010,7:52:50,28.445,N,60.993,W,4
8/28/2010,7:54:51,28.449,N,60.992,W,4
8/28/2010,7:56:51,28.452,N,60.992,W,4
8/28/2010,7:58:50,28.456,N,60.991,W,4
8/28/2010,8:00:51,28.46,N,60.99,W,4
8/28/2010,8:02:51,28.463,N,60.989,W,4
8/28/2010,8:04:51,28.467,N,60.988,W,4
8/28/2010,8:06:50,28.47,N,60.988,W,4
8/28/2010,8:08:50,28.474,N,60.987,W,4
8/28/2010,8:10:50,28.478,N,60.986,W,4
8/28/2010,8:12:51,28.481,N,60.985,W,4
8/28/2010,8:14:51,28.485,N,60.984,W,4
8/28/2010,8:16:51,28.488,N,60.983,W,4
8/28/2010,8:18:51,28.492,N,60.982,W,4
8/28/2010,8:20:50,28.496,N,60.981,W,4
8/28/2010,8:22:50,28.499,N,60.981,W,4
8/28/2010,8:24:50,28.503,N,60.98,W,4
8/28/2010,8:26:50,28.506,N,60.979,W,4
8/28/2010,8:28:51,28.51,N,60.978,W,4
8/28/2010,8:30:51,28.514,N,60.977,W,4
8/28/2010,8:32:51,28.517,N,60.976,W,4
8/28/2010,8:34:51,28.521,N,60.975,W,4
8/28/2010,8:36:50,28.524,N,60.974,W,4
8/28/2010,8:38:50,28.528,N,60.973,W,4
8/28/2010,8:40:50,28.532,N,60.972,W,4
8/28/2010,8:42:51,28.535,N,60.971,W,4
8/28/2010,8:44:51,28.539,N,60.97,W,4
8/28/2010,8:46:51,28.543,N,60.969,W,4
8/28/2010,8:48:51,28.546,N,60.967,W,4
8/28/2010,8:50:50,28.55,N,60.966,W,4
8/28/2010,8:52:50,28.553,N,60.965,W,4
8/28/2010,8:54:50,28.557,N,60.964,W,4
8/28/2010,8:56:50,28.561,N,60.963,W,4
8/28/2010,8:58:51,28.564,N,60.962,W,4
8/28/2010,9:00:51,28.568,N,60.961,W,4
8/28/2010,9:02:51,28.572,N,60.96,W,4
8/28/2010,9:04:51,28.575,N,60.959,W,4
8/28/2010,9:06:50,28.579,N,60.957,W,4
8/28/2010,9:08:50,28.582,N,60.956,W,4
8/28/2010,9:10:50,28.586,N,60.955,W,4
8/28/2010,9:12:51,28.59,N,60.954,W,4
8/28/2010,9:14:51,28.593,N,60.952,W,4
8/28/2010,9:16:51,28.597,N,60.951,W,4
8/28/2010,9:18:51,28.601,N,60.95,W,4
8/28/2010,9:20:50,28.604,N,60.949,W,4
8/28/2010,9:22:50,28.608,N,60.947,W,4
8/28/2010,9:24:50,28.612,N,60.946,W,4
8/28/2010,9:26:50,28.615,N,60.945,W,4
8/28/2010,9:28:51,28.619,N,60.944,W,4
8/28/2010,9:30:51,28.623,N,60.942,W,4
8/28/2010,9:32:51,28.626,N,60.941,W,4
8/28/2010,9:34:51,28.63,N,60.939,W,4
8/28/2010,9:36:50,28.634,N,60.938,W,4
8/28/2010,9:38:50,28.637,N,60.937,W,4
8/28/2010,9:40:50,28.641,N,60.935,W,4
8/28/2010,9:42:51,28.645,N,60.934,W,4
8/28/2010,9:44:51,28.648,N,60.932,W,4
8/28/2010,9:46:51,28.652,N,60.931,W,4
8/28/2010,9:48:51,28.656,N,60.93,W,4
8/28/2010,9:50:50,28.659,N,60.928,W,4
8/28/2010,9:52:50,28.663,N,60.927,W,4
8/28/2010,9:54:50,28.667,N,60.925,W,4
8/28/2010,9:56:50,28.67,N,60.924,W,4
8/28/2010,9:58:51,28.674,N,60.922,W,4
8/28/2010,10:00:51,28.678,N,60.92,W,4
8/28/2010,10:02:51,28.681,N,60.919,W,4
8/28/2010,10:04:51,28.685,N,60.917,W,4
8/28/2010,10:06:50,28.689,N,60.916,W,4
8/28/2010,10:08:50,28.692,N,60.914,W,4
8/28/2010,10:10:50,28.696,N,60.913,W,4
8/28/2010,10:12:51,28.7,N,60.911,W,4
8/28/2010,10:14:51,28.703,N,60.909,W,4
8/28/2010,10:16:51,28.707,N,60.908,W,4
8/28/2010,10:18:51,28.711,N,60.906,W,4
8/28/2010,10:20:50,28.714,N,60.904,W,4
8/28/2010,10:22:50,28.718,N,60.902,W,4
8/28/2010,10:24:50,28.722,N,60.901,W,4
8/28/2010,10:26:50,28.726,N,60.899,W,4
8/28/2010,10:28:51,28.729,N,60.897,W,4
8/28/2010,10:30:51,28.733,N,60.895,W,4
8/28/2010,10:32:51,28.737,N,60.894,W,4
8/28/2010,10:34:51,28.74,N,60.892,W,4
8/28/2010,10:36:50,28.744,N,60.89,W,4
8/28/2010,10:38:50,28.748,N,60.888,W,4
8/28/2010,10:40:50,28.751,N,60.886,W,4
8/28/2010,10:42:51,28.755,N,60.884,W,4
8/28/2010,10:44:51,28.759,N,60.883,W,4
8/28/2010,10:46:51,28.763,N,60.881,W,4
8/28/2010,10:48:51,28.766,N,60.879,W,4
8/28/2010,10:50:50,28.77,N,60.877,W,4
8/28/2010,10:52:50,28.774,N,60.875,W,4
8/28/2010,10:54:50,28.778,N,60.873,W,4
8/28/2010,10:56:50,28.781,N,60.871,W,4
8/28/2010,10:58:51,28.785,N,60.869,W,4
8/28/2010,11:00:51,28.789,N,60.867,W,4
8/28/2010,11:02:51,28.792,N,60.865,W,4
8/28/2010,11:04:51,28.796,N,60.863,W,4
8/28/2010,11:06:50,28.8,N,60.861,W,4
8/28/2010,11:08:50,28.804,N,60.859,W,4
8/28/2010,11:10:50,28.807,N,60.857,W,4
8/28/2010,11:12:51,28.811,N,60.854,W,4
8/28/2010,11:14:51,28.815,N,60.852,W,4
8/28/2010,11:16:51,28.819,N,60.85,W,4
8/28/2010,11:18:51,28.822,N,60.848,W,4
8/28/2010,11:20:50,28.826,N,60.846,W,4
8/28/2010,11:22:50,28.83,N,60.844,W,4
8/28/2010,11:24:50,28.834,N,60.841,W,4
8/28/2010,11:26:50,28.837,N,60.839,W,4
8/28/2010,11:28:51,28.841,N,60.837,W,4
8/28/2010,11:30:51,28.845,N,60.835,W,4
8/28/2010,11:32:51,28.849,N,60.832,W,4
8/28/2010,11:34:51,28.852,N,60.83,W,4
8/28/2010,11:36:50,28.856,N,60.828,W,4
8/28/2010,11:38:50,28.86,N,60.825,W,4
8/28/2010,11:40:50,28.864,N,60.823,W,4
8/28/2010,11:42:51,28.868,N,60.821,W,4
8/28/2010,11:44:51,28.871,N,60.818,W,4
8/28/2010,11:46:51,28.875,N,60.816,W,4
8/28/2010,11:48:51,28.879,N,60.814,W,4
8/28/2010,11:50:50,28.883,N,60.811,W,4
8/28/2010,11:52:50,28.886,N,60.809,W,4
8/28/2010,11:54:50,28.89,N,60.806,W,4
8/28/2010,11:56:50,28.894,N,60.804,W,4
8/28/2010,11:58:51,28.898,N,60.801,W,4
8/28/2010,12:00:51,28.902,N,60.799,W,4
8/28/2010,12:02:51,28.905,N,60.796,W,4
8/28/2010,12:04:51,28.909,N,60.794,W,4
8/28/2010,12:06:50,28.913,N,60.791,W,4
8/28/2010,12:08:50,28.917,N,60.789,W,4
8/28/2010,12:10:50,28.921,N,60.786,W,4
8/28/2010,12:12:51,28.924,N,60.784,W,4
8/28/2010,12:14:51,28.928,N,60.781,W,4
8/28/2010,12:16:51,28.932,N,60.779,W,4
8/28/2010,12:18:51,28.936,N,60.776,W,4
8/28/2010,12:20:50,28.94,N,60.773,W,4
8/28/2010,12:22:50,28.943,N,60.771,W,4
8/28/2010,12:24:50,28.947,N,60.768,W,4
8/28/2010,12:26:50,28.951,N,60.765,W,4
8/28/2010,12:28:51,28.955,N,60.763,W,4
8/28/2010,12:30:51,28.959,N,60.76,W,4
8/28/2010,12:32:51,28.962,N,60.757,W,4
8/28/2010,12:34:51,28.966,N,60.755,W,4
8/28/2010,12:36:50,28.97,N,60.752,W,4
8/28/2010,12:38:50,28.974,N,60.749,W,4
8/28/2010,12:40:50,28.978,N,60.746,W,4
8/28/2010,12:42:51,28.982,N,60.744,W,4
8/28/2010,12:44:51,28.985,N,60.741,W,4
8/28/2010,12:46:51,28.989,N,60.738,W,4
8/28/2010,12:48:51,28.993,N,60.735,W,4
8/28/2010,12:50:50,28.997,N,60.733,W,4
8/28/2010,12:52:50,29.001,N,60.73,W,4
8/28/2010,12:54:50,29.004,N,60.727,W,4
8/28/2010,12:56:50,29.008,N,60.724,W,4
8/28/2010,12:58:51,29.012,N,60.721,W,4
8/28/2010,13:00:51,29.016,N,60.718,W,4
8/28/2010,13:02:51,29.02,N,60.715,W,4
8/28/2010,13:04:51,29.024,N,60.712,W,4
8/28/2010,13:06:50,29.028,N,60.71,W,4
8/28/2010,13:08:50,29.031,N,60.707,W,4
8/28/2010,13:10:50,29.035,N,60.704,W,4
8/28/2010,13:12:51,29.039,N,60.701,W,4
8/28/2010,13:14:51,29.043,N,60.698,W,4
8/28/2010,13:16:51,29.047,N,60.695,W,4
8/28/2010,13:18:51,29.051,N,60.692,W,4
8/28/2010,13:20:50,29.054,N,60.689,W,4
8/28/2010,13:22:50,29.058,N,60.686,W,4
8/28/2010,13:24:50,29.062,N,60.683,W,4
8/28/2010,13:26:50,29.066,N,60.68,W,4
8/28/2010,13:28:51,29.07,N,60.677,W,4
8/28/2010,13:30:51,29.074,N,60.674,W,4
8/28/2010,13:32:51,29.078,N,60.671,W,4
8/28/2010,13:34:51,29.081,N,60.668,W,4
8/28/2010,13:36:50,29.085,N,60.665,W,4
8/28/2010,13:38:50,29.089,N,60.662,W,4
8/28/2010,13:40:50,29.093,N,60.658,W,4
8/28/2010,13:42:51,29.097,N,60.655,W,4
8/28/2010,13:44:51,29.101,N,60.652,W,4
8/28/2010,13:46:51,29.105,N,60.649,W,4
8/28/2010,13:48:51,29.108,N,60.646,W,4
8/28/2010,13:50:50,29.112,N,60.643,W,4
8/28/2010,13:52:50,29.116,N,60.64,W,4
8/28/2010,13:54:50,29.12,N,60.637,W,4
8/28/2010,13:56:50,29.124,N,60.633,W,4
8/28/2010,13:58:51,29.128,N,60.63,W,4
8/28/2010,14:00:51,29.132,N,60.627,W,4
8/28/2010,14:02:51,29.136,N,60.624,W,4
8/28/2010,14:04:51,29.139,N,60.621,W,4
8/28/2010,14:06:50,29.143,N,60.617,W,4
8/28/2010,14:08:50,29.147,N,60.614,W,4
8/28/2010,14:10:50,29.151,N,60.611,W,4
8/28/2010,14:12:51,29.155,N,60.608,W,4
8/28/2010,14:14:51,29.159,N,60.604,W,4
8/28/2010,14:16:51,29.163,N,60.601,W,4
8/28/2010,14:18:51,29.167,N,60.598,W,4
8/28/2010,14:20:50,29.17,N,60.595,W,4
8/28/2010,14:22:50,29.174,N,60.591,W,4
8/28/2010,14:24:50,29.178,N,60.588,W,4
8/28/2010,14:26:50,29.182,N,60.585,W,4
8/28/2010,14:28:51,29.186,N,60.581,W,4
8/28/2010,14:30:51,29.19,N,60.578,W,4
8/28/2010,14:32:51,29.194,N,60.575,W,4
8/28/2010,14:34:51,29.198,N,60.571,W,4
8/28/2010,14:36:50,29.202,N,60.568,W,4
8/28/2010,14:38:50,29.205,N,60.565,W,4
8/28/2010,14:40:50,29.209,N,60.561,W,4
8/28/2010,14:42:51,29.213,N,60.558,W,4
8/28/2010,14:44:51,29.217,N,60.555,W,4
8/28/2010,14:46:51,29.221,N,60.551,W,4
8/28/2010,14:48:51,29.225,N,60.548,W,4
8/28/2010,14:50:50,29.229,N,60.544,W,4
8/28/2010,14:52:50,29.233,N,60.541,W,4
8/28/2010,14:54:50,29.237,N,60.538,W,4
8/28/2010,14:56:50,29.24,N,60.534,W,4
8/28/2010,14:58:51,29.244,N,60.531,W,4
8/28/2010,15:00:51,29.248,N,60.527,W,4
8/28/2010,15:02:51,29.252,N,60.524,W,4
8/28/2010,15:04:51,29.256,N,60.52,W,4
8/28/2010,15:06:50,29.26,N,60.517,W,4
8/28/2010,15:08:50,29.264,N,60.513,W,4
8/28/2010,15:10:50,29.268,N,60.51,W,4
8/28/2010,15:12:51,29.272,N,60.506,W,4
8/28/2010,15:14:51,29.276,N,60.503,W,4
8/28/2010,15:16:51,29.28,N,60.499,W,4
8/28/2010,15:18:51,29.283,N,60.496,W,4
8/28/2010,15:20:50,29.287,N,60.492,W,4
8/28/2010,15:22:50,29.291,N,60.489,W,4
8/28/2010,15:24:50,29.295,N,60.485,W,4
8/28/2010,15:26:50,29.299,N,60.482,W,4
8/28/2010,15:28:51,29.303,N,60.478,W,4
8/28/2010,15:30:51,29.307,N,60.475,W,4
8/28/2010,15:32:51,29.311,N,60.471,W,4
8/28/2010,15:34:51,29.315,N,60.468,W,4
8/28/2010,15:36:50,29.319,N,60.464,W,4
8/28/2010,15:38:50,29.323,N,60.461,W,4
8/28/2010,15:40:50,29.326,N,60.457,W,4
8/28/2010,15:42:51,29.33,N,60.454,W,4
8/28/2010,15:44:51,29.334,N,60.45,W,4
8/28/2010,15:46:51,29.338,N,60.446,W,4
8/28/2010,15:48:51,29.342,N,60.443,W,4
8/28/2010,15:50:50,29.346,N,60.439,W,4
8/28/2010,15:52:50,29.35,N,60.436,W,4
8/28/2010,15:54:50,29.354,N,60.432,W,4
8/28/2010,15:56:50,29.358,N,60.428,W,4
8/28/2010,15:58:51,29.362,N,60.425,W,4
8/28/2010,16:00:51,29.366,N,60.421,W,4
8/28/2010,16:02:51,29.37,N,60.418,W,4
8/28/2010,16:04:51,29.373,N,60.414,W,4
8/28/2010,16:06:50,29.377,N,60.41,W,4
8/28/2010,16:08:50,29.381,N,60.407,W,4
8/28/2010,16:10:50,29.385,N,60.403,W,4
8/28/2010,16:12:51,29.389,N,60.399,W,4
8/28/2010,16:14:51,29.393,N,60.396,W,4
8/28/2010,16:16:51,29.397,N,60.392,W,4
8/28/2010,16:18:51,29.401,N,60.388,W,4
8/28/2010,16:20:50,29.405,N,60.385,W,4
8/28/2010,16:22:50,29.409,N,60.381,W,4
8/28/2010,16:24:50,29.413,N,60.377,W,4
8/28/2010,16:26:50,29.417,N,60.374,W,4
8/28/2010,16:28:51,29.421,N,60.37,W,4
8/28/2010,16:30:51,29.425,N,60.366,W,4
8/28/2010,16:32:51,29.428,N,60.363,W,4
8/28/2010,16:34:51,29.432,N,60.359,W,4
8/28/2010,16:36:50,29.436,N,60.355,W,4
8/28/2010,16:38:50,29.44,N,60.352,W,4
8/28/2010,16:40:50,29.444,N,60.348,W,4
8/28/2010,16:42:51,29.448,N,60.344,W,4
8/28/2010,16:44:51,29.452,N,60.341,W,4
8/28/2010,16:46:51,29.456,N,60.337,W,4
8/28/2010,16:48:51,29.46,N,60.333,W,4
8/28/2010,16:50:50,29.464,N,60.329,W,4
8/28/2010,16:52:50,29.468,N,60.326,W,4
8/28/2010,16:54:50,29.472,N,60.322,W,4
8/28/2010,16:56:50,29.476,N,60.318,W,4
8/28/2010,16:58:51,29.48,N,60.315,W,4
8/28/2010,17:00:51,29.484,N,60.311,W,4
8/28/2010,17:02:51,29.487,N,60.307,W,4
8/28/2010,17:04:51,29.491,N,60.303,W,4
8/28/2010,17:06:50,29.495,N,60.3,W,4
8/28/2010,17:08:50,29.499,N,60.296,W,4
8/28/2010,17:10:50,29.503,N,60.292,W,4
8/28/2010,17:12:51,29.507,N,60.288,W,4
8/28/2010,17:14:51,29.511,N,60.285,W,4
8/28/2010,17:16:51,29.515,N,60.281,W,4
8/28/2010,17:18:51,29.519,N,60.277,W,4
8/28/2010,17:20:50,29.523,N,60.273,W,4
8/28/2010,17:22:50,29.527,N,60.27,W,4
8/28/2010,17:24:50,29.531,N,60.266,W,4
8/28/2010,17:26:50,29.535,N,60.262,W,4
8/28/2010,17:28:51,29.539,N,60.258,W,4
8/28/2010,17:30:51,29.543,N,60.255,W,4
8/28/2010,17:32:51,29.547,N,60.251,W,4
8/28/2010,17:34:51,29.55,N,60.247,W,4
8/28/2010,17:36:50,29.554,N,60.243,W,4
8/28/2010,17:38:50,29.558,N,60.24,W,4
8/28/2010,17:40:50,29.562,N,60.236,W,4
8/28/2010,17:42:51,29.566,N,60.232,W,4
8/28/2010,17:44:51,29.57,N,60.228,W,4
8/28/2010,17:46:51,29.574,N,60.225,W,4
8/28/2010,17:48:51,29.578,N,60.221,W,4
8/28/2010,17:50:50,29.582,N,60.217,W,4
8/28/2010,17:52:50,29.586,N,60.213,W,4
8/28/2010,17:54:50,29.59,N,60.21,W,4
8/28/2010,17:56:50,29.594,N,60.206,W,4
8/28/2010,17:58:51,29.598,N,60.202,W,4
