Track for,Danny,,2015,,,
Date,Time (UTC),Latitu,de,Longit,ude,Category
MM/DD/Year,HH:MM:SS,(deg),,(deg,),
8/21/2015,11:53:59,13.792,N,47.786,W,3
8/21/2015,11:56:00,13.795,N,47.791,W,3
8/21/2015,11:57:59,13.797,N,47.795,W,3
8/21/2015,12:00:00,13.8,N,47.8,W,3
8/21/2015,12:02:00,13.803,N,47.805,W,3
8/21/2015,12:03:59,13.805,N,47.809,W,3
8/21/2015,12:06:00,13.808,N,47.814,W,3
8/21/2015,12:07:59,13.81,N,47.818,W,3
8/21/2015,12:10:00,13.813,N,47.823,W,3
8/21/2015,12:11:59,13.815,N,47.827,W,3
8/21/2015,12:14:00,13.818,N,47.832,W,3
8/21/2015,12:15:59,13.82,N,47.836,W,3
8/21/2015,12:18:00,13.823,N,47.841,W,3
8/21/2015,12:19:59,13.826,N,47.845,W,3
8/21/2015,12:22:00,13.828,N,47.85,W,3
8/21/2015,12:23:59,13.831,N,47.854,W,3
8/21/2015,12:26:00,13.833,N,47.859,W,3
8/21/2015,12:27:59,13.836,N,47.863,W,3
8/21/2015,12:30:00,13.838,N,47.868,W,3
8/21/2015,12:32:00,13.841,N,47.872,W,3
8/21/2015,12:33:59,13.844,N,47.877,W,3
8/21/2015,12:36:00,13.846,N,47.881,W,3
8/21/2015,12:37:59,13.849,N,47.886,W,3
8/21/2015,12:40:00,13.851,N,47.89,W,3
8/21/2015,12:41:59,13.854,N,47.895,W,3
8/21/2015,12:44:00,13.856,N,47.899,W,3
8/21/2015,12:45:59,13.859,N,47.904,W,3
8/21/2015,12:48:00,13.862,N,47.908,W,3
8/21/2015,12:49:59,13.864,N,47.913,W,3
8/21/2015,12:52:00,13.867,N,47.917,W,3
8/21/2015,12:53:59,13.869,N,47.922,W,3
8/21/2015,12:56:00,13.872,N,47.926,W,3
8/21/2015,12:57:59,13.874,N,47.931,W,3
8/21/2015,13:00:00,13.877,N,47.935,W,3
8/21/2015,13:02:00,13.88,N,47.94,W,3
8/21/2015,13:03:59,13.882,N,47.944,W,3
8/21/2015,13:06:00,13.885,N,47.949,W,3
8/21/2015,13:07:59,13.887,N,47.953,W,3
8/21/2015,13:10:00,13.89,N,47.958,W,3
8/21/2015,13:11:59,13.892,N,47.962,W,3
8/21/2015,13:14:00,13.895,N,47.967,W,3
8/21/2015,13:15:59,13.898,N,47.971,W,3
8/21/2015,13:18:00,13.9,N,47.976,W,3
8/21/2015,13:19:59,13.903,N,47.98,W,3
8/21/2015,13:22:00,13.905,N,47.985,W,3
8/21/2015,13:23:59,13.908,N,47.989,W,3
8/21/2015,13:26:00,13.911,N,47.994,W,3
8/21/2015,13:27:59,13.913,N,47.998,W,3
8/21/2015,13:30:00,13.916,N,48.003,W,3
8/21/2015,13:32:00,13.918,N,48.007,W,3
8/21/2015,13:33:59,13.921,N,48.012,W,3
8/21/2015,13:36:00,13.924,N,48.016,W,3
8/21/2015,13:37:59,13.926,N,48.021,W,3
8/21/2015,13:40:00,13.929,N,48.025,W,3
8/21/2015,13:41:59,13.931,N,48.03,W,3
8/21/2015,13:44:00,13.934,N,48.034,W,3
8/21/2015,13:45:59,13.937,N,48.039,W,3
8/21/2015,13:48:00,13.939,N,48.043,W,3
8/21/2015,13:49:59,13.942,N,48.047,W,3
8/21/2015,13:52:00,13.944,N,48.052,W,3
8/21/2015,13:53:59,13.947,N,48.056,W,3
8/21/2015,13:56:00,13.95,N,48.061,W,3
8/21/2015,13:57:59,13.952,N,48.065,W,3
8/21/2015,14:00:00,13.955,N,48.07,W,3
8/21/2015,14:02:00,13.958,N,48.074,W,3
8/21/2015,14:03:59,13.96,N,48.079,W,3
8/21/2015,14:06:00,13.963,N,48.083,W,3
8/21/2015,14:07:59,13.965,N,48.088,W,3
8/21/2015,14:10:00,13.968,N,48.092,W,3
8/21/2015,14:11:59,13.971,N,48.096,W,3
8/21/2015,14:14:00,13.973,N,48.101,W,3
8/21/2015,14:15:59,13.976,N,48.105,W,3
8/21/2015,14:18:00,13.979,N,48.11,W,3
8/21/2015,14:19:59,13.981,N,48.114,W,3
8/21/2015,14:22:00,13.984,N,48.119,W,3
8/21/2015,14:23:59,13.987,N,48.123,W,3
8/21/2015,14:26:00,13.989,N,48.127,W,3
8/21/2015,14:27:59,13.992,N,48.132,W,3
8/21/2015,14:30:00,13.995,N,48.136,W,3
8/21/2015,14:32:00,13.997,N,48.141,W,3
8/21/2015,14:33:59,14,N,48.145,W,3
8/21/2015,14:36:00,14.003,N,48.15,W,3
8/21/2015,14:37:59,14.005,N,48.154,W,3
8/21/2015,14:40:00,14.008,N,48.158,W,3
8/21/2015,14:41:59,14.011,N,48.163,W,3
8/21/2015,14:44:00,14.013,N,48.167,W,3
8/21/2015,14:45:59,14.016,N,48.171,W,3
8/21/2015,14:48:00,14.019,N,48.176,W,3
8/21/2015,14:49:59,14.021,N,48.18,W,3
8/21/2015,14:52:00,14.024,N,48.185,W,3
8/21/2015,14:53:59,14.027,N,48.189,W,3
8/21/2015,14:56:00,14.03,N,48.193,W,3
8/21/2015,14:57:59,14.032,N,48.198,W,3
8/21/2015,15:00:00,14.035,N,48.202,W,3
8/21/2015,15:02:00,14.038,N,48.207,W,3
8/21/2015,15:03:59,14.04,N,48.211,W,3
8/21/2015,15:06:00,14.043,N,48.215,W,3
8/21/2015,15:07:59,14.046,N,48.22,W,3
8/21/2015,15:10:00,14.049,N,48.224,W,3
8/21/2015,15:11:59,14.051,N,48.228,W,3
8/21/2015,15:14:00,14.054,N,48.233,W,3
8/21/2015,15:15:59,14.057,N,48.237,W,3
8/21/2015,15:18:00,14.06,N,48.241,W,3
8/21/2015,15:19:59,14.062,N,48.246,W,3
8/21/2015,15:22:00,14.065,N,48.25,W,3
8/21/2015,15:23:59,14.068,N,48.254,W,3
8/21/2015,15:26:00,14.071,N,48.259,W,3
8/21/2015,15:27:59,14.073,N,48.263,W,3
8/21/2015,15:30:00,14.076,N,48.267,W,3
8/21/2015,15:32:00,14.079,N,48.272,W,3
8/21/2015,15:33:59,14.082,N,48.276,W,3
8/21/2015,15:36:00,14.084,N,48.28,W,3
8/21/2015,15:37:59,14.087,N,48.285,W,3
8/21/2015,15:40:00,14.09,N,48.289,W,3
8/21/2015,15:41:59,14.093,N,48.293,W,3
8/21/2015,15:44:00,14.096,N,48.297,W,3
8/21/2015,15:45:59,14.098,N,48.302,W,3
8/21/2015,15:48:00,14.101,N,48.306,W,3
8/21/2015,15:49:59,14.104,N,48.31,W,3
8/21/2015,15:52:00,14.107,N,48.315,W,3
8/21/2015,15:53:59,14.11,N,48.319,W,3
8/21/2015,15:56:00,14.112,N,48.323,W,3
8/21/2015,15:57:59,14.115,N,48.327,W,3
8/21/2015,16:00:00,14.118,N,48.332,W,3
8/21/2015,16:01:59,14.121,N,48.336,W,3
8/21/2015,16:04:00,14.124,N,48.34,W,3
8/21/2015,16:06:00,14.127,N,48.344,W,3
8/21/2015,16:07:59,14.129,N,48.349,W,3
8/21/2015,16:09:59,14.132,N,48.353,W,3
8/21/2015,16:12:00,14.135,N,48.357,W,3
8/21/2015,16:14:00,14.138,N,48.361,W,3
8/21/2015,16:15:59,14.141,N,48.366,W,3
8/21/2015,16:17:59,14.144,N,48.37,W,3
8/21/2015,16:20:00,14.147,N,48.374,W,3
8/21/2015,16:22:00,14.15,N,48.378,W,3
8/21/2015,16:23:59,14.152,N,48.382,W,3
8/21/2015,16:25:59,14.155,N,48.387,W,3
8/21/2015,16:28:00,14.158,N,48.391,W,3
8/21/2015,16:30:00,14.161,N,48.395,W,3
8/21/2015,16:31:59,14.164,N,48.399,W,3
8/21/2015,16:34:00,14.167,N,48.403,W,3
8/21/2015,16:36:00,14.17,N,48.407,W,3
8/21/2015,16:37:59,14.173,N,48.412,W,3
8/21/2015,16:39:59,14.176,N,48.416,W,3
8/21/2015,16:42:00,14.179,N,48.42,W,3
8/21/2015,16:44:00,14.182,N,48.424,W,3
8/21/2015,16:45:59,14.185,N,48.428,W,3
8/21/2015,16:47:59,14.187,N,48.432,W,3
8/21/2015,16:50:00,14.19,N,48.437,W,3
8/21/2015,16:52:00,14.193,N,48.441,W,3
8/21/2015,16:53:59,14.196,N,48.445,W,3
8/21/2015,16:55:59,14.199,N,48.449,W,3
8/21/2015,16:58:00,14.202,N,48.453,W,3
8/21/2015,17:00:00,14.205,N,48.457,W,3
8/21/2015,17:01:59,14.208,N,48.461,W,3
8/21/2015,17:04:00,14.211,N,48.465,W,3
8/21/2015,17:05:47,14.214,N,48.469,W,3
8/21/2015,17:07:47,14.217,N,48.473,W,3
8/21/2015,17:09:46,14.22,N,48.477,W,3
8/21/2015,17:11:46,14.223,N,48.481,W,3
8/21/2015,17:13:47,14.226,N,48.486,W,3
8/21/2015,17:15:47,14.229,N,48.49,W,3
8/21/2015,17:17:46,14.232,N,48.494,W,3
8/21/2015,17:19:46,14.235,N,48.498,W,3
8/21/2015,17:21:47,14.238,N,48.502,W,3
8/21/2015,17:23:47,14.241,N,48.506,W,3
8/21/2015,17:25:46,14.243,N,48.511,W,3
8/21/2015,17:27:46,14.246,N,48.515,W,3
8/21/2015,17:29:47,14.249,N,48.519,W,3
8/21/2015,17:31:46,14.252,N,48.523,W,3
8/21/2015,17:33:46,14.255,N,48.527,W,3
8/21/2015,17:35:47,14.258,N,48.531,W,3
8/21/2015,17:37:47,14.261,N,48.536,W,3
8/21/2015,17:39:46,14.264,N,48.54,W,3
8/21/2015,17:41:46,14.267,N,48.544,W,3
8/21/2015,17:43:47,14.27,N,48.548,W,3
8/21/2015,17:45:47,14.273,N,48.552,W,3
8/21/2015,17:47:46,14.276,N,48.556,W,3
8/21/2015,17:49:46,14.279,N,48.56,W,3
8/21/2015,17:51:47,14.282,N,48.565,W,3
8/21/2015,17:53:47,14.285,N,48.569,W,3
8/21/2015,17:55:46,14.288,N,48.573,W,3
8/21/2015,17:57:46,14.291,N,48.577,W,3
8/21/2015,17:59:47,14.294,N,48.581,W,3
8/21/2015,18:01:46,14.297,N,48.585,W,3
8/21/2015,18:03:46,14.3,N,48.59,W,3
8/21/2015,18:05:47,14.303,N,48.594,W,3
8/21/2015,18:07:47,14.305,N,48.598,W,3
8/21/2015,18:09:46,14.308,N,48.602,W,3
8/21/2015,18:11:46,14.311,N,48.606,W,3
8/21/2015,18:13:47,14.314,N,48.61,W,3
8/21/2015,18:15:47,14.317,N,48.615,W,3
8/21/2015,18:17:46,14.32,N,48.619,W,3
8/21/2015,18:19:46,14.323,N,48.623,W,3
8/21/2015,18:21:47,14.326,N,48.627,W,3
8/21/2015,18:23:47,14.329,N,48.631,W,3
8/21/2015,18:25:46,14.332,N,48.635,W,3
8/21/2015,18:27:46,14.335,N,48.64,W,3
8/21/2015,18:29:47,14.338,N,48.644,W,3
8/21/2015,18:31:46,14.341,N,48.648,W,3
8/21/2015,18:33:46,14.344,N,48.652,W,3
8/21/2015,18:35:47,14.347,N,48.656,W,3
8/21/2015,18:37:47,14.35,N,48.661,W,3
8/21/2015,18:39:46,14.353,N,48.665,W,3
8/21/2015,18:41:46,14.356,N,48.669,W,3
8/21/2015,18:43:47,14.359,N,48.673,W,3
8/21/2015,18:45:47,14.362,N,48.677,W,3
8/21/2015,18:47:46,14.365,N,48.681,W,3
8/21/2015,18:49:46,14.368,N,48.686,W,3
8/21/2015,18:51:47,14.371,N,48.69,W,3
8/21/2015,18:53:47,14.374,N,48.694,W,3
8/21/2015,18:55:46,14.377,N,48.698,W,3
8/21/2015,18:57:46,14.38,N,48.702,W,3
8/21/2015,18:59:47,14.383,N,48.707,W,3
8/21/2015,19:01:46,14.386,N,48.711,W,3
8/21/2015,19:03:46,14.389,N,48.715,W,3
8/21/2015,19:05:47,14.392,N,48.719,W,3
8/21/2015,19:07:47,14.395,N,48.723,W,3
8/21/2015,19:09:46,14.398,N,48.727,W,3
8/21/2015,19:11:46,14.401,N,48.732,W,3
8/21/2015,19:13:47,14.404,N,48.736,W,3
8/21/2015,19:15:47,14.407,N,48.74,W,3
8/21/2015,19:17:46,14.41,N,48.744,W,3
8/21/2015,19:19:46,14.413,N,48.748,W,3
8/21/2015,19:21:47,14.416,N,48.753,W,3
8/21/2015,19:23:47,14.419,N,48.757,W,3
8/21/2015,19:25:46,14.422,N,48.761,W,3
8/21/2015,19:27:46,14.425,N,48.765,W,3
8/21/2015,19:29:47,14.428,N,48.769,W,3
8/21/2015,19:31:46,14.431,N,48.774,W,3
8/21/2015,19:33:46,14.434,N,48.778,W,3
8/21/2015,19:35:47,14.437,N,48.782,W,3
8/21/2015,19:37:47,14.44,N,48.786,W,3
8/21/2015,19:39:46,14.443,N,48.79,W,3
8/21/2015,19:41:46,14.446,N,48.795,W,3
8/21/2015,19:43:47,14.449,N,48.799,W,3
8/21/2015,19:45:47,14.452,N,48.803,W,3
8/21/2015,19:47:46,14.455,N,48.807,W,3
8/21/2015,19:49:46,14.458,N,48.811,W,3
8/21/2015,19:51:47,14.461,N,48.816,W,3
8/21/2015,19:53:47,14.464,N,48.82,W,3
8/21/2015,19:55:46,14.467,N,48.824,W,3
8/21/2015,19:57:46,14.47,N,48.828,W,3
8/21/2015,19:59:47,14.473,N,48.833,W,3
8/21/2015,20:01:46,14.476,N,48.837,W,3
8/21/2015,20:03:46,14.479,N,48.841,W,3
8/21/2015,20:05:47,14.482,N,48.845,W,3
8/21/2015,20:07:47,14.485,N,48.849,W,3
8/21/2015,20:09:46,14.488,N,48.854,W,3
8/21/2015,20:11:46,14.491,N,48.858,W,3
8/21/2015,20:13:47,14.494,N,48.862,W,3
8/21/2015,20:15:47,14.497,N,48.866,W,3
8/21/2015,20:17:46,14.5,N,48.871,W,3
8/21/2015,20:19:46,14.503,N,48.875,W,3
8/21/2015,20:21:47,14.506,N,48.879,W,3
8/21/2015,20:23:47,14.509,N,48.883,W,3
8/21/2015,20:25:46,14.512,N,48.887,W,3
8/21/2015,20:27:46,14.515,N,48.892,W,3
8/21/2015,20:29:47,14.518,N,48.896,W,3
8/21/2015,20:31:46,14.522,N,48.9,W,3
8/21/2015,20:33:46,14.525,N,48.904,W,3
8/21/2015,20:35:47,14.528,N,48.909,W,3
8/21/2015,20:37:47,14.531,N,48.913,W,3
8/21/2015,20:39:46,14.534,N,48.917,W,3
8/21/2015,20:41:46,14.537,N,48.921,W,3
8/21/2015,20:43:47,14.54,N,48.926,W,3
8/21/2015,20:45:47,14.543,N,48.93,W,3
8/21/2015,20:47:46,14.546,N,48.934,W,3
8/21/2015,20:49:46,14.549,N,48.938,W,3
8/21/2015,20:51:47,14.552,N,48.943,W,3
8/21/2015,20:53:47,14.555,N,48.947,W,3
8/21/2015,20:55:46,14.558,N,48.951,W,3
8/21/2015,20:57:46,14.561,N,48.955,W,3
8/21/2015,20:59:47,14.564,N,48.96,W,3
8/21/2015,21:01:46,14.568,N,48.964,W,3
8/21/2015,21:03:46,14.571,N,48.968,W,3
8/21/2015,21:05:47,14.574,N,48.972,W,3
8/21/2015,21:07:47,14.577,N,48.977,W,3
8/21/2015,21:09:46,14.58,N,48.981,W,3
8/21/2015,21:11:46,14.583,N,48.985,W,3
8/21/2015,21:13:47,14.586,N,48.989,W,3
8/21/2015,21:15:47,14.589,N,48.994,W,3
8/21/2015,21:17:46,14.592,N,48.998,W,3
8/21/2015,21:19:46,14.595,N,49.002,W,3
8/21/2015,21:21:47,14.598,N,49.007,W,3
8/21/2015,21:23:47,14.602,N,49.011,W,3
8/21/2015,21:25:46,14.605,N,49.015,W,3
8/21/2015,21:27:46,14.608,N,49.019,W,3
8/21/2015,21:29:47,14.611,N,49.024,W,3
8/21/2015,21:31:46,14.614,N,49.028,W,3
8/21/2015,21:33:46,14.617,N,49.032,W,3
8/21/2015,21:35:47,14.62,N,49.036,W,3
8/21/2015,21:37:47,14.623,N,49.041,W,3
8/21/2015,21:39:46,14.626,N,49.045,W,3
8/21/2015,21:41:46,14.63,N,49.049,W,3
8/21/2015,21:43:47,14.633,N,49.054,W,3
8/21/2015,21:45:47,14.636,N,49.058,W,3
8/21/2015,21:47:46,14.639,N,49.062,W,3
8/21/2015,21:49:46,14.642,N,49.066,W,3
8/21/2015,21:51:47,14.645,N,49.071,W,3
8/21/2015,21:53:47,14.648,N,49.075,W,3
8/21/2015,21:55:46,14.651,N,49.079,W,3
8/21/2015,21:57:46,14.655,N,49.084,W,3
8/21/2015,21:59:47,14.658,N,49.088,W,3
8/21/2015,22:01:46,14.661,N,49.092,W,3
8/21/2015,22:03:46,14.664,N,49.097,W,3
8/21/2015,22:05:47,14.667,N,49.101,W,3
8/21/2015,22:07:47,14.67,N,49.105,W,3
8/21/2015,22:09:46,14.674,N,49.11,W,3
8/21/2015,22:11:46,14.677,N,49.114,W,3
8/21/2015,22:13:47,14.68,N,49.118,W,3
8/21/2015,22:15:47,14.683,N,49.122,W,3
8/21/2015,22:17:46,14.686,N,49.127,W,3
8/21/2015,22:19:46,14.689,N,49.131,W,3
8/21/2015,22:21:47,14.693,N,49.135,W,3
8/21/2015,22:23:47,14.696,N,49.14,W,3
8/21/2015,22:25:46,14.699,N,49.144,W,3
8/21/2015,22:27:46,14.702,N,49.148,W,3
8/21/2015,22:29:47,14.705,N,49.153,W,3
8/21/2015,22:31:46,14.708,N,49.157,W,3
8/21/2015,22:33:46,14.712,N,49.161,W,3
8/21/2015,22:35:47,14.715,N,49.166,W,3
8/21/2015,22:37:47,14.718,N,49.17,W,3
8/21/2015,22:39:46,14.721,N,49.174,W,3
8/21/2015,22:41:46,14.724,N,49.179,W,3
8/21/2015,22:43:47,14.728,N,49.183,W,3
8/21/2015,22:45:47,14.731,N,49.187,W,3
8/21/2015,22:47:46,14.734,N,49.192,W,3
8/21/2015,22:49:46,14.737,N,49.196,W,3
8/21/2015,22:51:47,14.74,N,49.201,W,3
8/21/2015,22:53:47,14.744,N,49.205,W,3
8/21/2015,22:55:46,14.747,N,49.209,W,3
8/21/2015,22:57:46,14.75,N,49.214,W,3
8/21/2015,22:59:47,14.753,N,49.218,W,3
8/21/2015,23:01:46,14.756,N,49.222,W,3
8/21/2015,23:03:46,14.76,N,49.227,W,3
8/21/2015,23:05:47,14.763,N,49.231,W,3
8/21/2015,23:07:47,14.766,N,49.235,W,3
8/21/2015,23:09:46,14.769,N,49.24,W,3
8/21/2015,23:11:46,14.773,N,49.244,W,3
8/21/2015,23:13:47,14.776,N,49.249,W,3
8/21/2015,23:15:47,14.779,N,49.253,W,3
8/21/2015,23:17:46,14.782,N,49.257,W,3
8/21/2015,23:19:46,14.786,N,49.262,W,3
8/21/2015,23:21:47,14.789,N,49.266,W,3
8/21/2015,23:23:47,14.792,N,49.271,W,3
8/21/2015,23:25:46,14.795,N,49.275,W,3
8/21/2015,23:27:46,14.799,N,49.279,W,3
8/21/2015,23:29:47,14.802,N,49.284,W,3
8/21/2015,23:31:46,14.805,N,49.288,W,3
8/21/2015,23:33:46,14.808,N,49.292,W,3
8/21/2015,23:35:47,14.812,N,49.297,W,3
8/21/2015,23:37:47,14.815,N,49.301,W,3
8/21/2015,23:39:46,14.818,N,49.306,W,3
8/21/2015,23:41:46,14.822,N,49.31,W,3
8/21/2015,23:43:47,14.825,N,49.315,W,3
8/21/2015,23:45:47,14.828,N,49.319,W,3
8/21/2015,23:47:46,14.831,N,49.323,W,3
8/21/2015,23:49:46,14.835,N,49.328,W,3
8/21/2015,23:51:47,14.838,N,49.332,W,3
8/21/2015,23:53:47,14.841,N,49.337,W,3
8/21/2015,23:55:46,14.845,N,49.341,W,3
8/21/2015,23:57:46,14.848,N,49.345,W,3
8/21/2015,23:59:47,14.851,N,49.35,W,3
8/22/2015,0:01:46,14.855,N,49.354,W,3
8/22/2015,0:03:46,14.858,N,49.359,W,3
8/22/2015,0:05:47,14.861,N,49.363,W,3
8/22/2015,0:07:47,14.865,N,49.368,W,3
8/22/2015,0:09:46,14.868,N,49.372,W,3
8/22/2015,0:11:46,14.871,N,49.377,W,3
8/22/2015,0:13:47,14.875,N,49.381,W,3
8/22/2015,0:15:47,14.878,N,49.385,W,3
8/22/2015,0:17:46,14.881,N,49.39,W,3
8/22/2015,0:19:46,14.885,N,49.394,W,3
8/22/2015,0:21:47,14.888,N,49.399,W,3
8/22/2015,0:23:47,14.891,N,49.403,W,3
8/22/2015,0:25:46,14.895,N,49.408,W,3
8/22/2015,0:27:46,14.898,N,49.412,W,3
8/22/2015,0:29:47,14.901,N,49.417,W,3
8/22/2015,0:31:46,14.905,N,49.421,W,3
8/22/2015,0:33:46,14.908,N,49.426,W,3
8/22/2015,0:35:47,14.911,N,49.43,W,3
8/22/2015,0:37:47,14.915,N,49.435,W,3
8/22/2015,0:39:46,14.918,N,49.439,W,3
8/22/2015,0:41:46,14.922,N,49.444,W,3
8/22/2015,0:43:47,14.925,N,49.448,W,3
8/22/2015,0:45:47,14.928,N,49.453,W,3
8/22/2015,0:47:46,14.932,N,49.457,W,3
8/22/2015,0:49:46,14.935,N,49.461,W,3
8/22/2015,0:51:47,14.939,N,49.466,W,3
8/22/2015,0:53:47,14.942,N,49.47,W,3
8/22/2015,0:55:46,14.945,N,49.475,W,3
8/22/2015,0:57:46,14.949,N,49.48,W,3
8/22/2015,0:59:47,14.952,N,49.484,W,3
8/22/2015,1:01:46,14.956,N,49.489,W,3
8/22/2015,1:03:46,14.959,N,49.493,W,3
8/22/2015,1:05:47,14.962,N,49.498,W,3
8/22/2015,1:07:47,14.966,N,49.502,W,3
8/22/2015,1:09:46,14.969,N,49.507,W,3
8/22/2015,1:11:46,14.973,N,49.511,W,3
8/22/2015,1:13:47,14.976,N,49.516,W,3
8/22/2015,1:15:47,14.98,N,49.52,W,3
8/22/2015,1:17:46,14.983,N,49.525,W,3
8/22/2015,1:19:46,14.987,N,49.529,W,3
8/22/2015,1:21:47,14.99,N,49.534,W,3
8/22/2015,1:23:47,14.993,N,49.538,W,3
8/22/2015,1:25:46,14.997,N,49.543,W,3
8/22/2015,1:27:46,15,N,49.547,W,3
8/22/2015,1:29:47,15.004,N,49.552,W,3
8/22/2015,1:31:46,15.007,N,49.557,W,3
8/22/2015,1:33:46,15.011,N,49.561,W,3
8/22/2015,1:35:47,15.014,N,49.566,W,3
8/22/2015,1:37:47,15.018,N,49.57,W,3
8/22/2015,1:39:46,15.021,N,49.575,W,3
8/22/2015,1:41:46,15.025,N,49.579,W,3
8/22/2015,1:43:47,15.028,N,49.584,W,3
8/22/2015,1:45:47,15.032,N,49.588,W,3
8/22/2015,1:47:46,15.035,N,49.593,W,3
8/22/2015,1:49:46,15.039,N,49.598,W,3
8/22/2015,1:51:47,15.042,N,49.602,W,3
8/22/2015,1:53:47,15.046,N,49.607,W,3
8/22/2015,1:55:46,15.049,N,49.611,W,3
8/22/2015,1:57:46,15.053,N,49.616,W,3
8/22/2015,1:59:47,15.056,N,49.621,W,3
8/22/2015,2:01:46,15.06,N,49.625,W,3
8/22/2015,2:03:46,15.063,N,49.63,W,3
8/22/2015,2:05:47,15.067,N,49.634,W,3
8/22/2015,2:07:47,15.07,N,49.639,W,3
8/22/2015,2:09:46,15.074,N,49.644,W,3
8/22/2015,2:11:46,15.077,N,49.648,W,3
8/22/2015,2:13:47,15.081,N,49.653,W,3
8/22/2015,2:15:47,15.084,N,49.658,W,3
8/22/2015,2:17:46,15.088,N,49.662,W,3
8/22/2015,2:19:46,15.092,N,49.667,W,3
8/22/2015,2:21:47,15.095,N,49.671,W,3
8/22/2015,2:23:47,15.099,N,49.676,W,3
8/22/2015,2:25:46,15.102,N,49.681,W,3
8/22/2015,2:27:46,15.106,N,49.685,W,3
8/22/2015,2:29:47,15.109,N,49.69,W,3
8/22/2015,2:31:46,15.113,N,49.695,W,3
8/22/2015,2:33:46,15.116,N,49.699,W,3
8/22/2015,2:35:47,15.12,N,49.704,W,3
8/22/2015,2:37:47,15.123,N,49.709,W,3
8/22/2015,2:39:46,15.127,N,49.713,W,3
8/22/2015,2:41:46,15.131,N,49.718,W,3
8/22/2015,2:43:47,15.134,N,49.723,W,3
8/22/2015,2:45:47,15.138,N,49.727,W,3
8/22/2015,2:47:46,15.141,N,49.732,W,3
8/22/2015,2:49:46,15.145,N,49.737,W,3
8/22/2015,2:51:47,15.148,N,49.741,W,3
8/22/2015,2:53:47,15.152,N,49.746,W,3
8/22/2015,2:55:46,15.155,N,49.751,W,3
8/22/2015,2:57:46,15.159,N,49.756,W,3
8/22/2015,2:59:47,15.162,N,49.76,W,3
8/22/2015,3:01:46,15.166,N,49.765,W,3
8/22/2015,3:03:46,15.17,N,49.77,W,3
8/22/2015,3:05:47,15.173,N,49.774,W,3
8/22/2015,3:07:47,15.177,N,49.779,W,3
8/22/2015,3:09:46,15.18,N,49.784,W,3
8/22/2015,3:11:46,15.184,N,49.789,W,3
8/22/2015,3:13:47,15.187,N,49.793,W,3
8/22/2015,3:15:47,15.191,N,49.798,W,3
8/22/2015,3:17:46,15.194,N,49.803,W,3
8/22/2015,3:19:46,15.198,N,49.808,W,3
8/22/2015,3:21:47,15.201,N,49.812,W,3
8/22/2015,3:23:47,15.205,N,49.817,W,3
8/22/2015,3:25:46,15.209,N,49.822,W,3
8/22/2015,3:27:46,15.212,N,49.827,W,3
8/22/2015,3:29:47,15.216,N,49.831,W,3
8/22/2015,3:31:46,15.219,N,49.836,W,3
8/22/2015,3:33:46,15.223,N,49.841,W,3
8/22/2015,3:35:47,15.226,N,49.846,W,3
8/22/2015,3:37:47,15.23,N,49.851,W,3
8/22/2015,3:39:46,15.233,N,49.855,W,3
8/22/2015,3:41:46,15.237,N,49.86,W,3
8/22/2015,3:43:47,15.24,N,49.865,W,3
8/22/2015,3:45:47,15.244,N,49.87,W,3
8/22/2015,3:47:46,15.247,N,49.875,W,3
8/22/2015,3:49:46,15.251,N,49.88,W,3
8/22/2015,3:51:47,15.254,N,49.884,W,3
8/22/2015,3:53:47,15.258,N,49.889,W,3
8/22/2015,3:55:46,15.261,N,49.894,W,3
8/22/2015,3:57:46,15.265,N,49.899,W,3
8/22/2015,3:59:47,15.268,N,49.904,W,3
8/22/2015,4:01:46,15.272,N,49.909,W,3
8/22/2015,4:03:46,15.275,N,49.913,W,3
8/22/2015,4:05:47,15.279,N,49.918,W,3
8/22/2015,4:07:47,15.282,N,49.923,W,3
8/22/2015,4:09:46,15.286,N,49.928,W,3
8/22/2015,4:11:46,15.289,N,49.933,W,3
8/22/2015,4:13:47,15.293,N,49.938,W,3
8/22/2015,4:15:47,15.296,N,49.943,W,3
8/22/2015,4:17:46,15.3,N,49.948,W,3
8/22/2015,4:19:46,15.303,N,49.953,W,3
8/22/2015,4:21:47,15.307,N,49.957,W,3
8/22/2015,4:23:47,15.31,N,49.962,W,3
8/22/2015,4:25:46,15.314,N,49.967,W,3
8/22/2015,4:27:46,15.317,N,49.972,W,3
8/22/2015,4:29:47,15.321,N,49.977,W,3
8/22/2015,4:31:46,15.324,N,49.982,W,3
8/22/2015,4:33:46,15.327,N,49.987,W,3
8/22/2015,4:35:47,15.331,N,49.992,W,3
8/22/2015,4:37:47,15.334,N,49.997,W,3
8/22/2015,4:39:46,15.338,N,50.002,W,3
8/22/2015,4:41:46,15.341,N,50.007,W,3
8/22/2015,4:43:47,15.345,N,50.012,W,3
8/22/2015,4:45:47,15.348,N,50.017,W,3
8/22/2015,4:47:46,15.351,N,50.022,W,3
8/22/2015,4:49:46,15.355,N,50.027,W,3
8/22/2015,4:51:47,15.358,N,50.032,W,3
8/22/2015,4:53:47,15.362,N,50.037,W,3
8/22/2015,4:55:46,15.365,N,50.042,W,3
8/22/2015,4:57:46,15.368,N,50.047,W,3
8/22/2015,4:59:47,15.372,N,50.052,W,3
8/22/2015,5:01:46,15.375,N,50.057,W,3
8/22/2015,5:03:46,15.379,N,50.062,W,3
8/22/2015,5:05:47,15.382,N,50.067,W,3
8/22/2015,5:07:47,15.385,N,50.072,W,3
8/22/2015,5:09:46,15.389,N,50.077,W,3
8/22/2015,5:11:46,15.392,N,50.082,W,3
8/22/2015,5:13:47,15.395,N,50.087,W,3
8/22/2015,5:15:47,15.399,N,50.092,W,3
8/22/2015,5:17:46,15.402,N,50.097,W,3
8/22/2015,5:19:46,15.405,N,50.102,W,3
8/22/2015,5:21:47,15.409,N,50.107,W,3
8/22/2015,5:23:47,15.412,N,50.112,W,3
8/22/2015,5:25:46,15.415,N,50.118,W,3
8/22/2015,5:27:46,15.419,N,50.123,W,3
8/22/2015,5:29:47,15.422,N,50.128,W,3
8/22/2015,5:31:46,15.425,N,50.133,W,3
8/22/2015,5:33:46,15.428,N,50.138,W,3
8/22/2015,5:35:47,15.432,N,50.143,W,3
8/22/2015,5:37:47,15.435,N,50.148,W,3
8/22/2015,5:39:46,15.438,N,50.153,W,3
8/22/2015,5:41:46,15.441,N,50.159,W,3
8/22/2015,5:43:47,15.445,N,50.164,W,3
8/22/2015,5:45:47,15.448,N,50.169,W,3
8/22/2015,5:47:46,15.451,N,50.174,W,3
8/22/2015,5:49:46,15.454,N,50.179,W,3
8/22/2015,5:51:47,15.458,N,50.184,W,3
8/22/2015,5:53:47,15.461,N,50.19,W,3
8/22/2015,5:55:46,15.464,N,50.195,W,3
8/22/2015,5:57:46,15.467,N,50.2,W,3
8/22/2015,5:59:47,15.47,N,50.205,W,3
8/22/2015,6:01:46,15.474,N,50.21,W,3
8/22/2015,6:03:46,15.477,N,50.216,W,3
8/22/2015,6:05:47,15.48,N,50.221,W,3
8/22/2015,6:07:47,15.483,N,50.226,W,3
8/22/2015,6:09:46,15.486,N,50.231,W,3
8/22/2015,6:11:46,15.489,N,50.237,W,3
8/22/2015,6:13:47,15.493,N,50.242,W,3
8/22/2015,6:15:47,15.496,N,50.247,W,3
8/22/2015,6:17:46,15.499,N,50.252,W,3
8/22/2015,6:19:46,15.502,N,50.258,W,3
8/22/2015,6:21:47,15.505,N,50.263,W,3
8/22/2015,6:23:47,15.508,N,50.268,W,3
8/22/2015,6:25:46,15.511,N,50.274,W,3
8/22/2015,6:27:46,15.514,N,50.279,W,3
8/22/2015,6:29:47,15.517,N,50.284,W,3
8/22/2015,6:31:46,15.52,N,50.289,W,3
8/22/2015,6:33:46,15.523,N,50.295,W,3
8/22/2015,6:35:47,15.526,N,50.3,W,3
8/22/2015,6:37:47,15.529,N,50.305,W,3
8/22/2015,6:39:46,15.532,N,50.311,W,3
8/22/2015,6:41:46,15.535,N,50.316,W,3
8/22/2015,6:43:47,15.538,N,50.322,W,3
8/22/2015,6:45:47,15.541,N,50.327,W,3
8/22/2015,6:47:46,15.544,N,50.332,W,3
8/22/2015,6:49:46,15.547,N,50.338,W,3
8/22/2015,6:51:47,15.55,N,50.343,W,3
8/22/2015,6:53:47,15.553,N,50.348,W,3
8/22/2015,6:55:46,15.556,N,50.354,W,3
8/22/2015,6:57:46,15.559,N,50.359,W,3
8/22/2015,6:59:47,15.562,N,50.365,W,3
8/22/2015,7:01:46,15.565,N,50.37,W,3
8/22/2015,7:03:46,15.568,N,50.376,W,3
8/22/2015,7:05:47,15.571,N,50.381,W,3
8/22/2015,7:07:47,15.574,N,50.387,W,3
8/22/2015,7:09:46,15.576,N,50.392,W,3
8/22/2015,7:11:46,15.579,N,50.397,W,3
8/22/2015,7:13:47,15.582,N,50.403,W,3
8/22/2015,7:15:47,15.585,N,50.408,W,3
8/22/2015,7:17:46,15.588,N,50.414,W,3
8/22/2015,7:19:46,15.591,N,50.419,W,3
8/22/2015,7:21:47,15.593,N,50.425,W,3
8/22/2015,7:23:47,15.596,N,50.43,W,3
8/22/2015,7:25:46,15.599,N,50.436,W,3
8/22/2015,7:27:46,15.602,N,50.441,W,3
8/22/2015,7:29:47,15.604,N,50.447,W,3
8/22/2015,7:31:46,15.607,N,50.453,W,3
8/22/2015,7:33:46,15.61,N,50.458,W,3
8/22/2015,7:35:47,15.613,N,50.464,W,3
8/22/2015,7:37:47,15.615,N,50.469,W,3
8/22/2015,7:39:46,15.618,N,50.475,W,3
8/22/2015,7:41:46,15.621,N,50.48,W,3
8/22/2015,7:43:47,15.623,N,50.486,W,3
8/22/2015,7:45:47,15.626,N,50.492,W,3
8/22/2015,7:47:46,15.629,N,50.497,W,3
8/22/2015,7:49:46,15.631,N,50.503,W,3
8/22/2015,7:51:47,15.634,N,50.509,W,3
8/22/2015,7:53:47,15.636,N,50.514,W,3
8/22/2015,7:55:46,15.639,N,50.52,W,3
8/22/2015,7:57:46,15.642,N,50.525,W,3
8/22/2015,7:59:47,15.644,N,50.531,W,3
8/22/2015,8:01:47,15.647,N,50.537,W,3
8/22/2015,8:03:47,15.649,N,50.542,W,3
8/22/2015,8:05:47,15.652,N,50.548,W,3
8/22/2015,8:07:47,15.654,N,50.554,W,3
8/22/2015,8:09:46,15.657,N,50.56,W,3
8/22/2015,8:11:46,15.659,N,50.565,W,3
8/22/2015,8:13:46,15.662,N,50.571,W,3
8/22/2015,8:15:46,15.664,N,50.577,W,3
8/22/2015,8:17:47,15.667,N,50.583,W,3
8/22/2015,8:19:47,15.669,N,50.588,W,3
8/22/2015,8:21:47,15.671,N,50.594,W,3
8/22/2015,8:23:47,15.674,N,50.6,W,3
8/22/2015,8:25:46,15.676,N,50.606,W,3
8/22/2015,8:27:46,15.679,N,50.611,W,3
8/22/2015,8:29:46,15.681,N,50.617,W,3
8/22/2015,8:31:47,15.683,N,50.623,W,3
8/22/2015,8:33:47,15.686,N,50.629,W,3
8/22/2015,8:35:47,15.688,N,50.635,W,3
8/22/2015,8:37:47,15.69,N,50.64,W,3
8/22/2015,8:39:46,15.693,N,50.646,W,3
8/22/2015,8:41:46,15.695,N,50.652,W,3
8/22/2015,8:43:46,15.697,N,50.658,W,3
8/22/2015,8:45:46,15.699,N,50.664,W,3
8/22/2015,8:47:47,15.702,N,50.67,W,3
8/22/2015,8:49:47,15.704,N,50.676,W,3
8/22/2015,8:51:47,15.706,N,50.681,W,3
8/22/2015,8:53:47,15.708,N,50.687,W,3
8/22/2015,8:55:46,15.71,N,50.693,W,3
8/22/2015,8:57:46,15.713,N,50.699,W,3
8/22/2015,8:59:46,15.715,N,50.705,W,3
8/22/2015,9:01:47,15.717,N,50.711,W,3
8/22/2015,9:03:47,15.719,N,50.717,W,3
8/22/2015,9:05:47,15.721,N,50.723,W,3
8/22/2015,9:07:47,15.723,N,50.729,W,3
8/22/2015,9:09:46,15.725,N,50.735,W,3
8/22/2015,9:11:46,15.727,N,50.741,W,3
8/22/2015,9:13:46,15.729,N,50.747,W,3
8/22/2015,9:15:46,15.731,N,50.753,W,3
8/22/2015,9:17:47,15.733,N,50.759,W,3
8/22/2015,9:19:47,15.735,N,50.765,W,3
8/22/2015,9:21:47,15.737,N,50.771,W,3
8/22/2015,9:23:47,15.739,N,50.777,W,3
8/22/2015,9:25:46,15.741,N,50.783,W,3
8/22/2015,9:27:46,15.743,N,50.789,W,3
8/22/2015,9:29:46,15.745,N,50.795,W,3
8/22/2015,9:31:47,15.747,N,50.801,W,3
8/22/2015,9:33:47,15.749,N,50.807,W,3
8/22/2015,9:35:47,15.75,N,50.814,W,3
8/22/2015,9:37:47,15.752,N,50.82,W,3
8/22/2015,9:39:46,15.754,N,50.826,W,3
8/22/2015,9:41:46,15.756,N,50.832,W,3
8/22/2015,9:43:46,15.758,N,50.838,W,3
8/22/2015,9:45:46,15.759,N,50.844,W,3
8/22/2015,9:47:47,15.761,N,50.85,W,3
8/22/2015,9:49:47,15.763,N,50.857,W,3
8/22/2015,9:51:47,15.765,N,50.863,W,3
8/22/2015,9:53:47,15.766,N,50.869,W,3
8/22/2015,9:55:46,15.768,N,50.875,W,3
8/22/2015,9:57:46,15.77,N,50.881,W,3
8/22/2015,9:59:46,15.771,N,50.888,W,3
8/22/2015,10:01:47,15.773,N,50.894,W,3
8/22/2015,10:03:47,15.774,N,50.9,W,3
8/22/2015,10:05:47,15.776,N,50.906,W,3
8/22/2015,10:07:47,15.778,N,50.913,W,3
8/22/2015,10:09:46,15.779,N,50.919,W,3
8/22/2015,10:11:46,15.781,N,50.925,W,3
8/22/2015,10:13:46,15.782,N,50.931,W,3
8/22/2015,10:15:46,15.784,N,50.938,W,3
8/22/2015,10:17:47,15.785,N,50.944,W,3
8/22/2015,10:19:47,15.787,N,50.95,W,3
8/22/2015,10:21:47,15.788,N,50.957,W,3
8/22/2015,10:23:47,15.789,N,50.963,W,3
8/22/2015,10:25:46,15.791,N,50.969,W,3
8/22/2015,10:27:46,15.792,N,50.976,W,3
8/22/2015,10:29:46,15.794,N,50.982,W,3
8/22/2015,10:31:47,15.795,N,50.989,W,3
8/22/2015,10:33:47,15.796,N,50.995,W,3
8/22/2015,10:35:47,15.798,N,51.001,W,3
8/22/2015,10:37:47,15.799,N,51.008,W,3
8/22/2015,10:39:46,15.8,N,51.014,W,3
8/22/2015,10:41:46,15.801,N,51.021,W,3
8/22/2015,10:43:46,15.803,N,51.027,W,3
8/22/2015,10:45:46,15.804,N,51.034,W,3
8/22/2015,10:47:47,15.805,N,51.04,W,3
8/22/2015,10:49:47,15.806,N,51.047,W,3
8/22/2015,10:51:47,15.807,N,51.053,W,3
8/22/2015,10:53:47,15.808,N,51.06,W,3
8/22/2015,10:55:46,15.81,N,51.066,W,3
8/22/2015,10:57:46,15.811,N,51.073,W,3
8/22/2015,10:59:46,15.812,N,51.079,W,3
8/22/2015,11:01:47,15.813,N,51.086,W,3
8/22/2015,11:03:47,15.814,N,51.092,W,3
8/22/2015,11:05:47,15.815,N,51.099,W,3
8/22/2015,11:07:47,15.816,N,51.105,W,3
8/22/2015,11:09:46,15.817,N,51.112,W,3
8/22/2015,11:11:46,15.818,N,51.119,W,3
8/22/2015,11:13:46,15.819,N,51.125,W,3
8/22/2015,11:15:46,15.82,N,51.132,W,3
8/22/2015,11:17:47,15.821,N,51.138,W,3
8/22/2015,11:19:47,15.822,N,51.145,W,3
8/22/2015,11:21:47,15.822,N,51.152,W,3
8/22/2015,11:23:47,15.823,N,51.158,W,3
8/22/2015,11:25:46,15.824,N,51.165,W,3
8/22/2015,11:27:46,15.825,N,51.172,W,3
8/22/2015,11:29:46,15.826,N,51.178,W,3
8/22/2015,11:31:47,15.827,N,51.185,W,3
8/22/2015,11:33:47,15.827,N,51.192,W,3
8/22/2015,11:35:47,15.828,N,51.198,W,3
8/22/2015,11:37:47,15.829,N,51.205,W,3
8/22/2015,11:39:46,15.83,N,51.212,W,3
8/22/2015,11:41:46,15.83,N,51.219,W,3
8/22/2015,11:43:46,15.831,N,51.225,W,3
8/22/2015,11:45:46,15.832,N,51.232,W,3
8/22/2015,11:47:47,15.832,N,51.239,W,3
8/22/2015,11:49:47,15.833,N,51.246,W,3
8/22/2015,11:51:47,15.834,N,51.252,W,3
8/22/2015,11:53:47,15.834,N,51.259,W,3
8/22/2015,11:55:46,15.835,N,51.266,W,3
8/22/2015,11:57:46,15.835,N,51.273,W,3
8/22/2015,11:59:46,15.836,N,51.28,W,3
8/22/2015,12:01:47,15.837,N,51.286,W,3
8/22/2015,12:03:47,15.837,N,51.293,W,3
8/22/2015,12:05:47,15.838,N,51.3,W,3
8/22/2015,12:07:47,15.838,N,51.307,W,3
8/22/2015,12:09:46,15.839,N,51.314,W,3
8/22/2015,12:11:46,15.839,N,51.321,W,3
8/22/2015,12:13:46,15.84,N,51.328,W,3
8/22/2015,12:15:46,15.84,N,51.334,W,3
8/22/2015,12:17:47,15.84,N,51.341,W,3
8/22/2015,12:19:47,15.841,N,51.348,W,3
8/22/2015,12:21:47,15.841,N,51.355,W,3
8/22/2015,12:23:47,15.842,N,51.362,W,3
8/22/2015,12:25:46,15.842,N,51.369,W,3
8/22/2015,12:27:46,15.842,N,51.376,W,3
8/22/2015,12:29:46,15.843,N,51.383,W,3
8/22/2015,12:31:47,15.843,N,51.39,W,3
8/22/2015,12:33:47,15.843,N,51.397,W,3
8/22/2015,12:35:47,15.844,N,51.404,W,3
8/22/2015,12:37:47,15.844,N,51.411,W,3
8/22/2015,12:39:46,15.844,N,51.418,W,3
8/22/2015,12:41:46,15.844,N,51.425,W,3
8/22/2015,12:43:46,15.845,N,51.432,W,3
8/22/2015,12:45:46,15.845,N,51.439,W,3
8/22/2015,12:47:47,15.845,N,51.446,W,3
8/22/2015,12:49:47,15.845,N,51.453,W,3
8/22/2015,12:51:47,15.845,N,51.46,W,3
8/22/2015,12:53:47,15.846,N,51.467,W,3
8/22/2015,12:55:46,15.846,N,51.474,W,3
8/22/2015,12:57:46,15.846,N,51.481,W,3
8/22/2015,12:59:46,15.846,N,51.488,W,3
8/22/2015,13:01:47,15.846,N,51.495,W,3
8/22/2015,13:03:47,15.846,N,51.502,W,3
8/22/2015,13:05:47,15.846,N,51.509,W,3
8/22/2015,13:07:47,15.846,N,51.516,W,3
8/22/2015,13:09:46,15.846,N,51.523,W,3
8/22/2015,13:11:46,15.846,N,51.531,W,3
8/22/2015,13:13:46,15.846,N,51.538,W,3
8/22/2015,13:15:46,15.846,N,51.545,W,3
8/22/2015,13:17:47,15.846,N,51.552,W,3
8/22/2015,13:19:47,15.846,N,51.559,W,3
8/22/2015,13:21:47,15.846,N,51.566,W,3
8/22/2015,13:23:47,15.846,N,51.573,W,3
8/22/2015,13:25:46,15.846,N,51.58,W,3
8/22/2015,13:27:46,15.846,N,51.588,W,3
8/22/2015,13:29:46,15.846,N,51.595,W,3
8/22/2015,13:31:47,15.846,N,51.602,W,3
8/22/2015,13:33:47,15.846,N,51.609,W,3
8/22/2015,13:35:47,15.846,N,51.616,W,3
8/22/2015,13:37:47,15.846,N,51.624,W,3
8/22/2015,13:39:46,15.846,N,51.631,W,3
8/22/2015,13:41:46,15.845,N,51.638,W,3
8/22/2015,13:43:46,15.845,N,51.645,W,3
8/22/2015,13:45:46,15.845,N,51.652,W,3
8/22/2015,13:47:47,15.845,N,51.66,W,3
8/22/2015,13:49:47,15.845,N,51.667,W,3
8/22/2015,13:51:47,15.845,N,51.674,W,3
8/22/2015,13:53:47,15.844,N,51.681,W,3
8/22/2015,13:55:46,15.844,N,51.689,W,3
8/22/2015,13:57:46,15.844,N,51.696,W,3
8/22/2015,13:59:46,15.844,N,51.703,W,3
8/22/2015,14:01:47,15.843,N,51.71,W,3
8/22/2015,14:03:47,15.843,N,51.718,W,3
8/22/2015,14:05:47,15.843,N,51.725,W,3
8/22/2015,14:07:47,15.842,N,51.732,W,3
8/22/2015,14:09:46,15.842,N,51.74,W,3
8/22/2015,14:11:46,15.842,N,51.747,W,3
8/22/2015,14:13:46,15.841,N,51.754,W,3
8/22/2015,14:15:46,15.841,N,51.762,W,3
8/22/2015,14:17:47,15.841,N,51.769,W,3
8/22/2015,14:19:47,15.84,N,51.776,W,3
8/22/2015,14:21:47,15.84,N,51.784,W,3
8/22/2015,14:23:47,15.839,N,51.791,W,3
8/22/2015,14:25:46,15.839,N,51.798,W,3
8/22/2015,14:27:46,15.839,N,51.806,W,3
8/22/2015,14:29:46,15.838,N,51.813,W,3
8/22/2015,14:31:47,15.838,N,51.82,W,3
8/22/2015,14:33:47,15.837,N,51.828,W,3
8/22/2015,14:35:47,15.837,N,51.835,W,3
8/22/2015,14:37:47,15.836,N,51.843,W,3
8/22/2015,14:39:46,15.836,N,51.85,W,3
8/22/2015,14:41:46,15.835,N,51.857,W,3
8/22/2015,14:43:46,15.835,N,51.865,W,3
8/22/2015,14:45:46,15.834,N,51.872,W,3
8/22/2015,14:47:47,15.834,N,51.88,W,3
8/22/2015,14:49:47,15.833,N,51.887,W,3
8/22/2015,14:51:47,15.833,N,51.894,W,3
8/22/2015,14:53:47,15.832,N,51.902,W,3
8/22/2015,14:55:46,15.832,N,51.909,W,3
8/22/2015,14:57:46,15.831,N,51.917,W,3
8/22/2015,14:59:46,15.831,N,51.924,W,3
8/22/2015,15:01:47,15.83,N,51.932,W,3
8/22/2015,15:03:47,15.829,N,51.939,W,3
8/22/2015,15:05:47,15.829,N,51.947,W,3
8/22/2015,15:07:47,15.828,N,51.954,W,3
8/22/2015,15:09:46,15.827,N,51.962,W,3
8/22/2015,15:11:46,15.827,N,51.969,W,3
8/22/2015,15:13:46,15.826,N,51.977,W,3
8/22/2015,15:15:46,15.826,N,51.984,W,3
8/22/2015,15:17:47,15.825,N,51.992,W,3
8/22/2015,15:19:47,15.824,N,51.999,W,3
8/22/2015,15:21:47,15.823,N,52.007,W,3
8/22/2015,15:23:47,15.823,N,52.014,W,3
8/22/2015,15:25:46,15.822,N,52.022,W,3
8/22/2015,15:27:46,15.821,N,52.029,W,3
8/22/2015,15:29:46,15.821,N,52.037,W,3
8/22/2015,15:31:47,15.82,N,52.044,W,3
8/22/2015,15:33:47,15.819,N,52.052,W,3
8/22/2015,15:35:47,15.818,N,52.059,W,3
8/22/2015,15:37:47,15.818,N,52.067,W,3
8/22/2015,15:39:46,15.817,N,52.074,W,3
8/22/2015,15:41:46,15.816,N,52.082,W,3
8/22/2015,15:43:46,15.815,N,52.089,W,3
8/22/2015,15:45:46,15.815,N,52.097,W,3
8/22/2015,15:47:47,15.814,N,52.105,W,3
8/22/2015,15:49:47,15.813,N,52.112,W,3
8/22/2015,15:51:47,15.812,N,52.12,W,3
8/22/2015,15:53:47,15.811,N,52.127,W,3
8/22/2015,15:55:46,15.811,N,52.135,W,3
8/22/2015,15:57:46,15.81,N,52.142,W,3
8/22/2015,15:59:46,15.809,N,52.15,W,3
8/22/2015,16:01:47,15.808,N,52.158,W,3
8/22/2015,16:03:47,15.807,N,52.165,W,3
8/22/2015,16:05:47,15.806,N,52.173,W,3
8/22/2015,16:07:47,15.805,N,52.18,W,3
8/22/2015,16:09:46,15.805,N,52.188,W,3
8/22/2015,16:11:46,15.804,N,52.196,W,3
8/22/2015,16:13:46,15.803,N,52.203,W,3
8/22/2015,16:15:46,15.802,N,52.211,W,3
8/22/2015,16:17:47,15.801,N,52.219,W,3
8/22/2015,16:19:47,15.8,N,52.226,W,3
8/22/2015,16:21:47,15.799,N,52.234,W,3
8/22/2015,16:23:47,15.798,N,52.241,W,3
8/22/2015,16:25:46,15.797,N,52.249,W,3
8/22/2015,16:27:46,15.796,N,52.257,W,3
8/22/2015,16:29:46,15.795,N,52.264,W,3
8/22/2015,16:31:47,15.795,N,52.272,W,3
8/22/2015,16:33:47,15.794,N,52.28,W,3
8/22/2015,16:35:47,15.793,N,52.287,W,3
8/22/2015,16:37:47,15.792,N,52.295,W,3
8/22/2015,16:39:46,15.791,N,52.303,W,3
8/22/2015,16:41:46,15.79,N,52.31,W,3
8/22/2015,16:43:46,15.789,N,52.318,W,3
8/22/2015,16:45:46,15.788,N,52.326,W,3
8/22/2015,16:47:47,15.787,N,52.333,W,3
8/22/2015,16:49:47,15.786,N,52.341,W,3
8/22/2015,16:51:47,15.785,N,52.349,W,3
8/22/2015,16:53:47,15.784,N,52.356,W,3
8/22/2015,16:55:46,15.783,N,52.364,W,3
8/22/2015,16:57:46,15.782,N,52.372,W,3
8/22/2015,16:59:46,15.781,N,52.379,W,3
8/22/2015,17:01:47,15.78,N,52.387,W,3
8/22/2015,17:03:47,15.778,N,52.395,W,3
8/22/2015,17:05:47,15.777,N,52.403,W,3
8/22/2015,17:07:47,15.776,N,52.41,W,3
8/22/2015,17:09:46,15.775,N,52.418,W,3
8/22/2015,17:11:46,15.774,N,52.426,W,3
8/22/2015,17:13:46,15.773,N,52.433,W,3
8/22/2015,17:15:46,15.772,N,52.441,W,3
8/22/2015,17:17:47,15.771,N,52.449,W,3
8/22/2015,17:19:47,15.77,N,52.457,W,3
8/22/2015,17:21:47,15.769,N,52.464,W,3
8/22/2015,17:23:47,15.768,N,52.472,W,3
8/22/2015,17:25:46,15.767,N,52.48,W,3
8/22/2015,17:27:46,15.766,N,52.488,W,3
8/22/2015,17:29:46,15.764,N,52.495,W,3
8/22/2015,17:31:47,15.763,N,52.503,W,3
8/22/2015,17:33:47,15.762,N,52.511,W,3
8/22/2015,17:35:47,15.761,N,52.519,W,3
8/22/2015,17:37:47,15.76,N,52.526,W,3
8/22/2015,17:39:46,15.759,N,52.534,W,3
8/22/2015,17:41:46,15.758,N,52.542,W,3
8/22/2015,17:43:46,15.757,N,52.549,W,3
8/22/2015,17:45:46,15.755,N,52.557,W,3
8/22/2015,17:47:47,15.754,N,52.565,W,3
8/22/2015,17:49:47,15.753,N,52.573,W,3
8/22/2015,17:51:47,15.752,N,52.581,W,3
8/22/2015,17:53:47,15.751,N,52.588,W,3
8/22/2015,17:55:46,15.75,N,52.596,W,3
8/22/2015,17:57:46,15.749,N,52.604,W,3
8/22/2015,17:59:46,15.747,N,52.612,W,3
8/22/2015,18:01:47,15.746,N,52.619,W,3
8/22/2015,18:03:47,15.745,N,52.627,W,3
8/22/2015,18:05:47,15.744,N,52.635,W,3
8/22/2015,18:07:47,15.743,N,52.643,W,3
8/22/2015,18:09:46,15.742,N,52.65,W,3
8/22/2015,18:11:46,15.74,N,52.658,W,3
8/22/2015,18:13:46,15.739,N,52.666,W,3
8/22/2015,18:15:46,15.738,N,52.674,W,3
8/22/2015,18:15:50,15.738,N,52.674,W,3
8/22/2015,18:17:49,15.737,N,52.682,W,3
8/22/2015,18:19:49,15.736,N,52.69,W,3
8/22/2015,18:21:49,15.734,N,52.697,W,3
8/22/2015,18:23:49,15.733,N,52.705,W,3
8/22/2015,18:25:50,15.732,N,52.713,W,3
8/22/2015,18:27:50,15.731,N,52.721,W,3
8/22/2015,18:29:50,15.729,N,52.729,W,3
8/22/2015,18:31:50,15.728,N,52.736,W,3
8/22/2015,18:33:49,15.727,N,52.744,W,3
8/22/2015,18:35:49,15.726,N,52.752,W,3
8/22/2015,18:37:49,15.725,N,52.76,W,3
8/22/2015,18:39:49,15.723,N,52.768,W,3
8/22/2015,18:41:50,15.722,N,52.775,W,3
8/22/2015,18:43:50,15.721,N,52.783,W,3
8/22/2015,18:45:50,15.72,N,52.791,W,3
8/22/2015,18:47:49,15.718,N,52.799,W,3
8/22/2015,18:49:49,15.717,N,52.807,W,3
8/22/2015,18:51:49,15.716,N,52.814,W,3
8/22/2015,18:53:49,15.715,N,52.822,W,3
8/22/2015,18:55:50,15.714,N,52.83,W,3
8/22/2015,18:57:50,15.712,N,52.838,W,3
8/22/2015,18:59:50,15.711,N,52.846,W,3
8/22/2015,19:01:50,15.71,N,52.853,W,3
8/22/2015,19:03:49,15.709,N,52.861,W,3
8/22/2015,19:05:49,15.707,N,52.869,W,3
8/22/2015,19:07:49,15.706,N,52.877,W,3
8/22/2015,19:09:49,15.705,N,52.885,W,3
8/22/2015,19:11:50,15.704,N,52.892,W,3
8/22/2015,19:13:50,15.703,N,52.9,W,3
8/22/2015,19:15:50,15.701,N,52.908,W,3
8/22/2015,19:17:49,15.7,N,52.916,W,3
8/22/2015,19:19:49,15.699,N,52.924,W,3
8/22/2015,19:21:49,15.698,N,52.931,W,3
8/22/2015,19:23:49,15.696,N,52.939,W,3
8/22/2015,19:25:50,15.695,N,52.947,W,3
8/22/2015,19:27:50,15.694,N,52.955,W,3
8/22/2015,19:29:50,15.693,N,52.963,W,3
8/22/2015,19:31:12,15.692,N,52.968,W,3
8/22/2015,19:33:11,15.691,N,52.973,W,3
8/22/2015,19:35:11,15.691,N,52.979,W,3
8/22/2015,19:37:11,15.69,N,52.984,W,3
8/22/2015,19:39:11,15.69,N,52.989,W,3
8/22/2015,19:41:12,15.689,N,52.995,W,3
8/22/2015,19:43:12,15.689,N,53,W,3
8/22/2015,19:45:12,15.688,N,53.006,W,3
8/22/2015,19:47:12,15.688,N,53.011,W,3
8/22/2015,19:49:11,15.688,N,53.017,W,3
8/22/2015,19:51:11,15.687,N,53.023,W,3
8/22/2015,19:53:11,15.687,N,53.029,W,3
8/22/2015,19:55:11,15.687,N,53.035,W,3
8/22/2015,19:57:12,15.687,N,53.041,W,3
8/22/2015,19:59:12,15.687,N,53.047,W,3
8/22/2015,20:01:12,15.687,N,53.053,W,3
8/22/2015,20:03:11,15.687,N,53.06,W,3
8/22/2015,20:05:11,15.687,N,53.067,W,3
8/22/2015,20:05:37,15.687,N,53.068,W,3
8/22/2015,20:07:37,15.687,N,53.074,W,3
8/22/2015,20:09:37,15.687,N,53.081,W,3
8/22/2015,20:11:37,15.687,N,53.088,W,3
8/22/2015,20:13:36,15.688,N,53.095,W,3
8/22/2015,20:15:36,15.688,N,53.102,W,3
8/22/2015,20:17:36,15.688,N,53.109,W,3
8/22/2015,20:19:37,15.689,N,53.116,W,3
8/22/2015,20:21:37,15.689,N,53.123,W,3
8/22/2015,20:23:37,15.69,N,53.131,W,3
8/22/2015,20:25:37,15.69,N,53.138,W,3
8/22/2015,20:27:36,15.691,N,53.146,W,3
8/22/2015,20:29:36,15.691,N,53.154,W,3
8/22/2015,20:31:36,15.692,N,53.162,W,3
8/22/2015,20:33:36,15.693,N,53.17,W,3
8/22/2015,20:35:37,15.693,N,53.178,W,3
8/22/2015,20:37:37,15.694,N,53.186,W,3
8/22/2015,20:39:37,15.694,N,53.194,W,3
8/22/2015,20:41:37,15.694,N,53.202,W,3
8/22/2015,20:43:36,15.695,N,53.211,W,3
8/22/2015,20:45:36,15.695,N,53.219,W,3
8/22/2015,20:46:04,15.695,N,53.221,W,3
8/22/2015,20:48:04,15.695,N,53.229,W,3
8/22/2015,20:50:04,15.694,N,53.237,W,3
8/22/2015,20:52:05,15.694,N,53.245,W,3
8/22/2015,20:54:05,15.693,N,53.253,W,3
8/22/2015,20:56:05,15.692,N,53.262,W,3
8/22/2015,20:58:05,15.691,N,53.27,W,3
8/22/2015,21:00:04,15.69,N,53.278,W,3
8/22/2015,21:02:04,15.689,N,53.287,W,3
8/22/2015,21:04:04,15.687,N,53.295,W,3
8/22/2015,21:06:04,15.686,N,53.304,W,3
8/22/2015,21:08:05,15.684,N,53.313,W,3
8/22/2015,21:10:05,15.682,N,53.322,W,3
8/22/2015,21:12:05,15.68,N,53.33,W,3
8/22/2015,21:14:04,15.678,N,53.339,W,3
8/22/2015,21:16:04,15.676,N,53.348,W,3
8/22/2015,21:18:04,15.674,N,53.357,W,3
8/22/2015,21:20:04,15.672,N,53.366,W,3
8/22/2015,21:22:05,15.669,N,53.375,W,3
8/22/2015,21:24:05,15.667,N,53.384,W,3
8/22/2015,21:26:05,15.665,N,53.393,W,3
8/22/2015,21:28:05,15.662,N,53.402,W,3
8/22/2015,21:30:04,15.66,N,53.411,W,3
8/22/2015,21:32:04,15.657,N,53.419,W,3
8/22/2015,21:34:04,15.655,N,53.428,W,3
8/22/2015,21:36:04,15.652,N,53.437,W,3
8/22/2015,21:38:05,15.65,N,53.445,W,3
8/22/2015,21:40:05,15.647,N,53.454,W,3
8/22/2015,21:42:05,15.645,N,53.462,W,3
8/22/2015,21:44:04,15.642,N,53.471,W,3
8/22/2015,21:46:04,15.64,N,53.479,W,3
8/22/2015,21:46:47,15.639,N,53.482,W,3
8/22/2015,21:48:47,15.638,N,53.488,W,3
8/22/2015,21:50:48,15.637,N,53.494,W,3
8/22/2015,21:52:48,15.636,N,53.5,W,3
8/22/2015,21:54:48,15.635,N,53.506,W,3
8/22/2015,21:56:48,15.634,N,53.513,W,3
8/22/2015,21:58:47,15.633,N,53.519,W,3
8/22/2015,22:00:47,15.632,N,53.525,W,3
8/22/2015,22:02:47,15.631,N,53.531,W,3
8/22/2015,22:04:48,15.63,N,53.537,W,3
8/22/2015,22:06:48,15.629,N,53.543,W,3
8/22/2015,22:08:48,15.628,N,53.549,W,3
8/22/2015,22:10:48,15.627,N,53.555,W,3
8/22/2015,22:12:47,15.626,N,53.561,W,3
8/22/2015,22:14:47,15.625,N,53.567,W,3
8/22/2015,22:16:47,15.624,N,53.574,W,3
8/22/2015,22:18:47,15.623,N,53.58,W,3
8/22/2015,22:20:48,15.622,N,53.586,W,3
8/22/2015,22:22:48,15.621,N,53.592,W,3
8/22/2015,22:24:48,15.621,N,53.598,W,3
8/22/2015,22:26:48,15.62,N,53.604,W,3
8/22/2015,22:28:47,15.619,N,53.61,W,3
8/22/2015,22:30:47,15.618,N,53.616,W,3
8/22/2015,22:32:47,15.617,N,53.622,W,3
8/22/2015,22:34:48,15.616,N,53.628,W,3
8/22/2015,22:36:48,15.615,N,53.635,W,3
8/22/2015,22:38:48,15.614,N,53.641,W,3
8/22/2015,22:40:48,15.613,N,53.647,W,3
8/22/2015,22:42:47,15.612,N,53.653,W,3
8/22/2015,22:44:47,15.611,N,53.659,W,3
8/22/2015,22:46:47,15.61,N,53.665,W,3
8/22/2015,22:48:47,15.609,N,53.671,W,3
8/22/2015,22:50:48,15.608,N,53.677,W,3
8/22/2015,22:52:48,15.607,N,53.683,W,3
8/22/2015,22:54:39,15.606,N,53.689,W,3
8/22/2015,22:56:39,15.605,N,53.695,W,3
8/22/2015,22:58:40,15.604,N,53.701,W,3
8/22/2015,23:00:40,15.603,N,53.708,W,3
8/22/2015,23:02:40,15.602,N,53.714,W,3
8/22/2015,23:04:40,15.601,N,53.72,W,3
8/22/2015,23:06:39,15.6,N,53.726,W,3
8/22/2015,23:08:39,15.6,N,53.732,W,3
8/22/2015,23:10:39,15.599,N,53.739,W,3
8/22/2015,23:12:40,15.598,N,53.745,W,3
8/22/2015,23:14:40,15.597,N,53.751,W,3
8/22/2015,23:16:40,15.596,N,53.757,W,3
8/22/2015,23:18:40,15.595,N,53.764,W,3
8/22/2015,23:20:39,15.594,N,53.77,W,3
8/22/2015,23:22:39,15.593,N,53.776,W,3
8/22/2015,23:24:39,15.592,N,53.783,W,3
8/22/2015,23:26:39,15.592,N,53.789,W,3
8/22/2015,23:28:40,15.591,N,53.795,W,3
8/22/2015,23:30:40,15.59,N,53.802,W,3
8/22/2015,23:32:40,15.589,N,53.808,W,3
8/22/2015,23:34:40,15.588,N,53.814,W,3
8/22/2015,23:36:39,15.587,N,53.821,W,3
8/22/2015,23:38:39,15.587,N,53.827,W,3
8/22/2015,23:40:39,15.586,N,53.834,W,3
8/22/2015,23:42:40,15.585,N,53.84,W,3
8/22/2015,23:44:40,15.584,N,53.846,W,3
8/22/2015,23:46:40,15.583,N,53.853,W,3
8/22/2015,23:48:40,15.583,N,53.859,W,3
8/22/2015,23:50:39,15.582,N,53.866,W,3
8/22/2015,23:52:39,15.581,N,53.872,W,3
8/22/2015,23:54:39,15.58,N,53.879,W,3
8/22/2015,23:56:39,15.579,N,53.885,W,3
8/22/2015,23:58:40,15.579,N,53.892,W,3
8/23/2015,0:00:40,15.578,N,53.898,W,3
8/23/2015,0:02:40,15.577,N,53.905,W,3
8/23/2015,0:04:40,15.576,N,53.911,W,3
8/23/2015,0:06:39,15.576,N,53.918,W,3
8/23/2015,0:08:39,15.575,N,53.925,W,3
8/23/2015,0:10:39,15.574,N,53.931,W,3
8/23/2015,0:12:40,15.573,N,53.938,W,3
8/23/2015,0:14:40,15.573,N,53.944,W,3
8/23/2015,0:16:40,15.572,N,53.951,W,3
8/23/2015,0:18:40,15.571,N,53.958,W,3
8/23/2015,0:20:39,15.571,N,53.964,W,3
8/23/2015,0:22:39,15.57,N,53.971,W,3
8/23/2015,0:24:39,15.569,N,53.978,W,3
8/23/2015,0:26:39,15.569,N,53.985,W,3
8/23/2015,0:28:40,15.568,N,53.991,W,3
8/23/2015,0:30:40,15.567,N,53.998,W,3
8/23/2015,0:32:40,15.567,N,54.005,W,3
8/23/2015,0:34:40,15.566,N,54.012,W,3
8/23/2015,0:36:39,15.566,N,54.019,W,3
8/23/2015,0:38:39,15.565,N,54.025,W,3
8/23/2015,0:40:39,15.564,N,54.032,W,3
8/23/2015,0:42:40,15.564,N,54.039,W,3
8/23/2015,0:44:40,15.563,N,54.046,W,3
8/23/2015,0:46:40,15.563,N,54.053,W,3
8/23/2015,0:48:40,15.562,N,54.06,W,3
8/23/2015,0:50:39,15.562,N,54.067,W,3
8/23/2015,0:52:39,15.561,N,54.074,W,3
8/23/2015,0:54:39,15.561,N,54.081,W,3
8/23/2015,0:56:39,15.56,N,54.088,W,3
8/23/2015,0:58:40,15.559,N,54.095,W,3
8/23/2015,1:00:40,15.559,N,54.102,W,3
8/23/2015,1:02:40,15.558,N,54.109,W,3
8/23/2015,1:04:40,15.558,N,54.116,W,3
8/23/2015,1:06:39,15.558,N,54.123,W,3
8/23/2015,1:08:39,15.557,N,54.13,W,3
8/23/2015,1:10:39,15.557,N,54.138,W,3
8/23/2015,1:12:40,15.556,N,54.145,W,3
8/23/2015,1:14:40,15.556,N,54.152,W,3
8/23/2015,1:16:40,15.555,N,54.159,W,3
8/23/2015,1:18:40,15.555,N,54.166,W,3
8/23/2015,1:20:39,15.555,N,54.174,W,3
8/23/2015,1:22:39,15.554,N,54.181,W,3
8/23/2015,1:24:39,15.554,N,54.188,W,3
8/23/2015,1:26:39,15.554,N,54.196,W,3
8/23/2015,1:28:40,15.553,N,54.203,W,3
8/23/2015,1:30:40,15.553,N,54.21,W,3
8/23/2015,1:32:40,15.553,N,54.218,W,3
8/23/2015,1:34:40,15.552,N,54.225,W,3
8/23/2015,1:36:39,15.552,N,54.233,W,3
8/23/2015,1:38:39,15.552,N,54.24,W,3
8/23/2015,1:40:39,15.551,N,54.248,W,3
8/23/2015,1:42:40,15.551,N,54.255,W,3
8/23/2015,1:44:40,15.551,N,54.263,W,3
8/23/2015,1:46:40,15.551,N,54.271,W,3
8/23/2015,1:48:40,15.55,N,54.278,W,3
8/23/2015,1:50:39,15.55,N,54.286,W,3
8/23/2015,1:52:39,15.55,N,54.293,W,3
8/23/2015,1:54:39,15.55,N,54.301,W,3
8/23/2015,1:56:39,15.55,N,54.309,W,3
8/23/2015,1:58:40,15.55,N,54.317,W,3
8/23/2015,2:00:40,15.549,N,54.324,W,3
8/23/2015,2:02:40,15.549,N,54.332,W,3
8/23/2015,2:04:40,15.549,N,54.34,W,3
8/23/2015,2:06:39,15.549,N,54.348,W,3
8/23/2015,2:08:39,15.549,N,54.355,W,3
8/23/2015,2:10:39,15.549,N,54.363,W,3
8/23/2015,2:12:40,15.549,N,54.371,W,3
8/23/2015,2:14:40,15.549,N,54.379,W,3
8/23/2015,2:16:40,15.549,N,54.387,W,3
8/23/2015,2:18:40,15.548,N,54.395,W,3
8/23/2015,2:20:39,15.548,N,54.403,W,3
8/23/2015,2:22:39,15.548,N,54.411,W,3
8/23/2015,2:24:39,15.548,N,54.419,W,3
8/23/2015,2:26:39,15.548,N,54.427,W,3
8/23/2015,2:28:40,15.548,N,54.435,W,3
8/23/2015,2:30:40,15.548,N,54.443,W,3
8/23/2015,2:32:40,15.548,N,54.451,W,3
8/23/2015,2:34:40,15.548,N,54.459,W,3
8/23/2015,2:36:39,15.548,N,54.467,W,3
8/23/2015,2:38:39,15.548,N,54.475,W,3
8/23/2015,2:40:39,15.548,N,54.483,W,3
8/23/2015,2:42:40,15.548,N,54.492,W,3
8/23/2015,2:44:40,15.548,N,54.5,W,3
8/23/2015,2:46:40,15.549,N,54.508,W,3
8/23/2015,2:48:40,15.549,N,54.516,W,3
8/23/2015,2:50:39,15.549,N,54.524,W,3
8/23/2015,2:52:39,15.549,N,54.533,W,3
8/23/2015,2:54:39,15.549,N,54.541,W,3
8/23/2015,2:56:39,15.549,N,54.549,W,3
8/23/2015,2:58:40,15.549,N,54.557,W,3
8/23/2015,3:00:40,15.549,N,54.566,W,3
8/23/2015,3:02:40,15.549,N,54.574,W,3
8/23/2015,3:04:40,15.549,N,54.582,W,3
8/23/2015,3:06:39,15.55,N,54.591,W,3
8/23/2015,3:08:39,15.55,N,54.599,W,3
8/23/2015,3:10:39,15.55,N,54.607,W,3
8/23/2015,3:12:40,15.55,N,54.616,W,3
8/23/2015,3:14:40,15.55,N,54.624,W,3
8/23/2015,3:16:40,15.55,N,54.632,W,3
8/23/2015,3:18:40,15.55,N,54.641,W,3
8/23/2015,3:20:39,15.551,N,54.649,W,3
8/23/2015,3:22:39,15.551,N,54.658,W,3
8/23/2015,3:24:39,15.551,N,54.666,W,3
8/23/2015,3:26:39,15.551,N,54.674,W,3
8/23/2015,3:28:40,15.551,N,54.683,W,3
8/23/2015,3:30:40,15.551,N,54.691,W,3
8/23/2015,3:32:40,15.552,N,54.7,W,3
8/23/2015,3:34:40,15.552,N,54.708,W,3
8/23/2015,3:36:39,15.552,N,54.717,W,3
8/23/2015,3:38:39,15.552,N,54.725,W,3
8/23/2015,3:40:39,15.552,N,54.734,W,3
8/23/2015,3:42:40,15.553,N,54.742,W,3
8/23/2015,3:44:40,15.553,N,54.751,W,3
8/23/2015,3:46:40,15.553,N,54.759,W,3
8/23/2015,3:48:40,15.553,N,54.768,W,3
8/23/2015,3:50:39,15.554,N,54.776,W,3
8/23/2015,3:52:39,15.554,N,54.785,W,3
8/23/2015,3:54:39,15.554,N,54.793,W,3
8/23/2015,3:56:39,15.554,N,54.802,W,3
8/23/2015,3:58:40,15.555,N,54.81,W,3
8/23/2015,4:00:40,15.555,N,54.819,W,3
8/23/2015,4:02:40,15.555,N,54.828,W,3
8/23/2015,4:04:40,15.555,N,54.836,W,3
8/23/2015,4:06:39,15.555,N,54.845,W,3
8/23/2015,4:08:39,15.556,N,54.853,W,3
8/23/2015,4:10:39,15.556,N,54.862,W,3
8/23/2015,4:12:40,15.556,N,54.87,W,3
8/23/2015,4:14:40,15.556,N,54.879,W,3
8/23/2015,4:16:40,15.557,N,54.888,W,3
8/23/2015,4:18:40,15.557,N,54.896,W,3
8/23/2015,4:20:39,15.557,N,54.905,W,3
8/23/2015,4:22:39,15.557,N,54.913,W,3
8/23/2015,4:24:39,15.558,N,54.922,W,3
8/23/2015,4:26:39,15.558,N,54.931,W,3
8/23/2015,4:28:40,15.558,N,54.939,W,3
8/23/2015,4:30:40,15.559,N,54.948,W,3
8/23/2015,4:32:40,15.559,N,54.956,W,3
8/23/2015,4:34:40,15.559,N,54.965,W,3
8/23/2015,4:36:39,15.559,N,54.974,W,3
8/23/2015,4:38:39,15.56,N,54.982,W,3
8/23/2015,4:40:39,15.56,N,54.991,W,3
8/23/2015,4:42:40,15.56,N,54.999,W,3
8/23/2015,4:44:40,15.56,N,55.008,W,3
8/23/2015,4:46:40,15.561,N,55.017,W,3
8/23/2015,4:48:40,15.561,N,55.025,W,3
8/23/2015,4:50:39,15.561,N,55.034,W,3
8/23/2015,4:52:39,15.561,N,55.042,W,3
8/23/2015,4:54:39,15.562,N,55.051,W,3
8/23/2015,4:56:39,15.562,N,55.06,W,3
8/23/2015,4:58:40,15.562,N,55.068,W,3
8/23/2015,5:00:40,15.562,N,55.077,W,3
8/23/2015,5:02:40,15.562,N,55.085,W,3
8/23/2015,5:04:40,15.563,N,55.094,W,3
8/23/2015,5:06:39,15.563,N,55.103,W,3
8/23/2015,5:08:39,15.563,N,55.111,W,3
8/23/2015,5:10:39,15.563,N,55.12,W,3
8/23/2015,5:12:40,15.564,N,55.128,W,3
8/23/2015,5:14:40,15.564,N,55.137,W,3
8/23/2015,5:16:40,15.564,N,55.145,W,3
8/23/2015,5:18:40,15.564,N,55.154,W,3
8/23/2015,5:20:39,15.564,N,55.162,W,3
8/23/2015,5:22:39,15.565,N,55.171,W,3
8/23/2015,5:24:39,15.565,N,55.179,W,3
8/23/2015,5:26:39,15.565,N,55.188,W,3
8/23/2015,5:28:40,15.565,N,55.196,W,3
8/23/2015,5:30:40,15.565,N,55.205,W,3
8/23/2015,5:32:40,15.566,N,55.213,W,3
8/23/2015,5:34:40,15.566,N,55.222,W,3
8/23/2015,5:36:39,15.566,N,55.23,W,3
8/23/2015,5:38:39,15.566,N,55.239,W,3
8/23/2015,5:40:39,15.566,N,55.247,W,3
8/23/2015,5:42:40,15.567,N,55.256,W,3
8/23/2015,5:44:40,15.567,N,55.264,W,3
8/23/2015,5:46:40,15.567,N,55.273,W,3
8/23/2015,5:48:40,15.567,N,55.281,W,3
8/23/2015,5:50:39,15.567,N,55.29,W,3
8/23/2015,5:52:39,15.567,N,55.298,W,3
8/23/2015,5:54:39,15.567,N,55.306,W,3
8/23/2015,5:56:39,15.568,N,55.315,W,3
8/23/2015,5:58:40,15.568,N,55.323,W,3
8/23/2015,6:00:40,15.568,N,55.332,W,3
8/23/2015,6:02:40,15.568,N,55.34,W,3
8/23/2015,6:04:40,15.568,N,55.348,W,3
8/23/2015,6:06:39,15.568,N,55.357,W,3
8/23/2015,6:08:39,15.568,N,55.365,W,3
8/23/2015,6:10:39,15.568,N,55.373,W,3
8/23/2015,6:12:40,15.569,N,55.382,W,3
8/23/2015,6:14:40,15.569,N,55.39,W,3
8/23/2015,6:16:40,15.569,N,55.399,W,3
8/23/2015,6:18:40,15.569,N,55.407,W,3
8/23/2015,6:20:39,15.569,N,55.415,W,3
8/23/2015,6:22:39,15.569,N,55.424,W,3
8/23/2015,6:24:39,15.569,N,55.432,W,3
8/23/2015,6:26:39,15.569,N,55.44,W,3
8/23/2015,6:28:40,15.569,N,55.448,W,3
8/23/2015,6:30:40,15.569,N,55.457,W,3
8/23/2015,6:32:40,15.569,N,55.465,W,3
8/23/2015,6:34:40,15.569,N,55.473,W,3
8/23/2015,6:36:39,15.57,N,55.482,W,3
8/23/2015,6:38:39,15.57,N,55.49,W,3
8/23/2015,6:40:39,15.57,N,55.498,W,3
8/23/2015,6:42:40,15.57,N,55.506,W,3
8/23/2015,6:44:40,15.57,N,55.515,W,3
8/23/2015,6:46:40,15.57,N,55.523,W,3
8/23/2015,6:48:40,15.57,N,55.531,W,3
8/23/2015,6:50:39,15.57,N,55.539,W,3
8/23/2015,6:52:39,15.57,N,55.548,W,3
8/23/2015,6:54:39,15.57,N,55.556,W,3
8/23/2015,6:56:39,15.57,N,55.564,W,3
8/23/2015,6:58:40,15.57,N,55.572,W,3
8/23/2015,7:00:40,15.57,N,55.581,W,3
8/23/2015,7:02:40,15.57,N,55.589,W,3
8/23/2015,7:04:40,15.57,N,55.597,W,3
8/23/2015,7:06:39,15.57,N,55.605,W,3
8/23/2015,7:08:39,15.57,N,55.614,W,3
8/23/2015,7:10:39,15.57,N,55.622,W,3
8/23/2015,7:12:40,15.57,N,55.63,W,3
8/23/2015,7:14:40,15.57,N,55.638,W,3
8/23/2015,7:16:40,15.57,N,55.646,W,3
8/23/2015,7:18:40,15.57,N,55.655,W,3
8/23/2015,7:20:39,15.57,N,55.663,W,3
8/23/2015,7:22:39,15.57,N,55.671,W,3
8/23/2015,7:24:39,15.57,N,55.679,W,3
8/23/2015,7:26:39,15.57,N,55.687,W,3
8/23/2015,7:28:40,15.57,N,55.695,W,3
8/23/2015,7:30:40,15.57,N,55.704,W,3
8/23/2015,7:32:40,15.57,N,55.712,W,3
8/23/2015,7:34:40,15.57,N,55.72,W,3
8/23/2015,7:36:39,15.57,N,55.728,W,3
8/23/2015,7:38:39,15.57,N,55.736,W,3
8/23/2015,7:40:39,15.57,N,55.744,W,3
8/23/2015,7:42:40,15.57,N,55.752,W,3
8/23/2015,7:44:40,15.57,N,55.761,W,3
8/23/2015,7:46:40,15.57,N,55.769,W,3
8/23/2015,7:48:40,15.57,N,55.777,W,3
8/23/2015,7:50:39,15.57,N,55.785,W,3
8/23/2015,7:52:39,15.57,N,55.793,W,3
8/23/2015,7:54:39,15.57,N,55.801,W,3
8/23/2015,7:56:39,15.57,N,55.809,W,3
8/23/2015,7:58:40,15.57,N,55.817,W,3
8/23/2015,8:00:40,15.57,N,55.826,W,3
8/23/2015,8:02:40,15.57,N,55.834,W,3
8/23/2015,8:04:40,15.57,N,55.842,W,3
8/23/2015,8:04:42,15.57,N,55.842,W,3
8/23/2015,8:06:43,15.569,N,55.851,W,3
8/23/2015,8:08:43,15.568,N,55.859,W,3
8/23/2015,8:10:43,15.566,N,55.868,W,3
8/23/2015,8:12:43,15.565,N,55.876,W,3
8/23/2015,8:14:42,15.564,N,55.885,W,3
8/23/2015,8:16:42,15.564,N,55.893,W,3
8/23/2015,8:18:42,15.563,N,55.902,W,3
8/23/2015,8:20:42,15.562,N,55.91,W,3
8/23/2015,8:22:43,15.561,N,55.918,W,3
8/23/2015,8:24:43,15.561,N,55.927,W,3
8/23/2015,8:26:43,15.56,N,55.935,W,3
8/23/2015,8:28:42,15.56,N,55.943,W,3
8/23/2015,8:30:42,15.559,N,55.951,W,3
8/23/2015,8:32:42,15.559,N,55.96,W,3
8/23/2015,8:34:42,15.559,N,55.968,W,3
8/23/2015,8:36:43,15.559,N,55.976,W,3
8/23/2015,8:38:43,15.558,N,55.984,W,3
8/23/2015,8:40:43,15.558,N,55.992,W,3
8/23/2015,8:42:43,15.558,N,56,W,3
8/23/2015,8:44:42,15.558,N,56.008,W,3
8/23/2015,8:46:42,15.558,N,56.016,W,3
8/23/2015,8:48:42,15.559,N,56.024,W,3
8/23/2015,8:50:42,15.559,N,56.032,W,3
8/23/2015,8:52:43,15.559,N,56.04,W,3
8/23/2015,8:54:43,15.559,N,56.048,W,3
8/23/2015,8:56:43,15.56,N,56.056,W,3
8/23/2015,8:58:42,15.56,N,56.064,W,3
8/23/2015,9:00:42,15.561,N,56.072,W,3
8/23/2015,9:02:42,15.561,N,56.08,W,3
8/23/2015,9:04:42,15.562,N,56.087,W,3
8/23/2015,9:06:43,15.562,N,56.095,W,3
8/23/2015,9:08:43,15.563,N,56.103,W,3
8/23/2015,9:10:43,15.564,N,56.111,W,3
8/23/2015,9:12:43,15.564,N,56.118,W,3
8/23/2015,9:14:42,15.565,N,56.126,W,3
8/23/2015,9:16:42,15.566,N,56.134,W,3
8/23/2015,9:18:42,15.567,N,56.141,W,3
8/23/2015,9:20:42,15.568,N,56.149,W,3
8/23/2015,9:21:28,15.568,N,56.152,W,3
8/23/2015,9:23:28,15.571,N,56.159,W,3
8/23/2015,9:25:28,15.574,N,56.166,W,3
8/23/2015,9:27:29,15.577,N,56.173,W,3
8/23/2015,9:29:29,15.58,N,56.179,W,3
8/23/2015,9:31:29,15.583,N,56.186,W,3
8/23/2015,9:33:29,15.586,N,56.193,W,3
8/23/2015,9:35:28,15.589,N,56.2,W,3
8/23/2015,9:37:28,15.592,N,56.207,W,3
8/23/2015,9:39:28,15.594,N,56.214,W,3
8/23/2015,9:41:28,15.597,N,56.221,W,3
8/23/2015,9:43:29,15.6,N,56.228,W,3
8/23/2015,9:45:29,15.602,N,56.235,W,3
8/23/2015,9:47:29,15.605,N,56.242,W,3
8/23/2015,9:49:29,15.607,N,56.249,W,3
8/23/2015,9:51:28,15.609,N,56.256,W,3
8/23/2015,9:53:28,15.61,N,56.264,W,3
8/23/2015,9:55:28,15.612,N,56.271,W,3
8/23/2015,9:57:29,15.613,N,56.278,W,3
8/23/2015,9:59:29,15.615,N,56.286,W,3
8/23/2015,10:01:29,15.616,N,56.293,W,3
8/23/2015,10:03:29,15.617,N,56.301,W,3
8/23/2015,10:05:28,15.617,N,56.309,W,3
8/23/2015,10:07:28,15.618,N,56.316,W,3
8/23/2015,10:09:28,15.618,N,56.324,W,3
8/23/2015,10:11:28,15.618,N,56.332,W,3
8/23/2015,10:13:29,15.618,N,56.34,W,3
8/23/2015,10:15:29,15.618,N,56.348,W,3
8/23/2015,10:17:29,15.618,N,56.356,W,3
8/23/2015,10:19:29,15.618,N,56.364,W,3
8/23/2015,10:21:28,15.618,N,56.372,W,3
8/23/2015,10:23:28,15.617,N,56.38,W,3
8/23/2015,10:25:28,15.617,N,56.389,W,3
8/23/2015,10:27:29,15.616,N,56.397,W,3
8/23/2015,10:29:29,15.615,N,56.405,W,3
8/23/2015,10:30:28,15.615,N,56.409,W,3
8/23/2015,10:32:27,15.614,N,56.417,W,3
8/23/2015,10:34:27,15.613,N,56.426,W,3
8/23/2015,10:36:27,15.612,N,56.434,W,3
8/23/2015,10:38:27,15.611,N,56.442,W,3
8/23/2015,10:40:28,15.61,N,56.451,W,3
8/23/2015,10:42:28,15.609,N,56.459,W,3
8/23/2015,10:44:28,15.608,N,56.467,W,3
8/23/2015,10:46:28,15.607,N,56.476,W,3
8/23/2015,10:47:18,15.607,N,56.479,W,3
8/23/2015,10:49:18,15.606,N,56.487,W,3
8/23/2015,10:51:17,15.605,N,56.496,W,3
8/23/2015,10:53:17,15.605,N,56.504,W,3
8/23/2015,10:55:17,15.604,N,56.512,W,3
8/23/2015,10:57:18,15.604,N,56.52,W,3
8/23/2015,10:59:18,15.603,N,56.528,W,3
8/23/2015,11:01:18,15.603,N,56.536,W,3
8/23/2015,11:03:18,15.603,N,56.545,W,3
8/23/2015,11:05:17,15.602,N,56.553,W,3
8/23/2015,11:07:17,15.602,N,56.561,W,3
8/23/2015,11:09:17,15.602,N,56.569,W,3
8/23/2015,11:11:17,15.603,N,56.577,W,3
8/23/2015,11:13:18,15.603,N,56.585,W,3
8/23/2015,11:15:18,15.603,N,56.592,W,3
8/23/2015,11:17:18,15.604,N,56.6,W,3
8/23/2015,11:19:18,15.604,N,56.608,W,3
8/23/2015,11:21:17,15.605,N,56.616,W,3
8/23/2015,11:23:17,15.606,N,56.624,W,3
8/23/2015,11:25:17,15.607,N,56.631,W,3
8/23/2015,11:27:18,15.609,N,56.639,W,3
8/23/2015,11:29:18,15.61,N,56.646,W,3
8/23/2015,11:31:18,15.612,N,56.654,W,3
8/23/2015,11:33:18,15.614,N,56.661,W,3
8/23/2015,11:35:17,15.616,N,56.669,W,3
8/23/2015,11:37:17,15.618,N,56.676,W,3
8/23/2015,11:39:17,15.62,N,56.683,W,3
8/23/2015,11:41:17,15.623,N,56.691,W,3
8/23/2015,11:43:18,15.626,N,56.698,W,3
8/23/2015,11:45:18,15.629,N,56.705,W,3
8/23/2015,11:47:18,15.632,N,56.712,W,3
8/23/2015,11:49:18,15.635,N,56.719,W,3
8/23/2015,11:51:17,15.639,N,56.725,W,3
8/23/2015,11:51:45,15.64,N,56.727,W,3
8/23/2015,11:53:45,15.641,N,56.735,W,3
8/23/2015,11:55:45,15.642,N,56.742,W,3
8/23/2015,11:57:45,15.642,N,56.75,W,3
8/23/2015,11:59:46,15.643,N,56.758,W,3
8/23/2015,12:01:46,15.644,N,56.766,W,3
8/23/2015,12:03:46,15.644,N,56.773,W,3
8/23/2015,12:05:46,15.645,N,56.781,W,3
8/23/2015,12:07:45,15.646,N,56.789,W,3
8/23/2015,12:09:45,15.646,N,56.797,W,3
8/23/2015,12:11:45,15.647,N,56.804,W,3
8/23/2015,12:13:45,15.647,N,56.812,W,3
8/23/2015,12:15:46,15.648,N,56.82,W,3
8/23/2015,12:17:46,15.648,N,56.828,W,3
8/23/2015,12:19:46,15.649,N,56.836,W,3
8/23/2015,12:21:45,15.649,N,56.843,W,3
8/23/2015,12:23:45,15.65,N,56.851,W,3
8/23/2015,12:25:45,15.65,N,56.859,W,3
8/23/2015,12:27:45,15.65,N,56.867,W,3
8/23/2015,12:29:46,15.65,N,56.875,W,3
8/23/2015,12:31:46,15.651,N,56.882,W,3
8/23/2015,12:33:46,15.651,N,56.89,W,3
8/23/2015,12:35:46,15.651,N,56.898,W,3
8/23/2015,12:37:45,15.651,N,56.906,W,3
8/23/2015,12:39:45,15.651,N,56.914,W,3
8/23/2015,12:41:45,15.651,N,56.921,W,3
8/23/2015,12:43:45,15.651,N,56.929,W,3
8/23/2015,12:45:46,15.651,N,56.937,W,3
8/23/2015,12:47:46,15.651,N,56.945,W,3
8/23/2015,12:49:46,15.651,N,56.953,W,3
8/23/2015,12:51:45,15.651,N,56.961,W,3
8/23/2015,12:53:45,15.651,N,56.969,W,3
8/23/2015,12:55:45,15.651,N,56.977,W,3
8/23/2015,12:57:45,15.651,N,56.984,W,3
8/23/2015,12:59:46,15.65,N,56.992,W,3
8/23/2015,13:01:46,15.65,N,57,W,3
8/23/2015,13:03:46,15.65,N,57.008,W,3
8/23/2015,13:05:46,15.649,N,57.016,W,3
8/23/2015,13:07:45,15.649,N,57.024,W,3
8/23/2015,13:09:45,15.648,N,57.032,W,3
8/23/2015,13:11:45,15.648,N,57.04,W,3
8/23/2015,13:13:45,15.647,N,57.048,W,3
8/23/2015,13:15:46,15.646,N,57.056,W,3
8/23/2015,13:17:46,15.646,N,57.064,W,3
8/23/2015,13:19:46,15.645,N,57.072,W,3
8/23/2015,13:21:45,15.644,N,57.08,W,3
8/23/2015,13:23:45,15.643,N,57.088,W,3
8/23/2015,13:25:45,15.642,N,57.096,W,3
8/23/2015,13:27:45,15.641,N,57.104,W,3
8/23/2015,13:29:46,15.64,N,57.112,W,3
8/23/2015,13:31:46,15.639,N,57.12,W,3
8/23/2015,13:33:46,15.638,N,57.128,W,3
8/23/2015,13:35:46,15.637,N,57.136,W,3
8/23/2015,13:37:45,15.636,N,57.144,W,3
8/23/2015,13:39:45,15.634,N,57.152,W,3
8/23/2015,13:41:45,15.633,N,57.16,W,3
8/23/2015,13:43:45,15.631,N,57.168,W,3
8/23/2015,13:45:46,15.63,N,57.176,W,3
8/23/2015,13:47:46,15.628,N,57.184,W,3
8/23/2015,13:49:46,15.627,N,57.192,W,3
8/23/2015,13:51:45,15.625,N,57.2,W,3
8/23/2015,13:53:45,15.624,N,57.208,W,3
8/23/2015,13:55:45,15.622,N,57.216,W,3
8/23/2015,13:57:45,15.62,N,57.225,W,3
8/23/2015,13:59:46,15.618,N,57.233,W,3
8/23/2015,14:01:46,15.616,N,57.241,W,3
8/23/2015,14:03:46,15.614,N,57.249,W,3
8/23/2015,14:05:46,15.612,N,57.257,W,3
8/23/2015,14:07:45,15.61,N,57.265,W,3
8/23/2015,14:09:45,15.608,N,57.273,W,3
8/23/2015,14:11:45,15.606,N,57.282,W,3
8/23/2015,14:13:45,15.604,N,57.29,W,3
8/23/2015,14:15:46,15.602,N,57.298,W,3
8/23/2015,14:17:46,15.599,N,57.306,W,3
8/23/2015,14:19:46,15.597,N,57.314,W,3
8/23/2015,14:21:45,15.595,N,57.322,W,3
8/23/2015,14:23:45,15.592,N,57.33,W,3
8/23/2015,14:25:45,15.59,N,57.339,W,3
8/23/2015,14:27:45,15.588,N,57.347,W,3
8/23/2015,14:29:46,15.585,N,57.355,W,3
8/23/2015,14:31:46,15.583,N,57.363,W,3
8/23/2015,14:33:46,15.58,N,57.371,W,3
8/23/2015,14:35:46,15.577,N,57.379,W,3
8/23/2015,14:37:45,15.575,N,57.387,W,3
8/23/2015,14:39:45,15.572,N,57.395,W,3
8/23/2015,14:41:45,15.57,N,57.404,W,3
8/23/2015,14:43:45,15.567,N,57.412,W,3
8/23/2015,14:45:46,15.564,N,57.42,W,3
8/23/2015,14:47:46,15.561,N,57.428,W,3
8/23/2015,14:49:46,15.559,N,57.436,W,3
8/23/2015,14:51:45,15.556,N,57.444,W,3
8/23/2015,14:53:45,15.553,N,57.452,W,3
8/23/2015,14:55:45,15.55,N,57.46,W,3
8/23/2015,14:57:45,15.548,N,57.468,W,3
8/23/2015,14:59:46,15.545,N,57.476,W,3
8/23/2015,15:01:46,15.542,N,57.484,W,3
8/23/2015,15:03:46,15.539,N,57.492,W,3
8/23/2015,15:05:46,15.536,N,57.5,W,3
8/23/2015,15:07:45,15.533,N,57.508,W,3
8/23/2015,15:09:45,15.53,N,57.516,W,3
8/23/2015,15:11:45,15.527,N,57.524,W,3
8/23/2015,15:13:45,15.524,N,57.532,W,3
8/23/2015,15:15:46,15.521,N,57.54,W,3
8/23/2015,15:17:46,15.519,N,57.548,W,3
8/23/2015,15:19:46,15.516,N,57.556,W,3
8/23/2015,15:21:45,15.513,N,57.564,W,3
8/23/2015,15:23:45,15.51,N,57.572,W,3
8/23/2015,15:25:45,15.507,N,57.58,W,3
8/23/2015,15:27:45,15.504,N,57.587,W,3
8/23/2015,15:29:46,15.501,N,57.595,W,3
8/23/2015,15:31:46,15.498,N,57.603,W,3
8/23/2015,15:33:46,15.495,N,57.611,W,3
8/23/2015,15:35:46,15.492,N,57.618,W,3
8/23/2015,15:37:45,15.489,N,57.626,W,3
8/23/2015,15:39:45,15.486,N,57.634,W,3
8/23/2015,15:41:45,15.483,N,57.642,W,3
8/23/2015,15:43:45,15.48,N,57.649,W,3
8/23/2015,15:43:56,15.48,N,57.65,W,3
8/23/2015,15:45:57,15.477,N,57.656,W,3
8/23/2015,15:47:57,15.474,N,57.663,W,3
8/23/2015,15:49:57,15.471,N,57.669,W,3
8/23/2015,15:51:56,15.469,N,57.675,W,3
8/23/2015,15:53:56,15.466,N,57.682,W,3
8/23/2015,15:55:56,15.463,N,57.688,W,3
8/23/2015,15:57:56,15.46,N,57.694,W,3
8/23/2015,15:59:57,15.457,N,57.7,W,3
8/23/2015,16:01:57,15.454,N,57.707,W,3
8/23/2015,16:03:57,15.451,N,57.713,W,3
8/23/2015,16:05:57,15.448,N,57.719,W,3
8/23/2015,16:07:56,15.445,N,57.725,W,3
8/23/2015,16:09:56,15.442,N,57.731,W,3
8/23/2015,16:11:56,15.44,N,57.737,W,3
8/23/2015,16:13:56,15.437,N,57.743,W,3
8/23/2015,16:15:56,15.434,N,57.75,W,3
8/23/2015,16:17:56,15.431,N,57.756,W,3
8/23/2015,16:19:56,15.428,N,57.762,W,3
8/23/2015,16:21:57,15.425,N,57.768,W,3
8/23/2015,16:23:57,15.422,N,57.774,W,3
8/23/2015,16:25:57,15.419,N,57.78,W,3
8/23/2015,16:27:57,15.416,N,57.786,W,3
8/23/2015,16:29:57,15.413,N,57.792,W,3
8/23/2015,16:31:57,15.411,N,57.798,W,3
8/23/2015,16:33:57,15.408,N,57.804,W,3
8/23/2015,16:35:57,15.405,N,57.809,W,3
8/23/2015,16:37:56,15.402,N,57.815,W,3
8/23/2015,16:39:56,15.399,N,57.821,W,3
8/23/2015,16:41:56,15.397,N,57.827,W,3
8/23/2015,16:43:56,15.394,N,57.833,W,3
8/23/2015,16:45:56,15.391,N,57.839,W,3
8/23/2015,16:47:56,15.388,N,57.845,W,3
8/23/2015,16:49:56,15.386,N,57.851,W,3
8/23/2015,16:51:57,15.383,N,57.857,W,3
8/23/2015,16:53:57,15.38,N,57.862,W,3
8/23/2015,16:55:57,15.378,N,57.868,W,3
8/23/2015,16:57:57,15.375,N,57.874,W,3
8/23/2015,16:59:57,15.372,N,57.88,W,3
8/23/2015,17:01:57,15.37,N,57.886,W,3
8/23/2015,17:03:57,15.367,N,57.892,W,3
8/23/2015,17:05:57,15.365,N,57.897,W,3
8/23/2015,17:07:56,15.362,N,57.903,W,3
8/23/2015,17:09:56,15.36,N,57.909,W,3
8/23/2015,17:11:56,15.357,N,57.915,W,3
8/23/2015,17:13:56,15.355,N,57.921,W,3
8/23/2015,17:15:56,15.353,N,57.927,W,3
8/23/2015,17:17:56,15.35,N,57.932,W,3
8/23/2015,17:19:56,15.348,N,57.938,W,3
8/23/2015,17:21:57,15.346,N,57.944,W,3
8/23/2015,17:23:57,15.344,N,57.95,W,3
8/23/2015,17:25:57,15.341,N,57.956,W,3
8/23/2015,17:27:57,15.339,N,57.961,W,3
8/23/2015,17:29:57,15.337,N,57.967,W,3
8/23/2015,17:31:57,15.335,N,57.973,W,3
8/23/2015,17:33:57,15.333,N,57.979,W,3
8/23/2015,17:35:57,15.331,N,57.985,W,3
8/23/2015,17:37:56,15.329,N,57.991,W,3
8/23/2015,17:39:56,15.328,N,57.996,W,3
8/23/2015,17:41:56,15.326,N,58.002,W,3
8/23/2015,17:43:56,15.324,N,58.008,W,3
8/23/2015,17:45:56,15.322,N,58.014,W,3
8/23/2015,17:47:56,15.321,N,58.02,W,3
8/23/2015,17:49:56,15.319,N,58.026,W,3
8/23/2015,17:51:57,15.317,N,58.032,W,3
8/23/2015,17:53:57,15.316,N,58.038,W,3
8/23/2015,17:55:57,15.315,N,58.044,W,3
8/23/2015,17:57:57,15.313,N,58.05,W,3
8/23/2015,17:59:57,15.312,N,58.056,W,3
8/23/2015,18:01:57,15.311,N,58.061,W,3
8/23/2015,18:03:57,15.309,N,58.067,W,3
8/23/2015,18:05:57,15.308,N,58.073,W,3
8/23/2015,18:07:56,15.307,N,58.079,W,3
8/23/2015,18:09:56,15.306,N,58.085,W,3
8/23/2015,18:11:56,15.305,N,58.091,W,3
8/23/2015,18:13:56,15.304,N,58.098,W,3
8/23/2015,18:15:56,15.304,N,58.104,W,3
8/23/2015,18:17:56,15.303,N,58.11,W,3
8/23/2015,18:19:56,15.302,N,58.116,W,3
8/23/2015,18:21:57,15.302,N,58.122,W,3
8/23/2015,18:23:57,15.301,N,58.128,W,3
8/23/2015,18:25:57,15.301,N,58.134,W,3
8/23/2015,18:27:57,15.3,N,58.14,W,3
8/23/2015,18:29:57,15.3,N,58.146,W,3
8/23/2015,18:31:57,15.3,N,58.153,W,3
8/23/2015,18:33:57,15.299,N,58.159,W,3
8/23/2015,18:35:57,15.299,N,58.165,W,3
8/23/2015,18:37:56,15.299,N,58.171,W,3
8/23/2015,18:39:56,15.299,N,58.178,W,3
8/23/2015,18:41:56,15.299,N,58.184,W,3
8/23/2015,18:43:56,15.299,N,58.19,W,3
8/23/2015,18:45:56,15.299,N,58.196,W,3
8/23/2015,18:47:56,15.299,N,58.203,W,3
8/23/2015,18:49:56,15.3,N,58.209,W,3
8/23/2015,18:51:57,15.3,N,58.215,W,3
8/23/2015,18:53:57,15.3,N,58.222,W,3
8/23/2015,18:55:57,15.301,N,58.228,W,3
8/23/2015,18:57:57,15.301,N,58.234,W,3
8/23/2015,18:59:57,15.302,N,58.241,W,3
8/23/2015,19:01:57,15.302,N,58.247,W,3
8/23/2015,19:03:57,15.303,N,58.253,W,3
8/23/2015,19:05:57,15.304,N,58.26,W,3
8/23/2015,19:07:56,15.304,N,58.266,W,3
8/23/2015,19:09:56,15.305,N,58.273,W,3
8/23/2015,19:11:56,15.306,N,58.279,W,3
8/23/2015,19:13:56,15.307,N,58.286,W,3
8/23/2015,19:15:56,15.308,N,58.292,W,3
8/23/2015,19:17:56,15.308,N,58.299,W,3
8/23/2015,19:19:56,15.309,N,58.305,W,3
8/23/2015,19:21:57,15.31,N,58.312,W,3
8/23/2015,19:23:57,15.312,N,58.318,W,3
8/23/2015,19:25:57,15.313,N,58.325,W,3
8/23/2015,19:27:57,15.314,N,58.331,W,3
8/23/2015,19:29:57,15.315,N,58.338,W,3
8/23/2015,19:31:57,15.316,N,58.344,W,3
8/23/2015,19:33:57,15.318,N,58.351,W,3
8/23/2015,19:35:57,15.319,N,58.357,W,3
8/23/2015,19:36:09,15.319,N,58.358,W,3
8/23/2015,19:38:09,15.321,N,58.365,W,3
8/23/2015,19:40:08,15.322,N,58.371,W,3
8/23/2015,19:42:08,15.324,N,58.378,W,3
8/23/2015,19:44:08,15.326,N,58.385,W,3
8/23/2015,19:46:08,15.328,N,58.392,W,3
8/23/2015,19:48:08,15.33,N,58.398,W,3
8/23/2015,19:50:08,15.331,N,58.405,W,3
8/23/2015,19:52:08,15.333,N,58.412,W,3
8/23/2015,19:54:08,15.335,N,58.419,W,3
8/23/2015,19:56:09,15.337,N,58.425,W,3
8/23/2015,19:58:09,15.339,N,58.432,W,3
8/23/2015,20:00:09,15.341,N,58.439,W,3
8/23/2015,20:02:09,15.343,N,58.446,W,3
8/23/2015,20:04:09,15.345,N,58.452,W,3
8/23/2015,20:06:09,15.347,N,58.459,W,3
8/23/2015,20:08:09,15.349,N,58.466,W,3
8/23/2015,20:10:08,15.351,N,58.473,W,3
8/23/2015,20:12:08,15.353,N,58.479,W,3
8/23/2015,20:14:08,15.355,N,58.486,W,3
8/23/2015,20:16:08,15.357,N,58.493,W,3
8/23/2015,20:18:08,15.36,N,58.5,W,3
8/23/2015,20:20:08,15.362,N,58.506,W,3
8/23/2015,20:22:08,15.364,N,58.513,W,3
8/23/2015,20:24:08,15.366,N,58.52,W,3
8/23/2015,20:26:09,15.368,N,58.527,W,3
8/23/2015,20:28:09,15.37,N,58.533,W,3
8/23/2015,20:30:09,15.372,N,58.54,W,3
8/23/2015,20:32:09,15.374,N,58.547,W,3
8/23/2015,20:34:09,15.377,N,58.554,W,3
8/23/2015,20:36:09,15.379,N,58.561,W,3
8/23/2015,20:38:09,15.381,N,58.567,W,3
8/23/2015,20:40:08,15.383,N,58.574,W,3
8/23/2015,20:42:08,15.385,N,58.581,W,3
8/23/2015,20:44:08,15.387,N,58.588,W,3
8/23/2015,20:46:08,15.389,N,58.594,W,3
8/23/2015,20:48:08,15.392,N,58.601,W,3
8/23/2015,20:50:08,15.394,N,58.608,W,3
8/23/2015,20:52:08,15.396,N,58.615,W,3
8/23/2015,20:54:08,15.398,N,58.621,W,3
8/23/2015,20:56:09,15.4,N,58.628,W,3
8/23/2015,20:58:09,15.402,N,58.635,W,3
8/23/2015,21:00:09,15.404,N,58.641,W,3
8/23/2015,21:02:09,15.406,N,58.648,W,3
8/23/2015,21:04:09,15.408,N,58.655,W,3
8/23/2015,21:06:09,15.41,N,58.662,W,3
8/23/2015,21:08:09,15.413,N,58.668,W,3
8/23/2015,21:10:08,15.415,N,58.675,W,3
8/23/2015,21:12:08,15.417,N,58.682,W,3
8/23/2015,21:14:08,15.419,N,58.689,W,3
8/23/2015,21:16:08,15.421,N,58.695,W,3
8/23/2015,21:18:08,15.423,N,58.702,W,3
8/23/2015,21:20:08,15.425,N,58.709,W,3
8/23/2015,21:22:08,15.427,N,58.715,W,3
8/23/2015,21:24:08,15.429,N,58.722,W,3
8/23/2015,21:24:59,15.43,N,58.725,W,3
8/23/2015,21:26:59,15.433,N,58.732,W,3
8/23/2015,21:28:59,15.435,N,58.739,W,3
8/23/2015,21:31:00,15.438,N,58.746,W,3
8/23/2015,21:33:00,15.44,N,58.754,W,3
8/23/2015,21:35:00,15.443,N,58.761,W,3
8/23/2015,21:37:00,15.445,N,58.768,W,3
8/23/2015,21:39:00,15.448,N,58.775,W,3
8/23/2015,21:41:00,15.451,N,58.783,W,3
8/23/2015,21:43:00,15.453,N,58.79,W,3
8/23/2015,21:45:00,15.456,N,58.797,W,3
8/23/2015,21:46:59,15.459,N,58.804,W,3
8/23/2015,21:48:59,15.461,N,58.811,W,3
8/23/2015,21:50:59,15.464,N,58.819,W,3
8/23/2015,21:52:59,15.466,N,58.826,W,3
8/23/2015,21:54:59,15.469,N,58.833,W,3
8/23/2015,21:56:59,15.471,N,58.84,W,3
8/23/2015,21:58:59,15.474,N,58.847,W,3
8/23/2015,22:01:00,15.477,N,58.854,W,3
8/23/2015,22:03:00,15.479,N,58.861,W,3
8/23/2015,22:05:00,15.482,N,58.869,W,3
8/23/2015,22:07:00,15.484,N,58.876,W,3
8/23/2015,22:09:00,15.486,N,58.883,W,3
8/23/2015,22:11:00,15.489,N,58.89,W,3
8/23/2015,22:13:00,15.491,N,58.897,W,3
8/23/2015,22:15:00,15.494,N,58.904,W,3
8/23/2015,22:16:59,15.496,N,58.911,W,3
8/23/2015,22:18:59,15.498,N,58.918,W,3
8/23/2015,22:20:59,15.5,N,58.925,W,3
8/23/2015,22:22:59,15.503,N,58.931,W,3
8/23/2015,22:24:59,15.505,N,58.938,W,3
8/23/2015,22:26:59,15.507,N,58.945,W,3
8/23/2015,22:28:59,15.509,N,58.952,W,3
8/23/2015,22:31:00,15.511,N,58.958,W,3
8/23/2015,22:33:00,15.513,N,58.965,W,3
8/23/2015,22:35:00,15.515,N,58.972,W,3
8/23/2015,22:37:00,15.517,N,58.978,W,3
8/23/2015,22:39:00,15.519,N,58.985,W,3
8/23/2015,22:41:00,15.52,N,58.991,W,3
8/23/2015,22:43:00,15.522,N,58.998,W,3
8/23/2015,22:45:00,15.524,N,59.004,W,3
8/23/2015,22:46:59,15.525,N,59.01,W,3
8/23/2015,22:48:59,15.526,N,59.016,W,3
8/23/2015,22:50:59,15.528,N,59.023,W,3
8/23/2015,22:52:59,15.529,N,59.029,W,3
8/23/2015,22:54:59,15.53,N,59.035,W,3
8/23/2015,22:56:59,15.532,N,59.041,W,3
8/23/2015,22:58:59,15.533,N,59.047,W,3
8/23/2015,23:01:00,15.534,N,59.052,W,3
8/23/2015,23:03:00,15.535,N,59.058,W,3
8/23/2015,23:05:00,15.535,N,59.064,W,3
8/23/2015,23:07:00,15.536,N,59.069,W,3
8/23/2015,23:09:00,15.537,N,59.075,W,3
8/23/2015,23:11:00,15.537,N,59.08,W,3
8/23/2015,23:13:00,15.538,N,59.086,W,3
8/23/2015,23:13:26,15.538,N,59.087,W,3
8/23/2015,23:15:26,15.539,N,59.093,W,3
8/23/2015,23:17:26,15.54,N,59.098,W,3
8/23/2015,23:19:26,15.54,N,59.104,W,3
8/23/2015,23:21:26,15.541,N,59.11,W,3
8/23/2015,23:23:26,15.542,N,59.115,W,3
8/23/2015,23:25:26,15.542,N,59.121,W,3
8/23/2015,23:27:25,15.543,N,59.126,W,3
8/23/2015,23:29:25,15.543,N,59.131,W,3
8/23/2015,23:31:25,15.544,N,59.137,W,3
8/23/2015,23:33:25,15.544,N,59.142,W,3
8/23/2015,23:35:25,15.544,N,59.147,W,3
8/23/2015,23:37:25,15.544,N,59.152,W,3
8/23/2015,23:39:25,15.544,N,59.157,W,3
8/23/2015,23:41:25,15.544,N,59.162,W,3
8/23/2015,23:43:26,15.544,N,59.167,W,3
8/23/2015,23:45:26,15.544,N,59.172,W,3
8/23/2015,23:47:26,15.544,N,59.177,W,3
8/23/2015,23:49:26,15.544,N,59.182,W,3
8/23/2015,23:51:26,15.543,N,59.186,W,3
8/23/2015,23:53:26,15.543,N,59.191,W,3
8/23/2015,23:55:26,15.542,N,59.195,W,3
8/23/2015,23:57:25,15.542,N,59.2,W,3
8/23/2015,23:59:25,15.541,N,59.204,W,3
8/24/2015,0:01:25,15.54,N,59.209,W,3
8/24/2015,0:03:25,15.539,N,59.213,W,3
8/24/2015,0:05:25,15.538,N,59.217,W,3
8/24/2015,0:07:25,15.537,N,59.221,W,3
8/24/2015,0:09:25,15.536,N,59.225,W,3
8/24/2015,0:11:25,15.535,N,59.229,W,3
8/24/2015,0:13:26,15.534,N,59.233,W,3
8/24/2015,0:15:26,15.532,N,59.237,W,3
8/24/2015,0:17:26,15.531,N,59.241,W,3
8/24/2015,0:19:26,15.53,N,59.244,W,3
8/24/2015,0:21:26,15.528,N,59.248,W,3
8/24/2015,0:23:26,15.526,N,59.252,W,3
8/24/2015,0:25:26,15.525,N,59.255,W,3
8/24/2015,0:27:25,15.523,N,59.259,W,3
8/24/2015,0:29:25,15.521,N,59.262,W,3
8/24/2015,0:31:25,15.519,N,59.266,W,3
8/24/2015,0:33:25,15.517,N,59.269,W,3
8/24/2015,0:35:25,15.515,N,59.272,W,3
8/24/2015,0:37:25,15.513,N,59.275,W,3
8/24/2015,0:39:25,15.511,N,59.279,W,3
8/24/2015,0:41:25,15.509,N,59.282,W,3
8/24/2015,0:43:26,15.507,N,59.285,W,3
8/24/2015,0:44:54,15.505,N,59.287,W,3
8/24/2015,0:46:54,15.504,N,59.291,W,3
8/24/2015,0:48:54,15.503,N,59.295,W,3
8/24/2015,0:50:54,15.502,N,59.299,W,3
8/24/2015,0:52:54,15.501,N,59.303,W,3
8/24/2015,0:54:54,15.5,N,59.307,W,3
8/24/2015,0:56:54,15.499,N,59.311,W,3
8/24/2015,0:58:53,15.498,N,59.314,W,3
8/24/2015,1:00:53,15.497,N,59.318,W,3
8/24/2015,1:02:53,15.496,N,59.322,W,3
8/24/2015,1:04:53,15.495,N,59.326,W,3
8/24/2015,1:06:53,15.494,N,59.33,W,3
8/24/2015,1:08:53,15.493,N,59.333,W,3
8/24/2015,1:10:53,15.492,N,59.337,W,3
8/24/2015,1:12:53,15.491,N,59.341,W,3
8/24/2015,1:14:54,15.49,N,59.344,W,3
8/24/2015,1:16:54,15.489,N,59.348,W,3
8/24/2015,1:18:54,15.488,N,59.351,W,3
8/24/2015,1:20:54,15.487,N,59.355,W,3
8/24/2015,1:22:54,15.485,N,59.358,W,3
8/24/2015,1:24:54,15.484,N,59.362,W,3
8/24/2015,1:26:54,15.483,N,59.365,W,3
8/24/2015,1:28:53,15.482,N,59.368,W,3
8/24/2015,1:30:53,15.481,N,59.372,W,3
8/24/2015,1:32:53,15.479,N,59.375,W,3
8/24/2015,1:34:53,15.478,N,59.378,W,3
8/24/2015,1:36:53,15.477,N,59.382,W,3
8/24/2015,1:38:53,15.476,N,59.385,W,3
8/24/2015,1:40:53,15.474,N,59.388,W,3
8/24/2015,1:42:53,15.473,N,59.391,W,3
8/24/2015,1:44:54,15.472,N,59.394,W,3
8/24/2015,1:46:54,15.47,N,59.397,W,3
8/24/2015,1:48:54,15.469,N,59.4,W,3
8/24/2015,1:50:54,15.467,N,59.403,W,3
8/24/2015,1:52:54,15.466,N,59.406,W,3
8/24/2015,1:54:54,15.464,N,59.409,W,3
8/24/2015,1:56:54,15.463,N,59.412,W,3
8/24/2015,1:58:53,15.461,N,59.414,W,3
8/24/2015,2:00:53,15.46,N,59.417,W,3
8/24/2015,2:02:53,15.458,N,59.42,W,3
8/24/2015,2:04:53,15.457,N,59.423,W,3
8/24/2015,2:06:53,15.455,N,59.425,W,3
8/24/2015,2:08:53,15.454,N,59.428,W,3
8/24/2015,2:10:53,15.452,N,59.43,W,3
8/24/2015,2:12:53,15.45,N,59.433,W,3
8/24/2015,2:14:54,15.449,N,59.435,W,3
8/24/2015,2:16:54,15.447,N,59.438,W,3
8/24/2015,2:18:54,15.445,N,59.44,W,3
8/24/2015,2:20:54,15.444,N,59.443,W,3
8/24/2015,2:22:54,15.442,N,59.445,W,3
8/24/2015,2:24:54,15.44,N,59.448,W,3
8/24/2015,2:26:54,15.439,N,59.45,W,3
8/24/2015,2:28:53,15.437,N,59.452,W,3
8/24/2015,2:30:53,15.435,N,59.455,W,3
8/24/2015,2:32:53,15.433,N,59.457,W,3
8/24/2015,2:34:53,15.432,N,59.459,W,3
8/24/2015,2:36:53,15.43,N,59.462,W,3
8/24/2015,2:38:53,15.428,N,59.464,W,3
8/24/2015,2:40:53,15.426,N,59.466,W,3
8/24/2015,2:42:53,15.424,N,59.468,W,3
8/24/2015,2:44:54,15.423,N,59.471,W,3
8/24/2015,2:46:54,15.421,N,59.473,W,3
8/24/2015,2:48:54,15.419,N,59.475,W,3
8/24/2015,2:50:54,15.417,N,59.477,W,3
8/24/2015,2:52:54,15.415,N,59.48,W,3
8/24/2015,2:54:54,15.413,N,59.482,W,3
8/24/2015,2:56:54,15.411,N,59.484,W,3
8/24/2015,2:58:53,15.41,N,59.486,W,3
8/24/2015,3:00:53,15.408,N,59.489,W,3
8/24/2015,3:02:53,15.406,N,59.491,W,3
8/24/2015,3:04:53,15.404,N,59.493,W,3
8/24/2015,3:06:53,15.402,N,59.496,W,3
8/24/2015,3:08:53,15.4,N,59.498,W,3
8/24/2015,3:10:53,15.398,N,59.5,W,3
8/24/2015,3:12:53,15.396,N,59.503,W,3
8/24/2015,3:14:54,15.395,N,59.505,W,3
8/24/2015,3:16:54,15.393,N,59.507,W,3
8/24/2015,3:18:54,15.391,N,59.51,W,3
8/24/2015,3:20:54,15.389,N,59.512,W,3
8/24/2015,3:22:54,15.387,N,59.514,W,3
8/24/2015,3:24:54,15.385,N,59.517,W,3
8/24/2015,3:26:54,15.383,N,59.519,W,3
8/24/2015,3:28:53,15.381,N,59.522,W,3
8/24/2015,3:30:53,15.38,N,59.524,W,3
8/24/2015,3:32:53,15.378,N,59.527,W,3
8/24/2015,3:34:53,15.376,N,59.53,W,3
8/24/2015,3:36:53,15.374,N,59.532,W,3
8/24/2015,3:38:53,15.372,N,59.535,W,3
8/24/2015,3:40:53,15.37,N,59.538,W,3
8/24/2015,3:42:53,15.368,N,59.54,W,3
8/24/2015,3:44:54,15.367,N,59.543,W,3
8/24/2015,3:46:54,15.365,N,59.546,W,3
8/24/2015,3:48:54,15.363,N,59.549,W,3
8/24/2015,3:50:54,15.361,N,59.552,W,3
8/24/2015,3:52:54,15.359,N,59.555,W,3
8/24/2015,3:54:54,15.358,N,59.558,W,3
8/24/2015,3:56:54,15.356,N,59.561,W,3
8/24/2015,3:58:53,15.354,N,59.564,W,3
8/24/2015,4:00:53,15.352,N,59.567,W,3
8/24/2015,4:02:53,15.35,N,59.57,W,3
8/24/2015,4:04:53,15.349,N,59.573,W,3
8/24/2015,4:06:53,15.347,N,59.577,W,3
8/24/2015,4:08:53,15.345,N,59.58,W,3
8/24/2015,4:10:53,15.344,N,59.583,W,3
8/24/2015,4:12:53,15.342,N,59.587,W,3
8/24/2015,4:14:54,15.34,N,59.59,W,3
8/24/2015,4:16:54,15.339,N,59.594,W,3
8/24/2015,4:18:54,15.337,N,59.598,W,3
8/24/2015,4:20:54,15.335,N,59.601,W,3
8/24/2015,4:22:54,15.334,N,59.605,W,3
8/24/2015,4:24:54,15.332,N,59.609,W,3
8/24/2015,4:26:54,15.331,N,59.613,W,3
8/24/2015,4:28:53,15.329,N,59.617,W,3
8/24/2015,4:30:53,15.328,N,59.621,W,3
8/24/2015,4:32:53,15.326,N,59.625,W,3
8/24/2015,4:34:53,15.325,N,59.629,W,3
8/24/2015,4:36:53,15.323,N,59.634,W,3
8/24/2015,4:38:53,15.322,N,59.638,W,3
8/24/2015,4:40:53,15.32,N,59.643,W,3
8/24/2015,4:42:53,15.319,N,59.647,W,3
8/24/2015,4:44:54,15.318,N,59.652,W,3
8/24/2015,4:46:54,15.316,N,59.656,W,3
8/24/2015,4:48:54,15.315,N,59.661,W,3
8/24/2015,4:50:54,15.314,N,59.666,W,3
8/24/2015,4:52:54,15.312,N,59.671,W,3
8/24/2015,4:54:54,15.311,N,59.676,W,3
8/24/2015,4:56:54,15.31,N,59.681,W,3
8/24/2015,4:58:53,15.308,N,59.686,W,3
8/24/2015,5:00:53,15.307,N,59.691,W,3
8/24/2015,5:02:53,15.306,N,59.697,W,3
8/24/2015,5:04:53,15.305,N,59.702,W,3
8/24/2015,5:06:53,15.304,N,59.707,W,3
8/24/2015,5:08:53,15.302,N,59.713,W,3
8/24/2015,5:10:53,15.301,N,59.718,W,3
8/24/2015,5:12:53,15.3,N,59.724,W,3
8/24/2015,5:13:19,15.3,N,59.725,W,3
8/24/2015,5:15:19,15.291,N,59.728,W,3
8/24/2015,5:17:19,15.283,N,59.731,W,3
8/24/2015,5:19:19,15.275,N,59.734,W,3
8/24/2015,5:21:19,15.267,N,59.737,W,3
8/24/2015,5:23:19,15.259,N,59.74,W,3
8/24/2015,5:25:20,15.252,N,59.744,W,3
8/24/2015,5:27:20,15.244,N,59.747,W,3
8/24/2015,5:29:20,15.237,N,59.751,W,3
8/24/2015,5:31:20,15.23,N,59.755,W,3
8/24/2015,5:33:20,15.223,N,59.758,W,3
8/24/2015,5:35:20,15.217,N,59.763,W,3
8/24/2015,5:37:20,15.211,N,59.767,W,3
8/24/2015,5:39:20,15.205,N,59.771,W,3
8/24/2015,5:41:19,15.199,N,59.775,W,3
8/24/2015,5:43:19,15.194,N,59.78,W,3
8/24/2015,5:45:19,15.189,N,59.785,W,3
8/24/2015,5:47:19,15.184,N,59.79,W,3
8/24/2015,5:49:19,15.18,N,59.795,W,3
8/24/2015,5:51:19,15.176,N,59.8,W,3
8/24/2015,5:53:19,15.172,N,59.805,W,3
8/24/2015,5:55:20,15.168,N,59.811,W,3
8/24/2015,5:57:20,15.165,N,59.817,W,3
8/24/2015,5:59:20,15.162,N,59.823,W,3
8/24/2015,6:01:20,15.16,N,59.829,W,3
8/24/2015,6:03:20,15.158,N,59.835,W,3
8/24/2015,6:05:20,15.156,N,59.841,W,3
8/24/2015,6:07:20,15.154,N,59.848,W,3
8/24/2015,6:09:20,15.153,N,59.854,W,3
8/24/2015,6:11:19,15.152,N,59.861,W,3
8/24/2015,6:13:19,15.151,N,59.868,W,3
8/24/2015,6:15:19,15.15,N,59.875,W,3
8/24/2015,6:17:19,15.15,N,59.882,W,3
8/24/2015,6:19:19,15.15,N,59.889,W,3
8/24/2015,6:21:19,15.15,N,59.897,W,3
8/24/2015,6:23:19,15.151,N,59.904,W,3
8/24/2015,6:25:20,15.152,N,59.912,W,3
8/24/2015,6:27:20,15.153,N,59.92,W,3
8/24/2015,6:29:20,15.154,N,59.928,W,3
8/24/2015,6:31:20,15.156,N,59.936,W,3
8/24/2015,6:33:20,15.158,N,59.944,W,3
8/24/2015,6:35:20,15.16,N,59.953,W,3
8/24/2015,6:37:20,15.162,N,59.961,W,3
8/24/2015,6:39:20,15.165,N,59.97,W,3
8/24/2015,6:41:19,15.167,N,59.978,W,3
8/24/2015,6:43:19,15.17,N,59.987,W,3
8/24/2015,6:45:19,15.174,N,59.996,W,3
8/24/2015,6:47:19,15.177,N,60.005,W,3
8/24/2015,6:49:19,15.181,N,60.014,W,3
8/24/2015,6:51:19,15.184,N,60.023,W,3
8/24/2015,6:53:19,15.188,N,60.033,W,3
8/24/2015,6:55:20,15.193,N,60.042,W,3
8/24/2015,6:57:20,15.197,N,60.052,W,3
8/24/2015,6:59:20,15.202,N,60.061,W,3
8/24/2015,7:01:20,15.206,N,60.071,W,3
8/24/2015,7:03:20,15.211,N,60.081,W,3
8/24/2015,7:05:20,15.216,N,60.09,W,3
8/24/2015,7:07:20,15.222,N,60.1,W,3
8/24/2015,7:09:20,15.227,N,60.11,W,3
8/24/2015,7:11:19,15.233,N,60.121,W,3
8/24/2015,7:13:19,15.238,N,60.131,W,3
8/24/2015,7:15:19,15.244,N,60.141,W,3
8/24/2015,7:17:19,15.25,N,60.151,W,3
8/24/2015,7:17:51,15.252,N,60.154,W,3
8/24/2015,7:19:51,15.261,N,60.166,W,3
8/24/2015,7:21:50,15.27,N,60.178,W,3
8/24/2015,7:23:50,15.279,N,60.19,W,3
8/24/2015,7:25:50,15.287,N,60.202,W,3
8/24/2015,7:27:50,15.296,N,60.214,W,3
8/24/2015,7:29:50,15.305,N,60.226,W,3
8/24/2015,7:31:50,15.313,N,60.238,W,3
8/24/2015,7:33:50,15.322,N,60.25,W,3
8/24/2015,7:35:51,15.33,N,60.261,W,3
8/24/2015,7:37:51,15.338,N,60.273,W,3
8/24/2015,7:39:51,15.347,N,60.284,W,3
8/24/2015,7:41:51,15.355,N,60.296,W,3
8/24/2015,7:43:51,15.363,N,60.307,W,3
8/24/2015,7:45:51,15.371,N,60.319,W,3
8/24/2015,7:47:51,15.379,N,60.33,W,3
8/24/2015,7:49:51,15.387,N,60.342,W,3
8/24/2015,7:51:50,15.395,N,60.353,W,3
8/24/2015,7:53:50,15.402,N,60.364,W,3
8/24/2015,7:55:50,15.41,N,60.375,W,3
8/24/2015,7:57:50,15.418,N,60.386,W,3
8/24/2015,7:59:50,15.425,N,60.397,W,3
8/24/2015,8:01:50,15.433,N,60.408,W,3
8/24/2015,8:03:50,15.44,N,60.419,W,3
8/24/2015,8:05:51,15.447,N,60.43,W,3
8/24/2015,8:07:51,15.454,N,60.441,W,3
8/24/2015,8:09:51,15.462,N,60.451,W,3
8/24/2015,8:11:51,15.469,N,60.462,W,3
8/24/2015,8:13:51,15.475,N,60.472,W,3
8/24/2015,8:15:51,15.482,N,60.483,W,3
8/24/2015,8:17:51,15.489,N,60.493,W,3
8/24/2015,8:19:51,15.496,N,60.504,W,3
8/24/2015,8:21:50,15.502,N,60.514,W,3
8/24/2015,8:23:50,15.509,N,60.524,W,3
8/24/2015,8:25:50,15.515,N,60.534,W,3
8/24/2015,8:27:50,15.521,N,60.544,W,3
8/24/2015,8:29:50,15.528,N,60.554,W,3
8/24/2015,8:31:50,15.534,N,60.564,W,3
8/24/2015,8:33:50,15.54,N,60.574,W,3
8/24/2015,8:35:51,15.546,N,60.583,W,3
8/24/2015,8:37:51,15.552,N,60.593,W,3
8/24/2015,8:39:51,15.557,N,60.603,W,3
8/24/2015,8:41:51,15.563,N,60.612,W,3
8/24/2015,8:43:51,15.568,N,60.622,W,3
8/24/2015,8:45:51,15.574,N,60.631,W,3
8/24/2015,8:47:51,15.579,N,60.64,W,3
8/24/2015,8:49:51,15.584,N,60.649,W,3
8/24/2015,8:51:50,15.589,N,60.659,W,3
8/24/2015,8:53:50,15.595,N,60.668,W,3
8/24/2015,8:55:50,15.6,N,60.677,W,3
8/24/2015,8:57:50,15.604,N,60.685,W,3
8/24/2015,8:59:50,15.609,N,60.694,W,3
8/24/2015,9:01:50,15.614,N,60.703,W,3
8/24/2015,9:03:50,15.618,N,60.712,W,3
8/24/2015,9:05:51,15.623,N,60.72,W,3
8/24/2015,9:07:51,15.627,N,60.729,W,3
8/24/2015,9:09:51,15.632,N,60.737,W,3
8/24/2015,9:11:51,15.636,N,60.746,W,3
8/24/2015,9:13:51,15.64,N,60.754,W,3
8/24/2015,9:15:51,15.644,N,60.763,W,3
8/24/2015,9:17:51,15.648,N,60.771,W,3
8/24/2015,9:19:51,15.652,N,60.779,W,3
8/24/2015,9:21:50,15.656,N,60.787,W,3
8/24/2015,9:23:50,15.66,N,60.795,W,3
8/24/2015,9:25:50,15.664,N,60.803,W,3
8/24/2015,9:27:50,15.667,N,60.811,W,3
8/24/2015,9:29:50,15.671,N,60.819,W,3
8/24/2015,9:31:50,15.675,N,60.827,W,3
8/24/2015,9:33:50,15.678,N,60.835,W,3
8/24/2015,9:35:51,15.681,N,60.842,W,3
8/24/2015,9:37:51,15.685,N,60.85,W,3
8/24/2015,9:39:51,15.688,N,60.858,W,3
8/24/2015,9:41:51,15.691,N,60.865,W,3
8/24/2015,9:43:51,15.694,N,60.873,W,3
8/24/2015,9:45:51,15.697,N,60.88,W,3
8/24/2015,9:47:51,15.7,N,60.887,W,3
8/24/2015,9:49:51,15.703,N,60.895,W,3
8/24/2015,9:51:50,15.706,N,60.902,W,3
8/24/2015,9:53:50,15.709,N,60.909,W,3
8/24/2015,9:55:50,15.711,N,60.916,W,3
8/24/2015,9:57:50,15.714,N,60.924,W,3
8/24/2015,9:59:50,15.716,N,60.931,W,3
8/24/2015,10:01:50,15.719,N,60.938,W,3
8/24/2015,10:03:50,15.721,N,60.945,W,3
8/24/2015,10:05:51,15.724,N,60.952,W,3
8/24/2015,10:07:51,15.726,N,60.959,W,3
8/24/2015,10:09:51,15.729,N,60.965,W,3
8/24/2015,10:11:51,15.731,N,60.972,W,3
8/24/2015,10:13:51,15.733,N,60.979,W,3
8/24/2015,10:15:51,15.735,N,60.986,W,3
8/24/2015,10:17:51,15.737,N,60.993,W,3
8/24/2015,10:19:51,15.739,N,60.999,W,3
8/24/2015,10:21:50,15.741,N,61.006,W,3
8/24/2015,10:23:50,15.743,N,61.012,W,3
8/24/2015,10:25:50,15.745,N,61.019,W,3
8/24/2015,10:27:50,15.747,N,61.026,W,3
8/24/2015,10:29:50,15.749,N,61.032,W,3
8/24/2015,10:31:50,15.751,N,61.038,W,3
8/24/2015,10:33:50,15.752,N,61.045,W,3
8/24/2015,10:35:51,15.754,N,61.051,W,3
8/24/2015,10:37:51,15.756,N,61.058,W,3
8/24/2015,10:39:51,15.757,N,61.064,W,3
8/24/2015,10:41:51,15.759,N,61.07,W,3
8/24/2015,10:43:51,15.76,N,61.076,W,3
8/24/2015,10:45:51,15.762,N,61.083,W,3
8/24/2015,10:47:51,15.763,N,61.089,W,3
8/24/2015,10:49:51,15.765,N,61.095,W,3
8/24/2015,10:51:50,15.766,N,61.101,W,3
8/24/2015,10:53:50,15.767,N,61.107,W,3
8/24/2015,10:55:50,15.769,N,61.113,W,3
8/24/2015,10:57:50,15.77,N,61.119,W,3
8/24/2015,10:59:50,15.771,N,61.126,W,3
8/24/2015,11:01:50,15.773,N,61.132,W,3
8/24/2015,11:03:50,15.774,N,61.138,W,3
8/24/2015,11:05:51,15.775,N,61.144,W,3
8/24/2015,11:07:51,15.776,N,61.149,W,3
8/24/2015,11:09:51,15.777,N,61.155,W,3
8/24/2015,11:11:51,15.778,N,61.161,W,3
8/24/2015,11:13:51,15.779,N,61.167,W,3
8/24/2015,11:15:51,15.78,N,61.173,W,3
8/24/2015,11:17:51,15.781,N,61.179,W,3
8/24/2015,11:19:51,15.783,N,61.185,W,3
8/24/2015,11:21:50,15.783,N,61.191,W,3
8/24/2015,11:23:50,15.784,N,61.196,W,3
8/24/2015,11:25:50,15.785,N,61.202,W,3
8/24/2015,11:27:50,15.786,N,61.208,W,3
8/24/2015,11:29:50,15.787,N,61.214,W,3
8/24/2015,11:31:50,15.788,N,61.22,W,3
8/24/2015,11:33:50,15.789,N,61.225,W,3
8/24/2015,11:35:51,15.79,N,61.231,W,3
8/24/2015,11:37:51,15.791,N,61.237,W,3
8/24/2015,11:39:51,15.792,N,61.243,W,3
8/24/2015,11:41:51,15.793,N,61.248,W,3
8/24/2015,11:43:51,15.793,N,61.254,W,3
8/24/2015,11:45:51,15.794,N,61.26,W,3
8/24/2015,11:47:51,15.795,N,61.265,W,3
8/24/2015,11:49:51,15.796,N,61.271,W,3
8/24/2015,11:51:50,15.797,N,61.277,W,3
8/24/2015,11:53:50,15.798,N,61.283,W,3
8/24/2015,11:55:50,15.798,N,61.288,W,3
8/24/2015,11:57:50,15.799,N,61.294,W,3
8/24/2015,11:59:50,15.8,N,61.3,W,3
