Track,for,Edouard,2008,,,
Date,Time,(UTC),Latitude,Longitude,,Category
MM/DD/Year,HH:MM:SS,(deg),(deg),,,
8/3/2008,23:53:59,28.1,N,88.481,W,0
8/3/2008,23:55:59,28.1,N,88.487,W,0
8/3/2008,23:58:00,28.1,N,88.494,W,0
8/4/2008,0:00:00,28.1,N,88.5,W,0
8/4/2008,0:02:00,28.1,N,88.506,W,0
8/4/2008,0:04:00,28.1,N,88.513,W,0
8/4/2008,0:06:00,28.1,N,88.519,W,0
8/4/2008,0:08:00,28.101,N,88.526,W,0
8/4/2008,0:10:00,28.101,N,88.532,W,0
8/4/2008,0:12:00,28.101,N,88.539,W,0
8/4/2008,0:14:00,28.101,N,88.545,W,0
8/4/2008,0:16:00,28.101,N,88.551,W,0
8/4/2008,0:18:00,28.101,N,88.558,W,0
8/4/2008,0:20:00,28.102,N,88.564,W,0
8/4/2008,0:22:00,28.102,N,88.571,W,0
8/4/2008,0:24:00,28.102,N,88.577,W,0
8/4/2008,0:26:00,28.102,N,88.584,W,0
8/4/2008,0:28:00,28.102,N,88.59,W,0
8/4/2008,0:30:00,28.102,N,88.596,W,0
8/4/2008,0:32:00,28.103,N,88.603,W,0
8/4/2008,0:34:00,28.103,N,88.609,W,0
8/4/2008,0:36:00,28.103,N,88.616,W,0
8/4/2008,0:38:00,28.103,N,88.622,W,0
8/4/2008,0:40:00,28.103,N,88.629,W,0
8/4/2008,0:42:00,28.103,N,88.635,W,0
8/4/2008,0:44:00,28.103,N,88.641,W,0
8/4/2008,0:46:00,28.104,N,88.648,W,0
8/4/2008,0:48:00,28.104,N,88.654,W,0
8/4/2008,0:50:00,28.104,N,88.661,W,0
8/4/2008,0:52:00,28.104,N,88.667,W,0
8/4/2008,0:54:00,28.104,N,88.674,W,0
8/4/2008,0:56:00,28.104,N,88.68,W,0
8/4/2008,0:58:00,28.104,N,88.686,W,0
8/4/2008,1:00:00,28.104,N,88.693,W,0
8/4/2008,1:01:59,28.105,N,88.699,W,0
8/4/2008,1:04:00,28.105,N,88.706,W,0
8/4/2008,1:06:00,28.105,N,88.712,W,0
8/4/2008,1:07:59,28.105,N,88.719,W,0
8/4/2008,1:09:59,28.105,N,88.725,W,0
8/4/2008,1:12:00,28.105,N,88.731,W,0
8/4/2008,1:14:00,28.105,N,88.738,W,0
8/4/2008,1:15:59,28.105,N,88.744,W,0
8/4/2008,1:17:59,28.106,N,88.751,W,0
8/4/2008,1:20:00,28.106,N,88.757,W,0
8/4/2008,1:22:00,28.106,N,88.763,W,0
8/4/2008,1:23:59,28.106,N,88.77,W,0
8/4/2008,1:25:59,28.106,N,88.776,W,0
8/4/2008,1:28:00,28.106,N,88.783,W,0
8/4/2008,1:30:00,28.106,N,88.789,W,0
8/4/2008,1:31:59,28.106,N,88.795,W,0
8/4/2008,1:34:00,28.106,N,88.802,W,0
8/4/2008,1:36:00,28.106,N,88.808,W,0
8/4/2008,1:38:00,28.107,N,88.815,W,0
8/4/2008,1:39:59,28.107,N,88.821,W,0
8/4/2008,1:42:00,28.107,N,88.827,W,0
8/4/2008,1:44:00,28.107,N,88.834,W,0
8/4/2008,1:46:00,28.107,N,88.84,W,0
8/4/2008,1:47:59,28.107,N,88.847,W,0
8/4/2008,1:50:00,28.107,N,88.853,W,0
8/4/2008,1:52:00,28.107,N,88.859,W,0
8/4/2008,1:54:00,28.107,N,88.866,W,0
8/4/2008,1:55:59,28.107,N,88.872,W,0
8/4/2008,1:58:00,28.107,N,88.879,W,0
8/4/2008,2:00:00,28.107,N,88.885,W,0
8/4/2008,2:01:59,28.107,N,88.891,W,0
8/4/2008,2:03:59,28.107,N,88.898,W,0
8/4/2008,2:05:59,28.107,N,88.904,W,0
8/4/2008,2:08:00,28.107,N,88.91,W,0
8/4/2008,2:10:00,28.107,N,88.917,W,0
8/4/2008,2:12:00,28.107,N,88.923,W,0
8/4/2008,2:14:00,28.107,N,88.93,W,0
8/4/2008,2:15:59,28.107,N,88.936,W,0
8/4/2008,2:17:59,28.107,N,88.942,W,0
8/4/2008,2:19:59,28.107,N,88.949,W,0
8/4/2008,2:21:59,28.107,N,88.955,W,0
8/4/2008,2:24:00,28.107,N,88.961,W,0
8/4/2008,2:26:00,28.107,N,88.968,W,0
8/4/2008,2:28:00,28.107,N,88.974,W,0
8/4/2008,2:30:00,28.107,N,88.981,W,0
8/4/2008,2:31:59,28.107,N,88.987,W,0
8/4/2008,2:33:59,28.107,N,88.993,W,0
8/4/2008,2:35:59,28.107,N,89,W,0
8/4/2008,2:38:00,28.107,N,89.006,W,0
8/4/2008,2:40:00,28.107,N,89.012,W,0
8/4/2008,2:42:00,28.107,N,89.019,W,0
8/4/2008,2:44:00,28.107,N,89.025,W,0
8/4/2008,2:46:00,28.107,N,89.031,W,0
8/4/2008,2:47:59,28.107,N,89.038,W,0
8/4/2008,2:49:59,28.107,N,89.044,W,0
8/4/2008,2:51:59,28.107,N,89.05,W,0
8/4/2008,2:54:00,28.107,N,89.057,W,0
8/4/2008,2:56:00,28.106,N,89.063,W,0
8/4/2008,2:58:00,28.106,N,89.069,W,0
8/4/2008,3:00:00,28.106,N,89.076,W,0
8/4/2008,3:01:59,28.106,N,89.082,W,0
8/4/2008,3:03:59,28.106,N,89.088,W,0
8/4/2008,3:05:59,28.106,N,89.095,W,0
8/4/2008,3:08:00,28.106,N,89.101,W,0
8/4/2008,3:10:00,28.106,N,89.107,W,0
8/4/2008,3:12:00,28.105,N,89.114,W,0
8/4/2008,3:14:00,28.105,N,89.12,W,0
8/4/2008,3:15:59,28.105,N,89.126,W,0
8/4/2008,3:17:59,28.105,N,89.133,W,0
8/4/2008,3:19:59,28.105,N,89.139,W,0
8/4/2008,3:21:59,28.105,N,89.145,W,0
8/4/2008,3:24:00,28.104,N,89.151,W,0
8/4/2008,3:26:00,28.104,N,89.158,W,0
8/4/2008,3:28:00,28.104,N,89.164,W,0
8/4/2008,3:30:00,28.104,N,89.17,W,0
8/4/2008,3:31:59,28.104,N,89.177,W,0
8/4/2008,3:33:59,28.103,N,89.183,W,0
8/4/2008,3:35:59,28.103,N,89.189,W,0
8/4/2008,3:38:00,28.103,N,89.196,W,0
8/4/2008,3:40:00,28.103,N,89.202,W,0
8/4/2008,3:42:00,28.103,N,89.208,W,0
8/4/2008,3:44:00,28.102,N,89.214,W,0
8/4/2008,3:46:00,28.102,N,89.221,W,0
8/4/2008,3:47:59,28.102,N,89.227,W,0
8/4/2008,3:49:59,28.101,N,89.233,W,0
8/4/2008,3:51:59,28.101,N,89.239,W,0
8/4/2008,3:54:00,28.101,N,89.246,W,0
8/4/2008,3:56:00,28.101,N,89.252,W,0
8/4/2008,3:58:00,28.1,N,89.258,W,0
8/4/2008,4:00:00,28.1,N,89.264,W,0
8/4/2008,4:01:59,28.1,N,89.271,W,0
8/4/2008,4:03:59,28.099,N,89.277,W,0
8/4/2008,4:05:59,28.099,N,89.283,W,0
8/4/2008,4:07:59,28.099,N,89.289,W,0
8/4/2008,4:09:59,28.098,N,89.296,W,0
8/4/2008,4:11:59,28.098,N,89.302,W,0
8/4/2008,4:13:59,28.098,N,89.308,W,0
8/4/2008,4:16:00,28.097,N,89.314,W,0
8/4/2008,4:18:00,28.097,N,89.321,W,0
8/4/2008,4:20:00,28.096,N,89.327,W,0
8/4/2008,4:22:00,28.096,N,89.333,W,0
8/4/2008,4:24:00,28.096,N,89.339,W,0
8/4/2008,4:26:00,28.095,N,89.345,W,0
8/4/2008,4:28:00,28.095,N,89.352,W,0
8/4/2008,4:30:00,28.094,N,89.358,W,0
8/4/2008,4:31:59,28.094,N,89.364,W,0
8/4/2008,4:33:59,28.093,N,89.37,W,0
8/4/2008,4:35:59,28.093,N,89.376,W,0
8/4/2008,4:37:59,28.092,N,89.383,W,0
8/4/2008,4:39:59,28.092,N,89.389,W,0
8/4/2008,4:41:59,28.091,N,89.395,W,0
8/4/2008,4:43:59,28.091,N,89.401,W,0
8/4/2008,4:46:00,28.09,N,89.407,W,0
8/4/2008,4:48:00,28.09,N,89.413,W,0
8/4/2008,4:50:00,28.089,N,89.42,W,0
8/4/2008,4:52:00,28.089,N,89.426,W,0
8/4/2008,4:54:00,28.088,N,89.432,W,0
8/4/2008,4:56:00,28.088,N,89.438,W,0
8/4/2008,4:58:00,28.087,N,89.444,W,0
8/4/2008,5:00:00,28.087,N,89.45,W,0
8/4/2008,5:01:59,28.086,N,89.457,W,0
8/4/2008,5:03:59,28.085,N,89.463,W,0
8/4/2008,5:05:59,28.085,N,89.469,W,0
8/4/2008,5:07:59,28.084,N,89.475,W,0
8/4/2008,5:09:59,28.084,N,89.481,W,0
8/4/2008,5:11:59,28.083,N,89.487,W,0
8/4/2008,5:13:59,28.082,N,89.493,W,0
8/4/2008,5:16:00,28.082,N,89.5,W,0
8/4/2008,5:18:00,28.081,N,89.506,W,0
8/4/2008,5:20:00,28.08,N,89.512,W,0
8/4/2008,5:22:00,28.08,N,89.518,W,0
8/4/2008,5:24:00,28.079,N,89.524,W,0
8/4/2008,5:26:00,28.079,N,89.53,W,0
8/4/2008,5:28:00,28.078,N,89.536,W,0
8/4/2008,5:30:00,28.077,N,89.542,W,0
8/4/2008,5:31:59,28.076,N,89.548,W,0
8/4/2008,5:33:59,28.076,N,89.555,W,0
8/4/2008,5:35:59,28.075,N,89.561,W,0
8/4/2008,5:37:59,28.074,N,89.567,W,0
8/4/2008,5:39:59,28.074,N,89.573,W,0
8/4/2008,5:41:59,28.073,N,89.579,W,0
8/4/2008,5:43:59,28.072,N,89.585,W,0
8/4/2008,5:46:00,28.071,N,89.591,W,0
8/4/2008,5:48:00,28.071,N,89.597,W,0
8/4/2008,5:50:00,28.07,N,89.603,W,0
8/4/2008,5:52:00,28.069,N,89.609,W,0
8/4/2008,5:54:00,28.069,N,89.616,W,0
8/4/2008,5:56:00,28.068,N,89.622,W,0
8/4/2008,5:58:00,28.067,N,89.628,W,0
8/4/2008,6:00:00,28.066,N,89.634,W,0
8/4/2008,6:01:59,28.065,N,89.64,W,0
8/4/2008,6:03:59,28.065,N,89.646,W,0
8/4/2008,6:05:59,28.064,N,89.652,W,0
8/4/2008,6:07:59,28.063,N,89.658,W,0
8/4/2008,6:09:59,28.062,N,89.664,W,0
8/4/2008,6:11:59,28.061,N,89.67,W,0
8/4/2008,6:13:59,28.061,N,89.676,W,0
8/4/2008,6:16:00,28.06,N,89.682,W,0
8/4/2008,6:18:00,28.059,N,89.688,W,0
8/4/2008,6:20:00,28.058,N,89.694,W,0
8/4/2008,6:22:00,28.057,N,89.7,W,0
8/4/2008,6:24:00,28.057,N,89.706,W,0
8/4/2008,6:26:00,28.056,N,89.712,W,0
8/4/2008,6:28:00,28.055,N,89.719,W,0
8/4/2008,6:30:00,28.054,N,89.725,W,0
8/4/2008,6:31:59,28.053,N,89.731,W,0
8/4/2008,6:33:59,28.052,N,89.737,W,0
8/4/2008,6:35:59,28.051,N,89.743,W,0
8/4/2008,6:37:59,28.05,N,89.749,W,0
8/4/2008,6:39:59,28.05,N,89.755,W,0
8/4/2008,6:41:59,28.049,N,89.761,W,0
8/4/2008,6:43:59,28.048,N,89.767,W,0
8/4/2008,6:46:00,28.047,N,89.773,W,0
8/4/2008,6:48:00,28.046,N,89.779,W,0
8/4/2008,6:50:00,28.045,N,89.785,W,0
8/4/2008,6:52:00,28.044,N,89.791,W,0
8/4/2008,6:54:00,28.043,N,89.797,W,0
8/4/2008,6:56:00,28.042,N,89.803,W,0
8/4/2008,6:58:00,28.042,N,89.809,W,0
8/4/2008,7:00:00,28.041,N,89.815,W,0
8/4/2008,7:01:59,28.04,N,89.821,W,0
8/4/2008,7:03:59,28.039,N,89.827,W,0
8/4/2008,7:05:59,28.038,N,89.833,W,0
8/4/2008,7:07:59,28.037,N,89.839,W,0
8/4/2008,7:09:59,28.036,N,89.845,W,0
8/4/2008,7:11:59,28.035,N,89.851,W,0
8/4/2008,7:13:59,28.034,N,89.857,W,0
8/4/2008,7:16:00,28.033,N,89.863,W,0
8/4/2008,7:18:00,28.032,N,89.869,W,0
8/4/2008,7:20:00,28.031,N,89.875,W,0
8/4/2008,7:22:00,28.03,N,89.881,W,0
8/4/2008,7:24:00,28.029,N,89.887,W,0
8/4/2008,7:26:00,28.028,N,89.893,W,0
8/4/2008,7:28:00,28.027,N,89.899,W,0
8/4/2008,7:30:00,28.026,N,89.905,W,0
8/4/2008,7:31:59,28.025,N,89.911,W,0
8/4/2008,7:33:59,28.024,N,89.917,W,0
8/4/2008,7:34:56,28.024,N,89.92,W,0
8/4/2008,7:36:56,28.023,N,89.925,W,0
8/4/2008,7:38:56,28.023,N,89.929,W,0
8/4/2008,7:40:56,28.022,N,89.934,W,0
8/4/2008,7:42:56,28.021,N,89.938,W,0
8/4/2008,7:44:56,28.021,N,89.942,W,0
8/4/2008,7:46:56,28.02,N,89.946,W,0
8/4/2008,7:48:57,28.02,N,89.951,W,0
8/4/2008,7:50:57,28.019,N,89.955,W,0
8/4/2008,7:52:57,28.019,N,89.959,W,0
8/4/2008,7:54:57,28.018,N,89.963,W,0
8/4/2008,7:56:57,28.018,N,89.967,W,0
8/4/2008,7:58:57,28.017,N,89.97,W,0
8/4/2008,8:00:56,28.017,N,89.974,W,0
8/4/2008,8:02:57,28.016,N,89.978,W,0
8/4/2008,8:04:57,28.016,N,89.982,W,0
8/4/2008,8:06:56,28.015,N,89.985,W,0
8/4/2008,8:08:57,28.015,N,89.989,W,0
8/4/2008,8:10:56,28.015,N,89.992,W,0
8/4/2008,8:12:57,28.014,N,89.996,W,0
8/4/2008,8:14:56,28.014,N,89.999,W,0
8/4/2008,8:16:57,28.014,N,90.003,W,0
8/4/2008,8:18:56,28.013,N,90.006,W,0
8/4/2008,8:20:57,28.013,N,90.009,W,0
8/4/2008,8:22:56,28.013,N,90.013,W,0
8/4/2008,8:24:57,28.013,N,90.016,W,0
8/4/2008,8:26:56,28.013,N,90.019,W,0
8/4/2008,8:28:57,28.013,N,90.022,W,0
8/4/2008,8:30:56,28.013,N,90.025,W,0
8/4/2008,8:32:57,28.012,N,90.028,W,0
8/4/2008,8:34:57,28.012,N,90.031,W,0
8/4/2008,8:36:56,28.012,N,90.034,W,0
8/4/2008,8:38:57,28.012,N,90.037,W,0
8/4/2008,8:40:56,28.013,N,90.04,W,0
8/4/2008,8:42:57,28.013,N,90.043,W,0
8/4/2008,8:44:56,28.013,N,90.046,W,0
8/4/2008,8:46:57,28.013,N,90.049,W,0
8/4/2008,8:48:56,28.013,N,90.052,W,0
8/4/2008,8:50:57,28.013,N,90.055,W,0
8/4/2008,8:52:56,28.014,N,90.057,W,0
8/4/2008,8:54:53,28.014,N,90.06,W,0
8/4/2008,8:56:54,28.014,N,90.063,W,0
8/4/2008,8:58:53,28.014,N,90.067,W,0
8/4/2008,9:00:54,28.014,N,90.07,W,0
8/4/2008,9:02:53,28.015,N,90.073,W,0
8/4/2008,9:04:54,28.015,N,90.076,W,0
8/4/2008,9:06:53,28.015,N,90.079,W,0
8/4/2008,9:08:54,28.015,N,90.083,W,0
8/4/2008,9:10:53,28.016,N,90.086,W,0
8/4/2008,9:12:54,28.016,N,90.089,W,0
8/4/2008,9:14:53,28.016,N,90.092,W,0
8/4/2008,9:16:54,28.017,N,90.095,W,0
8/4/2008,9:18:53,28.017,N,90.098,W,0
8/4/2008,9:20:54,28.018,N,90.101,W,0
8/4/2008,9:22:54,28.018,N,90.104,W,0
8/4/2008,9:24:53,28.019,N,90.107,W,0
8/4/2008,9:26:54,28.019,N,90.11,W,0
8/4/2008,9:28:53,28.02,N,90.113,W,0
8/4/2008,9:30:54,28.021,N,90.116,W,0
8/4/2008,9:32:53,28.021,N,90.119,W,0
8/4/2008,9:34:54,28.022,N,90.122,W,0
8/4/2008,9:36:53,28.023,N,90.125,W,0
8/4/2008,9:38:54,28.024,N,90.128,W,0
8/4/2008,9:40:53,28.025,N,90.13,W,0
8/4/2008,9:42:54,28.026,N,90.133,W,0
8/4/2008,9:44:53,28.027,N,90.136,W,0
8/4/2008,9:46:54,28.028,N,90.139,W,0
8/4/2008,9:48:53,28.029,N,90.141,W,0
8/4/2008,9:50:54,28.03,N,90.144,W,0
8/4/2008,9:52:54,28.031,N,90.147,W,0
8/4/2008,9:54:53,28.032,N,90.149,W,0
8/4/2008,9:56:54,28.033,N,90.152,W,0
8/4/2008,9:58:53,28.034,N,90.154,W,0
8/4/2008,10:00:54,28.036,N,90.157,W,0
8/4/2008,10:02:53,28.037,N,90.159,W,0
8/4/2008,10:04:54,28.039,N,90.162,W,0
8/4/2008,10:06:53,28.04,N,90.164,W,0
8/4/2008,10:08:54,28.041,N,90.167,W,0
8/4/2008,10:10:53,28.043,N,90.169,W,0
8/4/2008,10:12:54,28.045,N,90.171,W,0
8/4/2008,10:14:53,28.046,N,90.174,W,0
8/4/2008,10:16:54,28.048,N,90.176,W,0
8/4/2008,10:18:53,28.05,N,90.178,W,0
8/4/2008,10:20:54,28.052,N,90.18,W,0
8/4/2008,10:22:54,28.054,N,90.183,W,0
8/4/2008,10:24:53,28.055,N,90.185,W,0
8/4/2008,10:26:54,28.057,N,90.187,W,0
8/4/2008,10:28:53,28.059,N,90.189,W,0
8/4/2008,10:30:54,28.062,N,90.191,W,0
8/4/2008,10:32:53,28.064,N,90.193,W,0
8/4/2008,10:34:54,28.066,N,90.195,W,0
8/4/2008,10:36:53,28.068,N,90.197,W,0
8/4/2008,10:38:54,28.071,N,90.199,W,0
8/4/2008,10:40:53,28.073,N,90.201,W,0
8/4/2008,10:42:54,28.075,N,90.202,W,0
8/4/2008,10:44:53,28.078,N,90.204,W,0
8/4/2008,10:46:54,28.081,N,90.206,W,0
8/4/2008,10:48:53,28.083,N,90.208,W,0
8/4/2008,10:50:54,28.086,N,90.209,W,0
8/4/2008,10:52:54,28.089,N,90.211,W,0
8/4/2008,10:54:53,28.092,N,90.212,W,0
8/4/2008,10:56:54,28.095,N,90.214,W,0
8/4/2008,10:58:53,28.097,N,90.215,W,0
8/4/2008,11:00:54,28.101,N,90.217,W,0
8/4/2008,11:02:28,28.103,N,90.218,W,0
8/4/2008,11:04:29,28.104,N,90.221,W,0
8/4/2008,11:06:28,28.106,N,90.223,W,0
8/4/2008,11:08:29,28.107,N,90.226,W,0
8/4/2008,11:10:29,28.109,N,90.229,W,0
8/4/2008,11:12:28,28.11,N,90.232,W,0
8/4/2008,11:14:29,28.111,N,90.234,W,0
8/4/2008,11:16:28,28.113,N,90.237,W,0
8/4/2008,11:18:29,28.114,N,90.24,W,0
8/4/2008,11:20:28,28.116,N,90.243,W,0
8/4/2008,11:22:29,28.117,N,90.246,W,0
8/4/2008,11:24:28,28.118,N,90.248,W,0
8/4/2008,11:26:29,28.12,N,90.251,W,0
8/4/2008,11:28:28,28.121,N,90.254,W,0
8/4/2008,11:30:29,28.123,N,90.257,W,0
8/4/2008,11:32:28,28.124,N,90.26,W,0
8/4/2008,11:34:29,28.125,N,90.263,W,0
8/4/2008,11:36:28,28.127,N,90.266,W,0
8/4/2008,11:38:29,28.128,N,90.269,W,0
8/4/2008,11:40:29,28.129,N,90.272,W,0
8/4/2008,11:42:28,28.131,N,90.275,W,0
8/4/2008,11:44:29,28.132,N,90.277,W,0
8/4/2008,11:46:28,28.134,N,90.28,W,0
8/4/2008,11:48:29,28.135,N,90.283,W,0
8/4/2008,11:50:28,28.136,N,90.286,W,0
8/4/2008,11:52:29,28.138,N,90.289,W,0
8/4/2008,11:54:28,28.139,N,90.293,W,0
8/4/2008,11:56:29,28.141,N,90.296,W,0
8/4/2008,11:58:28,28.142,N,90.299,W,0
8/4/2008,12:00:29,28.143,N,90.302,W,0
8/4/2008,12:02:28,28.145,N,90.305,W,0
8/4/2008,12:04:29,28.146,N,90.308,W,0
8/4/2008,12:06:28,28.148,N,90.311,W,0
8/4/2008,12:08:29,28.149,N,90.314,W,0
8/4/2008,12:10:29,28.15,N,90.317,W,0
8/4/2008,12:12:28,28.152,N,90.321,W,0
8/4/2008,12:14:29,28.153,N,90.324,W,0
8/4/2008,12:16:28,28.154,N,90.327,W,0
8/4/2008,12:18:29,28.156,N,90.33,W,0
8/4/2008,12:20:28,28.157,N,90.333,W,0
8/4/2008,12:22:29,28.159,N,90.337,W,0
8/4/2008,12:24:28,28.16,N,90.34,W,0
8/4/2008,12:26:29,28.161,N,90.343,W,0
8/4/2008,12:28:28,28.163,N,90.347,W,0
8/4/2008,12:30:29,28.164,N,90.35,W,0
8/4/2008,12:32:28,28.166,N,90.353,W,0
8/4/2008,12:34:29,28.167,N,90.357,W,0
8/4/2008,12:36:28,28.168,N,90.36,W,0
8/4/2008,12:38:29,28.17,N,90.363,W,0
8/4/2008,12:40:29,28.171,N,90.367,W,0
8/4/2008,12:42:28,28.173,N,90.37,W,0
8/4/2008,12:44:29,28.174,N,90.374,W,0
8/4/2008,12:46:28,28.175,N,90.377,W,0
8/4/2008,12:48:29,28.177,N,90.381,W,0
8/4/2008,12:50:28,28.178,N,90.384,W,0
8/4/2008,12:52:29,28.179,N,90.388,W,0
8/4/2008,12:54:28,28.181,N,90.391,W,0
8/4/2008,12:56:29,28.182,N,90.395,W,0
8/4/2008,12:58:28,28.184,N,90.399,W,0
8/4/2008,13:00:29,28.185,N,90.402,W,0
8/4/2008,13:02:28,28.186,N,90.406,W,0
8/4/2008,13:04:29,28.188,N,90.41,W,0
8/4/2008,13:06:28,28.189,N,90.413,W,0
8/4/2008,13:08:29,28.191,N,90.417,W,0
8/4/2008,13:10:29,28.192,N,90.421,W,0
8/4/2008,13:12:28,28.193,N,90.424,W,0
8/4/2008,13:14:29,28.195,N,90.428,W,0
8/4/2008,13:16:28,28.196,N,90.432,W,0
8/4/2008,13:18:29,28.197,N,90.436,W,0
8/4/2008,13:20:28,28.199,N,90.44,W,0
8/4/2008,13:22:29,28.2,N,90.443,W,0
8/4/2008,13:24:28,28.202,N,90.447,W,0
8/4/2008,13:26:29,28.203,N,90.451,W,0
8/4/2008,13:28:28,28.204,N,90.455,W,0
8/4/2008,13:30:29,28.206,N,90.459,W,0
8/4/2008,13:32:28,28.207,N,90.463,W,0
8/4/2008,13:34:29,28.208,N,90.467,W,0
8/4/2008,13:36:28,28.21,N,90.471,W,0
8/4/2008,13:38:29,28.211,N,90.475,W,0
8/4/2008,13:40:29,28.212,N,90.479,W,0
8/4/2008,13:42:28,28.214,N,90.483,W,0
8/4/2008,13:44:29,28.215,N,90.487,W,0
8/4/2008,13:46:28,28.216,N,90.491,W,0
8/4/2008,13:48:29,28.218,N,90.495,W,0
8/4/2008,13:50:28,28.219,N,90.499,W,0
8/4/2008,13:52:29,28.22,N,90.503,W,0
8/4/2008,13:54:28,28.221,N,90.507,W,0
8/4/2008,13:56:29,28.223,N,90.511,W,0
8/4/2008,13:58:28,28.224,N,90.515,W,0
8/4/2008,14:00:29,28.225,N,90.519,W,0
8/4/2008,14:02:28,28.227,N,90.523,W,0
8/4/2008,14:04:29,28.228,N,90.528,W,0
8/4/2008,14:06:28,28.229,N,90.532,W,0
8/4/2008,14:08:29,28.23,N,90.536,W,0
8/4/2008,14:10:29,28.232,N,90.54,W,0
8/4/2008,14:12:28,28.233,N,90.544,W,0
8/4/2008,14:14:29,28.234,N,90.549,W,0
8/4/2008,14:16:28,28.235,N,90.553,W,0
8/4/2008,14:18:29,28.236,N,90.557,W,0
8/4/2008,14:20:28,28.238,N,90.562,W,0
8/4/2008,14:22:29,28.239,N,90.566,W,0
8/4/2008,14:24:28,28.24,N,90.57,W,0
8/4/2008,14:26:29,28.241,N,90.575,W,0
8/4/2008,14:28:28,28.242,N,90.579,W,0
8/4/2008,14:30:29,28.243,N,90.583,W,0
8/4/2008,14:32:28,28.245,N,90.588,W,0
8/4/2008,14:34:29,28.246,N,90.592,W,0
8/4/2008,14:36:28,28.247,N,90.596,W,0
8/4/2008,14:38:29,28.248,N,90.601,W,0
8/4/2008,14:40:29,28.249,N,90.605,W,0
8/4/2008,14:42:28,28.25,N,90.61,W,0
8/4/2008,14:44:29,28.251,N,90.614,W,0
8/4/2008,14:46:28,28.252,N,90.619,W,0
8/4/2008,14:48:29,28.253,N,90.623,W,0
8/4/2008,14:50:28,28.255,N,90.627,W,0
8/4/2008,14:52:29,28.256,N,90.632,W,0
8/4/2008,14:54:28,28.257,N,90.636,W,0
8/4/2008,14:56:29,28.258,N,90.641,W,0
8/4/2008,14:58:28,28.259,N,90.646,W,0
8/4/2008,15:00:29,28.26,N,90.65,W,0
8/4/2008,15:02:28,28.261,N,90.655,W,0
8/4/2008,15:04:29,28.262,N,90.659,W,0
8/4/2008,15:06:28,28.263,N,90.664,W,0
8/4/2008,15:08:29,28.264,N,90.668,W,0
8/4/2008,15:10:29,28.264,N,90.673,W,0
8/4/2008,15:12:28,28.265,N,90.677,W,0
8/4/2008,15:14:29,28.266,N,90.682,W,0
8/4/2008,15:16:28,28.267,N,90.687,W,0
8/4/2008,15:18:29,28.268,N,90.691,W,0
8/4/2008,15:20:28,28.269,N,90.696,W,0
8/4/2008,15:22:29,28.27,N,90.701,W,0
8/4/2008,15:24:28,28.271,N,90.705,W,0
8/4/2008,15:26:29,28.271,N,90.71,W,0
8/4/2008,15:28:28,28.272,N,90.715,W,0
8/4/2008,15:30:29,28.273,N,90.719,W,0
8/4/2008,15:32:28,28.274,N,90.724,W,0
8/4/2008,15:34:29,28.275,N,90.729,W,0
8/4/2008,15:36:28,28.275,N,90.733,W,0
8/4/2008,15:38:29,28.276,N,90.738,W,0
8/4/2008,15:40:29,28.277,N,90.743,W,0
8/4/2008,15:42:28,28.278,N,90.748,W,0
8/4/2008,15:44:29,28.278,N,90.752,W,0
8/4/2008,15:46:28,28.279,N,90.757,W,0
8/4/2008,15:48:29,28.28,N,90.762,W,0
8/4/2008,15:50:28,28.28,N,90.767,W,0
8/4/2008,15:52:29,28.281,N,90.771,W,0
8/4/2008,15:54:28,28.281,N,90.776,W,0
8/4/2008,15:56:29,28.282,N,90.781,W,0
8/4/2008,15:58:28,28.283,N,90.786,W,0
8/4/2008,16:00:28,28.283,N,90.791,W,0
8/4/2008,16:02:29,28.284,N,90.795,W,0
8/4/2008,16:04:29,28.284,N,90.8,W,0
8/4/2008,16:06:28,28.285,N,90.805,W,0
8/4/2008,16:08:28,28.285,N,90.81,W,0
8/4/2008,16:10:29,28.286,N,90.815,W,0
8/4/2008,16:12:28,28.286,N,90.82,W,0
8/4/2008,16:14:28,28.287,N,90.824,W,0
8/4/2008,16:16:29,28.287,N,90.829,W,0
8/4/2008,16:18:29,28.287,N,90.834,W,0
8/4/2008,16:20:28,28.288,N,90.839,W,0
8/4/2008,16:22:28,28.288,N,90.844,W,0
8/4/2008,16:24:29,28.288,N,90.849,W,0
8/4/2008,16:26:29,28.289,N,90.854,W,0
8/4/2008,16:28:28,28.289,N,90.858,W,0
8/4/2008,16:30:28,28.289,N,90.863,W,0
8/4/2008,16:32:29,28.29,N,90.868,W,0
8/4/2008,16:34:29,28.29,N,90.873,W,0
8/4/2008,16:36:28,28.29,N,90.878,W,0
8/4/2008,16:38:28,28.29,N,90.883,W,0
8/4/2008,16:40:29,28.29,N,90.888,W,0
8/4/2008,16:42:28,28.291,N,90.893,W,0
8/4/2008,16:44:28,28.291,N,90.898,W,0
8/4/2008,16:46:29,28.291,N,90.903,W,0
8/4/2008,16:48:29,28.291,N,90.908,W,0
8/4/2008,16:50:28,28.291,N,90.913,W,0
8/4/2008,16:52:28,28.291,N,90.917,W,0
8/4/2008,16:54:29,28.291,N,90.922,W,0
8/4/2008,16:56:29,28.291,N,90.927,W,0
8/4/2008,16:58:28,28.291,N,90.932,W,0
8/4/2008,17:00:28,28.291,N,90.937,W,0
8/4/2008,17:02:29,28.291,N,90.942,W,0
8/4/2008,17:04:29,28.291,N,90.947,W,0
8/4/2008,17:06:28,28.291,N,90.952,W,0
8/4/2008,17:08:28,28.291,N,90.957,W,0
8/4/2008,17:10:29,28.29,N,90.962,W,0
8/4/2008,17:12:28,28.29,N,90.967,W,0
8/4/2008,17:14:28,28.29,N,90.972,W,0
8/4/2008,17:16:29,28.29,N,90.977,W,0
8/4/2008,17:18:29,28.29,N,90.982,W,0
8/4/2008,17:20:28,28.289,N,90.987,W,0
8/4/2008,17:22:28,28.289,N,90.992,W,0
8/4/2008,17:24:29,28.289,N,90.997,W,0
8/4/2008,17:26:29,28.289,N,91.002,W,0
8/4/2008,17:28:28,28.288,N,91.007,W,0
8/4/2008,17:30:28,28.288,N,91.012,W,0
8/4/2008,17:32:29,28.288,N,91.017,W,0
8/4/2008,17:34:29,28.287,N,91.022,W,0
8/4/2008,17:36:28,28.287,N,91.027,W,0
8/4/2008,17:38:28,28.286,N,91.032,W,0
8/4/2008,17:40:29,28.286,N,91.037,W,0
8/4/2008,17:42:28,28.285,N,91.042,W,0
8/4/2008,17:44:28,28.285,N,91.047,W,0
8/4/2008,17:46:29,28.285,N,91.052,W,0
8/4/2008,17:48:29,28.284,N,91.057,W,0
8/4/2008,17:50:28,28.284,N,91.062,W,0
8/4/2008,17:52:28,28.283,N,91.067,W,0
8/4/2008,17:54:29,28.282,N,91.072,W,0
8/4/2008,17:56:29,28.282,N,91.077,W,0
8/4/2008,17:58:28,28.281,N,91.082,W,0
8/4/2008,18:00:28,28.281,N,91.087,W,0
8/4/2008,18:02:29,28.28,N,91.092,W,0
8/4/2008,18:04:29,28.28,N,91.097,W,0
8/4/2008,18:06:28,28.279,N,91.102,W,0
8/4/2008,18:08:28,28.278,N,91.107,W,0
8/4/2008,18:10:29,28.278,N,91.112,W,0
8/4/2008,18:12:28,28.277,N,91.117,W,0
8/4/2008,18:14:28,28.276,N,91.122,W,0
8/4/2008,18:16:29,28.276,N,91.127,W,0
8/4/2008,18:18:29,28.275,N,91.132,W,0
8/4/2008,18:20:28,28.274,N,91.138,W,0
8/4/2008,18:22:28,28.273,N,91.143,W,0
8/4/2008,18:24:29,28.273,N,91.148,W,0
8/4/2008,18:26:29,28.272,N,91.153,W,0
8/4/2008,18:28:28,28.271,N,91.158,W,0
8/4/2008,18:30:28,28.27,N,91.163,W,0
8/4/2008,18:32:29,28.269,N,91.168,W,0
8/4/2008,18:34:29,28.269,N,91.173,W,0
8/4/2008,18:36:28,28.268,N,91.178,W,0
8/4/2008,18:38:28,28.267,N,91.183,W,0
8/4/2008,18:40:29,28.266,N,91.188,W,0
8/4/2008,18:42:28,28.265,N,91.193,W,0
8/4/2008,18:44:28,28.264,N,91.198,W,0
8/4/2008,18:46:29,28.263,N,91.203,W,0
8/4/2008,18:48:29,28.263,N,91.208,W,0
8/4/2008,18:50:28,28.262,N,91.214,W,0
8/4/2008,18:52:28,28.261,N,91.219,W,0
8/4/2008,18:54:29,28.26,N,91.224,W,0
8/4/2008,18:56:08,28.259,N,91.228,W,0
8/4/2008,18:58:08,28.255,N,91.238,W,0
8/4/2008,19:00:09,28.25,N,91.248,W,0
8/4/2008,19:02:09,28.246,N,91.258,W,0
8/4/2008,19:04:08,28.242,N,91.268,W,0
8/4/2008,19:06:09,28.239,N,91.277,W,0
8/4/2008,19:08:09,28.235,N,91.286,W,0
8/4/2008,19:10:08,28.232,N,91.295,W,0
8/4/2008,19:12:08,28.228,N,91.304,W,0
8/4/2008,19:14:09,28.225,N,91.313,W,0
8/4/2008,19:16:09,28.222,N,91.321,W,0
8/4/2008,19:18:08,28.219,N,91.329,W,0
8/4/2008,19:20:08,28.216,N,91.337,W,0
8/4/2008,19:22:09,28.213,N,91.344,W,0
8/4/2008,19:24:09,28.211,N,91.352,W,0
8/4/2008,19:26:08,28.208,N,91.359,W,0
8/4/2008,19:28:08,28.206,N,91.366,W,0
8/4/2008,19:30:09,28.204,N,91.373,W,0
8/4/2008,19:32:09,28.202,N,91.38,W,0
8/4/2008,19:34:08,28.2,N,91.386,W,0
8/4/2008,19:36:09,28.198,N,91.392,W,0
8/4/2008,19:38:09,28.197,N,91.398,W,0
8/4/2008,19:40:08,28.195,N,91.404,W,0
8/4/2008,19:42:08,28.193,N,91.41,W,0
8/4/2008,19:44:09,28.192,N,91.415,W,0
8/4/2008,19:46:09,28.191,N,91.421,W,0
8/4/2008,19:48:08,28.19,N,91.426,W,0
8/4/2008,19:50:08,28.189,N,91.431,W,0
8/4/2008,19:52:09,28.188,N,91.435,W,0
8/4/2008,19:54:09,28.187,N,91.44,W,0
8/4/2008,19:56:08,28.186,N,91.444,W,0
8/4/2008,19:58:08,28.186,N,91.449,W,0
8/4/2008,20:00:09,28.185,N,91.453,W,0
8/4/2008,20:02:09,28.185,N,91.456,W,0
8/4/2008,20:04:08,28.185,N,91.46,W,0
8/4/2008,20:06:09,28.184,N,91.464,W,0
8/4/2008,20:08:09,28.184,N,91.467,W,0
8/4/2008,20:10:08,28.184,N,91.471,W,0
8/4/2008,20:12:08,28.185,N,91.474,W,0
8/4/2008,20:14:09,28.185,N,91.477,W,0
8/4/2008,20:16:09,28.185,N,91.479,W,0
8/4/2008,20:18:08,28.185,N,91.482,W,0
8/4/2008,20:20:08,28.186,N,91.485,W,0
8/4/2008,20:22:09,28.186,N,91.487,W,0
8/4/2008,20:24:09,28.187,N,91.489,W,0
8/4/2008,20:26:08,28.188,N,91.491,W,0
8/4/2008,20:28:08,28.189,N,91.493,W,0
8/4/2008,20:30:09,28.189,N,91.495,W,0
8/4/2008,20:32:09,28.19,N,91.497,W,0
8/4/2008,20:34:08,28.191,N,91.499,W,0
8/4/2008,20:36:09,28.193,N,91.5,W,0
8/4/2008,20:38:09,28.194,N,91.501,W,0
8/4/2008,20:40:08,28.195,N,91.503,W,0
8/4/2008,20:42:08,28.196,N,91.504,W,0
8/4/2008,20:44:09,28.198,N,91.505,W,0
8/4/2008,20:44:25,28.198,N,91.505,W,0
8/4/2008,20:46:24,28.199,N,91.506,W,0
8/4/2008,20:48:24,28.201,N,91.506,W,0
8/4/2008,20:50:25,28.202,N,91.506,W,0
8/4/2008,20:52:25,28.203,N,91.506,W,0
8/4/2008,20:54:24,28.205,N,91.506,W,0
8/4/2008,20:56:24,28.207,N,91.506,W,0
8/4/2008,20:58:25,28.208,N,91.506,W,0
8/4/2008,21:00:25,28.21,N,91.505,W,0
8/4/2008,21:02:24,28.212,N,91.505,W,0
8/4/2008,21:04:24,28.214,N,91.504,W,0
8/4/2008,21:06:25,28.216,N,91.503,W,0
8/4/2008,21:08:25,28.219,N,91.502,W,0
8/4/2008,21:10:24,28.221,N,91.501,W,0
8/4/2008,21:12:24,28.223,N,91.5,W,0
8/4/2008,21:14:25,28.225,N,91.499,W,0
8/4/2008,21:16:24,28.228,N,91.498,W,0
8/4/2008,21:18:24,28.23,N,91.496,W,0
8/4/2008,21:20:25,28.233,N,91.495,W,0
8/4/2008,21:22:25,28.235,N,91.494,W,0
8/4/2008,21:24:24,28.238,N,91.492,W,0
8/4/2008,21:26:24,28.241,N,91.491,W,0
8/4/2008,21:28:25,28.243,N,91.489,W,0
8/4/2008,21:30:25,28.246,N,91.488,W,0
8/4/2008,21:32:24,28.249,N,91.486,W,0
8/4/2008,21:34:24,28.252,N,91.485,W,0
8/4/2008,21:36:25,28.255,N,91.483,W,0
8/4/2008,21:38:25,28.258,N,91.482,W,0
8/4/2008,21:40:24,28.26,N,91.48,W,0
8/4/2008,21:42:24,28.263,N,91.479,W,0
8/4/2008,21:44:25,28.266,N,91.477,W,0
8/4/2008,21:46:24,28.269,N,91.476,W,0
8/4/2008,21:48:24,28.272,N,91.475,W,0
8/4/2008,21:50:25,28.275,N,91.473,W,0
8/4/2008,21:52:25,28.278,N,91.472,W,0
8/4/2008,21:54:24,28.281,N,91.471,W,0
8/4/2008,21:56:24,28.284,N,91.47,W,0
8/4/2008,21:58:25,28.287,N,91.469,W,0
8/4/2008,22:00:25,28.29,N,91.468,W,0
8/4/2008,22:02:24,28.293,N,91.468,W,0
8/4/2008,22:04:24,28.296,N,91.467,W,0
8/4/2008,22:06:25,28.299,N,91.467,W,0
8/4/2008,22:08:25,28.302,N,91.466,W,0
8/4/2008,22:10:24,28.305,N,91.466,W,0
8/4/2008,22:12:24,28.308,N,91.466,W,0
8/4/2008,22:14:25,28.311,N,91.466,W,0
8/4/2008,22:16:24,28.314,N,91.467,W,0
8/4/2008,22:18:21,28.317,N,91.467,W,0
8/4/2008,22:20:22,28.32,N,91.467,W,0
8/4/2008,22:22:22,28.322,N,91.468,W,0
8/4/2008,22:24:21,28.325,N,91.469,W,0
8/4/2008,22:26:21,28.327,N,91.469,W,0
8/4/2008,22:28:22,28.33,N,91.47,W,0
8/4/2008,22:30:22,28.332,N,91.471,W,0
8/4/2008,22:32:21,28.335,N,91.472,W,0
8/4/2008,22:34:22,28.337,N,91.473,W,0
8/4/2008,22:36:22,28.34,N,91.474,W,0
8/4/2008,22:38:21,28.342,N,91.475,W,0
8/4/2008,22:40:21,28.345,N,91.476,W,0
8/4/2008,22:42:22,28.348,N,91.478,W,0
8/4/2008,22:44:22,28.35,N,91.479,W,0
8/4/2008,22:46:21,28.353,N,91.481,W,0
8/4/2008,22:48:21,28.355,N,91.483,W,0
8/4/2008,22:50:22,28.358,N,91.484,W,0
8/4/2008,22:52:22,28.36,N,91.486,W,0
8/4/2008,22:54:21,28.363,N,91.488,W,0
8/4/2008,22:56:21,28.365,N,91.49,W,0
8/4/2008,22:58:22,28.368,N,91.493,W,0
8/4/2008,23:00:22,28.37,N,91.495,W,0
8/4/2008,23:02:21,28.373,N,91.497,W,0
8/4/2008,23:04:22,28.376,N,91.5,W,0
8/4/2008,23:06:22,28.378,N,91.502,W,0
8/4/2008,23:08:21,28.381,N,91.505,W,0
8/4/2008,23:10:21,28.383,N,91.508,W,0
8/4/2008,23:12:22,28.386,N,91.511,W,0
8/4/2008,23:14:22,28.388,N,91.514,W,0
8/4/2008,23:16:21,28.391,N,91.518,W,0
8/4/2008,23:18:21,28.393,N,91.521,W,0
8/4/2008,23:20:22,28.396,N,91.524,W,0
8/4/2008,23:22:22,28.399,N,91.528,W,0
8/4/2008,23:24:21,28.401,N,91.532,W,0
8/4/2008,23:26:21,28.404,N,91.536,W,0
8/4/2008,23:28:22,28.406,N,91.54,W,0
8/4/2008,23:30:22,28.409,N,91.544,W,0
8/4/2008,23:32:21,28.411,N,91.548,W,0
8/4/2008,23:34:22,28.414,N,91.553,W,0
8/4/2008,23:36:22,28.417,N,91.557,W,0
8/4/2008,23:38:21,28.419,N,91.562,W,0
8/4/2008,23:40:21,28.422,N,91.567,W,0
8/4/2008,23:42:22,28.424,N,91.572,W,0
8/4/2008,23:44:22,28.427,N,91.577,W,0
8/4/2008,23:46:21,28.429,N,91.582,W,0
8/4/2008,23:48:21,28.432,N,91.588,W,0
8/4/2008,23:49:57,28.434,N,91.592,W,0
8/4/2008,23:51:56,28.437,N,91.599,W,0
8/4/2008,23:53:56,28.441,N,91.607,W,0
8/4/2008,23:55:57,28.444,N,91.614,W,0
8/4/2008,23:57:57,28.447,N,91.622,W,0
8/4/2008,23:59:56,28.451,N,91.629,W,0
8/5/2008,0:01:56,28.454,N,91.636,W,0
8/5/2008,0:03:57,28.458,N,91.644,W,0
8/5/2008,0:05:57,28.461,N,91.651,W,0
8/5/2008,0:07:56,28.464,N,91.658,W,0
8/5/2008,0:09:56,28.468,N,91.666,W,0
8/5/2008,0:11:57,28.471,N,91.673,W,0
8/5/2008,0:13:57,28.474,N,91.681,W,0
8/5/2008,0:15:56,28.478,N,91.688,W,0
8/5/2008,0:17:56,28.481,N,91.695,W,0
8/5/2008,0:19:57,28.484,N,91.703,W,0
8/5/2008,0:21:56,28.488,N,91.71,W,0
8/5/2008,0:23:56,28.491,N,91.717,W,0
8/5/2008,0:25:57,28.494,N,91.725,W,0
8/5/2008,0:27:57,28.498,N,91.732,W,0
8/5/2008,0:29:56,28.501,N,91.74,W,0
8/5/2008,0:31:56,28.504,N,91.747,W,0
8/5/2008,0:33:57,28.508,N,91.754,W,0
8/5/2008,0:35:57,28.511,N,91.762,W,0
8/5/2008,0:37:56,28.515,N,91.769,W,0
8/5/2008,0:39:56,28.518,N,91.776,W,0
8/5/2008,0:41:57,28.521,N,91.784,W,0
8/5/2008,0:43:57,28.525,N,91.791,W,0
8/5/2008,0:45:56,28.528,N,91.799,W,0
8/5/2008,0:47:56,28.531,N,91.806,W,0
8/5/2008,0:49:57,28.535,N,91.813,W,0
8/5/2008,0:51:56,28.538,N,91.821,W,0
8/5/2008,0:53:56,28.541,N,91.828,W,0
8/5/2008,0:55:57,28.545,N,91.835,W,0
8/5/2008,0:57:57,28.548,N,91.843,W,0
8/5/2008,0:59:56,28.551,N,91.85,W,0
8/5/2008,1:01:56,28.555,N,91.857,W,0
8/5/2008,1:03:57,28.558,N,91.865,W,0
8/5/2008,1:05:57,28.561,N,91.872,W,0
8/5/2008,1:07:56,28.565,N,91.88,W,0
8/5/2008,1:09:56,28.568,N,91.887,W,0
8/5/2008,1:11:57,28.571,N,91.894,W,0
8/5/2008,1:13:57,28.575,N,91.902,W,0
8/5/2008,1:15:56,28.578,N,91.909,W,0
8/5/2008,1:17:56,28.581,N,91.916,W,0
8/5/2008,1:19:57,28.585,N,91.924,W,0
8/5/2008,1:21:56,28.588,N,91.931,W,0
8/5/2008,1:23:56,28.591,N,91.938,W,0
8/5/2008,1:25:57,28.595,N,91.946,W,0
8/5/2008,1:27:57,28.598,N,91.953,W,0
8/5/2008,1:29:56,28.601,N,91.96,W,0
8/5/2008,1:31:56,28.605,N,91.968,W,0
8/5/2008,1:33:57,28.608,N,91.975,W,0
8/5/2008,1:35:57,28.611,N,91.982,W,0
8/5/2008,1:37:56,28.615,N,91.99,W,0
8/5/2008,1:39:56,28.618,N,91.997,W,0
8/5/2008,1:41:57,28.621,N,92.004,W,0
8/5/2008,1:43:57,28.625,N,92.012,W,0
8/5/2008,1:45:56,28.628,N,92.019,W,0
8/5/2008,1:47:56,28.631,N,92.027,W,0
8/5/2008,1:49:57,28.635,N,92.034,W,0
8/5/2008,1:51:56,28.638,N,92.041,W,0
8/5/2008,1:53:56,28.641,N,92.049,W,0
8/5/2008,1:55:57,28.645,N,92.056,W,0
8/5/2008,1:57:57,28.648,N,92.063,W,0
8/5/2008,1:59:56,28.651,N,92.071,W,0
8/5/2008,2:01:56,28.655,N,92.078,W,0
8/5/2008,2:03:57,28.658,N,92.085,W,0
8/5/2008,2:05:57,28.661,N,92.093,W,0
8/5/2008,2:07:56,28.665,N,92.1,W,0
8/5/2008,2:09:56,28.668,N,92.107,W,0
8/5/2008,2:11:57,28.671,N,92.114,W,0
8/5/2008,2:13:57,28.675,N,92.122,W,0
8/5/2008,2:15:56,28.678,N,92.129,W,0
8/5/2008,2:17:56,28.681,N,92.136,W,0
8/5/2008,2:19:57,28.685,N,92.144,W,0
8/5/2008,2:21:56,28.688,N,92.151,W,0
8/5/2008,2:23:56,28.691,N,92.158,W,0
8/5/2008,2:25:57,28.694,N,92.166,W,0
8/5/2008,2:27:57,28.698,N,92.173,W,0
8/5/2008,2:29:56,28.701,N,92.18,W,0
8/5/2008,2:31:56,28.704,N,92.188,W,0
8/5/2008,2:33:57,28.708,N,92.195,W,0
8/5/2008,2:35:57,28.711,N,92.202,W,0
8/5/2008,2:37:56,28.714,N,92.21,W,0
8/5/2008,2:39:56,28.718,N,92.217,W,0
8/5/2008,2:41:57,28.721,N,92.224,W,0
8/5/2008,2:43:57,28.724,N,92.232,W,0
8/5/2008,2:45:56,28.728,N,92.239,W,0
8/5/2008,2:47:56,28.731,N,92.246,W,0
8/5/2008,2:49:57,28.734,N,92.253,W,0
8/5/2008,2:51:56,28.737,N,92.261,W,0
8/5/2008,2:53:56,28.741,N,92.268,W,0
8/5/2008,2:55:57,28.744,N,92.275,W,0
8/5/2008,2:57:57,28.747,N,92.283,W,0
8/5/2008,2:59:56,28.751,N,92.29,W,0
8/5/2008,3:01:56,28.754,N,92.297,W,0
8/5/2008,3:03:57,28.757,N,92.304,W,0
8/5/2008,3:05:57,28.761,N,92.312,W,0
8/5/2008,3:07:56,28.764,N,92.319,W,0
8/5/2008,3:09:56,28.767,N,92.326,W,0
8/5/2008,3:11:57,28.77,N,92.334,W,0
8/5/2008,3:13:57,28.774,N,92.341,W,0
8/5/2008,3:15:56,28.777,N,92.348,W,0
8/5/2008,3:17:56,28.78,N,92.355,W,0
8/5/2008,3:19:57,28.784,N,92.363,W,0
8/5/2008,3:21:56,28.787,N,92.37,W,0
8/5/2008,3:23:56,28.79,N,92.377,W,0
8/5/2008,3:25:57,28.793,N,92.385,W,0
8/5/2008,3:27:57,28.797,N,92.392,W,0
8/5/2008,3:29:56,28.8,N,92.399,W,0
8/5/2008,3:31:56,28.803,N,92.406,W,0
8/5/2008,3:33:57,28.807,N,92.414,W,0
8/5/2008,3:35:57,28.81,N,92.421,W,0
8/5/2008,3:37:56,28.813,N,92.428,W,0
8/5/2008,3:39:56,28.816,N,92.435,W,0
8/5/2008,3:41:57,28.82,N,92.443,W,0
8/5/2008,3:43:57,28.823,N,92.45,W,0
8/5/2008,3:45:56,28.826,N,92.457,W,0
8/5/2008,3:47:56,28.829,N,92.464,W,0
8/5/2008,3:49:57,28.833,N,92.472,W,0
8/5/2008,3:51:56,28.836,N,92.479,W,0
8/5/2008,3:53:56,28.839,N,92.486,W,0
8/5/2008,3:55:57,28.842,N,92.493,W,0
8/5/2008,3:57:57,28.846,N,92.501,W,0
8/5/2008,3:59:56,28.849,N,92.508,W,0
8/5/2008,4:01:56,28.852,N,92.515,W,0
8/5/2008,4:03:57,28.856,N,92.522,W,0
8/5/2008,4:05:57,28.859,N,92.53,W,0
8/5/2008,4:07:56,28.862,N,92.537,W,0
8/5/2008,4:09:56,28.865,N,92.544,W,0
8/5/2008,4:11:57,28.869,N,92.551,W,0
8/5/2008,4:13:57,28.872,N,92.559,W,0
8/5/2008,4:15:56,28.875,N,92.566,W,0
8/5/2008,4:17:56,28.878,N,92.573,W,0
8/5/2008,4:19:57,28.882,N,92.58,W,0
8/5/2008,4:21:56,28.885,N,92.587,W,0
8/5/2008,4:23:56,28.888,N,92.595,W,0
8/5/2008,4:25:57,28.891,N,92.602,W,0
8/5/2008,4:27:57,28.895,N,92.609,W,0
8/5/2008,4:29:56,28.898,N,92.616,W,0
8/5/2008,4:31:56,28.901,N,92.624,W,0
8/5/2008,4:33:57,28.904,N,92.631,W,0
8/5/2008,4:35:57,28.907,N,92.638,W,0
8/5/2008,4:37:56,28.911,N,92.645,W,0
8/5/2008,4:39:56,28.914,N,92.652,W,0
8/5/2008,4:41:57,28.917,N,92.66,W,0
8/5/2008,4:43:57,28.92,N,92.667,W,0
8/5/2008,4:45:56,28.924,N,92.674,W,0
8/5/2008,4:47:56,28.927,N,92.681,W,0
8/5/2008,4:49:57,28.93,N,92.688,W,0
8/5/2008,4:51:56,28.933,N,92.696,W,0
8/5/2008,4:53:56,28.937,N,92.703,W,0
8/5/2008,4:55:57,28.94,N,92.71,W,0
8/5/2008,4:57:57,28.943,N,92.717,W,0
8/5/2008,4:59:56,28.946,N,92.724,W,0
8/5/2008,5:01:56,28.949,N,92.731,W,0
8/5/2008,5:03:57,28.953,N,92.739,W,0
8/5/2008,5:05:57,28.956,N,92.746,W,0
8/5/2008,5:07:56,28.959,N,92.753,W,0
8/5/2008,5:09:56,28.962,N,92.76,W,0
8/5/2008,5:11:57,28.966,N,92.767,W,0
8/5/2008,5:13:57,28.969,N,92.775,W,0
8/5/2008,5:15:56,28.972,N,92.782,W,0
8/5/2008,5:17:56,28.975,N,92.789,W,0
8/5/2008,5:19:57,28.978,N,92.796,W,0
8/5/2008,5:21:56,28.982,N,92.803,W,0
8/5/2008,5:23:56,28.985,N,92.81,W,0
8/5/2008,5:25:57,28.988,N,92.817,W,0
8/5/2008,5:27:57,28.991,N,92.825,W,0
8/5/2008,5:29:56,28.994,N,92.832,W,0
8/5/2008,5:31:56,28.998,N,92.839,W,0
8/5/2008,5:33:57,29.001,N,92.846,W,0
8/5/2008,5:35:57,29.004,N,92.853,W,0
8/5/2008,5:37:56,29.007,N,92.86,W,0
8/5/2008,5:39:56,29.01,N,92.868,W,0
8/5/2008,5:41:57,29.014,N,92.875,W,0
8/5/2008,5:43:57,29.017,N,92.882,W,0
8/5/2008,5:45:56,29.02,N,92.889,W,0
8/5/2008,5:47:56,29.023,N,92.896,W,0
8/5/2008,5:49:57,29.026,N,92.903,W,0
8/5/2008,5:51:56,29.029,N,92.91,W,0
8/5/2008,5:53:56,29.033,N,92.917,W,0
8/5/2008,5:55:57,29.036,N,92.925,W,0
8/5/2008,5:57:57,29.039,N,92.932,W,0
8/5/2008,5:59:56,29.042,N,92.939,W,0
8/5/2008,6:01:56,29.045,N,92.946,W,0
8/5/2008,6:03:57,29.049,N,92.953,W,0
8/5/2008,6:05:57,29.052,N,92.96,W,0
8/5/2008,6:07:56,29.055,N,92.967,W,0
8/5/2008,6:09:56,29.058,N,92.974,W,0
8/5/2008,6:11:57,29.061,N,92.981,W,0
8/5/2008,6:13:57,29.064,N,92.989,W,0
8/5/2008,6:15:56,29.068,N,92.996,W,0
8/5/2008,6:17:56,29.071,N,93.003,W,0
8/5/2008,6:19:57,29.074,N,93.01,W,0
8/5/2008,6:21:56,29.077,N,93.017,W,0
8/5/2008,6:23:56,29.08,N,93.024,W,0
8/5/2008,6:25:57,29.083,N,93.031,W,0
8/5/2008,6:27:57,29.087,N,93.038,W,0
8/5/2008,6:29:56,29.09,N,93.045,W,0
8/5/2008,6:31:56,29.093,N,93.052,W,0
8/5/2008,6:33:57,29.096,N,93.06,W,0
8/5/2008,6:35:57,29.099,N,93.067,W,0
8/5/2008,6:37:56,29.102,N,93.074,W,0
8/5/2008,6:39:56,29.105,N,93.081,W,0
8/5/2008,6:41:57,29.109,N,93.088,W,0
8/5/2008,6:43:57,29.112,N,93.095,W,0
8/5/2008,6:45:56,29.115,N,93.102,W,0
8/5/2008,6:47:56,29.118,N,93.109,W,0
8/5/2008,6:49:57,29.121,N,93.116,W,0
8/5/2008,6:51:56,29.124,N,93.123,W,0
8/5/2008,6:53:56,29.128,N,93.13,W,0
8/5/2008,6:55:57,29.131,N,93.137,W,0
8/5/2008,6:57:57,29.134,N,93.145,W,0
8/5/2008,6:59:56,29.137,N,93.152,W,0
8/5/2008,7:01:56,29.14,N,93.159,W,0
8/5/2008,7:03:57,29.143,N,93.166,W,0
8/5/2008,7:05:57,29.146,N,93.173,W,0
8/5/2008,7:07:56,29.15,N,93.18,W,0
8/5/2008,7:09:56,29.153,N,93.187,W,0
8/5/2008,7:11:57,29.156,N,93.194,W,0
8/5/2008,7:13:57,29.159,N,93.201,W,0
8/5/2008,7:15:56,29.162,N,93.208,W,0
8/5/2008,7:17:56,29.165,N,93.215,W,0
8/5/2008,7:19:57,29.168,N,93.222,W,0
8/5/2008,7:21:56,29.171,N,93.229,W,0
8/5/2008,7:23:56,29.175,N,93.236,W,0
8/5/2008,7:25:57,29.178,N,93.243,W,0
8/5/2008,7:27:57,29.181,N,93.25,W,0
8/5/2008,7:29:56,29.184,N,93.257,W,0
8/5/2008,7:31:56,29.187,N,93.264,W,0
8/5/2008,7:33:57,29.19,N,93.272,W,0
8/5/2008,7:35:57,29.193,N,93.279,W,0
8/5/2008,7:37:56,29.196,N,93.286,W,0
8/5/2008,7:39:56,29.2,N,93.293,W,0
8/5/2008,7:41:57,29.203,N,93.3,W,0
8/5/2008,7:43:57,29.206,N,93.307,W,0
8/5/2008,7:45:56,29.209,N,93.314,W,0
8/5/2008,7:47:56,29.212,N,93.321,W,0
8/5/2008,7:49:57,29.215,N,93.328,W,0
8/5/2008,7:51:56,29.218,N,93.335,W,0
8/5/2008,7:53:56,29.221,N,93.342,W,0
8/5/2008,7:55:57,29.225,N,93.349,W,0
8/5/2008,7:57:57,29.228,N,93.356,W,0
8/5/2008,7:59:56,29.231,N,93.363,W,0
8/5/2008,8:01:57,29.234,N,93.37,W,0
8/5/2008,8:03:57,29.237,N,93.377,W,0
8/5/2008,8:05:57,29.24,N,93.384,W,0
8/5/2008,8:07:56,29.243,N,93.391,W,0
8/5/2008,8:09:56,29.246,N,93.398,W,0
8/5/2008,8:11:56,29.249,N,93.405,W,0
8/5/2008,8:13:56,29.252,N,93.412,W,0
8/5/2008,8:15:57,29.256,N,93.419,W,0
8/5/2008,8:17:57,29.259,N,93.426,W,0
8/5/2008,8:19:57,29.262,N,93.433,W,0
8/5/2008,8:21:56,29.265,N,93.44,W,0
8/5/2008,8:23:56,29.268,N,93.447,W,0
8/5/2008,8:25:56,29.271,N,93.454,W,0
8/5/2008,8:27:56,29.274,N,93.461,W,0
8/5/2008,8:29:57,29.277,N,93.468,W,0
8/5/2008,8:31:57,29.28,N,93.475,W,0
8/5/2008,8:33:57,29.284,N,93.482,W,0
8/5/2008,8:35:57,29.287,N,93.489,W,0
8/5/2008,8:37:56,29.29,N,93.496,W,0
8/5/2008,8:39:56,29.293,N,93.503,W,0
8/5/2008,8:41:56,29.296,N,93.51,W,0
8/5/2008,8:43:56,29.299,N,93.517,W,0
8/5/2008,8:45:57,29.302,N,93.524,W,0
8/5/2008,8:47:57,29.305,N,93.531,W,0
8/5/2008,8:49:57,29.308,N,93.538,W,0
8/5/2008,8:51:56,29.311,N,93.545,W,0
8/5/2008,8:53:56,29.314,N,93.552,W,0
8/5/2008,8:55:56,29.318,N,93.559,W,0
8/5/2008,8:57:56,29.321,N,93.566,W,0
8/5/2008,8:59:57,29.324,N,93.573,W,0
8/5/2008,9:01:57,29.327,N,93.58,W,0
8/5/2008,9:03:57,29.33,N,93.587,W,0
8/5/2008,9:05:57,29.333,N,93.594,W,0
8/5/2008,9:07:56,29.336,N,93.601,W,0
8/5/2008,9:09:56,29.339,N,93.608,W,0
8/5/2008,9:11:56,29.342,N,93.615,W,0
8/5/2008,9:13:56,29.345,N,93.622,W,0
8/5/2008,9:15:57,29.348,N,93.629,W,0
8/5/2008,9:17:57,29.351,N,93.636,W,0
8/5/2008,9:19:57,29.355,N,93.643,W,0
8/5/2008,9:21:56,29.358,N,93.65,W,0
8/5/2008,9:23:56,29.361,N,93.657,W,0
8/5/2008,9:25:56,29.364,N,93.664,W,0
8/5/2008,9:27:56,29.367,N,93.671,W,0
8/5/2008,9:29:57,29.37,N,93.678,W,0
8/5/2008,9:31:57,29.373,N,93.685,W,0
8/5/2008,9:33:57,29.376,N,93.692,W,0
8/5/2008,9:35:57,29.379,N,93.699,W,0
8/5/2008,9:37:56,29.382,N,93.706,W,0
8/5/2008,9:39:56,29.385,N,93.713,W,0
8/5/2008,9:41:56,29.388,N,93.72,W,0
8/5/2008,9:43:56,29.392,N,93.727,W,0
8/5/2008,9:45:57,29.395,N,93.734,W,0
8/5/2008,9:47:57,29.398,N,93.741,W,0
8/5/2008,9:49:57,29.401,N,93.748,W,0
8/5/2008,9:51:56,29.404,N,93.755,W,0
8/5/2008,9:53:56,29.407,N,93.762,W,0
8/5/2008,9:55:56,29.41,N,93.769,W,0
8/5/2008,9:57:56,29.413,N,93.776,W,0
8/5/2008,9:59:57,29.416,N,93.783,W,0
8/5/2008,10:01:57,29.419,N,93.79,W,0
8/5/2008,10:03:57,29.422,N,93.796,W,0
8/5/2008,10:05:57,29.425,N,93.803,W,0
8/5/2008,10:07:56,29.428,N,93.81,W,0
8/5/2008,10:09:56,29.431,N,93.817,W,0
8/5/2008,10:11:56,29.435,N,93.824,W,0
8/5/2008,10:13:56,29.438,N,93.831,W,0
8/5/2008,10:15:57,29.441,N,93.838,W,0
8/5/2008,10:17:57,29.444,N,93.845,W,0
8/5/2008,10:19:57,29.447,N,93.852,W,0
8/5/2008,10:21:56,29.45,N,93.859,W,0
8/5/2008,10:23:56,29.453,N,93.866,W,0
8/5/2008,10:25:56,29.456,N,93.873,W,0
8/5/2008,10:27:56,29.459,N,93.88,W,0
8/5/2008,10:29:57,29.462,N,93.887,W,0
8/5/2008,10:31:57,29.465,N,93.894,W,0
8/5/2008,10:33:57,29.468,N,93.901,W,0
8/5/2008,10:35:57,29.471,N,93.908,W,0
8/5/2008,10:37:56,29.474,N,93.915,W,0
8/5/2008,10:39:56,29.477,N,93.922,W,0
8/5/2008,10:41:56,29.481,N,93.929,W,0
8/5/2008,10:43:56,29.484,N,93.936,W,0
8/5/2008,10:45:57,29.487,N,93.943,W,0
8/5/2008,10:47:57,29.49,N,93.95,W,0
8/5/2008,10:49:57,29.493,N,93.957,W,0
8/5/2008,10:51:56,29.496,N,93.964,W,0
8/5/2008,10:53:56,29.499,N,93.97,W,0
8/5/2008,10:55:56,29.502,N,93.977,W,0
8/5/2008,10:57:56,29.505,N,93.984,W,0
8/5/2008,10:59:57,29.508,N,93.991,W,0
8/5/2008,11:01:57,29.511,N,93.998,W,0
8/5/2008,11:03:57,29.514,N,94.005,W,0
8/5/2008,11:05:57,29.517,N,94.012,W,0
8/5/2008,11:07:56,29.52,N,94.019,W,0
8/5/2008,11:09:56,29.523,N,94.026,W,0
8/5/2008,11:11:56,29.526,N,94.033,W,0
8/5/2008,11:13:56,29.53,N,94.04,W,0
8/5/2008,11:15:57,29.533,N,94.047,W,0
8/5/2008,11:17:57,29.536,N,94.054,W,0
8/5/2008,11:19:57,29.539,N,94.061,W,0
8/5/2008,11:21:56,29.542,N,94.068,W,0
8/5/2008,11:23:56,29.545,N,94.075,W,0
8/5/2008,11:25:56,29.548,N,94.082,W,0
8/5/2008,11:27:56,29.551,N,94.089,W,0
8/5/2008,11:29:57,29.554,N,94.096,W,0
8/5/2008,11:31:57,29.557,N,94.103,W,0
8/5/2008,11:33:57,29.56,N,94.109,W,0
8/5/2008,11:35:57,29.563,N,94.116,W,0
8/5/2008,11:37:56,29.566,N,94.123,W,0
8/5/2008,11:39:56,29.569,N,94.13,W,0
8/5/2008,11:41:56,29.572,N,94.137,W,0
8/5/2008,11:43:56,29.575,N,94.144,W,0
8/5/2008,11:45:57,29.579,N,94.151,W,0
8/5/2008,11:47:57,29.582,N,94.158,W,0
8/5/2008,11:49:57,29.585,N,94.165,W,0
8/5/2008,11:51:56,29.588,N,94.172,W,0
8/5/2008,11:53:56,29.591,N,94.179,W,0
8/5/2008,11:55:56,29.594,N,94.186,W,0
8/5/2008,11:57:56,29.597,N,94.193,W,0
8/5/2008,11:59:57,29.6,N,94.2,W,0
