Track,for,Fay,2002,,,
Date,Time,(UTC),Latitude,Longitude,,Category
MM/DD/Year,HH:MM:SS,(deg),(deg),,,
9/5/2002,15:59:20,28.057,N,93.851,W,0
9/5/2002,16:01:20,28.057,N,93.843,W,0
9/5/2002,16:03:21,28.056,N,93.836,W,0
9/5/2002,16:05:20,28.055,N,93.829,W,0
9/5/2002,16:07:20,28.054,N,93.822,W,0
9/5/2002,16:09:21,28.053,N,93.815,W,0
9/5/2002,16:11:21,28.053,N,93.808,W,0
9/5/2002,16:13:20,28.052,N,93.8,W,0
9/5/2002,16:15:20,28.051,N,93.793,W,0
9/5/2002,16:17:21,28.05,N,93.786,W,0
9/5/2002,16:19:21,28.05,N,93.779,W,0
9/5/2002,16:21:20,28.049,N,93.772,W,0
9/5/2002,16:23:20,28.048,N,93.765,W,0
9/5/2002,16:25:21,28.047,N,93.758,W,0
9/5/2002,16:27:21,28.047,N,93.751,W,0
9/5/2002,16:29:20,28.046,N,93.744,W,0
9/5/2002,16:31:20,28.045,N,93.738,W,0
9/5/2002,16:33:21,28.044,N,93.731,W,0
9/5/2002,16:35:20,28.043,N,93.724,W,0
9/5/2002,16:37:20,28.043,N,93.718,W,0
9/5/2002,16:39:21,28.042,N,93.712,W,0
9/5/2002,16:41:21,28.041,N,93.705,W,0
9/5/2002,16:43:20,28.04,N,93.699,W,0
9/5/2002,16:45:20,28.039,N,93.693,W,0
9/5/2002,16:47:21,28.039,N,93.687,W,0
9/5/2002,16:49:21,28.038,N,93.681,W,0
9/5/2002,16:51:20,28.037,N,93.675,W,0
9/5/2002,16:53:20,28.036,N,93.67,W,0
9/5/2002,16:55:21,28.035,N,93.664,W,0
9/5/2002,16:57:21,28.034,N,93.659,W,0
9/5/2002,16:59:20,28.033,N,93.654,W,0
9/5/2002,17:01:20,28.033,N,93.649,W,0
9/5/2002,17:03:21,28.032,N,93.644,W,0
9/5/2002,17:05:20,28.031,N,93.639,W,0
9/5/2002,17:07:20,28.03,N,93.634,W,0
9/5/2002,17:09:21,28.029,N,93.63,W,0
9/5/2002,17:11:21,28.028,N,93.626,W,0
9/5/2002,17:13:20,28.027,N,93.622,W,0
9/5/2002,17:15:20,28.026,N,93.618,W,0
9/5/2002,17:17:21,28.025,N,93.614,W,0
9/5/2002,17:19:21,28.025,N,93.611,W,0
9/5/2002,17:21:20,28.024,N,93.608,W,0
9/5/2002,17:23:20,28.023,N,93.605,W,0
9/5/2002,17:25:21,28.022,N,93.602,W,0
9/5/2002,17:27:21,28.021,N,93.599,W,0
9/5/2002,17:29:20,28.02,N,93.597,W,0
9/5/2002,17:31:20,28.019,N,93.595,W,0
9/5/2002,17:33:21,28.018,N,93.593,W,0
9/5/2002,17:35:20,28.017,N,93.592,W,0
9/5/2002,17:37:20,28.016,N,93.59,W,0
9/5/2002,17:39:21,28.015,N,93.589,W,0
9/5/2002,17:41:21,28.014,N,93.588,W,0
9/5/2002,17:43:20,28.012,N,93.588,W,0
9/5/2002,17:45:20,28.011,N,93.587,W,0
9/5/2002,17:47:21,28.01,N,93.587,W,0
9/5/2002,17:49:21,28.009,N,93.588,W,0
9/5/2002,17:51:20,28.008,N,93.588,W,0
9/5/2002,17:53:20,28.007,N,93.589,W,0
9/5/2002,17:55:21,28.006,N,93.59,W,0
9/5/2002,17:57:21,28.005,N,93.592,W,0
9/5/2002,17:59:20,28.003,N,93.594,W,0
9/5/2002,18:01:20,28.002,N,93.596,W,0
9/5/2002,18:03:21,28.001,N,93.598,W,0
9/5/2002,18:05:20,28,N,93.601,W,0
9/5/2002,18:07:20,27.999,N,93.604,W,0
9/5/2002,18:09:21,27.997,N,93.608,W,0
9/5/2002,18:11:21,27.996,N,93.612,W,0
9/5/2002,18:13:20,27.995,N,93.616,W,0
9/5/2002,18:15:20,27.993,N,93.62,W,0
9/5/2002,18:17:21,27.992,N,93.625,W,0
9/5/2002,18:19:21,27.991,N,93.631,W,0
9/5/2002,18:21:20,27.989,N,93.636,W,0
9/5/2002,18:23:20,27.988,N,93.642,W,0
9/5/2002,18:25:21,27.987,N,93.649,W,0
9/5/2002,18:27:21,27.985,N,93.656,W,0
9/5/2002,18:29:20,27.984,N,93.663,W,0
9/5/2002,18:31:20,27.982,N,93.67,W,0
9/5/2002,18:33:21,27.981,N,93.678,W,0
9/5/2002,18:35:20,27.979,N,93.687,W,0
9/5/2002,18:37:20,27.978,N,93.696,W,0
9/5/2002,18:39:21,27.976,N,93.705,W,0
9/5/2002,18:41:21,27.975,N,93.715,W,0
9/5/2002,18:43:20,27.973,N,93.725,W,0
9/5/2002,18:45:20,27.972,N,93.736,W,0
9/5/2002,18:47:21,27.97,N,93.747,W,0
9/5/2002,18:49:21,27.969,N,93.758,W,0
9/5/2002,18:51:20,27.967,N,93.77,W,0
9/5/2002,18:53:20,27.965,N,93.783,W,0
9/5/2002,18:55:21,27.964,N,93.796,W,0
9/5/2002,18:55:59,27.963,N,93.8,W,0
9/5/2002,18:58:00,27.962,N,93.804,W,0
9/5/2002,19:00:00,27.96,N,93.809,W,0
9/5/2002,19:01:59,27.959,N,93.813,W,0
9/5/2002,19:04:00,27.958,N,93.817,W,0
9/5/2002,19:06:00,27.957,N,93.82,W,0
9/5/2002,19:07:59,27.955,N,93.824,W,0
9/5/2002,19:09:59,27.954,N,93.828,W,0
9/5/2002,19:12:00,27.953,N,93.831,W,0
9/5/2002,19:14:00,27.952,N,93.835,W,0
9/5/2002,19:15:59,27.951,N,93.838,W,0
9/5/2002,19:17:59,27.949,N,93.841,W,0
9/5/2002,19:20:00,27.948,N,93.844,W,0
9/5/2002,19:22:00,27.947,N,93.846,W,0
9/5/2002,19:23:59,27.946,N,93.849,W,0
9/5/2002,19:25:59,27.945,N,93.851,W,0
9/5/2002,19:28:00,27.944,N,93.854,W,0
9/5/2002,19:30:00,27.942,N,93.856,W,0
9/5/2002,19:31:59,27.941,N,93.858,W,0
9/5/2002,19:34:00,27.94,N,93.86,W,0
9/5/2002,19:36:00,27.939,N,93.861,W,0
9/5/2002,19:37:59,27.938,N,93.863,W,0
9/5/2002,19:39:59,27.937,N,93.864,W,0
9/5/2002,19:42:00,27.936,N,93.865,W,0
9/5/2002,19:44:00,27.935,N,93.866,W,0
9/5/2002,19:45:59,27.934,N,93.867,W,0
9/5/2002,19:47:59,27.933,N,93.867,W,0
9/5/2002,19:50:00,27.932,N,93.868,W,0
9/5/2002,19:52:00,27.931,N,93.868,W,0
9/5/2002,19:53:59,27.93,N,93.868,W,0
9/5/2002,19:55:59,27.929,N,93.867,W,0
9/5/2002,19:58:00,27.928,N,93.867,W,0
9/5/2002,20:00:00,27.927,N,93.866,W,0
9/5/2002,20:01:59,27.926,N,93.866,W,0
9/5/2002,20:04:00,27.925,N,93.864,W,0
9/5/2002,20:06:00,27.924,N,93.863,W,0
9/5/2002,20:07:59,27.923,N,93.862,W,0
9/5/2002,20:09:59,27.922,N,93.86,W,0
9/5/2002,20:12:00,27.921,N,93.858,W,0
9/5/2002,20:14:00,27.92,N,93.856,W,0
9/5/2002,20:15:59,27.919,N,93.853,W,0
9/5/2002,20:17:59,27.918,N,93.851,W,0
9/5/2002,20:20:00,27.918,N,93.848,W,0
9/5/2002,20:22:00,27.917,N,93.845,W,0
9/5/2002,20:23:59,27.916,N,93.841,W,0
9/5/2002,20:25:59,27.915,N,93.838,W,0
9/5/2002,20:28:00,27.914,N,93.834,W,0
9/5/2002,20:30:00,27.914,N,93.83,W,0
9/5/2002,20:31:59,27.913,N,93.826,W,0
9/5/2002,20:34:00,27.912,N,93.821,W,0
9/5/2002,20:36:00,27.911,N,93.816,W,0
9/5/2002,20:37:59,27.911,N,93.811,W,0
9/5/2002,20:39:59,27.91,N,93.806,W,0
9/5/2002,20:42:00,27.909,N,93.801,W,0
9/5/2002,20:44:00,27.909,N,93.795,W,0
9/5/2002,20:45:59,27.908,N,93.789,W,0
9/5/2002,20:47:59,27.907,N,93.783,W,0
9/5/2002,20:50:00,27.907,N,93.777,W,0
9/5/2002,20:52:00,27.906,N,93.771,W,0
9/5/2002,20:53:59,27.906,N,93.764,W,0
9/5/2002,20:55:59,27.905,N,93.757,W,0
9/5/2002,20:58:00,27.904,N,93.75,W,0
9/5/2002,21:00:00,27.904,N,93.743,W,0
9/5/2002,21:01:59,27.903,N,93.736,W,0
9/5/2002,21:04:00,27.903,N,93.729,W,0
9/5/2002,21:06:00,27.902,N,93.721,W,0
9/5/2002,21:07:59,27.902,N,93.713,W,0
9/5/2002,21:09:59,27.901,N,93.706,W,0
9/5/2002,21:12:00,27.9,N,93.698,W,0
9/5/2002,21:14:00,27.9,N,93.69,W,0
9/5/2002,21:15:59,27.899,N,93.681,W,0
9/5/2002,21:17:59,27.899,N,93.673,W,0
9/5/2002,21:20:00,27.898,N,93.665,W,0
9/5/2002,21:22:00,27.898,N,93.656,W,0
9/5/2002,21:23:59,27.897,N,93.648,W,0
9/5/2002,21:25:59,27.897,N,93.639,W,0
9/5/2002,21:28:00,27.896,N,93.63,W,0
9/5/2002,21:30:00,27.896,N,93.621,W,0
9/5/2002,21:31:59,27.896,N,93.613,W,0
9/5/2002,21:34:00,27.895,N,93.604,W,0
9/5/2002,21:36:00,27.895,N,93.594,W,0
9/5/2002,21:37:59,27.894,N,93.585,W,0
9/5/2002,21:39:59,27.894,N,93.576,W,0
9/5/2002,21:42:00,27.893,N,93.567,W,0
9/5/2002,21:44:00,27.893,N,93.558,W,0
9/5/2002,21:45:59,27.892,N,93.548,W,0
9/5/2002,21:47:59,27.892,N,93.539,W,0
9/5/2002,21:50:00,27.892,N,93.53,W,0
9/5/2002,21:52:00,27.891,N,93.52,W,0
9/5/2002,21:53:59,27.891,N,93.511,W,0
9/5/2002,21:55:59,27.89,N,93.502,W,0
9/5/2002,21:58:00,27.89,N,93.492,W,0
9/5/2002,22:00:00,27.889,N,93.483,W,0
9/5/2002,22:01:59,27.889,N,93.473,W,0
9/5/2002,22:04:00,27.889,N,93.464,W,0
9/5/2002,22:06:00,27.888,N,93.454,W,0
9/5/2002,22:07:59,27.888,N,93.445,W,0
9/5/2002,22:09:59,27.887,N,93.436,W,0
9/5/2002,22:12:00,27.887,N,93.427,W,0
9/5/2002,22:14:00,27.886,N,93.417,W,0
9/5/2002,22:15:59,27.886,N,93.408,W,0
9/5/2002,22:17:59,27.886,N,93.399,W,0
9/5/2002,22:20:00,27.885,N,93.39,W,0
9/5/2002,22:22:00,27.885,N,93.381,W,0
9/5/2002,22:23:59,27.884,N,93.372,W,0
9/5/2002,22:25:59,27.884,N,93.363,W,0
9/5/2002,22:28:00,27.883,N,93.354,W,0
9/5/2002,22:30:00,27.883,N,93.345,W,0
9/5/2002,22:31:59,27.882,N,93.336,W,0
9/5/2002,22:34:00,27.882,N,93.328,W,0
9/5/2002,22:36:00,27.881,N,93.319,W,0
9/5/2002,22:37:59,27.881,N,93.311,W,0
9/5/2002,22:39:59,27.881,N,93.303,W,0
9/5/2002,22:42:00,27.88,N,93.295,W,0
9/5/2002,22:44:00,27.88,N,93.287,W,0
9/5/2002,22:45:59,27.879,N,93.279,W,0
9/5/2002,22:47:59,27.879,N,93.271,W,0
9/5/2002,22:50:00,27.878,N,93.263,W,0
9/5/2002,22:52:00,27.878,N,93.256,W,0
9/5/2002,22:53:59,27.877,N,93.248,W,0
9/5/2002,22:55:59,27.876,N,93.241,W,0
9/5/2002,22:58:00,27.876,N,93.234,W,0
9/5/2002,23:00:00,27.875,N,93.227,W,0
9/5/2002,23:01:59,27.875,N,93.22,W,0
9/5/2002,23:04:00,27.874,N,93.214,W,0
9/5/2002,23:06:00,27.874,N,93.207,W,0
9/5/2002,23:07:59,27.873,N,93.201,W,0
9/5/2002,23:09:59,27.873,N,93.195,W,0
9/5/2002,23:12:00,27.872,N,93.189,W,0
9/5/2002,23:14:00,27.871,N,93.184,W,0
9/5/2002,23:15:59,27.871,N,93.178,W,0
9/5/2002,23:17:59,27.87,N,93.173,W,0
9/5/2002,23:20:00,27.869,N,93.168,W,0
9/5/2002,23:22:00,27.869,N,93.163,W,0
9/5/2002,23:23:59,27.868,N,93.158,W,0
9/5/2002,23:25:59,27.867,N,93.154,W,0
9/5/2002,23:28:00,27.867,N,93.15,W,0
9/5/2002,23:30:00,27.866,N,93.145,W,0
9/5/2002,23:31:59,27.865,N,93.141,W,0
9/5/2002,23:34:00,27.865,N,93.137,W,0
9/5/2002,23:36:00,27.864,N,93.134,W,0
9/5/2002,23:37:59,27.863,N,93.13,W,0
9/5/2002,23:39:59,27.862,N,93.127,W,0
9/5/2002,23:42:00,27.862,N,93.124,W,0
9/5/2002,23:44:00,27.861,N,93.121,W,0
9/5/2002,23:45:59,27.86,N,93.118,W,0
9/5/2002,23:47:59,27.859,N,93.115,W,0
9/5/2002,23:50:00,27.859,N,93.112,W,0
9/5/2002,23:52:00,27.858,N,93.11,W,0
9/5/2002,23:53:59,27.857,N,93.107,W,0
9/5/2002,23:55:59,27.856,N,93.105,W,0
9/5/2002,23:58:00,27.855,N,93.103,W,0
9/6/2002,0:00:00,27.855,N,93.101,W,0
9/6/2002,0:01:59,27.854,N,93.099,W,0
9/6/2002,0:04:00,27.853,N,93.098,W,0
9/6/2002,0:06:00,27.852,N,93.096,W,0
9/6/2002,0:06:23,27.852,N,93.096,W,0
9/6/2002,0:08:23,27.85,N,93.095,W,0
9/6/2002,0:10:24,27.847,N,93.095,W,0
9/6/2002,0:12:24,27.845,N,93.094,W,0
9/6/2002,0:14:23,27.843,N,93.093,W,0
9/6/2002,0:16:23,27.84,N,93.093,W,0
9/6/2002,0:18:24,27.838,N,93.092,W,0
9/6/2002,0:20:24,27.836,N,93.092,W,0
9/6/2002,0:22:23,27.834,N,93.091,W,0
9/6/2002,0:24:23,27.832,N,93.091,W,0
9/6/2002,0:26:24,27.83,N,93.091,W,0
9/6/2002,0:28:24,27.828,N,93.091,W,0
9/6/2002,0:30:23,27.826,N,93.091,W,0
9/6/2002,0:32:24,27.824,N,93.091,W,0
9/6/2002,0:34:24,27.822,N,93.091,W,0
9/6/2002,0:36:23,27.821,N,93.091,W,0
9/6/2002,0:38:23,27.819,N,93.091,W,0
9/6/2002,0:40:24,27.817,N,93.091,W,0
9/6/2002,0:42:24,27.816,N,93.091,W,0
9/6/2002,0:44:23,27.814,N,93.091,W,0
9/6/2002,0:46:23,27.813,N,93.092,W,0
9/6/2002,0:48:24,27.811,N,93.092,W,0
9/6/2002,0:50:24,27.81,N,93.093,W,0
9/6/2002,0:52:23,27.808,N,93.093,W,0
9/6/2002,0:54:23,27.807,N,93.094,W,0
9/6/2002,0:56:24,27.806,N,93.095,W,0
9/6/2002,0:58:24,27.805,N,93.095,W,0
9/6/2002,1:00:23,27.804,N,93.096,W,0
9/6/2002,1:02:24,27.803,N,93.097,W,0
9/6/2002,1:04:24,27.802,N,93.098,W,0
9/6/2002,1:06:23,27.801,N,93.099,W,0
9/6/2002,1:08:23,27.801,N,93.1,W,0
9/6/2002,1:10:24,27.8,N,93.101,W,0
9/6/2002,1:12:24,27.799,N,93.102,W,0
9/6/2002,1:14:23,27.799,N,93.104,W,0
9/6/2002,1:16:23,27.798,N,93.105,W,0
9/6/2002,1:18:24,27.798,N,93.106,W,0
9/6/2002,1:20:24,27.798,N,93.108,W,0
9/6/2002,1:22:23,27.797,N,93.109,W,0
9/6/2002,1:24:23,27.797,N,93.111,W,0
9/6/2002,1:26:24,27.797,N,93.112,W,0
9/6/2002,1:28:24,27.797,N,93.114,W,0
9/6/2002,1:30:23,27.797,N,93.116,W,0
9/6/2002,1:32:24,27.797,N,93.117,W,0
9/6/2002,1:34:24,27.797,N,93.119,W,0
9/6/2002,1:36:23,27.797,N,93.121,W,0
9/6/2002,1:38:23,27.798,N,93.123,W,0
9/6/2002,1:40:24,27.798,N,93.125,W,0
9/6/2002,1:42:24,27.798,N,93.127,W,0
9/6/2002,1:44:23,27.799,N,93.129,W,0
9/6/2002,1:46:23,27.799,N,93.131,W,0
9/6/2002,1:48:24,27.8,N,93.133,W,0
9/6/2002,1:50:24,27.8,N,93.135,W,0
9/6/2002,1:52:23,27.801,N,93.137,W,0
9/6/2002,1:52:55,27.801,N,93.138,W,0
9/6/2002,1:54:54,27.801,N,93.139,W,0
9/6/2002,1:56:54,27.801,N,93.141,W,0
9/6/2002,1:58:55,27.801,N,93.143,W,0
9/6/2002,2:00:55,27.801,N,93.144,W,0
9/6/2002,2:02:54,27.801,N,93.146,W,0
9/6/2002,2:04:54,27.801,N,93.148,W,0
9/6/2002,2:06:55,27.801,N,93.149,W,0
9/6/2002,2:08:54,27.801,N,93.151,W,0
9/6/2002,2:10:54,27.801,N,93.153,W,0
9/6/2002,2:12:55,27.801,N,93.155,W,0
9/6/2002,2:14:55,27.802,N,93.157,W,0
9/6/2002,2:16:54,27.802,N,93.159,W,0
9/6/2002,2:18:54,27.803,N,93.161,W,0
9/6/2002,2:20:55,27.803,N,93.163,W,0
9/6/2002,2:22:55,27.804,N,93.165,W,0
9/6/2002,2:24:54,27.804,N,93.167,W,0
9/6/2002,2:26:54,27.805,N,93.169,W,0
9/6/2002,2:28:55,27.805,N,93.171,W,0
9/6/2002,2:30:55,27.806,N,93.174,W,0
9/6/2002,2:32:54,27.807,N,93.176,W,0
9/6/2002,2:34:54,27.808,N,93.178,W,0
9/6/2002,2:36:55,27.809,N,93.181,W,0
9/6/2002,2:38:54,27.81,N,93.183,W,0
9/6/2002,2:40:54,27.811,N,93.186,W,0
9/6/2002,2:42:55,27.812,N,93.189,W,0
9/6/2002,2:44:55,27.813,N,93.191,W,0
9/6/2002,2:46:54,27.814,N,93.194,W,0
9/6/2002,2:48:54,27.816,N,93.197,W,0
9/6/2002,2:50:55,27.817,N,93.2,W,0
9/6/2002,2:52:55,27.819,N,93.203,W,0
9/6/2002,2:54:54,27.82,N,93.206,W,0
9/6/2002,2:56:54,27.822,N,93.209,W,0
9/6/2002,2:58:55,27.823,N,93.212,W,0
9/6/2002,3:00:55,27.825,N,93.215,W,0
9/6/2002,3:02:54,27.827,N,93.218,W,0
9/6/2002,3:04:54,27.829,N,93.221,W,0
9/6/2002,3:06:55,27.831,N,93.225,W,0
9/6/2002,3:08:54,27.833,N,93.228,W,0
9/6/2002,3:10:54,27.835,N,93.232,W,0
9/6/2002,3:12:55,27.837,N,93.235,W,0
9/6/2002,3:14:55,27.839,N,93.239,W,0
9/6/2002,3:16:54,27.841,N,93.243,W,0
9/6/2002,3:18:54,27.844,N,93.246,W,0
9/6/2002,3:20:55,27.846,N,93.25,W,0
9/6/2002,3:22:55,27.849,N,93.254,W,0
9/6/2002,3:24:54,27.851,N,93.258,W,0
9/6/2002,3:26:54,27.854,N,93.262,W,0
9/6/2002,3:28:55,27.857,N,93.266,W,0
9/6/2002,3:30:55,27.86,N,93.27,W,0
9/6/2002,3:32:54,27.863,N,93.275,W,0
9/6/2002,3:34:54,27.866,N,93.279,W,0
9/6/2002,3:36:55,27.869,N,93.283,W,0
9/6/2002,3:38:54,27.872,N,93.288,W,0
9/6/2002,3:40:54,27.875,N,93.292,W,0
9/6/2002,3:42:55,27.879,N,93.297,W,0
9/6/2002,3:44:55,27.882,N,93.302,W,0
9/6/2002,3:46:54,27.886,N,93.307,W,0
9/6/2002,3:48:54,27.889,N,93.311,W,0
9/6/2002,3:50:55,27.893,N,93.316,W,0
9/6/2002,3:52:55,27.897,N,93.321,W,0
9/6/2002,3:54:54,27.901,N,93.326,W,0
9/6/2002,3:56:54,27.905,N,93.332,W,0
9/6/2002,3:58:55,27.909,N,93.337,W,0
9/6/2002,4:00:55,27.913,N,93.342,W,0
9/6/2002,4:02:54,27.918,N,93.348,W,0
9/6/2002,4:04:27,27.921,N,93.352,W,0
9/6/2002,4:06:27,27.923,N,93.355,W,0
9/6/2002,4:08:26,27.924,N,93.358,W,0
9/6/2002,4:10:26,27.926,N,93.361,W,0
9/6/2002,4:12:27,27.927,N,93.364,W,0
9/6/2002,4:14:26,27.929,N,93.368,W,0
9/6/2002,4:16:26,27.93,N,93.371,W,0
9/6/2002,4:18:27,27.932,N,93.374,W,0
9/6/2002,4:20:27,27.933,N,93.377,W,0
9/6/2002,4:22:26,27.935,N,93.38,W,0
9/6/2002,4:24:26,27.936,N,93.383,W,0
9/6/2002,4:26:27,27.937,N,93.386,W,0
9/6/2002,4:28:27,27.939,N,93.389,W,0
9/6/2002,4:30:26,27.94,N,93.392,W,0
9/6/2002,4:32:26,27.942,N,93.395,W,0
9/6/2002,4:34:27,27.943,N,93.398,W,0
9/6/2002,4:36:27,27.944,N,93.401,W,0
9/6/2002,4:38:26,27.946,N,93.404,W,0
9/6/2002,4:40:26,27.947,N,93.407,W,0
9/6/2002,4:42:27,27.948,N,93.41,W,0
9/6/2002,4:44:26,27.949,N,93.413,W,0
9/6/2002,4:46:26,27.951,N,93.416,W,0
9/6/2002,4:48:27,27.952,N,93.419,W,0
9/6/2002,4:50:27,27.953,N,93.422,W,0
9/6/2002,4:52:26,27.954,N,93.425,W,0
9/6/2002,4:54:26,27.956,N,93.428,W,0
9/6/2002,4:56:27,27.957,N,93.431,W,0
9/6/2002,4:58:27,27.958,N,93.434,W,0
9/6/2002,5:00:26,27.959,N,93.437,W,0
9/6/2002,5:02:26,27.96,N,93.44,W,0
9/6/2002,5:04:27,27.961,N,93.442,W,0
9/6/2002,5:06:27,27.963,N,93.445,W,0
9/6/2002,5:08:26,27.964,N,93.448,W,0
9/6/2002,5:10:26,27.965,N,93.451,W,0
9/6/2002,5:12:27,27.966,N,93.454,W,0
9/6/2002,5:14:26,27.967,N,93.457,W,0
9/6/2002,5:16:26,27.968,N,93.46,W,0
9/6/2002,5:18:27,27.969,N,93.463,W,0
9/6/2002,5:20:27,27.97,N,93.465,W,0
9/6/2002,5:22:26,27.971,N,93.468,W,0
9/6/2002,5:24:26,27.972,N,93.471,W,0
9/6/2002,5:26:27,27.973,N,93.474,W,0
9/6/2002,5:28:27,27.973,N,93.477,W,0
9/6/2002,5:30:26,27.974,N,93.479,W,0
9/6/2002,5:32:26,27.975,N,93.482,W,0
9/6/2002,5:34:27,27.976,N,93.485,W,0
9/6/2002,5:36:27,27.977,N,93.488,W,0
9/6/2002,5:38:26,27.978,N,93.49,W,0
9/6/2002,5:40:26,27.978,N,93.493,W,0
9/6/2002,5:42:27,27.979,N,93.496,W,0
9/6/2002,5:44:26,27.98,N,93.498,W,0
9/6/2002,5:46:26,27.981,N,93.501,W,0
9/6/2002,5:48:27,27.981,N,93.504,W,0
9/6/2002,5:50:27,27.982,N,93.507,W,0
9/6/2002,5:52:26,27.983,N,93.509,W,0
9/6/2002,5:54:26,27.983,N,93.512,W,0
9/6/2002,5:56:27,27.984,N,93.515,W,0
9/6/2002,5:58:27,27.984,N,93.517,W,0
9/6/2002,6:00:26,27.985,N,93.52,W,0
9/6/2002,6:02:26,27.985,N,93.522,W,0
9/6/2002,6:04:27,27.986,N,93.525,W,0
9/6/2002,6:06:27,27.986,N,93.528,W,0
9/6/2002,6:08:26,27.987,N,93.53,W,0
9/6/2002,6:10:26,27.987,N,93.533,W,0
9/6/2002,6:12:27,27.988,N,93.535,W,0
9/6/2002,6:14:26,27.988,N,93.538,W,0
9/6/2002,6:16:26,27.989,N,93.54,W,0
9/6/2002,6:18:27,27.989,N,93.543,W,0
9/6/2002,6:20:27,27.989,N,93.545,W,0
9/6/2002,6:22:26,27.99,N,93.548,W,0
9/6/2002,6:24:26,27.99,N,93.55,W,0
9/6/2002,6:26:27,27.99,N,93.553,W,0
9/6/2002,6:28:27,27.99,N,93.555,W,0
9/6/2002,6:30:26,27.991,N,93.558,W,0
9/6/2002,6:32:26,27.991,N,93.56,W,0
9/6/2002,6:34:27,27.991,N,93.563,W,0
9/6/2002,6:36:27,27.991,N,93.565,W,0
9/6/2002,6:38:26,27.991,N,93.568,W,0
9/6/2002,6:40:26,27.991,N,93.57,W,0
9/6/2002,6:42:27,27.992,N,93.573,W,0
9/6/2002,6:44:26,27.992,N,93.575,W,0
9/6/2002,6:46:26,27.992,N,93.577,W,0
9/6/2002,6:48:27,27.992,N,93.58,W,0
9/6/2002,6:50:27,27.992,N,93.582,W,0
9/6/2002,6:52:26,27.992,N,93.585,W,0
9/6/2002,6:54:26,27.992,N,93.587,W,0
9/6/2002,6:56:27,27.992,N,93.59,W,0
9/6/2002,6:58:27,27.992,N,93.592,W,0
9/6/2002,7:00:26,27.992,N,93.594,W,0
9/6/2002,7:02:26,27.992,N,93.597,W,0
9/6/2002,7:04:27,27.992,N,93.599,W,0
9/6/2002,7:06:27,27.991,N,93.602,W,0
9/6/2002,7:08:26,27.991,N,93.604,W,0
9/6/2002,7:10:26,27.991,N,93.606,W,0
9/6/2002,7:12:27,27.991,N,93.609,W,0
9/6/2002,7:14:26,27.991,N,93.611,W,0
9/6/2002,7:16:26,27.991,N,93.614,W,0
9/6/2002,7:18:27,27.99,N,93.616,W,0
9/6/2002,7:20:27,27.99,N,93.618,W,0
9/6/2002,7:22:26,27.99,N,93.621,W,0
9/6/2002,7:24:26,27.99,N,93.623,W,0
9/6/2002,7:26:27,27.989,N,93.626,W,0
9/6/2002,7:28:27,27.989,N,93.628,W,0
9/6/2002,7:30:26,27.989,N,93.63,W,0
9/6/2002,7:32:26,27.989,N,93.633,W,0
9/6/2002,7:34:27,27.988,N,93.635,W,0
9/6/2002,7:36:27,27.988,N,93.638,W,0
9/6/2002,7:38:26,27.987,N,93.64,W,0
9/6/2002,7:40:26,27.987,N,93.642,W,0
9/6/2002,7:42:27,27.987,N,93.645,W,0
9/6/2002,7:44:26,27.986,N,93.647,W,0
9/6/2002,7:46:26,27.986,N,93.65,W,0
9/6/2002,7:48:27,27.985,N,93.652,W,0
9/6/2002,7:50:27,27.985,N,93.655,W,0
9/6/2002,7:52:26,27.984,N,93.657,W,0
9/6/2002,7:54:26,27.984,N,93.66,W,0
9/6/2002,7:56:27,27.984,N,93.662,W,0
9/6/2002,7:58:27,27.983,N,93.664,W,0
9/6/2002,8:00:26,27.982,N,93.667,W,0
9/6/2002,8:02:26,27.982,N,93.669,W,0
9/6/2002,8:04:26,27.981,N,93.672,W,0
9/6/2002,8:06:26,27.981,N,93.674,W,0
9/6/2002,8:08:27,27.98,N,93.677,W,0
9/6/2002,8:10:27,27.98,N,93.679,W,0
9/6/2002,8:12:27,27.979,N,93.682,W,0
9/6/2002,8:14:26,27.979,N,93.684,W,0
9/6/2002,8:16:26,27.978,N,93.687,W,0
9/6/2002,8:18:26,27.977,N,93.689,W,0
9/6/2002,8:20:26,27.977,N,93.692,W,0
9/6/2002,8:22:27,27.976,N,93.695,W,0
9/6/2002,8:24:27,27.975,N,93.697,W,0
9/6/2002,8:26:27,27.975,N,93.7,W,0
9/6/2002,8:28:27,27.974,N,93.702,W,0
9/6/2002,8:30:26,27.973,N,93.705,W,0
9/6/2002,8:32:26,27.973,N,93.708,W,0
9/6/2002,8:34:26,27.972,N,93.71,W,0
9/6/2002,8:36:26,27.971,N,93.713,W,0
9/6/2002,8:38:27,27.97,N,93.715,W,0
9/6/2002,8:40:27,27.97,N,93.718,W,0
9/6/2002,8:42:27,27.969,N,93.721,W,0
9/6/2002,8:44:26,27.968,N,93.723,W,0
9/6/2002,8:46:26,27.967,N,93.726,W,0
9/6/2002,8:48:26,27.967,N,93.729,W,0
9/6/2002,8:50:26,27.966,N,93.732,W,0
9/6/2002,8:52:27,27.965,N,93.734,W,0
9/6/2002,8:54:27,27.964,N,93.737,W,0
9/6/2002,8:56:27,27.963,N,93.74,W,0
9/6/2002,8:58:27,27.963,N,93.743,W,0
9/6/2002,9:00:26,27.962,N,93.746,W,0
9/6/2002,9:02:26,27.961,N,93.748,W,0
9/6/2002,9:04:26,27.96,N,93.751,W,0
9/6/2002,9:06:26,27.959,N,93.754,W,0
9/6/2002,9:08:27,27.958,N,93.757,W,0
9/6/2002,9:10:27,27.957,N,93.76,W,0
9/6/2002,9:12:27,27.957,N,93.763,W,0
9/6/2002,9:14:26,27.956,N,93.766,W,0
9/6/2002,9:16:26,27.955,N,93.769,W,0
9/6/2002,9:18:26,27.954,N,93.772,W,0
9/6/2002,9:20:26,27.953,N,93.774,W,0
9/6/2002,9:22:27,27.952,N,93.777,W,0
9/6/2002,9:24:27,27.951,N,93.78,W,0
9/6/2002,9:26:27,27.95,N,93.784,W,0
9/6/2002,9:28:27,27.949,N,93.787,W,0
9/6/2002,9:30:26,27.948,N,93.79,W,0
9/6/2002,9:32:26,27.947,N,93.793,W,0
9/6/2002,9:34:26,27.947,N,93.796,W,0
9/6/2002,9:36:26,27.946,N,93.799,W,0
9/6/2002,9:38:27,27.945,N,93.802,W,0
9/6/2002,9:40:27,27.944,N,93.805,W,0
9/6/2002,9:42:27,27.943,N,93.809,W,0
9/6/2002,9:44:26,27.942,N,93.812,W,0
9/6/2002,9:46:26,27.941,N,93.815,W,0
9/6/2002,9:48:26,27.94,N,93.818,W,0
9/6/2002,9:50:26,27.939,N,93.822,W,0
9/6/2002,9:52:27,27.938,N,93.825,W,0
9/6/2002,9:54:27,27.937,N,93.828,W,0
9/6/2002,9:56:27,27.936,N,93.832,W,0
9/6/2002,9:58:27,27.935,N,93.835,W,0
9/6/2002,10:00:26,27.934,N,93.838,W,0
9/6/2002,10:02:26,27.933,N,93.842,W,0
9/6/2002,10:04:26,27.932,N,93.845,W,0
9/6/2002,10:06:26,27.931,N,93.849,W,0
9/6/2002,10:08:27,27.93,N,93.852,W,0
9/6/2002,10:10:27,27.929,N,93.856,W,0
9/6/2002,10:12:27,27.928,N,93.859,W,0
9/6/2002,10:14:26,27.927,N,93.863,W,0
9/6/2002,10:16:26,27.926,N,93.867,W,0
9/6/2002,10:18:26,27.925,N,93.87,W,0
9/6/2002,10:20:26,27.924,N,93.874,W,0
9/6/2002,10:22:27,27.923,N,93.878,W,0
9/6/2002,10:24:27,27.922,N,93.881,W,0
9/6/2002,10:26:27,27.921,N,93.885,W,0
9/6/2002,10:28:27,27.92,N,93.889,W,0
9/6/2002,10:30:26,27.919,N,93.893,W,0
9/6/2002,10:32:26,27.918,N,93.896,W,0
9/6/2002,10:34:26,27.917,N,93.9,W,0
9/6/2002,10:36:26,27.916,N,93.904,W,0
9/6/2002,10:38:27,27.915,N,93.908,W,0
9/6/2002,10:40:27,27.914,N,93.912,W,0
9/6/2002,10:42:27,27.913,N,93.916,W,0
9/6/2002,10:44:26,27.911,N,93.92,W,0
9/6/2002,10:46:26,27.91,N,93.924,W,0
9/6/2002,10:48:26,27.909,N,93.928,W,0
9/6/2002,10:50:26,27.908,N,93.932,W,0
9/6/2002,10:52:27,27.907,N,93.936,W,0
9/6/2002,10:54:27,27.906,N,93.94,W,0
9/6/2002,10:56:27,27.905,N,93.944,W,0
9/6/2002,10:58:27,27.904,N,93.948,W,0
9/6/2002,11:00:26,27.903,N,93.952,W,0
9/6/2002,11:02:26,27.902,N,93.956,W,0
9/6/2002,11:04:26,27.901,N,93.96,W,0
9/6/2002,11:06:26,27.9,N,93.965,W,0
9/6/2002,11:08:27,27.899,N,93.969,W,0
9/6/2002,11:10:27,27.898,N,93.973,W,0
9/6/2002,11:12:27,27.897,N,93.977,W,0
9/6/2002,11:14:26,27.896,N,93.981,W,0
9/6/2002,11:16:26,27.895,N,93.986,W,0
9/6/2002,11:18:26,27.893,N,93.99,W,0
9/6/2002,11:20:26,27.892,N,93.994,W,0
9/6/2002,11:22:27,27.891,N,93.999,W,0
9/6/2002,11:24:27,27.89,N,94.003,W,0
9/6/2002,11:26:27,27.889,N,94.007,W,0
9/6/2002,11:28:27,27.888,N,94.012,W,0
9/6/2002,11:30:26,27.887,N,94.016,W,0
9/6/2002,11:32:26,27.886,N,94.021,W,0
9/6/2002,11:34:26,27.885,N,94.025,W,0
9/6/2002,11:36:26,27.884,N,94.029,W,0
9/6/2002,11:38:27,27.883,N,94.034,W,0
9/6/2002,11:40:27,27.882,N,94.038,W,0
9/6/2002,11:42:27,27.88,N,94.043,W,0
9/6/2002,11:44:26,27.879,N,94.047,W,0
9/6/2002,11:46:26,27.878,N,94.052,W,0
9/6/2002,11:48:26,27.877,N,94.056,W,0
9/6/2002,11:50:26,27.876,N,94.061,W,0
9/6/2002,11:52:27,27.875,N,94.066,W,0
9/6/2002,11:54:27,27.874,N,94.07,W,0
9/6/2002,11:56:27,27.873,N,94.075,W,0
9/6/2002,11:58:27,27.872,N,94.079,W,0
9/6/2002,12:00:26,27.871,N,94.084,W,0
9/6/2002,12:02:26,27.869,N,94.089,W,0
9/6/2002,12:04:26,27.868,N,94.093,W,0
9/6/2002,12:06:26,27.867,N,94.098,W,0
9/6/2002,12:08:27,27.866,N,94.103,W,0
9/6/2002,12:10:27,27.865,N,94.107,W,0
9/6/2002,12:12:27,27.864,N,94.112,W,0
9/6/2002,12:14:26,27.863,N,94.117,W,0
9/6/2002,12:16:26,27.862,N,94.122,W,0
9/6/2002,12:18:26,27.861,N,94.126,W,0
9/6/2002,12:20:26,27.86,N,94.131,W,0
9/6/2002,12:22:27,27.858,N,94.136,W,0
9/6/2002,12:24:27,27.857,N,94.141,W,0
9/6/2002,12:26:27,27.856,N,94.145,W,0
9/6/2002,12:28:27,27.855,N,94.15,W,0
9/6/2002,12:30:26,27.854,N,94.155,W,0
9/6/2002,12:32:26,27.853,N,94.16,W,0
9/6/2002,12:34:26,27.852,N,94.165,W,0
9/6/2002,12:36:26,27.851,N,94.17,W,0
9/6/2002,12:38:27,27.849,N,94.174,W,0
9/6/2002,12:40:27,27.848,N,94.179,W,0
9/6/2002,12:42:27,27.847,N,94.184,W,0
9/6/2002,12:44:26,27.846,N,94.189,W,0
9/6/2002,12:46:26,27.845,N,94.194,W,0
9/6/2002,12:48:26,27.844,N,94.199,W,0
9/6/2002,12:50:26,27.843,N,94.204,W,0
9/6/2002,12:52:27,27.842,N,94.209,W,0
9/6/2002,12:54:27,27.84,N,94.214,W,0
9/6/2002,12:56:27,27.839,N,94.219,W,0
9/6/2002,12:58:27,27.838,N,94.224,W,0
9/6/2002,13:00:26,27.837,N,94.229,W,0
9/6/2002,13:02:26,27.836,N,94.234,W,0
9/6/2002,13:04:26,27.835,N,94.238,W,0
9/6/2002,13:06:26,27.834,N,94.243,W,0
9/6/2002,13:08:27,27.832,N,94.248,W,0
9/6/2002,13:10:27,27.831,N,94.253,W,0
9/6/2002,13:12:27,27.83,N,94.258,W,0
9/6/2002,13:14:26,27.829,N,94.263,W,0
9/6/2002,13:16:26,27.828,N,94.269,W,0
9/6/2002,13:18:26,27.827,N,94.274,W,0
9/6/2002,13:20:26,27.826,N,94.279,W,0
9/6/2002,13:22:27,27.825,N,94.284,W,0
9/6/2002,13:24:27,27.823,N,94.289,W,0
9/6/2002,13:26:27,27.822,N,94.294,W,0
9/6/2002,13:28:27,27.821,N,94.299,W,0
9/6/2002,13:30:26,27.82,N,94.304,W,0
9/6/2002,13:32:26,27.819,N,94.309,W,0
9/6/2002,13:34:26,27.818,N,94.314,W,0
9/6/2002,13:36:26,27.817,N,94.319,W,0
9/6/2002,13:38:27,27.815,N,94.324,W,0
9/6/2002,13:40:27,27.814,N,94.329,W,0
9/6/2002,13:42:27,27.813,N,94.334,W,0
9/6/2002,13:44:26,27.812,N,94.339,W,0
9/6/2002,13:46:26,27.811,N,94.344,W,0
9/6/2002,13:48:26,27.81,N,94.349,W,0
9/6/2002,13:50:26,27.809,N,94.355,W,0
9/6/2002,13:51:23,27.808,N,94.357,W,0
9/6/2002,13:53:23,27.807,N,94.362,W,0
9/6/2002,13:55:23,27.806,N,94.367,W,0
9/6/2002,13:57:23,27.805,N,94.372,W,0
9/6/2002,13:59:24,27.803,N,94.377,W,0
9/6/2002,14:01:24,27.802,N,94.383,W,0
9/6/2002,14:03:24,27.801,N,94.388,W,0
9/6/2002,14:05:24,27.8,N,94.393,W,0
9/6/2002,14:07:23,27.799,N,94.398,W,0
9/6/2002,14:09:23,27.798,N,94.403,W,0
9/6/2002,14:11:23,27.797,N,94.408,W,0
9/6/2002,14:13:23,27.795,N,94.413,W,0
9/6/2002,14:14:07,27.795,N,94.415,W,0
9/6/2002,14:16:08,27.794,N,94.422,W,0
9/6/2002,14:18:08,27.793,N,94.429,W,0
9/6/2002,14:20:08,27.791,N,94.436,W,0
9/6/2002,14:22:07,27.79,N,94.444,W,0
9/6/2002,14:24:07,27.789,N,94.452,W,0
9/6/2002,14:26:07,27.788,N,94.461,W,0
9/6/2002,14:28:07,27.787,N,94.47,W,0
9/6/2002,14:30:08,27.785,N,94.48,W,0
9/6/2002,14:32:08,27.784,N,94.491,W,0
9/6/2002,14:34:08,27.783,N,94.502,W,0
9/6/2002,14:36:08,27.782,N,94.514,W,0
9/6/2002,14:38:07,27.78,N,94.526,W,0
9/6/2002,14:40:07,27.779,N,94.539,W,0
9/6/2002,14:42:07,27.777,N,94.552,W,0
9/6/2002,14:44:07,27.776,N,94.565,W,0
9/6/2002,14:46:08,27.774,N,94.579,W,0
9/6/2002,14:48:08,27.772,N,94.593,W,0
9/6/2002,14:50:08,27.771,N,94.607,W,0
9/6/2002,14:52:07,27.768,N,94.621,W,0
9/6/2002,14:54:07,27.766,N,94.636,W,0
9/6/2002,14:56:07,27.764,N,94.65,W,0
9/6/2002,14:58:07,27.761,N,94.665,W,0
9/6/2002,15:00:08,27.758,N,94.679,W,0
9/6/2002,15:02:08,27.755,N,94.694,W,0
9/6/2002,15:02:19,27.755,N,94.695,W,0
9/6/2002,15:04:20,27.752,N,94.707,W,0
9/6/2002,15:06:20,27.748,N,94.718,W,0
9/6/2002,15:08:20,27.745,N,94.73,W,0
9/6/2002,15:10:19,27.741,N,94.741,W,0
9/6/2002,15:12:19,27.737,N,94.753,W,0
9/6/2002,15:14:19,27.733,N,94.765,W,0
9/6/2002,15:16:19,27.729,N,94.776,W,0
9/6/2002,15:18:20,27.724,N,94.788,W,0
9/6/2002,15:20:20,27.719,N,94.8,W,0
9/6/2002,15:22:20,27.714,N,94.811,W,0
9/6/2002,15:24:20,27.709,N,94.823,W,0
9/6/2002,15:26:19,27.703,N,94.834,W,0
9/6/2002,15:28:19,27.697,N,94.846,W,0
9/6/2002,15:30:19,27.691,N,94.858,W,0
9/6/2002,15:32:19,27.684,N,94.869,W,0
9/6/2002,15:34:20,27.678,N,94.881,W,0
9/6/2002,15:36:20,27.671,N,94.892,W,0
9/6/2002,15:38:20,27.663,N,94.904,W,0
9/6/2002,15:40:19,27.656,N,94.916,W,0
9/6/2002,15:42:19,27.648,N,94.927,W,0
9/6/2002,15:44:19,27.64,N,94.939,W,0
9/6/2002,15:46:19,27.631,N,94.95,W,0
9/6/2002,15:48:20,27.623,N,94.962,W,0
9/6/2002,15:50:20,27.614,N,94.973,W,0
9/6/2002,15:50:31,27.613,N,94.974,W,0
9/6/2002,15:52:31,27.609,N,94.983,W,0
9/6/2002,15:54:31,27.606,N,94.991,W,0
9/6/2002,15:56:30,27.603,N,94.998,W,0
9/6/2002,15:58:30,27.6,N,95.006,W,0
9/6/2002,16:00:30,27.597,N,95.013,W,0
9/6/2002,16:02:30,27.595,N,95.019,W,0
9/6/2002,16:04:31,27.593,N,95.025,W,0
9/6/2002,16:06:31,27.592,N,95.031,W,0
9/6/2002,16:08:31,27.59,N,95.036,W,0
9/6/2002,16:10:30,27.59,N,95.041,W,0
9/6/2002,16:12:30,27.589,N,95.045,W,0
9/6/2002,16:14:30,27.589,N,95.048,W,0
9/6/2002,16:16:30,27.589,N,95.051,W,0
9/6/2002,16:18:31,27.59,N,95.054,W,0
9/6/2002,16:20:31,27.591,N,95.056,W,0
9/6/2002,16:22:31,27.592,N,95.058,W,0
9/6/2002,16:24:31,27.594,N,95.059,W,0
9/6/2002,16:26:30,27.595,N,95.059,W,0
9/6/2002,16:28:30,27.598,N,95.06,W,0
9/6/2002,16:30:30,27.6,N,95.06,W,0
9/6/2002,16:32:30,27.602,N,95.059,W,0
9/6/2002,16:34:31,27.605,N,95.059,W,0
9/6/2002,16:36:31,27.608,N,95.058,W,0
9/6/2002,16:38:31,27.611,N,95.056,W,0
9/6/2002,16:40:30,27.614,N,95.055,W,0
9/6/2002,16:42:30,27.617,N,95.053,W,0
9/6/2002,16:44:30,27.621,N,95.051,W,0
9/6/2002,16:46:30,27.624,N,95.049,W,0
9/6/2002,16:48:31,27.628,N,95.047,W,0
9/6/2002,16:50:31,27.631,N,95.044,W,0
9/6/2002,16:52:31,27.634,N,95.041,W,0
9/6/2002,16:54:31,27.638,N,95.039,W,0
9/6/2002,16:56:30,27.641,N,95.036,W,0
9/6/2002,16:58:30,27.645,N,95.033,W,0
9/6/2002,17:00:30,27.648,N,95.03,W,0
9/6/2002,17:02:30,27.651,N,95.027,W,0
9/6/2002,17:04:31,27.654,N,95.024,W,0
9/6/2002,17:06:31,27.657,N,95.021,W,0
9/6/2002,17:08:31,27.659,N,95.018,W,0
9/6/2002,17:10:30,27.662,N,95.015,W,0
9/6/2002,17:12:30,27.664,N,95.013,W,0
9/6/2002,17:14:30,27.666,N,95.01,W,0
9/6/2002,17:16:30,27.667,N,95.008,W,0
9/6/2002,17:18:31,27.669,N,95.005,W,0
9/6/2002,17:20:31,27.67,N,95.003,W,0
9/6/2002,17:22:31,27.671,N,95.001,W,0
9/6/2002,17:24:31,27.671,N,95,W,0
9/6/2002,17:26:30,27.671,N,94.998,W,0
9/6/2002,17:28:30,27.671,N,94.997,W,0
9/6/2002,17:30:30,27.67,N,94.996,W,0
9/6/2002,17:32:30,27.669,N,94.996,W,0
9/6/2002,17:34:31,27.668,N,94.995,W,0
9/6/2002,17:36:31,27.666,N,94.995,W,0
9/6/2002,17:38:31,27.664,N,94.995,W,0
9/6/2002,17:40:30,27.661,N,94.995,W,0
9/6/2002,17:42:30,27.659,N,94.996,W,0
9/6/2002,17:44:30,27.656,N,94.996,W,0
9/6/2002,17:46:30,27.652,N,94.997,W,0
9/6/2002,17:48:31,27.649,N,94.998,W,0
9/6/2002,17:50:31,27.645,N,95,W,0
9/6/2002,17:52:31,27.641,N,95.001,W,0
9/6/2002,17:54:31,27.637,N,95.002,W,0
9/6/2002,17:56:30,27.632,N,95.004,W,0
9/6/2002,17:58:30,27.627,N,95.006,W,0
9/6/2002,18:00:30,27.622,N,95.008,W,0
9/6/2002,18:02:30,27.617,N,95.01,W,0
9/6/2002,18:04:31,27.612,N,95.012,W,0
9/6/2002,18:06:31,27.606,N,95.015,W,0
9/6/2002,18:08:31,27.601,N,95.017,W,0
9/6/2002,18:10:30,27.595,N,95.02,W,0
9/6/2002,18:12:30,27.589,N,95.023,W,0
9/6/2002,18:14:30,27.583,N,95.026,W,0
9/6/2002,18:16:30,27.576,N,95.028,W,0
9/6/2002,18:18:31,27.57,N,95.031,W,0
9/6/2002,18:20:31,27.564,N,95.034,W,0
9/6/2002,18:22:31,27.557,N,95.038,W,0
9/6/2002,18:22:49,27.556,N,95.038,W,0
9/6/2002,18:24:49,27.549,N,95.041,W,0
9/6/2002,18:26:49,27.543,N,95.044,W,0
9/6/2002,18:28:49,27.536,N,95.048,W,0
9/6/2002,18:30:48,27.529,N,95.051,W,0
9/6/2002,18:32:48,27.522,N,95.054,W,0
9/6/2002,18:34:48,27.515,N,95.058,W,0
9/6/2002,18:36:48,27.508,N,95.061,W,0
9/6/2002,18:37:30,27.506,N,95.062,W,0
9/6/2002,18:39:29,27.499,N,95.065,W,0
9/6/2002,18:41:29,27.493,N,95.069,W,0
9/6/2002,18:43:29,27.486,N,95.072,W,0
9/6/2002,18:45:30,27.48,N,95.075,W,0
9/6/2002,18:47:30,27.473,N,95.078,W,0
9/6/2002,18:49:30,27.467,N,95.081,W,0
9/6/2002,18:51:30,27.46,N,95.084,W,0
9/6/2002,18:53:29,27.454,N,95.087,W,0
9/6/2002,18:55:29,27.448,N,95.09,W,0
9/6/2002,18:57:29,27.442,N,95.093,W,0
9/6/2002,18:59:29,27.436,N,95.096,W,0
9/6/2002,19:01:30,27.43,N,95.099,W,0
9/6/2002,19:03:30,27.424,N,95.102,W,0
9/6/2002,19:05:30,27.418,N,95.105,W,0
9/6/2002,19:07:30,27.413,N,95.108,W,0
9/6/2002,19:09:29,27.407,N,95.111,W,0
9/6/2002,19:11:29,27.402,N,95.114,W,0
9/6/2002,19:13:29,27.397,N,95.116,W,0
9/6/2002,19:15:30,27.392,N,95.119,W,0
9/6/2002,19:17:30,27.387,N,95.122,W,0
9/6/2002,19:19:30,27.382,N,95.124,W,0
9/6/2002,19:21:30,27.378,N,95.127,W,0
9/6/2002,19:23:29,27.373,N,95.129,W,0
9/6/2002,19:25:29,27.369,N,95.131,W,0
9/6/2002,19:27:29,27.365,N,95.134,W,0
9/6/2002,19:29:29,27.361,N,95.136,W,0
9/6/2002,19:31:30,27.357,N,95.138,W,0
9/6/2002,19:33:30,27.354,N,95.14,W,0
9/6/2002,19:35:30,27.35,N,95.142,W,0
9/6/2002,19:37:30,27.347,N,95.144,W,0
9/6/2002,19:39:29,27.344,N,95.146,W,0
9/6/2002,19:41:29,27.342,N,95.148,W,0
9/6/2002,19:43:29,27.339,N,95.15,W,0
9/6/2002,19:45:30,27.337,N,95.151,W,0
9/6/2002,19:47:30,27.335,N,95.153,W,0
9/6/2002,19:49:30,27.333,N,95.154,W,0
9/6/2002,19:51:30,27.331,N,95.156,W,0
9/6/2002,19:53:29,27.33,N,95.157,W,0
9/6/2002,19:55:29,27.329,N,95.158,W,0
9/6/2002,19:57:29,27.328,N,95.16,W,0
9/6/2002,19:59:29,27.327,N,95.161,W,0
9/6/2002,20:01:30,27.327,N,95.162,W,0
9/6/2002,20:03:30,27.327,N,95.163,W,0
9/6/2002,20:05:30,27.327,N,95.163,W,0
9/6/2002,20:07:30,27.328,N,95.164,W,0
9/6/2002,20:09:29,27.328,N,95.165,W,0
9/6/2002,20:11:29,27.329,N,95.165,W,0
9/6/2002,20:13:29,27.331,N,95.165,W,0
9/6/2002,20:15:30,27.332,N,95.166,W,0
9/6/2002,20:17:30,27.334,N,95.166,W,0
9/6/2002,20:19:30,27.337,N,95.166,W,0
9/6/2002,20:21:30,27.339,N,95.166,W,0
9/6/2002,20:23:29,27.342,N,95.166,W,0
9/6/2002,20:25:29,27.346,N,95.165,W,0
9/6/2002,20:27:29,27.349,N,95.165,W,0
9/6/2002,20:29:29,27.353,N,95.164,W,0
9/6/2002,20:31:30,27.357,N,95.164,W,0
9/6/2002,20:33:30,27.362,N,95.163,W,0
9/6/2002,20:35:30,27.367,N,95.162,W,0
9/6/2002,20:37:30,27.372,N,95.161,W,0
9/6/2002,20:39:29,27.377,N,95.16,W,0
9/6/2002,20:41:29,27.383,N,95.159,W,0
9/6/2002,20:43:29,27.389,N,95.157,W,0
9/6/2002,20:45:30,27.396,N,95.156,W,0
9/6/2002,20:47:30,27.402,N,95.154,W,0
9/6/2002,20:49:30,27.409,N,95.153,W,0
9/6/2002,20:51:30,27.416,N,95.151,W,0
9/6/2002,20:53:29,27.423,N,95.149,W,0
9/6/2002,20:55:29,27.43,N,95.148,W,0
9/6/2002,20:57:29,27.438,N,95.146,W,0
9/6/2002,20:59:29,27.446,N,95.144,W,0
9/6/2002,21:01:30,27.454,N,95.142,W,0
9/6/2002,21:03:30,27.462,N,95.14,W,0
9/6/2002,21:05:30,27.47,N,95.138,W,0
9/6/2002,21:07:30,27.479,N,95.135,W,0
9/6/2002,21:09:29,27.487,N,95.133,W,0
9/6/2002,21:11:29,27.496,N,95.131,W,0
9/6/2002,21:13:29,27.505,N,95.129,W,0
9/6/2002,21:15:30,27.514,N,95.126,W,0
9/6/2002,21:17:30,27.523,N,95.124,W,0
9/6/2002,21:19:30,27.532,N,95.122,W,0
9/6/2002,21:21:30,27.541,N,95.119,W,0
9/6/2002,21:23:29,27.55,N,95.117,W,0
9/6/2002,21:25:29,27.559,N,95.114,W,0
9/6/2002,21:27:29,27.568,N,95.112,W,0
9/6/2002,21:29:29,27.578,N,95.109,W,0
9/6/2002,21:31:30,27.587,N,95.107,W,0
9/6/2002,21:33:30,27.596,N,95.104,W,0
9/6/2002,21:35:30,27.606,N,95.102,W,0
9/6/2002,21:37:05,27.613,N,95.1,W,0
9/6/2002,21:39:05,27.614,N,95.1,W,0
9/6/2002,21:41:05,27.615,N,95.101,W,0
9/6/2002,21:43:05,27.617,N,95.101,W,0
9/6/2002,21:45:04,27.618,N,95.102,W,0
9/6/2002,21:47:04,27.619,N,95.102,W,0
9/6/2002,21:49:04,27.62,N,95.103,W,0
9/6/2002,21:51:04,27.621,N,95.103,W,0
9/6/2002,21:53:05,27.623,N,95.103,W,0
9/6/2002,21:55:05,27.624,N,95.104,W,0
9/6/2002,21:57:05,27.625,N,95.104,W,0
9/6/2002,21:59:04,27.626,N,95.105,W,0
9/6/2002,22:01:04,27.627,N,95.105,W,0
9/6/2002,22:03:04,27.629,N,95.105,W,0
9/6/2002,22:05:04,27.63,N,95.106,W,0
9/6/2002,22:07:05,27.631,N,95.106,W,0
9/6/2002,22:09:05,27.632,N,95.107,W,0
9/6/2002,22:11:05,27.633,N,95.107,W,0
9/6/2002,22:13:05,27.635,N,95.107,W,0
9/6/2002,22:15:04,27.636,N,95.108,W,0
9/6/2002,22:17:04,27.637,N,95.108,W,0
9/6/2002,22:19:04,27.638,N,95.109,W,0
9/6/2002,22:21:04,27.639,N,95.109,W,0
9/6/2002,22:23:05,27.641,N,95.11,W,0
9/6/2002,22:25:05,27.642,N,95.11,W,0
9/6/2002,22:27:05,27.643,N,95.11,W,0
9/6/2002,22:29:04,27.644,N,95.111,W,0
9/6/2002,22:31:04,27.645,N,95.111,W,0
9/6/2002,22:33:04,27.647,N,95.112,W,0
9/6/2002,22:35:04,27.648,N,95.112,W,0
9/6/2002,22:37:05,27.649,N,95.112,W,0
9/6/2002,22:39:05,27.65,N,95.113,W,0
9/6/2002,22:41:05,27.651,N,95.113,W,0
9/6/2002,22:43:05,27.653,N,95.114,W,0
9/6/2002,22:45:04,27.654,N,95.114,W,0
9/6/2002,22:47:04,27.655,N,95.115,W,0
9/6/2002,22:49:04,27.656,N,95.115,W,0
9/6/2002,22:51:04,27.657,N,95.115,W,0
9/6/2002,22:53:05,27.659,N,95.116,W,0
9/6/2002,22:55:05,27.66,N,95.116,W,0
9/6/2002,22:57:05,27.661,N,95.117,W,0
9/6/2002,22:59:04,27.662,N,95.117,W,0
9/6/2002,23:01:04,27.663,N,95.117,W,0
9/6/2002,23:03:04,27.665,N,95.118,W,0
9/6/2002,23:05:04,27.666,N,95.118,W,0
9/6/2002,23:07:05,27.667,N,95.119,W,0
9/6/2002,23:09:05,27.668,N,95.119,W,0
9/6/2002,23:11:05,27.669,N,95.12,W,0
9/6/2002,23:13:05,27.671,N,95.12,W,0
9/6/2002,23:15:04,27.672,N,95.12,W,0
9/6/2002,23:17:04,27.673,N,95.121,W,0
9/6/2002,23:19:04,27.674,N,95.121,W,0
9/6/2002,23:21:04,27.675,N,95.122,W,0
9/6/2002,23:23:05,27.677,N,95.122,W,0
9/6/2002,23:25:05,27.678,N,95.123,W,0
9/6/2002,23:27:05,27.679,N,95.123,W,0
9/6/2002,23:29:04,27.68,N,95.123,W,0
9/6/2002,23:31:04,27.681,N,95.124,W,0
9/6/2002,23:33:04,27.682,N,95.124,W,0
9/6/2002,23:35:04,27.684,N,95.125,W,0
9/6/2002,23:37:05,27.685,N,95.125,W,0
9/6/2002,23:39:05,27.686,N,95.125,W,0
9/6/2002,23:41:05,27.687,N,95.126,W,0
9/6/2002,23:43:05,27.688,N,95.126,W,0
9/6/2002,23:45:04,27.69,N,95.127,W,0
9/6/2002,23:47:04,27.691,N,95.127,W,0
9/6/2002,23:49:04,27.692,N,95.128,W,0
9/6/2002,23:51:04,27.693,N,95.128,W,0
9/6/2002,23:53:05,27.694,N,95.128,W,0
9/6/2002,23:55:05,27.696,N,95.129,W,0
9/6/2002,23:57:05,27.697,N,95.129,W,0
9/6/2002,23:59:04,27.698,N,95.13,W,0
9/7/2002,0:01:04,27.699,N,95.13,W,0
9/7/2002,0:03:04,27.7,N,95.131,W,0
9/7/2002,0:05:04,27.701,N,95.131,W,0
9/7/2002,0:07:05,27.703,N,95.131,W,0
9/7/2002,0:09:05,27.704,N,95.132,W,0
9/7/2002,0:11:05,27.705,N,95.132,W,0
9/7/2002,0:13:05,27.706,N,95.133,W,0
9/7/2002,0:15:04,27.707,N,95.133,W,0
9/7/2002,0:17:04,27.709,N,95.134,W,0
9/7/2002,0:19:04,27.71,N,95.134,W,0
9/7/2002,0:21:04,27.711,N,95.135,W,0
9/7/2002,0:23:05,27.712,N,95.135,W,0
9/7/2002,0:25:05,27.713,N,95.135,W,0
9/7/2002,0:27:05,27.714,N,95.136,W,0
9/7/2002,0:29:04,27.716,N,95.136,W,0
9/7/2002,0:31:04,27.717,N,95.137,W,0
9/7/2002,0:33:04,27.718,N,95.137,W,0
9/7/2002,0:35:04,27.719,N,95.138,W,0
9/7/2002,0:36:39,27.72,N,95.138,W,0
9/7/2002,0:38:39,27.704,N,95.133,W,0
9/7/2002,0:40:39,27.688,N,95.128,W,0
9/7/2002,0:42:40,27.672,N,95.123,W,0
9/7/2002,0:44:40,27.657,N,95.118,W,0
9/7/2002,0:46:40,27.641,N,95.114,W,0
9/7/2002,0:48:40,27.626,N,95.109,W,0
9/7/2002,0:50:39,27.611,N,95.104,W,0
9/7/2002,0:52:39,27.596,N,95.1,W,0
9/7/2002,0:54:39,27.582,N,95.095,W,0
9/7/2002,0:56:39,27.567,N,95.091,W,0
9/7/2002,0:58:40,27.553,N,95.086,W,0
9/7/2002,1:00:40,27.54,N,95.082,W,0
9/7/2002,1:02:40,27.527,N,95.078,W,0
9/7/2002,1:04:40,27.514,N,95.074,W,0
9/7/2002,1:06:39,27.502,N,95.07,W,0
9/7/2002,1:08:39,27.49,N,95.067,W,0
9/7/2002,1:10:39,27.479,N,95.063,W,0
9/7/2002,1:12:40,27.468,N,95.06,W,0
9/7/2002,1:14:40,27.458,N,95.057,W,0
9/7/2002,1:16:40,27.448,N,95.054,W,0
9/7/2002,1:18:40,27.439,N,95.051,W,0
9/7/2002,1:20:39,27.43,N,95.048,W,0
9/7/2002,1:22:39,27.422,N,95.046,W,0
9/7/2002,1:24:39,27.415,N,95.044,W,0
9/7/2002,1:26:39,27.409,N,95.042,W,0
9/7/2002,1:28:40,27.403,N,95.04,W,0
9/7/2002,1:30:40,27.398,N,95.039,W,0
9/7/2002,1:32:40,27.393,N,95.037,W,0
9/7/2002,1:34:40,27.39,N,95.036,W,0
9/7/2002,1:36:39,27.387,N,95.035,W,0
9/7/2002,1:38:39,27.384,N,95.035,W,0
9/7/2002,1:40:39,27.383,N,95.034,W,0
9/7/2002,1:42:40,27.382,N,95.034,W,0
9/7/2002,1:44:40,27.381,N,95.034,W,0
9/7/2002,1:46:40,27.382,N,95.034,W,0
9/7/2002,1:48:40,27.383,N,95.035,W,0
9/7/2002,1:50:39,27.384,N,95.035,W,0
9/7/2002,1:52:39,27.386,N,95.036,W,0
9/7/2002,1:54:39,27.389,N,95.037,W,0
9/7/2002,1:56:39,27.392,N,95.038,W,0
9/7/2002,1:58:40,27.396,N,95.039,W,0
9/7/2002,2:00:40,27.4,N,95.041,W,0
9/7/2002,2:02:40,27.405,N,95.043,W,0
9/7/2002,2:04:40,27.41,N,95.044,W,0
9/7/2002,2:06:39,27.416,N,95.046,W,0
9/7/2002,2:08:39,27.423,N,95.048,W,0
9/7/2002,2:10:39,27.429,N,95.051,W,0
9/7/2002,2:12:40,27.437,N,95.053,W,0
9/7/2002,2:14:40,27.444,N,95.056,W,0
9/7/2002,2:16:40,27.453,N,95.058,W,0
9/7/2002,2:18:40,27.461,N,95.061,W,0
9/7/2002,2:20:39,27.47,N,95.064,W,0
9/7/2002,2:22:39,27.48,N,95.067,W,0
9/7/2002,2:24:39,27.489,N,95.07,W,0
9/7/2002,2:26:39,27.5,N,95.074,W,0
9/7/2002,2:28:40,27.51,N,95.077,W,0
9/7/2002,2:30:40,27.521,N,95.081,W,0
9/7/2002,2:32:40,27.532,N,95.084,W,0
9/7/2002,2:34:40,27.544,N,95.088,W,0
9/7/2002,2:36:39,27.556,N,95.092,W,0
9/7/2002,2:38:39,27.568,N,95.096,W,0
9/7/2002,2:40:39,27.58,N,95.1,W,0
9/7/2002,2:42:40,27.593,N,95.104,W,0
9/7/2002,2:44:40,27.606,N,95.108,W,0
9/7/2002,2:46:40,27.619,N,95.112,W,0
9/7/2002,2:48:40,27.633,N,95.117,W,0
9/7/2002,2:50:39,27.646,N,95.121,W,0
9/7/2002,2:52:39,27.66,N,95.126,W,0
9/7/2002,2:54:39,27.674,N,95.13,W,0
9/7/2002,2:56:39,27.688,N,95.135,W,0
9/7/2002,2:58:40,27.703,N,95.139,W,0
9/7/2002,3:00:40,27.717,N,95.144,W,0
9/7/2002,3:02:40,27.732,N,95.149,W,0
9/7/2002,3:04:40,27.747,N,95.154,W,0
9/7/2002,3:06:39,27.762,N,95.158,W,0
9/7/2002,3:08:39,27.777,N,95.163,W,0
9/7/2002,3:10:39,27.792,N,95.168,W,0
9/7/2002,3:12:40,27.807,N,95.173,W,0
9/7/2002,3:13:00,27.81,N,95.174,W,0
9/7/2002,3:15:00,27.826,N,95.178,W,0
9/7/2002,3:16:59,27.842,N,95.183,W,0
9/7/2002,3:18:59,27.858,N,95.188,W,0
9/7/2002,3:20:59,27.873,N,95.193,W,0
9/7/2002,3:23:00,27.887,N,95.199,W,0
9/7/2002,3:23:29,27.891,N,95.2,W,0
9/7/2002,3:25:29,27.888,N,95.212,W,0
9/7/2002,3:27:29,27.886,N,95.224,W,0
9/7/2002,3:29:29,27.883,N,95.237,W,0
9/7/2002,3:31:30,27.88,N,95.249,W,0
9/7/2002,3:33:30,27.878,N,95.261,W,0
9/7/2002,3:35:30,27.875,N,95.273,W,0
9/7/2002,3:37:30,27.872,N,95.285,W,0
9/7/2002,3:39:29,27.87,N,95.298,W,0
9/7/2002,3:41:29,27.867,N,95.31,W,0
9/7/2002,3:43:29,27.865,N,95.322,W,0
9/7/2002,3:45:30,27.862,N,95.334,W,0
9/7/2002,3:47:30,27.859,N,95.347,W,0
9/7/2002,3:49:30,27.857,N,95.359,W,0
9/7/2002,3:51:30,27.854,N,95.371,W,0
9/7/2002,3:53:29,27.851,N,95.383,W,0
9/7/2002,3:55:29,27.849,N,95.395,W,0
9/7/2002,3:57:29,27.846,N,95.408,W,0
9/7/2002,3:59:29,27.843,N,95.42,W,0
9/7/2002,4:01:30,27.841,N,95.432,W,0
9/7/2002,4:03:30,27.838,N,95.444,W,0
9/7/2002,4:05:30,27.835,N,95.457,W,0
9/7/2002,4:07:30,27.833,N,95.469,W,0
9/7/2002,4:09:29,27.83,N,95.481,W,0
9/7/2002,4:11:29,27.827,N,95.493,W,0
9/7/2002,4:13:29,27.825,N,95.505,W,0
9/7/2002,4:15:30,27.822,N,95.518,W,0
9/7/2002,4:17:30,27.819,N,95.53,W,0
9/7/2002,4:19:30,27.817,N,95.542,W,0
9/7/2002,4:21:30,27.814,N,95.554,W,0
9/7/2002,4:23:29,27.812,N,95.566,W,0
9/7/2002,4:25:29,27.809,N,95.579,W,0
9/7/2002,4:27:29,27.806,N,95.591,W,0
9/7/2002,4:29:29,27.804,N,95.603,W,0
9/7/2002,4:31:30,27.801,N,95.615,W,0
9/7/2002,4:33:30,27.798,N,95.628,W,0
9/7/2002,4:35:30,27.796,N,95.64,W,0
9/7/2002,4:37:30,27.793,N,95.652,W,0
9/7/2002,4:39:29,27.79,N,95.664,W,0
9/7/2002,4:41:29,27.788,N,95.676,W,0
9/7/2002,4:43:29,27.785,N,95.689,W,0
9/7/2002,4:45:30,27.782,N,95.701,W,0
9/7/2002,4:47:30,27.78,N,95.713,W,0
9/7/2002,4:49:30,27.777,N,95.725,W,0
9/7/2002,4:51:30,27.774,N,95.738,W,0
9/7/2002,4:53:29,27.772,N,95.75,W,0
9/7/2002,4:55:29,27.769,N,95.762,W,0
9/7/2002,4:57:29,27.767,N,95.774,W,0
9/7/2002,4:59:29,27.764,N,95.786,W,0
9/7/2002,5:01:30,27.761,N,95.799,W,0
9/7/2002,5:03:30,27.759,N,95.811,W,0
9/7/2002,5:05:30,27.756,N,95.823,W,0
9/7/2002,5:07:30,27.753,N,95.835,W,0
9/7/2002,5:09:29,27.751,N,95.847,W,0
9/7/2002,5:11:29,27.748,N,95.86,W,0
9/7/2002,5:13:29,27.745,N,95.872,W,0
9/7/2002,5:14:29,27.744,N,95.878,W,0
9/7/2002,5:16:30,27.753,N,95.876,W,0
9/7/2002,5:18:30,27.763,N,95.874,W,0
9/7/2002,5:20:30,27.772,N,95.872,W,0
9/7/2002,5:22:30,27.782,N,95.87,W,0
9/7/2002,5:24:29,27.791,N,95.868,W,0
9/7/2002,5:26:29,27.8,N,95.867,W,0
9/7/2002,5:28:29,27.81,N,95.865,W,0
9/7/2002,5:30:30,27.819,N,95.864,W,0
9/7/2002,5:32:30,27.828,N,95.862,W,0
9/7/2002,5:34:30,27.837,N,95.861,W,0
9/7/2002,5:36:30,27.846,N,95.86,W,0
9/7/2002,5:38:29,27.855,N,95.858,W,0
9/7/2002,5:40:29,27.864,N,95.857,W,0
9/7/2002,5:42:29,27.873,N,95.856,W,0
9/7/2002,5:44:29,27.882,N,95.856,W,0
9/7/2002,5:46:30,27.891,N,95.855,W,0
9/7/2002,5:48:30,27.9,N,95.854,W,0
9/7/2002,5:50:30,27.909,N,95.854,W,0
9/7/2002,5:52:30,27.918,N,95.853,W,0
9/7/2002,5:54:29,27.927,N,95.853,W,0
9/7/2002,5:56:29,27.935,N,95.853,W,0
9/7/2002,5:58:29,27.944,N,95.853,W,0
9/7/2002,6:00:30,27.953,N,95.853,W,0
9/7/2002,6:02:30,27.961,N,95.853,W,0
9/7/2002,6:04:30,27.97,N,95.853,W,0
9/7/2002,6:06:30,27.978,N,95.853,W,0
9/7/2002,6:08:29,27.987,N,95.854,W,0
9/7/2002,6:10:29,27.995,N,95.855,W,0
9/7/2002,6:12:29,28.003,N,95.855,W,0
9/7/2002,6:14:29,28.012,N,95.856,W,0
9/7/2002,6:16:30,28.02,N,95.857,W,0
9/7/2002,6:18:30,28.028,N,95.858,W,0
9/7/2002,6:20:30,28.036,N,95.859,W,0
9/7/2002,6:22:30,28.044,N,95.861,W,0
9/7/2002,6:24:29,28.052,N,95.862,W,0
9/7/2002,6:26:29,28.06,N,95.864,W,0
9/7/2002,6:28:29,28.068,N,95.866,W,0
9/7/2002,6:30:30,28.076,N,95.867,W,0
9/7/2002,6:32:30,28.084,N,95.869,W,0
9/7/2002,6:34:30,28.092,N,95.872,W,0
9/7/2002,6:36:30,28.1,N,95.874,W,0
9/7/2002,6:38:29,28.107,N,95.876,W,0
9/7/2002,6:40:29,28.115,N,95.879,W,0
9/7/2002,6:42:29,28.123,N,95.882,W,0
9/7/2002,6:44:29,28.13,N,95.884,W,0
9/7/2002,6:46:30,28.138,N,95.887,W,0
9/7/2002,6:48:30,28.145,N,95.89,W,0
9/7/2002,6:50:30,28.152,N,95.894,W,0
9/7/2002,6:52:30,28.16,N,95.897,W,0
9/7/2002,6:54:29,28.167,N,95.901,W,0
9/7/2002,6:56:29,28.174,N,95.904,W,0
9/7/2002,6:58:29,28.181,N,95.908,W,0
9/7/2002,7:00:30,28.188,N,95.912,W,0
9/7/2002,7:02:30,28.195,N,95.917,W,0
9/7/2002,7:04:30,28.202,N,95.921,W,0
9/7/2002,7:06:30,28.209,N,95.926,W,0
9/7/2002,7:08:29,28.216,N,95.93,W,0
9/7/2002,7:10:29,28.222,N,95.935,W,0
9/7/2002,7:12:29,28.229,N,95.94,W,0
9/7/2002,7:14:29,28.236,N,95.945,W,0
9/7/2002,7:16:30,28.242,N,95.95,W,0
9/7/2002,7:18:30,28.249,N,95.956,W,0
9/7/2002,7:20:30,28.255,N,95.961,W,0
9/7/2002,7:22:30,28.262,N,95.967,W,0
9/7/2002,7:24:29,28.268,N,95.973,W,0
9/7/2002,7:26:29,28.274,N,95.979,W,0
9/7/2002,7:28:29,28.28,N,95.985,W,0
9/7/2002,7:30:30,28.287,N,95.992,W,0
9/7/2002,7:32:30,28.293,N,95.998,W,0
9/7/2002,7:34:30,28.299,N,96.005,W,0
9/7/2002,7:36:30,28.305,N,96.011,W,0
9/7/2002,7:38:29,28.311,N,96.018,W,0
9/7/2002,7:40:29,28.317,N,96.025,W,0
9/7/2002,7:42:29,28.322,N,96.032,W,0
9/7/2002,7:44:29,28.328,N,96.039,W,0
9/7/2002,7:46:30,28.334,N,96.047,W,0
9/7/2002,7:48:30,28.34,N,96.054,W,0
9/7/2002,7:50:30,28.345,N,96.062,W,0
9/7/2002,7:52:30,28.351,N,96.07,W,0
9/7/2002,7:54:29,28.356,N,96.078,W,0
9/7/2002,7:56:29,28.362,N,96.086,W,0
9/7/2002,7:58:29,28.367,N,96.094,W,0
9/7/2002,8:00:30,28.373,N,96.102,W,0
9/7/2002,8:02:30,28.378,N,96.11,W,0
9/7/2002,8:04:30,28.383,N,96.119,W,0
9/7/2002,8:06:30,28.389,N,96.127,W,0
9/7/2002,8:08:29,28.394,N,96.136,W,0
9/7/2002,8:10:29,28.399,N,96.145,W,0
9/7/2002,8:12:29,28.404,N,96.154,W,0
9/7/2002,8:14:29,28.409,N,96.163,W,0
9/7/2002,8:16:30,28.414,N,96.172,W,0
9/7/2002,8:18:30,28.419,N,96.181,W,0
9/7/2002,8:20:30,28.424,N,96.191,W,0
9/7/2002,8:22:30,28.429,N,96.2,W,0
9/7/2002,8:24:29,28.434,N,96.21,W,0
9/7/2002,8:26:29,28.439,N,96.219,W,0
9/7/2002,8:28:29,28.444,N,96.229,W,0
9/7/2002,8:30:30,28.448,N,96.239,W,0
9/7/2002,8:32:30,28.453,N,96.249,W,0
9/7/2002,8:34:30,28.458,N,96.259,W,0
9/7/2002,8:36:30,28.463,N,96.269,W,0
9/7/2002,8:38:29,28.467,N,96.279,W,0
9/7/2002,8:40:29,28.472,N,96.29,W,0
9/7/2002,8:42:29,28.476,N,96.3,W,0
9/7/2002,8:44:29,28.481,N,96.311,W,0
9/7/2002,8:46:30,28.485,N,96.321,W,0
9/7/2002,8:48:30,28.49,N,96.332,W,0
9/7/2002,8:50:30,28.494,N,96.343,W,0
9/7/2002,8:52:30,28.498,N,96.354,W,0
9/7/2002,8:54:29,28.503,N,96.365,W,0
9/7/2002,8:56:29,28.507,N,96.376,W,0
9/7/2002,8:58:29,28.511,N,96.387,W,0
9/7/2002,9:00:30,28.516,N,96.398,W,0
9/7/2002,9:02:30,28.52,N,96.409,W,0
9/7/2002,9:04:30,28.524,N,96.42,W,0
9/7/2002,9:06:30,28.528,N,96.432,W,0
9/7/2002,9:08:29,28.532,N,96.443,W,0
9/7/2002,9:10:29,28.536,N,96.455,W,0
9/7/2002,9:12:29,28.541,N,96.466,W,0
9/7/2002,9:14:29,28.545,N,96.478,W,0
9/7/2002,9:16:30,28.549,N,96.49,W,0
9/7/2002,9:18:30,28.553,N,96.501,W,0
9/7/2002,9:20:30,28.557,N,96.513,W,0
9/7/2002,9:22:30,28.561,N,96.525,W,0
9/7/2002,9:24:29,28.565,N,96.537,W,0
9/7/2002,9:26:29,28.568,N,96.549,W,0
9/7/2002,9:28:29,28.572,N,96.561,W,0
9/7/2002,9:30:30,28.576,N,96.573,W,0
9/7/2002,9:32:30,28.58,N,96.586,W,0
9/7/2002,9:34:30,28.584,N,96.598,W,0
9/7/2002,9:36:30,28.588,N,96.61,W,0
9/7/2002,9:38:29,28.592,N,96.622,W,0
9/7/2002,9:40:29,28.595,N,96.635,W,0
9/7/2002,9:42:29,28.599,N,96.647,W,0
9/7/2002,9:44:29,28.603,N,96.66,W,0
9/7/2002,9:46:30,28.607,N,96.672,W,0
9/7/2002,9:48:30,28.61,N,96.685,W,0
9/7/2002,9:50:30,28.614,N,96.697,W,0
9/7/2002,9:52:30,28.618,N,96.71,W,0
9/7/2002,9:54:29,28.621,N,96.723,W,0
9/7/2002,9:56:29,28.625,N,96.735,W,0
9/7/2002,9:58:29,28.629,N,96.748,W,0
9/7/2002,10:00:30,28.632,N,96.761,W,0
9/7/2002,10:02:30,28.636,N,96.774,W,0
9/7/2002,10:04:30,28.639,N,96.786,W,0
9/7/2002,10:06:30,28.643,N,96.799,W,0
9/7/2002,10:08:29,28.646,N,96.812,W,0
9/7/2002,10:10:29,28.65,N,96.825,W,0
9/7/2002,10:12:29,28.654,N,96.838,W,0
9/7/2002,10:14:29,28.657,N,96.851,W,0
9/7/2002,10:16:30,28.661,N,96.864,W,0
9/7/2002,10:18:30,28.664,N,96.877,W,0
9/7/2002,10:20:30,28.668,N,96.89,W,0
9/7/2002,10:22:30,28.671,N,96.903,W,0
9/7/2002,10:24:29,28.675,N,96.916,W,0
9/7/2002,10:26:29,28.678,N,96.929,W,0
9/7/2002,10:28:29,28.682,N,96.942,W,0
9/7/2002,10:30:30,28.685,N,96.955,W,0
9/7/2002,10:32:30,28.689,N,96.969,W,0
9/7/2002,10:34:30,28.692,N,96.982,W,0
9/7/2002,10:36:30,28.696,N,96.995,W,0
9/7/2002,10:38:29,28.699,N,97.008,W,0
9/7/2002,10:40:29,28.703,N,97.021,W,0
9/7/2002,10:42:29,28.706,N,97.034,W,0
