Track,for,Isaac,2018,,,,
Date,Time,(UTC),Latitude,Longitude,,,
MM/DD/Year,HH:MM:SS,(deg),(deg),,,,
9/12/2018,14:09:24,14.984,N,54.598,W,-10.69,3.81
9/12/2018,14:11:23,14.988,N,54.61,W,-10.69,3.81
9/12/2018,14:13:24,14.992,N,54.622,W,-10.69,3.81
9/12/2018,14:15:24,14.996,N,54.634,W,-10.69,3.81
9/12/2018,14:17:23,15,N,54.646,W,-10.69,3.81
9/12/2018,14:19:24,15.004,N,54.658,W,-10.69,3.81
9/12/2018,14:21:23,15.008,N,54.67,W,-10.69,3.81
9/12/2018,14:23:24,15.012,N,54.682,W,-10.69,3.81
9/12/2018,14:25:23,15.017,N,54.694,W,-10.68,3.81
9/12/2018,14:27:24,15.021,N,54.706,W,-10.68,3.81
9/12/2018,14:29:23,15.025,N,54.718,W,-10.68,3.81
9/12/2018,14:31:24,15.029,N,54.729,W,-10.68,3.8
9/12/2018,14:33:23,15.033,N,54.741,W,-10.68,3.8
9/12/2018,14:35:24,15.037,N,54.753,W,-10.67,3.8
9/12/2018,14:37:23,15.041,N,54.765,W,-10.67,3.8
9/12/2018,14:39:24,15.045,N,54.777,W,-10.67,3.79
9/12/2018,14:41:23,15.049,N,54.789,W,-10.66,3.79
9/12/2018,14:43:24,15.053,N,54.801,W,-10.66,3.79
9/12/2018,14:45:24,15.058,N,54.813,W,-10.66,3.78
9/12/2018,14:47:23,15.062,N,54.825,W,-10.65,3.78
9/12/2018,14:49:24,15.066,N,54.837,W,-10.65,3.78
9/12/2018,14:51:23,15.07,N,54.849,W,-10.64,3.77
9/12/2018,14:53:24,15.074,N,54.861,W,-10.64,3.77
9/12/2018,14:55:23,15.078,N,54.872,W,-10.63,3.76
9/12/2018,14:57:24,15.082,N,54.884,W,-10.63,3.76
9/12/2018,14:59:23,15.086,N,54.896,W,-10.62,3.75
9/12/2018,15:01:24,15.09,N,54.908,W,-10.62,3.75
9/12/2018,15:03:23,15.094,N,54.92,W,-10.61,3.74
9/12/2018,15:05:24,15.098,N,54.932,W,-10.6,3.74
9/12/2018,15:07:23,15.102,N,54.944,W,-10.6,3.73
9/12/2018,15:09:24,15.106,N,54.955,W,-10.59,3.72
9/12/2018,15:11:23,15.11,N,54.967,W,-10.58,3.72
9/12/2018,15:13:24,15.114,N,54.979,W,-10.58,3.71
9/12/2018,15:15:24,15.118,N,54.991,W,-10.57,3.7
9/12/2018,15:17:23,15.122,N,55.003,W,-10.56,3.7
9/12/2018,15:19:24,15.126,N,55.015,W,-10.55,3.69
9/12/2018,15:21:23,15.13,N,55.026,W,-10.54,3.68
9/12/2018,15:23:24,15.134,N,55.038,W,-10.54,3.67
9/12/2018,15:25:23,15.138,N,55.05,W,-10.53,3.67
9/12/2018,15:27:24,15.142,N,55.062,W,-10.52,3.66
9/12/2018,15:29:23,15.146,N,55.073,W,-10.51,3.65
9/12/2018,15:31:24,15.15,N,55.085,W,-10.5,3.64
9/12/2018,15:33:23,15.154,N,55.097,W,-10.49,3.63
9/12/2018,15:35:24,15.158,N,55.109,W,-10.48,3.62
9/12/2018,15:37:23,15.162,N,55.12,W,-10.47,3.61
9/12/2018,15:39:24,15.166,N,55.132,W,-10.46,3.6
9/12/2018,15:41:23,15.169,N,55.144,W,-10.45,3.59
9/12/2018,15:43:24,15.173,N,55.155,W,-10.44,3.58
9/12/2018,15:45:24,15.177,N,55.167,W,-10.42,3.57
9/12/2018,15:47:23,15.181,N,55.179,W,-10.41,3.56
9/12/2018,15:49:24,15.185,N,55.19,W,-10.4,3.55
9/12/2018,15:51:23,15.189,N,55.202,W,-10.39,3.54
9/12/2018,15:53:24,15.193,N,55.214,W,-10.38,3.53
9/12/2018,15:55:23,15.196,N,55.225,W,-10.36,3.52
9/12/2018,15:57:24,15.2,N,55.237,W,-10.35,3.5
9/12/2018,15:59:23,15.204,N,55.248,W,-10.34,3.49
9/12/2018,16:01:23,15.208,N,55.26,W,-10.32,3.48
9/12/2018,16:03:24,15.211,N,55.271,W,-10.31,3.47
9/12/2018,16:05:24,15.215,N,55.283,W,-10.3,3.45
9/12/2018,16:07:23,15.219,N,55.294,W,-10.28,3.44
9/12/2018,16:09:23,15.223,N,55.306,W,-10.27,3.43
9/12/2018,16:11:24,15.226,N,55.317,W,-10.25,3.41
9/12/2018,16:13:24,15.23,N,55.329,W,-10.24,3.4
9/12/2018,16:15:23,15.234,N,55.34,W,-10.22,3.38
9/12/2018,16:17:24,15.237,N,55.352,W,-10.21,3.37
9/12/2018,16:19:24,15.241,N,55.363,W,-10.19,3.36
9/12/2018,16:21:23,15.244,N,55.375,W,-10.18,3.34
9/12/2018,16:23:23,15.248,N,55.386,W,-10.16,3.33
9/12/2018,16:25:24,15.252,N,55.397,W,-10.14,3.31
9/12/2018,16:27:24,15.255,N,55.409,W,-10.13,3.3
9/12/2018,16:29:23,15.259,N,55.42,W,-10.11,3.28
9/12/2018,16:31:23,15.262,N,55.431,W,-10.09,3.26
9/12/2018,16:33:24,15.266,N,55.442,W,-10.08,3.25
9/12/2018,16:35:24,15.269,N,55.454,W,-10.06,3.23
9/12/2018,16:37:23,15.273,N,55.465,W,-10.04,3.21
9/12/2018,16:39:23,15.276,N,55.476,W,-10.02,3.2
9/12/2018,16:41:24,15.28,N,55.487,W,-10,3.18
9/12/2018,16:43:24,15.283,N,55.499,W,-9.98,3.16
9/12/2018,16:45:23,15.286,N,55.51,W,-9.97,3.15
9/12/2018,16:47:24,15.29,N,55.521,W,-9.95,3.13
9/12/2018,16:49:24,15.293,N,55.532,W,-9.93,3.11
9/12/2018,16:51:23,15.297,N,55.543,W,-9.91,3.09
9/12/2018,16:53:23,15.3,N,55.554,W,-9.89,3.07
9/12/2018,16:55:24,15.303,N,55.565,W,-9.87,3.05
9/12/2018,16:57:24,15.307,N,55.576,W,-9.85,3.03
9/12/2018,16:59:23,15.31,N,55.587,W,-9.83,3.02
9/12/2018,17:01:23,15.313,N,55.598,W,-9.81,3
9/12/2018,17:03:24,15.316,N,55.609,W,-9.78,2.98
9/12/2018,17:05:24,15.319,N,55.62,W,-9.76,2.96
9/12/2018,17:07:23,15.323,N,55.631,W,-9.74,2.94
9/12/2018,17:09:23,15.326,N,55.642,W,-9.72,2.92
9/12/2018,17:11:24,15.329,N,55.653,W,-9.7,2.89
9/12/2018,17:13:24,15.332,N,55.664,W,-9.67,2.87
9/12/2018,17:15:23,15.335,N,55.674,W,-9.65,2.85
9/12/2018,17:17:24,15.338,N,55.685,W,-9.63,2.83
9/12/2018,17:19:24,15.341,N,55.696,W,-9.61,2.81
9/12/2018,17:21:23,15.344,N,55.707,W,-9.58,2.79
9/12/2018,17:23:23,15.347,N,55.717,W,-9.56,2.77
9/12/2018,17:25:24,15.35,N,55.728,W,-9.53,2.74
9/12/2018,17:27:24,15.353,N,55.739,W,-9.51,2.72
9/12/2018,17:29:23,15.356,N,55.749,W,-9.49,2.7
9/12/2018,17:31:23,15.359,N,55.76,W,-9.46,2.67
9/12/2018,17:33:24,15.362,N,55.771,W,-9.44,2.65
9/12/2018,17:35:24,15.365,N,55.781,W,-9.41,2.63
9/12/2018,17:37:23,15.368,N,55.792,W,-9.39,2.6
9/12/2018,17:39:23,15.37,N,55.802,W,-9.36,2.58
9/12/2018,17:41:24,15.373,N,55.813,W,-9.33,2.56
9/12/2018,17:43:24,15.376,N,55.823,W,-9.31,2.53
9/12/2018,17:45:23,15.379,N,55.833,W,-9.28,2.51
9/12/2018,17:47:24,15.381,N,55.844,W,-9.25,2.48
9/12/2018,17:49:24,15.384,N,55.854,W,-9.23,2.46
9/12/2018,17:51:23,15.387,N,55.864,W,-9.2,2.43
9/12/2018,17:53:23,15.389,N,55.875,W,-9.17,2.4
9/12/2018,17:55:24,15.392,N,55.885,W,-9.15,2.38
9/12/2018,17:57:24,15.394,N,55.895,W,-9.12,2.35
9/12/2018,17:59:23,15.397,N,55.905,W,-9.09,2.33
9/12/2018,18:01:23,15.399,N,55.916,W,-9.06,2.3
9/12/2018,18:03:24,15.402,N,55.926,W,-9.03,2.27
9/12/2018,18:05:24,15.404,N,55.936,W,-9,2.25
9/12/2018,18:07:23,15.407,N,55.946,W,-8.97,2.22
9/12/2018,18:09:23,15.409,N,55.956,W,-8.94,2.19
9/12/2018,18:11:24,15.411,N,55.966,W,-8.92,2.16
9/12/2018,18:13:24,15.414,N,55.976,W,-8.89,2.13
9/12/2018,18:15:23,15.416,N,55.986,W,-8.86,2.11
9/12/2018,18:17:24,15.418,N,55.996,W,-8.82,2.08
9/12/2018,18:19:24,15.42,N,56.006,W,-8.79,2.05
9/12/2018,18:21:23,15.423,N,56.015,W,-8.76,2.02
9/12/2018,18:23:23,15.425,N,56.025,W,-8.73,1.99
9/12/2018,18:25:24,15.427,N,56.035,W,-8.7,1.96
9/12/2018,18:27:24,15.429,N,56.045,W,-8.67,1.93
9/12/2018,18:29:23,15.431,N,56.054,W,-8.64,1.9
9/12/2018,18:31:23,15.433,N,56.064,W,-8.6,1.87
9/12/2018,18:33:24,15.435,N,56.074,W,-8.57,1.84
9/12/2018,18:35:24,15.437,N,56.083,W,-8.54,1.81
9/12/2018,18:37:23,15.439,N,56.093,W,-8.51,1.78
9/12/2018,18:39:23,15.441,N,56.102,W,-8.47,1.75
9/12/2018,18:41:24,15.443,N,56.112,W,-8.44,1.72
9/12/2018,18:43:24,15.445,N,56.121,W,-8.41,1.69
9/12/2018,18:45:23,15.446,N,56.131,W,-8.37,1.65
9/12/2018,18:47:24,15.448,N,56.14,W,-8.34,1.62
9/12/2018,18:49:24,15.45,N,56.149,W,-8.3,1.59
9/12/2018,18:51:23,15.452,N,56.158,W,-8.27,1.56
9/12/2018,18:53:23,15.453,N,56.168,W,-8.23,1.52
9/12/2018,18:55:24,15.455,N,56.177,W,-8.2,1.49
9/12/2018,18:57:24,15.457,N,56.186,W,-8.16,1.46
9/12/2018,18:59:23,15.458,N,56.195,W,-8.13,1.42
9/12/2018,19:01:23,15.46,N,56.204,W,-8.09,1.39
9/12/2018,19:03:24,15.461,N,56.213,W,-8.06,1.36
9/12/2018,19:05:24,15.463,N,56.222,W,-8.02,1.32
9/12/2018,19:07:23,15.464,N,56.231,W,-7.98,1.29
9/12/2018,19:09:23,15.465,N,56.24,W,-7.95,1.25
9/12/2018,19:11:24,15.467,N,56.249,W,-7.91,1.22
9/12/2018,19:13:24,15.468,N,56.258,W,-7.87,1.18
9/12/2018,19:15:23,15.469,N,56.267,W,-7.83,1.15
9/12/2018,19:17:24,15.47,N,56.275,W,-7.8,1.11
9/12/2018,19:19:24,15.472,N,56.284,W,-7.76,1.08
9/12/2018,19:21:23,15.473,N,56.293,W,-7.72,1.04
9/12/2018,19:23:23,15.474,N,56.301,W,-7.68,1
9/12/2018,19:25:24,15.475,N,56.31,W,-7.64,0.97
9/12/2018,19:27:24,15.476,N,56.319,W,-7.6,0.93
9/12/2018,19:29:23,15.477,N,56.327,W,-7.56,0.89
9/12/2018,19:31:23,15.478,N,56.335,W,-7.52,0.86
9/12/2018,19:33:24,15.479,N,56.344,W,-7.48,0.82
9/12/2018,19:35:24,15.48,N,56.352,W,-7.44,0.78
9/12/2018,19:37:23,15.48,N,56.361,W,-7.4,0.74
9/12/2018,19:39:23,15.481,N,56.369,W,-7.36,0.7
9/12/2018,19:41:24,15.482,N,56.377,W,-7.32,0.67
9/12/2018,19:43:24,15.483,N,56.385,W,-7.28,0.63
9/12/2018,19:45:23,15.483,N,56.393,W,-7.24,0.59
9/12/2018,19:47:24,15.484,N,56.401,W,-7.2,0.55
9/12/2018,19:49:24,15.484,N,56.409,W,-7.16,0.51
9/12/2018,19:51:23,15.485,N,56.417,W,-7.11,0.47
9/12/2018,19:53:23,15.485,N,56.425,W,-7.07,0.43
9/12/2018,19:55:24,15.486,N,56.433,W,-7.03,0.39
9/12/2018,19:57:24,15.486,N,56.441,W,-6.99,0.35
9/12/2018,19:59:23,15.487,N,56.449,W,-6.95,0.31
9/12/2018,20:01:23,15.487,N,56.457,W,-6.9,0.27
9/12/2018,20:03:24,15.487,N,56.464,W,-6.86,0.23
9/12/2018,20:05:24,15.488,N,56.472,W,-6.82,0.2
9/12/2018,20:07:23,15.488,N,56.48,W,-6.78,0.16
9/12/2018,20:09:23,15.488,N,56.487,W,-6.74,0.12
9/12/2018,20:11:24,15.488,N,56.495,W,-6.7,0.08
9/12/2018,20:13:24,15.488,N,56.502,W,-6.66,0.04
9/12/2018,20:15:23,15.488,N,56.51,W,-6.62,0.01
9/12/2018,20:17:24,15.488,N,56.517,W,-6.58,-0.03
9/12/2018,20:19:24,15.488,N,56.524,W,-6.54,-0.07
9/12/2018,20:21:23,15.488,N,56.532,W,-6.5,-0.1
9/12/2018,20:23:23,15.488,N,56.539,W,-6.47,-0.14
9/12/2018,20:25:24,15.488,N,56.546,W,-6.43,-0.18
9/12/2018,20:27:24,15.487,N,56.553,W,-6.39,-0.21
9/12/2018,20:29:23,15.487,N,56.561,W,-6.35,-0.25
9/12/2018,20:31:23,15.487,N,56.568,W,-6.31,-0.28
9/12/2018,20:33:24,15.487,N,56.575,W,-6.28,-0.32
9/12/2018,20:35:24,15.486,N,56.582,W,-6.24,-0.35
9/12/2018,20:37:23,15.486,N,56.589,W,-6.2,-0.39
9/12/2018,20:39:23,15.485,N,56.596,W,-6.17,-0.42
9/12/2018,20:41:24,15.485,N,56.602,W,-6.13,-0.46
9/12/2018,20:43:24,15.484,N,56.609,W,-6.09,-0.49
9/12/2018,20:45:23,15.484,N,56.616,W,-6.06,-0.53
9/12/2018,20:47:24,15.483,N,56.623,W,-6.02,-0.56
9/12/2018,20:49:24,15.483,N,56.63,W,-5.99,-0.59
9/12/2018,20:51:23,15.482,N,56.636,W,-5.95,-0.62
9/12/2018,20:53:23,15.481,N,56.643,W,-5.92,-0.66
9/12/2018,20:55:24,15.48,N,56.649,W,-5.88,-0.69
9/12/2018,20:57:24,15.48,N,56.656,W,-5.85,-0.72
9/12/2018,20:59:23,15.479,N,56.663,W,-5.81,-0.75
9/12/2018,21:01:23,15.478,N,56.669,W,-5.78,-0.79
9/12/2018,21:03:24,15.477,N,56.676,W,-5.75,-0.82
9/12/2018,21:05:24,15.476,N,56.682,W,-5.71,-0.85
9/12/2018,21:07:23,15.475,N,56.688,W,-5.68,-0.88
9/12/2018,21:09:23,15.474,N,56.695,W,-5.65,-0.91
9/12/2018,21:11:24,15.473,N,56.701,W,-5.61,-0.94
9/12/2018,21:13:24,15.472,N,56.707,W,-5.58,-0.97
9/12/2018,21:15:23,15.471,N,56.713,W,-5.55,-1
9/12/2018,21:17:24,15.47,N,56.72,W,-5.52,-1.03
9/12/2018,21:19:24,15.469,N,56.726,W,-5.49,-1.06
9/12/2018,21:21:23,15.468,N,56.732,W,-5.45,-1.09
9/12/2018,21:23:23,15.467,N,56.738,W,-5.42,-1.12
9/12/2018,21:25:24,15.466,N,56.744,W,-5.39,-1.15
9/12/2018,21:27:24,15.464,N,56.75,W,-5.36,-1.18
9/12/2018,21:29:23,15.463,N,56.756,W,-5.33,-1.21
9/12/2018,21:31:23,15.462,N,56.762,W,-5.3,-1.24
9/12/2018,21:33:24,15.46,N,56.768,W,-5.27,-1.26
9/12/2018,21:35:24,15.459,N,56.774,W,-5.24,-1.29
9/12/2018,21:37:23,15.458,N,56.78,W,-5.21,-1.32
9/12/2018,21:39:23,15.456,N,56.786,W,-5.18,-1.35
9/12/2018,21:41:24,15.455,N,56.791,W,-5.16,-1.37
9/12/2018,21:43:24,15.453,N,56.797,W,-5.13,-1.4
9/12/2018,21:45:23,15.452,N,56.803,W,-5.1,-1.43
9/12/2018,21:47:24,15.45,N,56.809,W,-5.07,-1.45
9/12/2018,21:49:24,15.448,N,56.814,W,-5.04,-1.48
9/12/2018,21:51:23,15.447,N,56.82,W,-5.02,-1.51
9/12/2018,21:53:23,15.445,N,56.825,W,-4.99,-1.53
9/12/2018,21:55:24,15.444,N,56.831,W,-4.96,-1.56
9/12/2018,21:57:24,15.442,N,56.837,W,-4.93,-1.58
9/12/2018,21:59:23,15.44,N,56.842,W,-4.91,-1.61
9/12/2018,22:01:23,15.438,N,56.847,W,-4.88,-1.63
9/12/2018,22:03:24,15.437,N,56.853,W,-4.86,-1.66
9/12/2018,22:05:24,15.435,N,56.858,W,-4.83,-1.68
9/12/2018,22:07:23,15.433,N,56.864,W,-4.8,-1.71
9/12/2018,22:09:23,15.431,N,56.869,W,-4.78,-1.73
9/12/2018,22:11:24,15.429,N,56.874,W,-4.75,-1.75
9/12/2018,22:13:24,15.427,N,56.88,W,-4.73,-1.78
9/12/2018,22:15:23,15.425,N,56.885,W,-4.7,-1.8
9/12/2018,22:17:24,15.423,N,56.89,W,-4.68,-1.82
9/12/2018,22:19:24,15.421,N,56.896,W,-4.66,-1.84
9/12/2018,22:21:23,15.419,N,56.901,W,-4.63,-1.87
9/12/2018,22:23:23,15.417,N,56.906,W,-4.61,-1.89
9/12/2018,22:25:24,15.415,N,56.911,W,-4.59,-1.91
9/12/2018,22:27:24,15.413,N,56.916,W,-4.56,-1.93
9/12/2018,22:29:23,15.411,N,56.921,W,-4.54,-1.95
9/12/2018,22:31:23,15.409,N,56.926,W,-4.52,-1.98
9/12/2018,22:33:24,15.407,N,56.931,W,-4.5,-2
9/12/2018,22:35:24,15.405,N,56.936,W,-4.47,-2.02
9/12/2018,22:37:23,15.403,N,56.941,W,-4.45,-2.04
9/12/2018,22:39:23,15.4,N,56.946,W,-4.43,-2.06
9/12/2018,22:41:24,15.398,N,56.951,W,-4.41,-2.08
9/12/2018,22:43:24,15.396,N,56.956,W,-4.39,-2.1
9/12/2018,22:45:23,15.394,N,56.961,W,-4.37,-2.12
9/12/2018,22:47:24,15.391,N,56.966,W,-4.35,-2.14
9/12/2018,22:49:24,15.389,N,56.971,W,-4.33,-2.16
9/12/2018,22:51:23,15.387,N,56.976,W,-4.31,-2.17
9/12/2018,22:53:23,15.384,N,56.98,W,-4.29,-2.19
9/12/2018,22:55:24,15.382,N,56.985,W,-4.27,-2.21
9/12/2018,22:57:24,15.38,N,56.99,W,-4.25,-2.23
9/12/2018,22:59:23,15.377,N,56.995,W,-4.23,-2.25
9/12/2018,23:01:23,15.375,N,57,W,-4.21,-2.27
9/12/2018,23:03:24,15.372,N,57.004,W,-4.19,-2.28
9/12/2018,23:05:24,15.37,N,57.009,W,-4.17,-2.3
9/12/2018,23:07:23,15.367,N,57.014,W,-4.16,-2.32
9/12/2018,23:09:23,15.365,N,57.018,W,-4.14,-2.33
9/12/2018,23:11:24,15.362,N,57.023,W,-4.12,-2.35
9/12/2018,23:13:24,15.36,N,57.027,W,-4.1,-2.37
9/12/2018,23:15:23,15.357,N,57.032,W,-4.09,-2.38
9/12/2018,23:17:24,15.355,N,57.037,W,-4.07,-2.4
9/12/2018,23:19:24,15.352,N,57.041,W,-4.05,-2.41
9/12/2018,23:21:23,15.349,N,57.046,W,-4.04,-2.43
9/12/2018,23:23:23,15.347,N,57.05,W,-4.02,-2.44
9/12/2018,23:25:24,15.344,N,57.055,W,-4.01,-2.46
9/12/2018,23:27:24,15.341,N,57.059,W,-3.99,-2.47
9/12/2018,23:29:23,15.339,N,57.064,W,-3.97,-2.49
9/12/2018,23:31:23,15.336,N,57.068,W,-3.96,-2.5
9/12/2018,23:33:24,15.333,N,57.072,W,-3.94,-2.52
9/12/2018,23:35:24,15.331,N,57.077,W,-3.93,-2.53
9/12/2018,23:37:23,15.328,N,57.081,W,-3.92,-2.54
9/12/2018,23:39:23,15.325,N,57.086,W,-3.9,-2.56
9/12/2018,23:41:24,15.322,N,57.09,W,-3.89,-2.57
9/12/2018,23:43:24,15.32,N,57.094,W,-3.88,-2.58
9/12/2018,23:45:23,15.317,N,57.099,W,-3.86,-2.59
9/12/2018,23:47:24,15.314,N,57.103,W,-3.85,-2.61
9/12/2018,23:49:24,15.311,N,57.107,W,-3.84,-2.62
9/12/2018,23:51:23,15.308,N,57.112,W,-3.82,-2.63
9/12/2018,23:53:23,15.305,N,57.116,W,-3.81,-2.64
9/12/2018,23:54:26,15.304,N,57.118,W,-8.69,-5.9
9/12/2018,23:56:26,15.298,N,57.128,W,-8.65,-5.71
9/12/2018,23:58:25,15.292,N,57.137,W,-8.61,-5.52
9/13/2018,0:00:26,15.286,N,57.147,W,-8.57,-5.33
9/13/2018,0:02:26,15.28,N,57.157,W,-8.52,-5.14
9/13/2018,0:04:25,15.275,N,57.166,W,-8.48,-4.96
9/13/2018,0:06:25,15.269,N,57.176,W,-8.44,-4.78
9/13/2018,0:08:26,15.264,N,57.185,W,-8.4,-4.6
9/13/2018,0:10:26,15.26,N,57.194,W,-8.36,-4.42
9/13/2018,0:12:25,15.255,N,57.204,W,-8.32,-4.24
9/13/2018,0:14:25,15.25,N,57.213,W,-8.28,-4.07
9/13/2018,0:16:26,15.246,N,57.222,W,-8.25,-3.9
9/13/2018,0:18:26,15.242,N,57.231,W,-8.21,-3.73
9/13/2018,0:20:25,15.238,N,57.241,W,-8.17,-3.56
9/13/2018,0:22:25,15.234,N,57.25,W,-8.13,-3.39
9/13/2018,0:24:26,15.231,N,57.259,W,-8.1,-3.23
9/13/2018,0:26:26,15.227,N,57.268,W,-8.06,-3.07
9/13/2018,0:28:25,15.224,N,57.277,W,-8.02,-2.91
9/13/2018,0:30:26,15.221,N,57.286,W,-7.99,-2.75
9/13/2018,0:32:26,15.218,N,57.295,W,-7.95,-2.6
9/13/2018,0:34:25,15.215,N,57.303,W,-7.92,-2.45
9/13/2018,0:36:25,15.213,N,57.312,W,-7.89,-2.29
9/13/2018,0:38:26,15.21,N,57.321,W,-7.85,-2.15
9/13/2018,0:40:26,15.208,N,57.33,W,-7.82,-2
9/13/2018,0:42:25,15.206,N,57.339,W,-7.79,-1.86
9/13/2018,0:44:25,15.204,N,57.347,W,-7.76,-1.71
9/13/2018,0:46:26,15.202,N,57.356,W,-7.72,-1.57
9/13/2018,0:48:26,15.201,N,57.365,W,-7.69,-1.43
9/13/2018,0:50:25,15.199,N,57.373,W,-7.66,-1.3
9/13/2018,0:52:25,15.198,N,57.382,W,-7.63,-1.16
9/13/2018,0:54:26,15.197,N,57.39,W,-7.6,-1.03
9/13/2018,0:56:26,15.196,N,57.399,W,-7.57,-0.9
9/13/2018,0:58:25,15.195,N,57.407,W,-7.55,-0.78
9/13/2018,1:00:26,15.194,N,57.416,W,-7.52,-0.65
9/13/2018,1:02:26,15.194,N,57.424,W,-7.49,-0.53
9/13/2018,1:04:25,15.193,N,57.432,W,-7.46,-0.41
9/13/2018,1:06:25,15.193,N,57.441,W,-7.44,-0.29
9/13/2018,1:08:26,15.192,N,57.449,W,-7.41,-0.17
9/13/2018,1:10:26,15.192,N,57.457,W,-7.38,-0.05
9/13/2018,1:12:25,15.192,N,57.465,W,-7.36,0.06
9/13/2018,1:14:25,15.192,N,57.474,W,-7.33,0.17
9/13/2018,1:16:26,15.193,N,57.482,W,-7.31,0.28
9/13/2018,1:18:26,15.193,N,57.49,W,-7.28,0.38
9/13/2018,1:20:25,15.193,N,57.498,W,-7.26,0.49
9/13/2018,1:22:25,15.194,N,57.506,W,-7.24,0.59
9/13/2018,1:24:26,15.195,N,57.514,W,-7.22,0.69
9/13/2018,1:26:26,15.196,N,57.522,W,-7.19,0.79
9/13/2018,1:28:25,15.196,N,57.53,W,-7.17,0.88
9/13/2018,1:29:33,15.197,N,57.535,W,-6.85,2.33
9/13/2018,1:31:34,15.2,N,57.543,W,-6.85,2.33
9/13/2018,1:33:33,15.202,N,57.55,W,-6.85,2.33
9/13/2018,1:35:33,15.205,N,57.558,W,-6.85,2.33
9/13/2018,1:37:34,15.207,N,57.566,W,-6.85,2.33
9/13/2018,1:39:34,15.21,N,57.573,W,-6.85,2.33
9/13/2018,1:41:33,15.212,N,57.581,W,-6.85,2.33
9/13/2018,1:43:33,15.215,N,57.589,W,-6.85,2.33
9/13/2018,1:45:34,15.217,N,57.596,W,-6.85,2.33
9/13/2018,1:47:34,15.22,N,57.604,W,-6.85,2.33
9/13/2018,1:49:33,15.222,N,57.612,W,-6.85,2.33
9/13/2018,1:51:33,15.225,N,57.619,W,-6.85,2.33
9/13/2018,1:53:34,15.227,N,57.627,W,-6.85,2.33
9/13/2018,1:55:34,15.23,N,57.635,W,-6.85,2.33
9/13/2018,1:57:33,15.232,N,57.642,W,-6.84,2.33
9/13/2018,1:59:33,15.235,N,57.65,W,-6.84,2.33
9/13/2018,2:01:34,15.237,N,57.657,W,-6.84,2.33
9/13/2018,2:03:33,15.24,N,57.665,W,-6.84,2.33
9/13/2018,2:05:33,15.242,N,57.673,W,-6.84,2.33
9/13/2018,2:07:34,15.245,N,57.68,W,-6.84,2.33
9/13/2018,2:09:34,15.247,N,57.688,W,-6.84,2.33
9/13/2018,2:11:33,15.25,N,57.696,W,-6.84,2.33
9/13/2018,2:13:33,15.252,N,57.703,W,-6.84,2.33
9/13/2018,2:15:34,15.255,N,57.711,W,-6.84,2.33
9/13/2018,2:17:34,15.257,N,57.719,W,-6.84,2.33
9/13/2018,2:19:33,15.26,N,57.726,W,-6.84,2.33
9/13/2018,2:21:33,15.262,N,57.734,W,-6.84,2.33
9/13/2018,2:23:34,15.265,N,57.742,W,-6.84,2.33
9/13/2018,2:25:34,15.267,N,57.749,W,-6.84,2.33
9/13/2018,2:27:33,15.27,N,57.757,W,-6.84,2.33
9/13/2018,2:29:33,15.272,N,57.765,W,-6.84,2.33
9/13/2018,2:31:34,15.275,N,57.772,W,-6.84,2.33
9/13/2018,2:33:33,15.277,N,57.78,W,-6.84,2.33
9/13/2018,2:35:33,15.28,N,57.788,W,-6.84,2.33
9/13/2018,2:37:34,15.282,N,57.795,W,-6.84,2.33
9/13/2018,2:39:34,15.285,N,57.803,W,-6.84,2.33
9/13/2018,2:41:33,15.288,N,57.811,W,-6.84,2.33
9/13/2018,2:43:33,15.29,N,57.818,W,-6.84,2.33
9/13/2018,2:45:34,15.293,N,57.826,W,-6.84,2.33
9/13/2018,2:47:34,15.295,N,57.834,W,-6.84,2.33
9/13/2018,2:49:33,15.298,N,57.841,W,-6.84,2.33
9/13/2018,2:51:33,15.3,N,57.849,W,-6.84,2.33
9/13/2018,2:53:34,15.303,N,57.857,W,-6.84,2.33
9/13/2018,2:55:34,15.305,N,57.864,W,-6.84,2.33
9/13/2018,2:57:33,15.308,N,57.872,W,-6.84,2.33
9/13/2018,2:58:39,15.309,N,57.876,W,-7.02,1.88
9/13/2018,3:00:39,15.311,N,57.884,W,-7.03,1.85
9/13/2018,3:02:38,15.313,N,57.892,W,-7.04,1.81
9/13/2018,3:04:38,15.315,N,57.9,W,-7.06,1.78
9/13/2018,3:06:39,15.317,N,57.908,W,-7.07,1.75
9/13/2018,3:08:39,15.319,N,57.915,W,-7.08,1.71
9/13/2018,3:10:38,15.321,N,57.923,W,-7.1,1.68
9/13/2018,3:12:38,15.322,N,57.931,W,-7.11,1.65
9/13/2018,3:14:39,15.324,N,57.939,W,-7.12,1.61
9/13/2018,3:16:39,15.326,N,57.947,W,-7.14,1.57
9/13/2018,3:18:38,15.327,N,57.955,W,-7.15,1.54
9/13/2018,3:20:38,15.329,N,57.963,W,-7.17,1.5
9/13/2018,3:22:39,15.331,N,57.971,W,-7.18,1.46
9/13/2018,3:24:39,15.332,N,57.979,W,-7.2,1.42
9/13/2018,3:26:38,15.334,N,57.987,W,-7.21,1.38
9/13/2018,3:28:39,15.335,N,57.995,W,-7.23,1.34
9/13/2018,3:30:39,15.337,N,58.004,W,-7.24,1.3
9/13/2018,3:32:38,15.338,N,58.012,W,-7.26,1.26
9/13/2018,3:34:38,15.339,N,58.02,W,-7.28,1.21
9/13/2018,3:36:39,15.341,N,58.028,W,-7.29,1.17
9/13/2018,3:38:39,15.342,N,58.036,W,-7.31,1.13
9/13/2018,3:40:38,15.343,N,58.044,W,-7.33,1.08
9/13/2018,3:42:38,15.344,N,58.053,W,-7.35,1.04
9/13/2018,3:44:39,15.345,N,58.061,W,-7.36,0.99
9/13/2018,3:46:39,15.346,N,58.069,W,-7.38,0.94
9/13/2018,3:48:38,15.347,N,58.077,W,-7.4,0.9
9/13/2018,3:50:38,15.348,N,58.086,W,-7.42,0.85
9/13/2018,3:52:39,15.349,N,58.094,W,-7.44,0.8
9/13/2018,3:54:39,15.35,N,58.102,W,-7.46,0.75
9/13/2018,3:56:38,15.351,N,58.111,W,-7.48,0.7
9/13/2018,3:58:39,15.352,N,58.119,W,-7.5,0.65
9/13/2018,4:00:39,15.352,N,58.127,W,-7.52,0.6
9/13/2018,4:02:38,15.353,N,58.136,W,-7.54,0.55
9/13/2018,4:04:38,15.353,N,58.144,W,-7.56,0.49
9/13/2018,4:06:39,15.354,N,58.153,W,-7.58,0.44
9/13/2018,4:08:39,15.354,N,58.161,W,-7.6,0.39
9/13/2018,4:10:38,15.355,N,58.17,W,-7.62,0.33
9/13/2018,4:12:38,15.355,N,58.178,W,-7.64,0.27
9/13/2018,4:14:39,15.355,N,58.187,W,-7.66,0.22
9/13/2018,4:16:39,15.356,N,58.195,W,-7.69,0.16
9/13/2018,4:18:38,15.356,N,58.204,W,-7.71,0.1
9/13/2018,4:20:38,15.356,N,58.213,W,-7.73,0.05
9/13/2018,4:22:39,15.356,N,58.221,W,-7.75,-0.01
9/13/2018,4:24:39,15.356,N,58.23,W,-7.78,-0.07
9/13/2018,4:26:38,15.356,N,58.239,W,-7.8,-0.13
9/13/2018,4:28:39,15.355,N,58.247,W,-7.82,-0.19
9/13/2018,4:30:39,15.355,N,58.256,W,-7.85,-0.26
9/13/2018,4:32:38,15.355,N,58.265,W,-7.87,-0.32
9/13/2018,4:34:38,15.355,N,58.274,W,-7.9,-0.38
9/13/2018,4:36:39,15.354,N,58.283,W,-7.92,-0.45
9/13/2018,4:38:39,15.354,N,58.292,W,-7.95,-0.51
9/13/2018,4:40:38,15.353,N,58.3,W,-7.97,-0.58
9/13/2018,4:42:38,15.352,N,58.309,W,-8,-0.64
9/13/2018,4:44:39,15.352,N,58.318,W,-8.03,-0.71
9/13/2018,4:46:39,15.351,N,58.327,W,-8.05,-0.78
9/13/2018,4:48:38,15.35,N,58.336,W,-8.08,-0.84
9/13/2018,4:50:38,15.349,N,58.345,W,-8.1,-0.91
9/13/2018,4:52:39,15.348,N,58.355,W,-8.13,-0.98
9/13/2018,4:54:39,15.347,N,58.364,W,-8.16,-1.05
9/13/2018,4:56:38,15.346,N,58.373,W,-8.19,-1.12
9/13/2018,4:58:39,15.344,N,58.382,W,-8.21,-1.19
9/13/2018,5:00:39,15.343,N,58.391,W,-8.24,-1.27
9/13/2018,5:02:38,15.342,N,58.4,W,-8.27,-1.34
9/13/2018,5:04:38,15.34,N,58.41,W,-8.3,-1.41
9/13/2018,5:06:39,15.339,N,58.419,W,-8.33,-1.49
9/13/2018,5:08:39,15.337,N,58.428,W,-8.36,-1.56
9/13/2018,5:10:38,15.335,N,58.438,W,-8.39,-1.64
9/13/2018,5:12:38,15.333,N,58.447,W,-8.42,-1.71
9/13/2018,5:14:39,15.332,N,58.457,W,-8.45,-1.79
9/13/2018,5:16:39,15.33,N,58.466,W,-8.48,-1.87
9/13/2018,5:18:38,15.328,N,58.476,W,-8.51,-1.95
9/13/2018,5:20:38,15.325,N,58.485,W,-8.54,-2.03
9/13/2018,5:22:39,15.323,N,58.495,W,-8.57,-2.1
9/13/2018,5:24:39,15.321,N,58.504,W,-8.6,-2.19
9/13/2018,5:26:38,15.318,N,58.514,W,-8.63,-2.27
9/13/2018,5:28:39,15.316,N,58.524,W,-8.67,-2.35
9/13/2018,5:30:39,15.313,N,58.533,W,-8.7,-2.43
9/13/2018,5:32:38,15.311,N,58.543,W,-8.73,-2.51
9/13/2018,5:34:38,15.308,N,58.553,W,-8.76,-2.6
9/13/2018,5:36:39,15.305,N,58.563,W,-8.8,-2.68
9/13/2018,5:38:39,15.302,N,58.572,W,-8.83,-2.77
9/13/2018,5:40:38,15.299,N,58.582,W,-8.86,-2.85
9/13/2018,5:42:38,15.296,N,58.592,W,-8.9,-2.94
9/13/2018,5:44:39,15.293,N,58.602,W,-8.93,-3.03
9/13/2018,5:46:39,15.289,N,58.612,W,-8.96,-3.11
9/13/2018,5:48:38,15.286,N,58.622,W,-9,-3.2
9/13/2018,5:50:38,15.283,N,58.632,W,-9.03,-3.28
9/13/2018,5:52:39,15.279,N,58.643,W,-9.07,-3.37
9/13/2018,5:54:39,15.275,N,58.653,W,-9.1,-3.45
9/13/2018,5:56:38,15.272,N,58.663,W,-9.13,-3.53
9/13/2018,5:58:39,15.268,N,58.673,W,-9.16,-3.61
9/13/2018,6:00:39,15.264,N,58.683,W,-9.19,-3.68
9/13/2018,6:02:38,15.26,N,58.694,W,-9.23,-3.76
9/13/2018,6:04:38,15.256,N,58.704,W,-9.26,-3.83
9/13/2018,6:06:39,15.251,N,58.714,W,-9.29,-3.91
9/13/2018,6:08:39,15.247,N,58.725,W,-9.32,-3.98
9/13/2018,6:10:38,15.243,N,58.735,W,-9.35,-4.05
9/13/2018,6:12:38,15.238,N,58.746,W,-9.38,-4.11
9/13/2018,6:14:39,15.234,N,58.756,W,-9.41,-4.18
9/13/2018,6:16:39,15.229,N,58.767,W,-9.44,-4.25
9/13/2018,6:18:38,15.225,N,58.777,W,-9.47,-4.31
9/13/2018,6:20:38,15.22,N,58.788,W,-9.49,-4.37
9/13/2018,6:22:39,15.215,N,58.799,W,-9.52,-4.44
9/13/2018,6:24:39,15.211,N,58.809,W,-9.55,-4.49
9/13/2018,6:26:38,15.206,N,58.82,W,-9.58,-4.55
9/13/2018,6:28:39,15.201,N,58.831,W,-9.6,-4.61
9/13/2018,6:30:39,15.196,N,58.841,W,-9.63,-4.67
9/13/2018,6:32:38,15.191,N,58.852,W,-9.66,-4.72
9/13/2018,6:34:38,15.186,N,58.863,W,-9.68,-4.77
9/13/2018,6:36:39,15.18,N,58.874,W,-9.71,-4.82
9/13/2018,6:38:39,15.175,N,58.885,W,-9.74,-4.87
9/13/2018,6:40:38,15.17,N,58.896,W,-9.76,-4.92
9/13/2018,6:42:38,15.165,N,58.907,W,-9.79,-4.97
9/13/2018,6:44:39,15.159,N,58.918,W,-9.81,-5.01
9/13/2018,6:46:39,15.154,N,58.929,W,-9.83,-5.06
9/13/2018,6:48:38,15.148,N,58.94,W,-9.86,-5.1
9/13/2018,6:50:38,15.143,N,58.951,W,-9.88,-5.14
9/13/2018,6:52:39,15.137,N,58.962,W,-9.9,-5.18
9/13/2018,6:54:39,15.132,N,58.973,W,-9.93,-5.22
9/13/2018,6:56:38,15.126,N,58.984,W,-9.95,-5.26
9/13/2018,6:58:39,15.12,N,58.995,W,-9.97,-5.29
9/13/2018,7:00:39,15.114,N,59.006,W,-9.99,-5.32
9/13/2018,7:02:38,15.109,N,59.017,W,-10.02,-5.36
9/13/2018,7:04:38,15.103,N,59.028,W,-10.04,-5.39
9/13/2018,7:06:39,15.097,N,59.04,W,-10.06,-5.42
9/13/2018,7:08:39,15.091,N,59.051,W,-10.08,-5.45
9/13/2018,7:10:38,15.085,N,59.062,W,-10.1,-5.47
9/13/2018,7:12:38,15.079,N,59.074,W,-10.12,-5.5
9/13/2018,7:14:39,15.073,N,59.085,W,-10.14,-5.52
9/13/2018,7:16:39,15.067,N,59.096,W,-10.16,-5.54
9/13/2018,7:18:38,15.061,N,59.108,W,-10.17,-5.57
9/13/2018,7:20:38,15.055,N,59.119,W,-10.19,-5.58
9/13/2018,7:22:39,15.049,N,59.13,W,-10.21,-5.6
9/13/2018,7:24:39,15.043,N,59.142,W,-10.23,-5.62
9/13/2018,7:26:38,15.037,N,59.153,W,-10.25,-5.63
9/13/2018,7:28:39,15.031,N,59.165,W,-10.26,-5.65
9/13/2018,7:30:39,15.025,N,59.176,W,-10.28,-5.66
9/13/2018,7:32:38,15.019,N,59.188,W,-10.3,-5.67
9/13/2018,7:34:38,15.013,N,59.199,W,-10.31,-5.68
9/13/2018,7:36:39,15.007,N,59.211,W,-10.33,-5.69
9/13/2018,7:38:39,15.001,N,59.222,W,-10.34,-5.7
9/13/2018,7:40:38,14.994,N,59.234,W,-10.36,-5.7
9/13/2018,7:42:38,14.988,N,59.245,W,-10.37,-5.7
9/13/2018,7:44:39,14.982,N,59.257,W,-10.39,-5.71
9/13/2018,7:46:39,14.976,N,59.269,W,-10.4,-5.71
9/13/2018,7:48:38,14.97,N,59.28,W,-10.42,-5.71
9/13/2018,7:50:38,14.964,N,59.292,W,-10.43,-5.7
9/13/2018,7:52:39,14.958,N,59.303,W,-10.44,-5.7
9/13/2018,7:54:39,14.951,N,59.315,W,-10.45,-5.7
9/13/2018,7:56:38,14.945,N,59.327,W,-10.47,-5.69
9/13/2018,7:58:39,14.939,N,59.339,W,-10.48,-5.68
9/13/2018,8:00:39,14.933,N,59.35,W,-10.49,-5.67
9/13/2018,8:02:38,14.927,N,59.362,W,-10.5,-5.66
9/13/2018,8:04:38,14.921,N,59.374,W,-10.51,-5.65
9/13/2018,8:06:38,14.915,N,59.385,W,-10.52,-5.64
9/13/2018,8:08:38,14.909,N,59.397,W,-10.53,-5.62
9/13/2018,8:10:39,14.903,N,59.409,W,-10.54,-5.61
9/13/2018,8:12:39,14.896,N,59.421,W,-10.55,-5.59
9/13/2018,8:14:39,14.89,N,59.433,W,-10.56,-5.57
9/13/2018,8:16:39,14.884,N,59.444,W,-10.57,-5.55
9/13/2018,8:18:38,14.878,N,59.456,W,-10.58,-5.52
9/13/2018,8:20:38,14.873,N,59.468,W,-10.59,-5.5
9/13/2018,8:22:38,14.867,N,59.48,W,-10.6,-5.48
9/13/2018,8:24:38,14.861,N,59.492,W,-10.6,-5.45
9/13/2018,8:26:39,14.855,N,59.503,W,-10.61,-5.42
9/13/2018,8:28:39,14.849,N,59.515,W,-10.62,-5.39
9/13/2018,8:30:39,14.843,N,59.527,W,-10.62,-5.36
9/13/2018,8:32:38,14.837,N,59.539,W,-10.63,-5.33
9/13/2018,8:34:38,14.832,N,59.551,W,-10.64,-5.3
9/13/2018,8:36:38,14.826,N,59.563,W,-10.64,-5.26
9/13/2018,8:38:38,14.82,N,59.575,W,-10.65,-5.22
9/13/2018,8:40:39,14.815,N,59.587,W,-10.65,-5.19
9/13/2018,8:42:39,14.809,N,59.598,W,-10.66,-5.15
9/13/2018,8:44:39,14.804,N,59.61,W,-10.66,-5.11
9/13/2018,8:46:39,14.798,N,59.622,W,-10.66,-5.06
9/13/2018,8:48:38,14.793,N,59.634,W,-10.67,-5.02
9/13/2018,8:50:38,14.787,N,59.646,W,-10.67,-4.97
9/13/2018,8:52:38,14.782,N,59.658,W,-10.67,-4.93
9/13/2018,8:54:38,14.777,N,59.67,W,-10.68,-4.88
9/13/2018,8:56:39,14.771,N,59.682,W,-10.68,-4.83
9/13/2018,8:58:39,14.766,N,59.694,W,-10.68,-4.78
9/13/2018,9:00:39,14.761,N,59.706,W,-10.68,-4.73
9/13/2018,9:02:38,14.756,N,59.718,W,-10.68,-4.67
9/13/2018,9:04:38,14.751,N,59.73,W,-10.68,-4.62
9/13/2018,9:06:38,14.746,N,59.741,W,-10.68,-4.56
9/13/2018,9:08:38,14.741,N,59.753,W,-10.68,-4.5
9/13/2018,9:10:39,14.736,N,59.765,W,-10.68,-4.44
9/13/2018,9:12:39,14.732,N,59.777,W,-10.68,-4.38
9/13/2018,9:14:39,14.727,N,59.789,W,-10.68,-4.32
9/13/2018,9:16:39,14.722,N,59.801,W,-10.68,-4.26
9/13/2018,9:18:38,14.718,N,59.813,W,-10.68,-4.19
9/13/2018,9:20:38,14.713,N,59.825,W,-10.68,-4.12
9/13/2018,9:22:38,14.709,N,59.837,W,-10.68,-4.06
9/13/2018,9:24:38,14.704,N,59.849,W,-10.67,-3.99
9/13/2018,9:26:39,14.7,N,59.861,W,-10.67,-3.92
9/13/2018,9:28:39,14.696,N,59.873,W,-10.67,-3.84
9/13/2018,9:30:39,14.692,N,59.884,W,-10.66,-3.77
9/13/2018,9:32:38,14.688,N,59.896,W,-10.66,-3.69
9/13/2018,9:34:38,14.684,N,59.908,W,-10.65,-3.62
9/13/2018,9:36:38,14.68,N,59.92,W,-10.65,-3.54
9/13/2018,9:38:38,14.676,N,59.932,W,-10.64,-3.46
9/13/2018,9:40:39,14.673,N,59.944,W,-10.64,-3.38
9/13/2018,9:42:39,14.669,N,59.956,W,-10.63,-3.3
9/13/2018,9:44:39,14.666,N,59.968,W,-10.63,-3.21
9/13/2018,9:46:39,14.662,N,59.979,W,-10.62,-3.13
9/13/2018,9:48:38,14.659,N,59.991,W,-10.61,-3.04
9/13/2018,9:50:38,14.656,N,60.003,W,-10.61,-2.95
9/13/2018,9:52:38,14.652,N,60.015,W,-10.6,-2.86
9/13/2018,9:54:38,14.649,N,60.027,W,-10.59,-2.77
9/13/2018,9:56:39,14.646,N,60.039,W,-10.58,-2.68
9/13/2018,9:58:39,14.644,N,60.05,W,-10.57,-2.58
9/13/2018,10:00:39,14.641,N,60.062,W,-10.57,-2.49
9/13/2018,10:02:38,14.638,N,60.074,W,-10.56,-2.39
9/13/2018,10:04:38,14.636,N,60.086,W,-10.55,-2.3
9/13/2018,10:06:38,14.633,N,60.097,W,-10.54,-2.2
9/13/2018,10:08:38,14.631,N,60.109,W,-10.53,-2.11
9/13/2018,10:10:39,14.629,N,60.121,W,-10.52,-2.02
9/13/2018,10:12:39,14.627,N,60.133,W,-10.51,-1.93
9/13/2018,10:14:39,14.625,N,60.144,W,-10.5,-1.84
9/13/2018,10:16:39,14.623,N,60.156,W,-10.5,-1.75
9/13/2018,10:18:38,14.621,N,60.168,W,-10.49,-1.66
9/13/2018,10:20:38,14.619,N,60.179,W,-10.48,-1.57
9/13/2018,10:22:38,14.617,N,60.191,W,-10.47,-1.48
9/13/2018,10:24:38,14.616,N,60.203,W,-10.46,-1.39
9/13/2018,10:26:39,14.614,N,60.214,W,-10.45,-1.31
9/13/2018,10:28:39,14.613,N,60.226,W,-10.45,-1.22
9/13/2018,10:30:39,14.612,N,60.238,W,-10.44,-1.14
9/13/2018,10:32:38,14.611,N,60.249,W,-10.43,-1.05
9/13/2018,10:34:38,14.609,N,60.261,W,-10.42,-0.97
9/13/2018,10:36:38,14.608,N,60.273,W,-10.42,-0.89
9/13/2018,10:38:38,14.608,N,60.284,W,-10.41,-0.8
9/13/2018,10:40:39,14.607,N,60.296,W,-10.4,-0.72
9/13/2018,10:42:39,14.606,N,60.307,W,-10.39,-0.64
9/13/2018,10:44:39,14.605,N,60.319,W,-10.38,-0.56
9/13/2018,10:46:39,14.605,N,60.331,W,-10.38,-0.48
9/13/2018,10:48:38,14.604,N,60.342,W,-10.37,-0.41
9/13/2018,10:50:38,14.604,N,60.354,W,-10.36,-0.33
9/13/2018,10:52:38,14.604,N,60.365,W,-10.36,-0.25
9/13/2018,10:54:38,14.603,N,60.377,W,-10.35,-0.18
9/13/2018,10:56:39,14.603,N,60.388,W,-10.34,-0.1
9/13/2018,10:58:39,14.603,N,60.4,W,-10.33,-0.03
9/13/2018,11:00:39,14.603,N,60.411,W,-10.33,0.05
9/13/2018,11:02:38,14.603,N,60.423,W,-10.32,0.12
9/13/2018,11:04:38,14.603,N,60.434,W,-10.31,0.19
9/13/2018,11:06:38,14.604,N,60.446,W,-10.31,0.26
9/13/2018,11:08:38,14.604,N,60.457,W,-10.3,0.33
9/13/2018,11:10:39,14.604,N,60.469,W,-10.29,0.4
9/13/2018,11:12:39,14.605,N,60.48,W,-10.29,0.47
9/13/2018,11:14:39,14.605,N,60.492,W,-10.28,0.54
9/13/2018,11:16:39,14.606,N,60.503,W,-10.27,0.61
9/13/2018,11:18:38,14.607,N,60.515,W,-10.27,0.67
9/13/2018,11:20:38,14.607,N,60.526,W,-10.26,0.74
9/13/2018,11:22:38,14.608,N,60.538,W,-10.25,0.81
9/13/2018,11:24:38,14.609,N,60.549,W,-10.25,0.87
9/13/2018,11:26:39,14.61,N,60.561,W,-10.24,0.93
9/13/2018,11:28:39,14.611,N,60.572,W,-10.24,1
9/13/2018,11:30:39,14.612,N,60.583,W,-10.23,1.06
9/13/2018,11:32:38,14.614,N,60.595,W,-10.22,1.12
9/13/2018,11:34:38,14.615,N,60.606,W,-10.22,1.18
9/13/2018,11:36:38,14.616,N,60.618,W,-10.21,1.24
9/13/2018,11:38:38,14.617,N,60.629,W,-10.21,1.3
9/13/2018,11:40:39,14.619,N,60.64,W,-10.2,1.36
9/13/2018,11:42:39,14.62,N,60.652,W,-10.2,1.42
9/13/2018,11:44:39,14.622,N,60.663,W,-10.19,1.47
9/13/2018,11:46:39,14.624,N,60.674,W,-10.19,1.53
9/13/2018,11:48:38,14.625,N,60.686,W,-10.18,1.59
9/13/2018,11:50:38,14.627,N,60.697,W,-10.17,1.64
9/13/2018,11:52:38,14.629,N,60.708,W,-10.17,1.7
9/13/2018,11:54:38,14.631,N,60.72,W,-10.16,1.75
9/13/2018,11:56:39,14.633,N,60.731,W,-10.16,1.8
9/13/2018,11:58:39,14.635,N,60.742,W,-10.15,1.85
9/13/2018,12:00:39,14.637,N,60.754,W,-10.15,1.9
9/13/2018,12:02:38,14.639,N,60.765,W,-10.14,1.95
9/13/2018,12:02:58,14.639,N,60.767,W,-10.06,2.53
9/13/2018,12:04:59,14.642,N,60.778,W,-10.06,2.56
9/13/2018,12:06:59,14.645,N,60.789,W,-10.06,2.58
9/13/2018,12:08:59,14.647,N,60.801,W,-10.06,2.61
9/13/2018,12:10:59,14.65,N,60.812,W,-10.06,2.63
9/13/2018,12:12:58,14.653,N,60.823,W,-10.07,2.65
9/13/2018,12:14:58,14.656,N,60.834,W,-10.07,2.68
9/13/2018,12:16:58,14.659,N,60.846,W,-10.07,2.7
9/13/2018,12:18:58,14.662,N,60.857,W,-10.07,2.72
9/13/2018,12:20:59,14.665,N,60.868,W,-10.07,2.74
9/13/2018,12:22:59,14.668,N,60.879,W,-10.07,2.76
9/13/2018,12:24:59,14.671,N,60.89,W,-10.07,2.79
9/13/2018,12:26:59,14.674,N,60.902,W,-10.07,2.81
9/13/2018,12:28:58,14.677,N,60.913,W,-10.07,2.83
9/13/2018,12:30:58,14.68,N,60.924,W,-10.07,2.85
9/13/2018,12:32:58,14.683,N,60.935,W,-10.07,2.86
9/13/2018,12:34:59,14.686,N,60.947,W,-10.07,2.88
9/13/2018,12:36:59,14.689,N,60.958,W,-10.07,2.9
9/13/2018,12:38:59,14.692,N,60.969,W,-10.07,2.92
9/13/2018,12:40:59,14.695,N,60.98,W,-10.07,2.94
9/13/2018,12:42:58,14.699,N,60.992,W,-10.07,2.95
9/13/2018,12:44:58,14.702,N,61.003,W,-10.06,2.97
9/13/2018,12:46:58,14.705,N,61.014,W,-10.06,2.99
9/13/2018,12:48:58,14.708,N,61.025,W,-10.06,3
9/13/2018,12:50:59,14.711,N,61.036,W,-10.06,3.02
9/13/2018,12:52:59,14.715,N,61.048,W,-10.06,3.03
9/13/2018,12:54:59,14.718,N,61.059,W,-10.06,3.05
9/13/2018,12:56:59,14.721,N,61.07,W,-10.06,3.06
9/13/2018,12:58:58,14.725,N,61.081,W,-10.06,3.07
9/13/2018,13:00:58,14.728,N,61.093,W,-10.06,3.09
9/13/2018,13:02:58,14.731,N,61.104,W,-10.05,3.1
9/13/2018,13:04:59,14.735,N,61.115,W,-10.05,3.11
9/13/2018,13:06:59,14.738,N,61.126,W,-10.05,3.13
9/13/2018,13:08:59,14.741,N,61.137,W,-10.05,3.14
9/13/2018,13:10:59,14.745,N,61.149,W,-10.05,3.15
9/13/2018,13:12:58,14.748,N,61.16,W,-10.05,3.16
9/13/2018,13:14:58,14.752,N,61.171,W,-10.04,3.17
9/13/2018,13:16:58,14.755,N,61.182,W,-10.04,3.18
9/13/2018,13:18:58,14.758,N,61.194,W,-10.04,3.19
9/13/2018,13:20:59,14.762,N,61.205,W,-10.04,3.2
9/13/2018,13:22:59,14.765,N,61.216,W,-10.04,3.21
9/13/2018,13:24:59,14.769,N,61.227,W,-10.03,3.22
9/13/2018,13:26:59,14.772,N,61.238,W,-10.03,3.22
9/13/2018,13:28:58,14.776,N,61.25,W,-10.03,3.23
9/13/2018,13:30:58,14.779,N,61.261,W,-10.03,3.24
9/13/2018,13:32:58,14.783,N,61.272,W,-10.02,3.24
9/13/2018,13:34:59,14.786,N,61.283,W,-10.02,3.25
9/13/2018,13:36:59,14.79,N,61.294,W,-10.02,3.26
9/13/2018,13:38:59,14.793,N,61.305,W,-10.01,3.26
9/13/2018,13:40:59,14.797,N,61.317,W,-10.01,3.27
9/13/2018,13:42:58,14.8,N,61.328,W,-10.01,3.27
9/13/2018,13:44:58,14.804,N,61.339,W,-10.01,3.28
9/13/2018,13:46:58,14.807,N,61.35,W,-10,3.28
9/13/2018,13:48:58,14.811,N,61.361,W,-10,3.28
9/13/2018,13:50:59,14.814,N,61.372,W,-10,3.28
9/13/2018,13:52:59,14.818,N,61.384,W,-9.99,3.29
9/13/2018,13:54:59,14.822,N,61.395,W,-9.99,3.29
9/13/2018,13:56:59,14.825,N,61.406,W,-9.98,3.29
9/13/2018,13:58:58,14.829,N,61.417,W,-9.98,3.29
9/13/2018,14:00:58,14.832,N,61.428,W,-9.98,3.29
9/13/2018,14:02:58,14.836,N,61.439,W,-9.97,3.29
9/13/2018,14:04:59,14.839,N,61.45,W,-9.97,3.29
9/13/2018,14:06:59,14.843,N,61.462,W,-9.97,3.29
9/13/2018,14:08:59,14.846,N,61.473,W,-9.96,3.29
9/13/2018,14:10:59,14.85,N,61.484,W,-9.96,3.29
9/13/2018,14:12:58,14.854,N,61.495,W,-9.95,3.29
9/13/2018,14:14:58,14.857,N,61.506,W,-9.95,3.29
9/13/2018,14:15:30,14.858,N,61.509,W,-9.96,2.89
9/13/2018,14:17:30,14.861,N,61.52,W,-9.96,2.88
9/13/2018,14:19:31,14.864,N,61.531,W,-9.95,2.87
9/13/2018,14:21:31,14.867,N,61.542,W,-9.95,2.87
9/13/2018,14:23:31,14.87,N,61.553,W,-9.95,2.86
9/13/2018,14:25:30,14.873,N,61.565,W,-9.94,2.85
9/13/2018,14:27:30,14.877,N,61.576,W,-9.94,2.84
9/13/2018,14:29:30,14.88,N,61.587,W,-9.94,2.83
9/13/2018,14:31:30,14.883,N,61.598,W,-9.93,2.82
9/13/2018,14:33:31,14.886,N,61.609,W,-9.93,2.82
9/13/2018,14:35:31,14.889,N,61.62,W,-9.93,2.81
9/13/2018,14:37:31,14.892,N,61.631,W,-9.92,2.8
9/13/2018,14:39:31,14.895,N,61.642,W,-9.92,2.79
9/13/2018,14:41:30,14.898,N,61.653,W,-9.92,2.78
9/13/2018,14:43:30,14.901,N,61.664,W,-9.91,2.77
9/13/2018,14:45:30,14.904,N,61.675,W,-9.91,2.76
9/13/2018,14:47:30,14.907,N,61.686,W,-9.9,2.75
9/13/2018,14:49:31,14.91,N,61.698,W,-9.9,2.74
9/13/2018,14:51:31,14.913,N,61.709,W,-9.9,2.73
9/13/2018,14:53:31,14.916,N,61.72,W,-9.89,2.72
9/13/2018,14:55:30,14.919,N,61.731,W,-9.89,2.71
9/13/2018,14:57:30,14.921,N,61.742,W,-9.88,2.7
9/13/2018,14:59:30,14.924,N,61.753,W,-9.88,2.69
9/13/2018,15:01:30,14.927,N,61.764,W,-9.87,2.68
9/13/2018,15:03:31,14.93,N,61.775,W,-9.87,2.67
9/13/2018,15:05:31,14.933,N,61.786,W,-9.87,2.66
9/13/2018,15:07:31,14.936,N,61.797,W,-9.86,2.65
9/13/2018,15:09:31,14.939,N,61.808,W,-9.86,2.64
9/13/2018,15:11:30,14.942,N,61.819,W,-9.85,2.63
9/13/2018,15:13:30,14.944,N,61.83,W,-9.85,2.62
9/13/2018,15:15:30,14.947,N,61.841,W,-9.84,2.6
9/13/2018,15:17:30,14.95,N,61.852,W,-9.84,2.59
9/13/2018,15:19:31,14.953,N,61.863,W,-9.83,2.58
9/13/2018,15:21:31,14.956,N,61.874,W,-9.83,2.57
9/13/2018,15:23:31,14.958,N,61.885,W,-9.82,2.56
9/13/2018,15:25:30,14.961,N,61.896,W,-9.82,2.55
9/13/2018,15:27:30,14.964,N,61.907,W,-9.81,2.53
9/13/2018,15:29:30,14.967,N,61.918,W,-9.81,2.52
9/13/2018,15:31:30,14.969,N,61.929,W,-9.81,2.51
9/13/2018,15:33:31,14.972,N,61.94,W,-9.8,2.5
9/13/2018,15:35:31,14.975,N,61.951,W,-9.79,2.49
9/13/2018,15:37:31,14.977,N,61.961,W,-9.79,2.47
9/13/2018,15:39:31,14.98,N,61.972,W,-9.78,2.46
9/13/2018,15:41:30,14.983,N,61.983,W,-9.78,2.45
9/13/2018,15:43:30,14.985,N,61.994,W,-9.77,2.43
9/13/2018,15:45:30,14.988,N,62.005,W,-9.77,2.42
9/13/2018,15:47:30,14.991,N,62.016,W,-9.76,2.41
9/13/2018,15:49:31,14.993,N,62.027,W,-9.76,2.4
9/13/2018,15:51:31,14.996,N,62.038,W,-9.75,2.38
9/13/2018,15:53:31,14.998,N,62.049,W,-9.75,2.37
9/13/2018,15:55:30,15.001,N,62.06,W,-9.74,2.35
9/13/2018,15:57:30,15.003,N,62.071,W,-9.74,2.34
9/13/2018,15:59:30,15.006,N,62.081,W,-9.73,2.33
9/13/2018,16:01:30,15.008,N,62.092,W,-9.73,2.31
9/13/2018,16:03:31,15.011,N,62.103,W,-9.72,2.3
9/13/2018,16:05:31,15.013,N,62.114,W,-9.71,2.29
9/13/2018,16:07:31,15.016,N,62.125,W,-9.71,2.27
9/13/2018,16:09:31,15.018,N,62.136,W,-9.7,2.26
9/13/2018,16:11:30,15.021,N,62.147,W,-9.7,2.24
9/13/2018,16:13:30,15.023,N,62.157,W,-9.69,2.23
9/13/2018,16:15:30,15.025,N,62.168,W,-9.68,2.21
9/13/2018,16:17:30,15.028,N,62.179,W,-9.68,2.2
9/13/2018,16:19:31,15.03,N,62.19,W,-9.67,2.18
9/13/2018,16:21:31,15.033,N,62.201,W,-9.67,2.17
9/13/2018,16:23:31,15.035,N,62.211,W,-9.66,2.15
9/13/2018,16:25:30,15.037,N,62.222,W,-9.65,2.14
9/13/2018,16:27:30,15.04,N,62.233,W,-9.65,2.12
9/13/2018,16:29:30,15.042,N,62.244,W,-9.64,2.11
9/13/2018,16:31:30,15.044,N,62.255,W,-9.63,2.09
9/13/2018,16:33:31,15.046,N,62.265,W,-9.63,2.07
9/13/2018,16:35:31,15.049,N,62.276,W,-9.62,2.06
9/13/2018,16:37:31,15.051,N,62.287,W,-9.62,2.04
9/13/2018,16:39:31,15.053,N,62.298,W,-9.61,2.03
9/13/2018,16:41:30,15.055,N,62.308,W,-9.6,2.01
9/13/2018,16:43:30,15.057,N,62.319,W,-9.6,1.99
9/13/2018,16:45:30,15.059,N,62.33,W,-9.59,1.98
9/13/2018,16:47:30,15.062,N,62.34,W,-9.58,1.96
9/13/2018,16:49:31,15.064,N,62.351,W,-9.58,1.94
9/13/2018,16:51:31,15.066,N,62.362,W,-9.57,1.93
9/13/2018,16:53:31,15.068,N,62.373,W,-9.56,1.91
9/13/2018,16:55:30,15.07,N,62.383,W,-9.56,1.89
9/13/2018,16:57:30,15.072,N,62.394,W,-9.55,1.88
9/13/2018,16:59:30,15.074,N,62.405,W,-9.54,1.86
9/13/2018,17:01:30,15.076,N,62.415,W,-9.53,1.84
9/13/2018,17:03:31,15.078,N,62.426,W,-9.53,1.82
9/13/2018,17:05:31,15.08,N,62.437,W,-9.52,1.81
9/13/2018,17:07:31,15.082,N,62.447,W,-9.51,1.79
9/13/2018,17:09:31,15.084,N,62.458,W,-9.51,1.77
9/13/2018,17:11:30,15.086,N,62.468,W,-9.5,1.75
9/13/2018,17:13:30,15.087,N,62.479,W,-9.49,1.73
9/13/2018,17:15:30,15.089,N,62.49,W,-9.48,1.71
9/13/2018,17:17:30,15.091,N,62.5,W,-9.48,1.7
9/13/2018,17:19:31,15.093,N,62.511,W,-9.47,1.68
9/13/2018,17:21:31,15.095,N,62.521,W,-9.46,1.66
9/13/2018,17:23:31,15.097,N,62.532,W,-9.45,1.64
9/13/2018,17:25:30,15.098,N,62.543,W,-9.45,1.62
9/13/2018,17:27:30,15.1,N,62.553,W,-9.44,1.6
9/13/2018,17:29:30,15.102,N,62.564,W,-9.43,1.58
9/13/2018,17:31:30,15.103,N,62.574,W,-9.42,1.56
9/13/2018,17:33:31,15.105,N,62.585,W,-9.42,1.54
9/13/2018,17:35:31,15.107,N,62.595,W,-9.41,1.53
9/13/2018,17:37:31,15.108,N,62.606,W,-9.4,1.51
9/13/2018,17:39:31,15.11,N,62.616,W,-9.39,1.49
9/13/2018,17:41:30,15.112,N,62.627,W,-9.38,1.47
9/13/2018,17:43:30,15.113,N,62.637,W,-9.38,1.45
9/13/2018,17:45:30,15.115,N,62.648,W,-9.37,1.43
9/13/2018,17:47:30,15.116,N,62.658,W,-9.36,1.41
9/13/2018,17:49:31,15.118,N,62.669,W,-9.35,1.39
9/13/2018,17:51:31,15.119,N,62.679,W,-9.34,1.37
9/13/2018,17:53:31,15.121,N,62.69,W,-9.34,1.35
9/13/2018,17:55:30,15.122,N,62.7,W,-9.33,1.32
9/13/2018,17:57:30,15.124,N,62.71,W,-9.32,1.3
9/13/2018,17:59:30,15.125,N,62.721,W,-9.31,1.28
9/13/2018,18:01:30,15.126,N,62.731,W,-9.3,1.26
9/13/2018,18:03:31,15.128,N,62.742,W,-9.29,1.24
9/13/2018,18:05:31,15.129,N,62.752,W,-9.29,1.22
9/13/2018,18:07:31,15.13,N,62.762,W,-9.28,1.2
9/13/2018,18:09:31,15.132,N,62.773,W,-9.27,1.18
9/13/2018,18:11:30,15.133,N,62.783,W,-9.26,1.16
9/13/2018,18:13:30,15.134,N,62.793,W,-9.25,1.13
9/13/2018,18:15:30,15.135,N,62.804,W,-9.24,1.11
9/13/2018,18:17:30,15.137,N,62.814,W,-9.23,1.09
9/13/2018,18:19:31,15.138,N,62.824,W,-9.23,1.07
9/13/2018,18:21:31,15.139,N,62.835,W,-9.22,1.05
9/13/2018,18:23:31,15.14,N,62.845,W,-9.21,1.02
9/13/2018,18:25:30,15.141,N,62.855,W,-9.2,1
9/13/2018,18:27:30,15.142,N,62.866,W,-9.19,0.98
9/13/2018,18:29:30,15.143,N,62.876,W,-9.18,0.96
9/13/2018,18:31:30,15.144,N,62.886,W,-9.17,0.93
9/13/2018,18:33:31,15.145,N,62.896,W,-9.16,0.91
9/13/2018,18:35:31,15.146,N,62.907,W,-9.15,0.89
9/13/2018,18:37:31,15.147,N,62.917,W,-9.14,0.86
9/13/2018,18:39:31,15.148,N,62.927,W,-9.14,0.84
9/13/2018,18:41:30,15.149,N,62.937,W,-9.13,0.82
9/13/2018,18:43:30,15.15,N,62.947,W,-9.12,0.79
9/13/2018,18:45:30,15.151,N,62.958,W,-9.11,0.77
9/13/2018,18:47:30,15.151,N,62.968,W,-9.1,0.75
9/13/2018,18:49:31,15.152,N,62.978,W,-9.09,0.72
9/13/2018,18:51:31,15.153,N,62.988,W,-9.08,0.7
9/13/2018,18:53:31,15.154,N,62.998,W,-9.07,0.67
9/13/2018,18:55:30,15.154,N,63.008,W,-9.06,0.65
9/13/2018,18:57:30,15.155,N,63.019,W,-9.05,0.63
9/13/2018,18:59:30,15.156,N,63.029,W,-9.04,0.6
9/13/2018,19:01:30,15.156,N,63.039,W,-9.03,0.58
9/13/2018,19:03:31,15.157,N,63.049,W,-9.02,0.55
9/13/2018,19:05:31,15.158,N,63.059,W,-9.01,0.53
9/13/2018,19:07:31,15.158,N,63.069,W,-9,0.5
9/13/2018,19:09:31,15.159,N,63.079,W,-8.99,0.48
9/13/2018,19:11:30,15.159,N,63.089,W,-8.98,0.45
9/13/2018,19:13:30,15.16,N,63.099,W,-8.97,0.43
9/13/2018,19:15:30,15.16,N,63.109,W,-8.96,0.4
9/13/2018,19:17:30,15.161,N,63.119,W,-8.95,0.38
9/13/2018,19:19:31,15.161,N,63.129,W,-8.94,0.35
9/13/2018,19:21:31,15.161,N,63.139,W,-8.93,0.33
9/13/2018,19:23:31,15.162,N,63.149,W,-8.92,0.3
9/13/2018,19:25:30,15.162,N,63.159,W,-8.91,0.27
9/13/2018,19:27:30,15.162,N,63.169,W,-8.9,0.25
9/13/2018,19:29:30,15.163,N,63.179,W,-8.89,0.22
9/13/2018,19:31:30,15.163,N,63.189,W,-8.88,0.2
9/13/2018,19:33:31,15.163,N,63.199,W,-8.87,0.17
9/13/2018,19:35:31,15.163,N,63.209,W,-8.86,0.14
9/13/2018,19:37:31,15.163,N,63.219,W,-8.85,0.12
9/13/2018,19:39:31,15.163,N,63.229,W,-8.84,0.09
9/13/2018,19:41:30,15.163,N,63.238,W,-8.83,0.06
9/13/2018,19:43:30,15.164,N,63.248,W,-8.82,0.04
9/13/2018,19:45:30,15.164,N,63.258,W,-8.8,0.01
9/13/2018,19:47:30,15.164,N,63.268,W,-8.79,-0.02
9/13/2018,19:49:31,15.163,N,63.278,W,-8.78,-0.05
9/13/2018,19:51:31,15.163,N,63.288,W,-8.77,-0.07
9/13/2018,19:53:31,15.163,N,63.297,W,-8.76,-0.1
9/13/2018,19:55:30,15.163,N,63.307,W,-8.75,-0.13
9/13/2018,19:57:30,15.163,N,63.317,W,-8.74,-0.16
9/13/2018,19:59:30,15.163,N,63.327,W,-8.73,-0.18
9/13/2018,20:01:30,15.163,N,63.336,W,-8.72,-0.21
9/13/2018,20:03:31,15.162,N,63.346,W,-8.71,-0.24
9/13/2018,20:05:31,15.162,N,63.356,W,-8.69,-0.27
9/13/2018,20:07:31,15.162,N,63.366,W,-8.68,-0.3
9/13/2018,20:09:31,15.162,N,63.375,W,-8.67,-0.33
9/13/2018,20:11:30,15.161,N,63.385,W,-8.66,-0.35
9/13/2018,20:13:30,15.161,N,63.395,W,-8.65,-0.38
9/13/2018,20:15:30,15.16,N,63.404,W,-8.64,-0.41
9/13/2018,20:17:30,15.16,N,63.414,W,-8.63,-0.44
9/13/2018,20:19:31,15.159,N,63.424,W,-8.62,-0.47
9/13/2018,20:21:31,15.159,N,63.433,W,-8.6,-0.5
9/13/2018,20:23:31,15.158,N,63.443,W,-8.59,-0.53
9/13/2018,20:25:30,15.158,N,63.453,W,-8.58,-0.56
9/13/2018,20:27:30,15.157,N,63.462,W,-8.57,-0.59
9/13/2018,20:29:30,15.156,N,63.472,W,-8.56,-0.62
9/13/2018,20:31:30,15.156,N,63.481,W,-8.55,-0.65
9/13/2018,20:33:31,15.155,N,63.491,W,-8.53,-0.68
9/13/2018,20:35:31,15.154,N,63.5,W,-8.52,-0.71
9/13/2018,20:37:31,15.154,N,63.51,W,-8.51,-0.74
9/13/2018,20:39:31,15.153,N,63.519,W,-8.5,-0.77
9/13/2018,20:41:30,15.152,N,63.529,W,-8.49,-0.8
9/13/2018,20:43:30,15.151,N,63.538,W,-8.47,-0.83
9/13/2018,20:45:30,15.15,N,63.548,W,-8.46,-0.86
9/13/2018,20:47:30,15.149,N,63.557,W,-8.45,-0.89
9/13/2018,20:49:31,15.148,N,63.567,W,-8.44,-0.92
9/13/2018,20:51:31,15.147,N,63.576,W,-8.42,-0.95
9/13/2018,20:53:31,15.146,N,63.586,W,-8.41,-0.98
9/13/2018,20:55:30,15.145,N,63.595,W,-8.4,-1.01
9/13/2018,20:57:30,15.144,N,63.604,W,-8.39,-1.04
9/13/2018,20:59:30,15.143,N,63.614,W,-8.38,-1.08
9/13/2018,21:01:30,15.142,N,63.623,W,-8.36,-1.11
9/13/2018,21:03:31,15.14,N,63.632,W,-8.35,-1.14
9/13/2018,21:05:31,15.139,N,63.642,W,-8.34,-1.17
9/13/2018,21:07:31,15.138,N,63.651,W,-8.33,-1.2
9/13/2018,21:09:31,15.137,N,63.66,W,-8.31,-1.24
9/13/2018,21:11:30,15.135,N,63.67,W,-8.3,-1.27
9/13/2018,21:13:30,15.134,N,63.679,W,-8.29,-1.3
9/13/2018,21:15:30,15.132,N,63.688,W,-8.27,-1.33
9/13/2018,21:17:30,15.131,N,63.697,W,-8.26,-1.36
9/13/2018,21:19:31,15.129,N,63.707,W,-8.25,-1.4
9/13/2018,21:21:31,15.128,N,63.716,W,-8.24,-1.43
9/13/2018,21:23:31,15.126,N,63.725,W,-8.22,-1.46
9/13/2018,21:25:30,15.125,N,63.734,W,-8.21,-1.5
9/13/2018,21:27:30,15.123,N,63.743,W,-8.2,-1.53
9/13/2018,21:29:30,15.121,N,63.753,W,-8.18,-1.56
9/13/2018,21:31:30,15.12,N,63.762,W,-8.17,-1.6
9/13/2018,21:33:31,15.118,N,63.771,W,-8.16,-1.63
9/13/2018,21:35:31,15.116,N,63.78,W,-8.14,-1.66
9/13/2018,21:37:31,15.114,N,63.789,W,-8.13,-1.7
9/13/2018,21:39:31,15.113,N,63.798,W,-8.12,-1.73
9/13/2018,21:41:30,15.111,N,63.807,W,-8.1,-1.76
9/13/2018,21:43:30,15.109,N,63.816,W,-8.09,-1.8
9/13/2018,21:45:30,15.107,N,63.825,W,-8.08,-1.83
9/13/2018,21:47:30,15.105,N,63.834,W,-8.06,-1.87
9/13/2018,21:49:31,15.103,N,63.843,W,-8.05,-1.9
9/13/2018,21:51:31,15.101,N,63.852,W,-8.04,-1.93
9/13/2018,21:53:31,15.099,N,63.861,W,-8.02,-1.97
9/13/2018,21:55:30,15.096,N,63.87,W,-8.01,-2
9/13/2018,21:57:30,15.094,N,63.879,W,-8,-2.04
9/13/2018,21:59:30,15.092,N,63.888,W,-7.98,-2.07
9/13/2018,22:01:30,15.09,N,63.897,W,-7.97,-2.11
9/13/2018,22:03:31,15.088,N,63.906,W,-7.96,-2.14
9/13/2018,22:05:31,15.085,N,63.915,W,-7.94,-2.17
9/13/2018,22:07:31,15.083,N,63.924,W,-7.93,-2.21
9/13/2018,22:09:31,15.08,N,63.932,W,-7.92,-2.24
9/13/2018,22:11:30,15.078,N,63.941,W,-7.9,-2.27
9/13/2018,22:13:30,15.076,N,63.95,W,-7.89,-2.31
9/13/2018,22:15:30,15.073,N,63.959,W,-7.88,-2.34
9/13/2018,22:17:30,15.07,N,63.968,W,-7.86,-2.37
9/13/2018,22:19:31,15.068,N,63.977,W,-7.85,-2.4
9/13/2018,22:21:31,15.065,N,63.985,W,-7.84,-2.43
9/13/2018,22:23:31,15.063,N,63.994,W,-7.82,-2.46
9/13/2018,22:25:30,15.06,N,64.003,W,-7.81,-2.5
9/13/2018,22:27:30,15.057,N,64.011,W,-7.8,-2.53
9/13/2018,22:29:30,15.055,N,64.02,W,-7.79,-2.56
9/13/2018,22:31:30,15.052,N,64.029,W,-7.77,-2.59
9/13/2018,22:33:31,15.049,N,64.038,W,-7.76,-2.62
9/13/2018,22:35:31,15.046,N,64.046,W,-7.75,-2.65
9/13/2018,22:37:31,15.043,N,64.055,W,-7.73,-2.68
9/13/2018,22:39:31,15.04,N,64.064,W,-7.72,-2.71
9/13/2018,22:41:30,15.037,N,64.072,W,-7.71,-2.74
9/13/2018,22:43:30,15.034,N,64.081,W,-7.7,-2.76
9/13/2018,22:45:30,15.031,N,64.089,W,-7.68,-2.79
9/13/2018,22:47:30,15.028,N,64.098,W,-7.67,-2.82
9/13/2018,22:49:31,15.025,N,64.106,W,-7.66,-2.85
9/13/2018,22:51:31,15.022,N,64.115,W,-7.65,-2.88
9/13/2018,22:53:31,15.019,N,64.124,W,-7.64,-2.91
9/13/2018,22:55:30,15.016,N,64.132,W,-7.62,-2.93
9/13/2018,22:57:30,15.013,N,64.141,W,-7.61,-2.96
9/13/2018,22:59:30,15.01,N,64.149,W,-7.6,-2.99
9/13/2018,23:01:30,15.006,N,64.158,W,-7.59,-3.01
9/13/2018,23:03:31,15.003,N,64.166,W,-7.58,-3.04
9/13/2018,23:05:31,15,N,64.175,W,-7.56,-3.07
9/13/2018,23:07:31,14.996,N,64.183,W,-7.55,-3.09
9/13/2018,23:09:31,14.993,N,64.191,W,-7.54,-3.12
9/13/2018,23:11:30,14.99,N,64.2,W,-7.53,-3.14
9/13/2018,23:13:30,14.986,N,64.208,W,-7.52,-3.17
9/13/2018,23:15:30,14.983,N,64.217,W,-7.51,-3.19
9/13/2018,23:17:30,14.979,N,64.225,W,-7.49,-3.22
9/13/2018,23:19:31,14.976,N,64.233,W,-7.48,-3.24
9/13/2018,23:21:31,14.972,N,64.242,W,-7.47,-3.27
9/13/2018,23:23:31,14.969,N,64.25,W,-7.46,-3.29
9/13/2018,23:25:30,14.965,N,64.258,W,-7.45,-3.32
9/13/2018,23:27:30,14.962,N,64.267,W,-7.44,-3.34
9/13/2018,23:29:30,14.958,N,64.275,W,-7.43,-3.36
9/13/2018,23:31:30,14.954,N,64.283,W,-7.42,-3.39
9/13/2018,23:33:31,14.951,N,64.292,W,-7.4,-3.41
9/13/2018,23:35:31,14.947,N,64.3,W,-7.39,-3.43
9/13/2018,23:37:31,14.943,N,64.308,W,-7.38,-3.46
9/13/2018,23:39:31,14.94,N,64.316,W,-7.37,-3.48
9/13/2018,23:41:30,14.936,N,64.325,W,-7.36,-3.5
9/13/2018,23:43:30,14.932,N,64.333,W,-7.35,-3.52
9/13/2018,23:45:30,14.928,N,64.341,W,-7.34,-3.54
9/13/2018,23:47:30,14.924,N,64.349,W,-7.33,-3.56
9/13/2018,23:49:31,14.921,N,64.357,W,-7.32,-3.59
9/13/2018,23:51:31,14.917,N,64.365,W,-7.31,-3.61
9/13/2018,23:53:31,14.913,N,64.374,W,-7.3,-3.63
9/13/2018,23:55:30,14.909,N,64.382,W,-7.29,-3.65
9/13/2018,23:57:30,14.905,N,64.39,W,-7.28,-3.67
9/13/2018,23:59:30,14.901,N,64.398,W,-7.26,-3.69
9/14/2018,0:00:00,14.9,N,64.4,W,-7.98,-0.3
9/14/2018,0:01:59,14.9,N,64.409,W,-7.98,-0.31
9/14/2018,0:03:59,14.899,N,64.418,W,-7.97,-0.31
9/14/2018,0:05:59,14.899,N,64.427,W,-7.96,-0.32
9/14/2018,0:08:00,14.899,N,64.436,W,-7.95,-0.32
9/14/2018,0:10:00,14.898,N,64.444,W,-7.94,-0.33
9/14/2018,0:12:00,14.898,N,64.453,W,-7.93,-0.33
9/14/2018,0:14:00,14.898,N,64.462,W,-7.92,-0.33
9/14/2018,0:15:59,14.897,N,64.471,W,-7.91,-0.34
9/14/2018,0:17:59,14.897,N,64.48,W,-7.9,-0.34
9/14/2018,0:19:59,14.896,N,64.489,W,-7.89,-0.35
9/14/2018,0:21:59,14.896,N,64.497,W,-7.88,-0.35
9/14/2018,0:24:00,14.896,N,64.506,W,-7.87,-0.36
9/14/2018,0:26:00,14.895,N,64.515,W,-7.87,-0.36
9/14/2018,0:28:00,14.895,N,64.524,W,-7.86,-0.37
9/14/2018,0:30:00,14.895,N,64.533,W,-7.85,-0.37
9/14/2018,0:31:59,14.894,N,64.541,W,-7.84,-0.38
9/14/2018,0:33:59,14.894,N,64.55,W,-7.83,-0.38
9/14/2018,0:35:59,14.893,N,64.559,W,-7.82,-0.39
9/14/2018,0:38:00,14.893,N,64.568,W,-7.81,-0.39
9/14/2018,0:40:00,14.892,N,64.576,W,-7.8,-0.4
9/14/2018,0:42:00,14.892,N,64.585,W,-7.79,-0.4
9/14/2018,0:44:00,14.892,N,64.594,W,-7.78,-0.41
9/14/2018,0:45:59,14.891,N,64.602,W,-7.77,-0.41
9/14/2018,0:47:59,14.891,N,64.611,W,-7.76,-0.41
9/14/2018,0:49:59,14.89,N,64.62,W,-7.75,-0.42
9/14/2018,0:51:59,14.89,N,64.628,W,-7.74,-0.42
9/14/2018,0:54:00,14.889,N,64.637,W,-7.73,-0.43
9/14/2018,0:56:00,14.889,N,64.646,W,-7.72,-0.43
9/14/2018,0:58:00,14.888,N,64.654,W,-7.71,-0.44
9/14/2018,1:00:00,14.888,N,64.663,W,-7.7,-0.44
9/14/2018,1:01:59,14.887,N,64.671,W,-7.69,-0.45
9/14/2018,1:03:59,14.887,N,64.68,W,-7.68,-0.45
9/14/2018,1:05:59,14.886,N,64.689,W,-7.67,-0.46
9/14/2018,1:08:00,14.886,N,64.697,W,-7.66,-0.46
9/14/2018,1:10:00,14.885,N,64.706,W,-7.65,-0.47
9/14/2018,1:12:00,14.885,N,64.714,W,-7.64,-0.47
9/14/2018,1:14:00,14.884,N,64.723,W,-7.63,-0.48
9/14/2018,1:15:59,14.884,N,64.731,W,-7.62,-0.48
9/14/2018,1:17:59,14.883,N,64.74,W,-7.61,-0.49
9/14/2018,1:19:59,14.883,N,64.748,W,-7.6,-0.49
9/14/2018,1:21:59,14.882,N,64.757,W,-7.59,-0.5
9/14/2018,1:24:00,14.882,N,64.765,W,-7.58,-0.5
9/14/2018,1:26:00,14.881,N,64.774,W,-7.57,-0.51
9/14/2018,1:28:00,14.881,N,64.782,W,-7.56,-0.51
9/14/2018,1:30:00,14.88,N,64.791,W,-7.55,-0.52
9/14/2018,1:31:59,14.88,N,64.799,W,-7.54,-0.53
9/14/2018,1:33:59,14.879,N,64.807,W,-7.53,-0.53
9/14/2018,1:35:59,14.878,N,64.816,W,-7.52,-0.54
9/14/2018,1:38:00,14.878,N,64.824,W,-7.51,-0.54
9/14/2018,1:40:00,14.877,N,64.833,W,-7.5,-0.55
9/14/2018,1:42:00,14.877,N,64.841,W,-7.49,-0.55
9/14/2018,1:44:00,14.876,N,64.849,W,-7.48,-0.56
9/14/2018,1:45:59,14.875,N,64.858,W,-7.47,-0.56
9/14/2018,1:47:59,14.875,N,64.866,W,-7.46,-0.57
9/14/2018,1:49:59,14.874,N,64.874,W,-7.45,-0.57
9/14/2018,1:51:59,14.874,N,64.883,W,-7.44,-0.58
9/14/2018,1:54:00,14.873,N,64.891,W,-7.43,-0.58
9/14/2018,1:56:00,14.872,N,64.899,W,-7.42,-0.58
9/14/2018,1:58:00,14.872,N,64.907,W,-7.41,-0.59
9/14/2018,2:00:00,14.871,N,64.916,W,-7.4,-0.59
9/14/2018,2:01:59,14.87,N,64.924,W,-7.39,-0.6
9/14/2018,2:03:59,14.87,N,64.932,W,-7.38,-0.6
9/14/2018,2:05:59,14.869,N,64.94,W,-7.37,-0.61
9/14/2018,2:08:00,14.869,N,64.949,W,-7.36,-0.61
9/14/2018,2:10:00,14.868,N,64.957,W,-7.35,-0.62
9/14/2018,2:12:00,14.867,N,64.965,W,-7.34,-0.62
9/14/2018,2:14:00,14.867,N,64.973,W,-7.33,-0.63
9/14/2018,2:15:59,14.866,N,64.981,W,-7.32,-0.63
9/14/2018,2:17:59,14.865,N,64.99,W,-7.31,-0.64
9/14/2018,2:19:59,14.864,N,64.998,W,-7.3,-0.64
9/14/2018,2:21:59,14.864,N,65.006,W,-7.29,-0.65
9/14/2018,2:24:00,14.863,N,65.014,W,-7.28,-0.65
9/14/2018,2:26:00,14.862,N,65.022,W,-7.27,-0.65
9/14/2018,2:28:00,14.862,N,65.03,W,-7.26,-0.66
9/14/2018,2:30:00,14.861,N,65.038,W,-7.25,-0.66
9/14/2018,2:31:59,14.86,N,65.047,W,-7.25,-0.67
9/14/2018,2:33:59,14.859,N,65.055,W,-7.24,-0.67
9/14/2018,2:35:59,14.859,N,65.063,W,-7.23,-0.68
9/14/2018,2:38:00,14.858,N,65.071,W,-7.22,-0.68
9/14/2018,2:40:00,14.857,N,65.079,W,-7.21,-0.68
9/14/2018,2:42:00,14.857,N,65.087,W,-7.2,-0.69
9/14/2018,2:44:00,14.856,N,65.095,W,-7.19,-0.69
9/14/2018,2:45:59,14.855,N,65.103,W,-7.18,-0.7
9/14/2018,2:47:59,14.854,N,65.111,W,-7.17,-0.7
9/14/2018,2:49:59,14.854,N,65.119,W,-7.16,-0.71
9/14/2018,2:51:59,14.853,N,65.127,W,-7.15,-0.71
9/14/2018,2:54:00,14.852,N,65.135,W,-7.14,-0.71
9/14/2018,2:56:00,14.851,N,65.143,W,-7.14,-0.72
9/14/2018,2:58:00,14.85,N,65.151,W,-7.13,-0.72
9/14/2018,3:00:00,14.85,N,65.159,W,-7.12,-0.73
9/14/2018,3:01:59,14.849,N,65.167,W,-7.11,-0.73
9/14/2018,3:03:59,14.848,N,65.175,W,-7.1,-0.73
9/14/2018,3:05:59,14.847,N,65.183,W,-7.09,-0.74
9/14/2018,3:08:00,14.847,N,65.19,W,-7.08,-0.74
9/14/2018,3:10:00,14.846,N,65.198,W,-7.07,-0.74
9/14/2018,3:12:00,14.845,N,65.206,W,-7.07,-0.75
9/14/2018,3:14:00,14.844,N,65.214,W,-7.06,-0.75
9/14/2018,3:15:59,14.843,N,65.222,W,-7.05,-0.76
9/14/2018,3:17:59,14.842,N,65.23,W,-7.04,-0.76
9/14/2018,3:19:59,14.842,N,65.238,W,-7.03,-0.76
9/14/2018,3:21:59,14.841,N,65.246,W,-7.02,-0.77
9/14/2018,3:24:00,14.84,N,65.253,W,-7.01,-0.77
9/14/2018,3:26:00,14.839,N,65.261,W,-7.01,-0.77
9/14/2018,3:28:00,14.838,N,65.269,W,-7,-0.78
9/14/2018,3:30:00,14.837,N,65.277,W,-6.99,-0.78
9/14/2018,3:31:59,14.837,N,65.285,W,-6.98,-0.79
9/14/2018,3:33:59,14.836,N,65.292,W,-6.97,-0.79
9/14/2018,3:35:59,14.835,N,65.3,W,-6.96,-0.79
9/14/2018,3:38:00,14.834,N,65.308,W,-6.96,-0.8
9/14/2018,3:40:00,14.833,N,65.316,W,-6.95,-0.8
9/14/2018,3:42:00,14.832,N,65.324,W,-6.94,-0.8
9/14/2018,3:44:00,14.831,N,65.331,W,-6.93,-0.81
9/14/2018,3:45:59,14.831,N,65.339,W,-6.92,-0.81
9/14/2018,3:47:59,14.83,N,65.347,W,-6.92,-0.81
9/14/2018,3:49:59,14.829,N,65.354,W,-6.91,-0.82
9/14/2018,3:51:59,14.828,N,65.362,W,-6.9,-0.82
9/14/2018,3:54:00,14.827,N,65.37,W,-6.89,-0.82
9/14/2018,3:56:00,14.826,N,65.378,W,-6.88,-0.83
9/14/2018,3:58:00,14.825,N,65.385,W,-6.88,-0.83
9/14/2018,4:00:00,14.824,N,65.393,W,-6.87,-0.83
9/14/2018,4:01:59,14.824,N,65.401,W,-6.86,-0.84
9/14/2018,4:03:59,14.823,N,65.408,W,-6.85,-0.84
9/14/2018,4:05:59,14.822,N,65.416,W,-6.84,-0.84
9/14/2018,4:08:00,14.821,N,65.423,W,-6.84,-0.84
9/14/2018,4:10:00,14.82,N,65.431,W,-6.83,-0.85
9/14/2018,4:12:00,14.819,N,65.439,W,-6.82,-0.85
9/14/2018,4:14:00,14.818,N,65.446,W,-6.81,-0.85
9/14/2018,4:15:59,14.817,N,65.454,W,-6.81,-0.86
9/14/2018,4:17:59,14.816,N,65.462,W,-6.8,-0.86
9/14/2018,4:19:59,14.815,N,65.469,W,-6.79,-0.86
9/14/2018,4:21:59,14.814,N,65.477,W,-6.78,-0.87
9/14/2018,4:24:00,14.813,N,65.484,W,-6.78,-0.87
9/14/2018,4:26:00,14.812,N,65.492,W,-6.77,-0.87
9/14/2018,4:28:00,14.812,N,65.499,W,-6.76,-0.87
9/14/2018,4:30:00,14.811,N,65.507,W,-6.75,-0.88
9/14/2018,4:31:59,14.81,N,65.514,W,-6.75,-0.88
9/14/2018,4:33:59,14.809,N,65.522,W,-6.74,-0.88
9/14/2018,4:35:59,14.808,N,65.529,W,-6.73,-0.88
9/14/2018,4:38:00,14.807,N,65.537,W,-6.73,-0.89
9/14/2018,4:40:00,14.806,N,65.544,W,-6.72,-0.89
9/14/2018,4:42:00,14.805,N,65.552,W,-6.71,-0.89
9/14/2018,4:44:00,14.804,N,65.559,W,-6.7,-0.9
9/14/2018,4:45:59,14.803,N,65.567,W,-6.7,-0.9
9/14/2018,4:47:59,14.802,N,65.574,W,-6.69,-0.9
9/14/2018,4:49:59,14.801,N,65.582,W,-6.68,-0.9
9/14/2018,4:51:59,14.8,N,65.589,W,-6.68,-0.91
9/14/2018,4:54:00,14.799,N,65.597,W,-6.67,-0.91
9/14/2018,4:56:00,14.798,N,65.604,W,-6.66,-0.91
9/14/2018,4:58:00,14.797,N,65.612,W,-6.65,-0.91
9/14/2018,5:00:00,14.796,N,65.619,W,-6.65,-0.92
9/14/2018,5:01:59,14.795,N,65.626,W,-6.64,-0.92
9/14/2018,5:03:59,14.794,N,65.634,W,-6.63,-0.92
9/14/2018,5:05:59,14.793,N,65.641,W,-6.63,-0.92
9/14/2018,5:08:00,14.792,N,65.649,W,-6.62,-0.92
9/14/2018,5:10:00,14.791,N,65.656,W,-6.61,-0.93
9/14/2018,5:12:00,14.79,N,65.663,W,-6.61,-0.93
9/14/2018,5:14:00,14.789,N,65.671,W,-6.6,-0.93
9/14/2018,5:15:59,14.788,N,65.678,W,-6.59,-0.93
9/14/2018,5:17:59,14.787,N,65.686,W,-6.59,-0.94
9/14/2018,5:19:59,14.786,N,65.693,W,-6.58,-0.94
9/14/2018,5:21:59,14.785,N,65.7,W,-6.57,-0.94
9/14/2018,5:24:00,14.784,N,65.708,W,-6.57,-0.94
9/14/2018,5:26:00,14.783,N,65.715,W,-6.56,-0.94
9/14/2018,5:28:00,14.782,N,65.722,W,-6.56,-0.95
9/14/2018,5:30:00,14.781,N,65.73,W,-6.55,-0.95
9/14/2018,5:31:59,14.78,N,65.737,W,-6.54,-0.95
9/14/2018,5:33:59,14.779,N,65.744,W,-6.54,-0.95
9/14/2018,5:35:59,14.778,N,65.751,W,-6.53,-0.95
9/14/2018,5:38:00,14.777,N,65.759,W,-6.52,-0.95
9/14/2018,5:40:00,14.776,N,65.766,W,-6.52,-0.96
9/14/2018,5:42:00,14.775,N,65.773,W,-6.51,-0.96
9/14/2018,5:44:00,14.774,N,65.781,W,-6.51,-0.96
9/14/2018,5:45:59,14.773,N,65.788,W,-6.5,-0.96
9/14/2018,5:47:59,14.772,N,65.795,W,-6.49,-0.96
9/14/2018,5:49:59,14.771,N,65.802,W,-6.49,-0.97
9/14/2018,5:51:59,14.77,N,65.81,W,-6.48,-0.97
9/14/2018,5:54:00,14.769,N,65.817,W,-6.48,-0.97
9/14/2018,5:56:00,14.768,N,65.824,W,-6.47,-0.97
9/14/2018,5:58:00,14.766,N,65.831,W,-6.46,-0.97
9/14/2018,6:00:00,14.765,N,65.838,W,-6.46,-0.97
9/14/2018,6:01:59,14.764,N,65.846,W,-6.45,-0.98
9/14/2018,6:03:59,14.763,N,65.853,W,-6.45,-0.98
9/14/2018,6:05:59,14.762,N,65.86,W,-6.44,-0.98
9/14/2018,6:08:00,14.761,N,65.867,W,-6.44,-0.98
9/14/2018,6:10:00,14.76,N,65.874,W,-6.43,-0.98
9/14/2018,6:12:00,14.759,N,65.882,W,-6.42,-0.98
9/14/2018,6:14:00,14.758,N,65.889,W,-6.42,-0.98
9/14/2018,6:15:59,14.757,N,65.896,W,-6.41,-0.99
9/14/2018,6:17:59,14.756,N,65.903,W,-6.41,-0.99
9/14/2018,6:19:59,14.755,N,65.91,W,-6.4,-0.99
9/14/2018,6:21:59,14.754,N,65.917,W,-6.4,-0.99
9/14/2018,6:24:00,14.753,N,65.924,W,-6.39,-0.99
9/14/2018,6:26:00,14.752,N,65.932,W,-6.39,-0.99
9/14/2018,6:28:00,14.751,N,65.939,W,-6.38,-0.99
9/14/2018,6:30:00,14.749,N,65.946,W,-6.37,-0.99
9/14/2018,6:31:59,14.748,N,65.953,W,-6.37,-0.99
9/14/2018,6:33:59,14.747,N,65.96,W,-6.36,-1
9/14/2018,6:35:59,14.746,N,65.967,W,-6.36,-1
9/14/2018,6:38:00,14.745,N,65.974,W,-6.35,-1
9/14/2018,6:40:00,14.744,N,65.981,W,-6.35,-1
9/14/2018,6:42:00,14.743,N,65.988,W,-6.34,-1
9/14/2018,6:44:00,14.742,N,65.995,W,-6.34,-1
9/14/2018,6:45:59,14.741,N,66.003,W,-6.33,-1
9/14/2018,6:47:59,14.74,N,66.01,W,-6.33,-1
9/14/2018,6:49:59,14.739,N,66.017,W,-6.32,-1
9/14/2018,6:51:59,14.738,N,66.024,W,-6.32,-1
9/14/2018,6:54:00,14.737,N,66.031,W,-6.31,-1.01
9/14/2018,6:56:00,14.735,N,66.038,W,-6.31,-1.01
9/14/2018,6:58:00,14.734,N,66.045,W,-6.3,-1.01
9/14/2018,7:00:00,14.733,N,66.052,W,-6.3,-1.01
9/14/2018,7:01:59,14.732,N,66.059,W,-6.29,-1.01
9/14/2018,7:03:59,14.731,N,66.066,W,-6.29,-1.01
9/14/2018,7:05:59,14.73,N,66.073,W,-6.28,-1.01
9/14/2018,7:08:00,14.729,N,66.08,W,-6.28,-1.01
9/14/2018,7:10:00,14.728,N,66.087,W,-6.27,-1.01
9/14/2018,7:12:00,14.727,N,66.094,W,-6.27,-1.01
9/14/2018,7:14:00,14.726,N,66.101,W,-6.27,-1.01
9/14/2018,7:15:59,14.725,N,66.108,W,-6.26,-1.01
9/14/2018,7:17:59,14.723,N,66.115,W,-6.26,-1.01
9/14/2018,7:19:59,14.722,N,66.122,W,-6.25,-1.01
9/14/2018,7:21:59,14.721,N,66.129,W,-6.25,-1.01
9/14/2018,7:24:00,14.72,N,66.136,W,-6.24,-1.01
9/14/2018,7:26:00,14.719,N,66.143,W,-6.24,-1.02
9/14/2018,7:28:00,14.718,N,66.15,W,-6.23,-1.02
9/14/2018,7:30:00,14.717,N,66.157,W,-6.23,-1.02
9/14/2018,7:31:59,14.716,N,66.164,W,-6.23,-1.02
9/14/2018,7:33:59,14.715,N,66.171,W,-6.22,-1.02
9/14/2018,7:35:59,14.714,N,66.178,W,-6.22,-1.02
9/14/2018,7:38:00,14.713,N,66.184,W,-6.21,-1.02
9/14/2018,7:40:00,14.711,N,66.191,W,-6.21,-1.02
9/14/2018,7:42:00,14.71,N,66.198,W,-6.2,-1.02
9/14/2018,7:44:00,14.709,N,66.205,W,-6.2,-1.02
9/14/2018,7:45:59,14.708,N,66.212,W,-6.2,-1.02
9/14/2018,7:47:59,14.707,N,66.219,W,-6.19,-1.02
9/14/2018,7:49:59,14.706,N,66.226,W,-6.19,-1.02
9/14/2018,7:51:59,14.705,N,66.233,W,-6.18,-1.02
9/14/2018,7:54:00,14.704,N,66.24,W,-6.18,-1.02
9/14/2018,7:56:00,14.703,N,66.247,W,-6.18,-1.02
9/14/2018,7:58:00,14.702,N,66.254,W,-6.17,-1.02
9/14/2018,8:00:00,14.7,N,66.26,W,-6.17,-1.02
9/14/2018,8:01:59,14.699,N,66.267,W,-6.17,-1.02
9/14/2018,8:03:59,14.698,N,66.274,W,-6.16,-1.02
9/14/2018,8:05:59,14.697,N,66.281,W,-6.16,-1.02
9/14/2018,8:08:00,14.696,N,66.288,W,-6.15,-1.02
9/14/2018,8:10:00,14.695,N,66.295,W,-6.15,-1.02
9/14/2018,8:12:00,14.694,N,66.302,W,-6.15,-1.02
9/14/2018,8:14:00,14.693,N,66.309,W,-6.14,-1.02
9/14/2018,8:15:59,14.692,N,66.315,W,-6.14,-1.02
9/14/2018,8:17:59,14.691,N,66.322,W,-6.14,-1.02
9/14/2018,8:19:59,14.689,N,66.329,W,-6.13,-1.02
9/14/2018,8:21:59,14.688,N,66.336,W,-6.13,-1.02
9/14/2018,8:24:00,14.687,N,66.343,W,-6.13,-1.02
9/14/2018,8:26:00,14.686,N,66.35,W,-6.12,-1.01
9/14/2018,8:28:00,14.685,N,66.356,W,-6.12,-1.01
9/14/2018,8:30:00,14.684,N,66.363,W,-6.12,-1.01
9/14/2018,8:31:59,14.683,N,66.37,W,-6.11,-1.01
9/14/2018,8:33:59,14.682,N,66.377,W,-6.11,-1.01
9/14/2018,8:35:59,14.681,N,66.384,W,-6.11,-1.01
9/14/2018,8:38:00,14.68,N,66.39,W,-6.1,-1.01
9/14/2018,8:40:00,14.679,N,66.397,W,-6.1,-1.01
9/14/2018,8:42:00,14.677,N,66.404,W,-6.1,-1.01
9/14/2018,8:44:00,14.676,N,66.411,W,-6.09,-1.01
9/14/2018,8:45:59,14.675,N,66.418,W,-6.09,-1.01
9/14/2018,8:47:59,14.674,N,66.424,W,-6.09,-1.01
9/14/2018,8:49:59,14.673,N,66.431,W,-6.08,-1.01
9/14/2018,8:51:59,14.672,N,66.438,W,-6.08,-1.01
9/14/2018,8:54:00,14.671,N,66.445,W,-6.08,-1.01
9/14/2018,8:56:00,14.67,N,66.452,W,-6.08,-1.01
9/14/2018,8:58:00,14.669,N,66.458,W,-6.07,-1
9/14/2018,9:00:00,14.668,N,66.465,W,-6.07,-1
9/14/2018,9:01:59,14.667,N,66.472,W,-6.07,-1
9/14/2018,9:03:59,14.665,N,66.479,W,-6.06,-1
9/14/2018,9:05:59,14.664,N,66.485,W,-6.06,-1
9/14/2018,9:08:00,14.663,N,66.492,W,-6.06,-1
9/14/2018,9:10:00,14.662,N,66.499,W,-6.06,-1
9/14/2018,9:12:00,14.661,N,66.506,W,-6.05,-1
9/14/2018,9:14:00,14.66,N,66.512,W,-6.05,-1
9/14/2018,9:15:59,14.659,N,66.519,W,-6.05,-1
9/14/2018,9:17:59,14.658,N,66.526,W,-6.05,-1
9/14/2018,9:19:59,14.657,N,66.533,W,-6.04,-0.99
9/14/2018,9:21:59,14.656,N,66.539,W,-6.04,-0.99
9/14/2018,9:24:00,14.655,N,66.546,W,-6.04,-0.99
9/14/2018,9:26:00,14.654,N,66.553,W,-6.04,-0.99
9/14/2018,9:28:00,14.653,N,66.56,W,-6.03,-0.99
9/14/2018,9:30:00,14.651,N,66.566,W,-6.03,-0.99
9/14/2018,9:31:59,14.65,N,66.573,W,-6.03,-0.99
9/14/2018,9:33:59,14.649,N,66.58,W,-6.03,-0.99
9/14/2018,9:35:59,14.648,N,66.587,W,-6.02,-0.98
9/14/2018,9:38:00,14.647,N,66.593,W,-6.02,-0.98
9/14/2018,9:40:00,14.646,N,66.6,W,-6.02,-0.98
9/14/2018,9:42:00,14.645,N,66.607,W,-6.02,-0.98
9/14/2018,9:44:00,14.644,N,66.613,W,-6.02,-0.98
9/14/2018,9:45:59,14.643,N,66.62,W,-6.01,-0.98
9/14/2018,9:47:59,14.642,N,66.627,W,-6.01,-0.98
9/14/2018,9:49:59,14.641,N,66.634,W,-6.01,-0.97
9/14/2018,9:51:59,14.64,N,66.64,W,-6.01,-0.97
9/14/2018,9:54:00,14.639,N,66.647,W,-6.01,-0.97
9/14/2018,9:56:00,14.638,N,66.654,W,-6,-0.97
9/14/2018,9:58:00,14.637,N,66.66,W,-6,-0.97
9/14/2018,10:00:00,14.636,N,66.667,W,-6,-0.97
9/14/2018,10:01:59,14.635,N,66.674,W,-6,-0.96
9/14/2018,10:03:59,14.634,N,66.68,W,-6,-0.96
9/14/2018,10:05:59,14.633,N,66.687,W,-6,-0.96
9/14/2018,10:08:00,14.632,N,66.694,W,-5.99,-0.96
9/14/2018,10:10:00,14.63,N,66.7,W,-5.99,-0.96
9/14/2018,10:12:00,14.629,N,66.707,W,-5.99,-0.96
9/14/2018,10:14:00,14.628,N,66.714,W,-5.99,-0.95
9/14/2018,10:15:59,14.627,N,66.72,W,-5.99,-0.95
9/14/2018,10:17:59,14.626,N,66.727,W,-5.99,-0.95
9/14/2018,10:19:59,14.625,N,66.734,W,-5.98,-0.95
9/14/2018,10:21:59,14.624,N,66.741,W,-5.98,-0.95
9/14/2018,10:24:00,14.623,N,66.747,W,-5.98,-0.94
9/14/2018,10:26:00,14.622,N,66.754,W,-5.98,-0.94
9/14/2018,10:28:00,14.621,N,66.761,W,-5.98,-0.94
9/14/2018,10:30:00,14.62,N,66.767,W,-5.98,-0.94
9/14/2018,10:31:59,14.619,N,66.774,W,-5.98,-0.94
9/14/2018,10:33:59,14.618,N,66.781,W,-5.97,-0.93
9/14/2018,10:35:59,14.617,N,66.787,W,-5.97,-0.93
9/14/2018,10:38:00,14.616,N,66.794,W,-5.97,-0.93
9/14/2018,10:40:00,14.615,N,66.801,W,-5.97,-0.93
9/14/2018,10:42:00,14.614,N,66.807,W,-5.97,-0.92
9/14/2018,10:44:00,14.613,N,66.814,W,-5.97,-0.92
9/14/2018,10:45:59,14.612,N,66.82,W,-5.97,-0.92
9/14/2018,10:47:59,14.611,N,66.827,W,-5.97,-0.92
9/14/2018,10:49:59,14.61,N,66.834,W,-5.97,-0.92
9/14/2018,10:51:59,14.609,N,66.84,W,-5.96,-0.91
9/14/2018,10:54:00,14.608,N,66.847,W,-5.96,-0.91
9/14/2018,10:56:00,14.607,N,66.854,W,-5.96,-0.91
9/14/2018,10:58:00,14.606,N,66.86,W,-5.96,-0.91
9/14/2018,11:00:00,14.605,N,66.867,W,-5.96,-0.9
9/14/2018,11:01:59,14.604,N,66.874,W,-5.96,-0.9
9/14/2018,11:03:59,14.603,N,66.88,W,-5.96,-0.9
9/14/2018,11:05:59,14.602,N,66.887,W,-5.96,-0.9
9/14/2018,11:08:00,14.601,N,66.894,W,-5.96,-0.89
9/14/2018,11:10:00,14.601,N,66.9,W,-5.96,-0.89
9/14/2018,11:12:00,14.6,N,66.907,W,-5.96,-0.89
9/14/2018,11:14:00,14.599,N,66.914,W,-5.96,-0.89
9/14/2018,11:15:59,14.598,N,66.92,W,-5.96,-0.88
9/14/2018,11:17:59,14.597,N,66.927,W,-5.96,-0.88
9/14/2018,11:19:59,14.596,N,66.933,W,-5.96,-0.88
9/14/2018,11:21:59,14.595,N,66.94,W,-5.95,-0.87
9/14/2018,11:24:00,14.594,N,66.947,W,-5.95,-0.87
9/14/2018,11:26:00,14.593,N,66.953,W,-5.95,-0.87
9/14/2018,11:28:00,14.592,N,66.96,W,-5.95,-0.87
9/14/2018,11:30:00,14.591,N,66.967,W,-5.95,-0.86
9/14/2018,11:31:59,14.59,N,66.973,W,-5.95,-0.86
9/14/2018,11:33:59,14.589,N,66.98,W,-5.95,-0.86
9/14/2018,11:35:59,14.588,N,66.987,W,-5.95,-0.85
9/14/2018,11:38:00,14.587,N,66.993,W,-5.95,-0.85
9/14/2018,11:40:00,14.586,N,67,W,-5.95,-0.85
9/14/2018,11:42:00,14.586,N,67.007,W,-5.95,-0.85
9/14/2018,11:44:00,14.585,N,67.013,W,-5.95,-0.84
9/14/2018,11:45:59,14.584,N,67.02,W,-5.95,-0.84
9/14/2018,11:47:59,14.583,N,67.026,W,-5.95,-0.84
9/14/2018,11:49:59,14.582,N,67.033,W,-5.95,-0.83
9/14/2018,11:51:59,14.581,N,67.04,W,-5.95,-0.83
9/14/2018,11:54:00,14.58,N,67.046,W,-5.95,-0.83
9/14/2018,11:56:00,14.579,N,67.053,W,-5.95,-0.82
9/14/2018,11:58:00,14.578,N,67.06,W,-5.95,-0.82
9/14/2018,12:00:00,14.577,N,67.066,W,-5.95,-0.82
9/14/2018,12:01:59,14.577,N,67.073,W,-5.95,-0.81
9/14/2018,12:03:59,14.576,N,67.08,W,-5.95,-0.81
9/14/2018,12:05:59,14.575,N,67.086,W,-5.95,-0.81
9/14/2018,12:08:00,14.574,N,67.093,W,-5.95,-0.8
9/14/2018,12:10:00,14.573,N,67.099,W,-5.95,-0.8
9/14/2018,12:12:00,14.572,N,67.106,W,-5.95,-0.8
9/14/2018,12:14:00,14.571,N,67.113,W,-5.95,-0.79
9/14/2018,12:15:59,14.571,N,67.119,W,-5.96,-0.79
9/14/2018,12:17:59,14.57,N,67.126,W,-5.96,-0.79
9/14/2018,12:19:59,14.569,N,67.133,W,-5.96,-0.78
9/14/2018,12:21:59,14.568,N,67.139,W,-5.96,-0.78
9/14/2018,12:24:00,14.567,N,67.146,W,-5.96,-0.78
9/14/2018,12:26:00,14.566,N,67.153,W,-5.96,-0.77
9/14/2018,12:28:00,14.565,N,67.159,W,-5.96,-0.77
9/14/2018,12:30:00,14.565,N,67.166,W,-5.96,-0.76
9/14/2018,12:31:59,14.564,N,67.172,W,-5.96,-0.76
9/14/2018,12:33:59,14.563,N,67.179,W,-5.96,-0.76
9/14/2018,12:35:59,14.562,N,67.186,W,-5.96,-0.75
9/14/2018,12:38:00,14.561,N,67.192,W,-5.96,-0.75
9/14/2018,12:40:00,14.561,N,67.199,W,-5.96,-0.75
9/14/2018,12:42:00,14.56,N,67.206,W,-5.96,-0.74
9/14/2018,12:44:00,14.559,N,67.212,W,-5.96,-0.74
9/14/2018,12:45:59,14.558,N,67.219,W,-5.97,-0.73
9/14/2018,12:47:59,14.557,N,67.226,W,-5.97,-0.73
9/14/2018,12:49:59,14.557,N,67.232,W,-5.97,-0.73
9/14/2018,12:51:59,14.556,N,67.239,W,-5.97,-0.72
9/14/2018,12:54:00,14.555,N,67.246,W,-5.97,-0.72
9/14/2018,12:56:00,14.554,N,67.252,W,-5.97,-0.71
9/14/2018,12:58:00,14.553,N,67.259,W,-5.97,-0.71
9/14/2018,13:00:00,14.553,N,67.266,W,-5.97,-0.71
9/14/2018,13:01:59,14.552,N,67.272,W,-5.97,-0.7
9/14/2018,13:03:59,14.551,N,67.279,W,-5.97,-0.7
9/14/2018,13:05:59,14.55,N,67.286,W,-5.98,-0.7
9/14/2018,13:08:00,14.55,N,67.292,W,-5.98,-0.69
9/14/2018,13:10:00,14.549,N,67.299,W,-5.98,-0.69
9/14/2018,13:12:00,14.548,N,67.306,W,-5.98,-0.68
9/14/2018,13:14:00,14.547,N,67.312,W,-5.98,-0.68
9/14/2018,13:15:59,14.547,N,67.319,W,-5.98,-0.68
9/14/2018,13:17:59,14.546,N,67.326,W,-5.98,-0.67
9/14/2018,13:19:59,14.545,N,67.332,W,-5.98,-0.67
9/14/2018,13:21:59,14.545,N,67.339,W,-5.98,-0.67
9/14/2018,13:24:00,14.544,N,67.346,W,-5.98,-0.66
9/14/2018,13:26:00,14.543,N,67.352,W,-5.98,-0.66
9/14/2018,13:28:00,14.542,N,67.359,W,-5.99,-0.66
9/14/2018,13:30:00,14.542,N,67.366,W,-5.99,-0.65
9/14/2018,13:31:59,14.541,N,67.372,W,-5.99,-0.65
9/14/2018,13:33:59,14.54,N,67.379,W,-5.99,-0.64
9/14/2018,13:35:59,14.54,N,67.386,W,-5.99,-0.64
9/14/2018,13:38:00,14.539,N,67.392,W,-5.99,-0.64
9/14/2018,13:40:00,14.538,N,67.399,W,-5.99,-0.63
9/14/2018,13:42:00,14.538,N,67.406,W,-5.99,-0.63
9/14/2018,13:44:00,14.537,N,67.412,W,-5.99,-0.63
9/14/2018,13:45:59,14.536,N,67.419,W,-5.99,-0.62
9/14/2018,13:47:59,14.536,N,67.426,W,-5.99,-0.62
9/14/2018,13:49:59,14.535,N,67.432,W,-6,-0.62
9/14/2018,13:51:59,14.534,N,67.439,W,-6,-0.61
9/14/2018,13:54:00,14.534,N,67.446,W,-6,-0.61
9/14/2018,13:56:00,14.533,N,67.452,W,-6,-0.61
9/14/2018,13:58:00,14.532,N,67.459,W,-6,-0.6
9/14/2018,14:00:00,14.532,N,67.466,W,-6,-0.6
9/14/2018,14:01:59,14.531,N,67.473,W,-6,-0.59
9/14/2018,14:03:59,14.53,N,67.479,W,-6,-0.59
9/14/2018,14:05:59,14.53,N,67.486,W,-6,-0.59
9/14/2018,14:08:00,14.529,N,67.493,W,-6,-0.58
9/14/2018,14:10:00,14.528,N,67.499,W,-6,-0.58
9/14/2018,14:12:00,14.528,N,67.506,W,-6,-0.58
9/14/2018,14:14:00,14.527,N,67.513,W,-6.01,-0.57
9/14/2018,14:15:59,14.527,N,67.519,W,-6.01,-0.57
9/14/2018,14:17:59,14.526,N,67.526,W,-6.01,-0.57
9/14/2018,14:19:59,14.525,N,67.533,W,-6.01,-0.56
9/14/2018,14:21:59,14.525,N,67.539,W,-6.01,-0.56
9/14/2018,14:24:00,14.524,N,67.546,W,-6.01,-0.56
9/14/2018,14:26:00,14.524,N,67.553,W,-6.01,-0.55
9/14/2018,14:28:00,14.523,N,67.56,W,-6.01,-0.55
9/14/2018,14:30:00,14.522,N,67.566,W,-6.01,-0.55
9/14/2018,14:31:59,14.522,N,67.573,W,-6.01,-0.54
9/14/2018,14:33:59,14.521,N,67.58,W,-6.01,-0.54
9/14/2018,14:35:59,14.521,N,67.586,W,-6.01,-0.54
9/14/2018,14:38:00,14.52,N,67.593,W,-6.01,-0.53
9/14/2018,14:40:00,14.519,N,67.6,W,-6.02,-0.53
9/14/2018,14:42:00,14.519,N,67.606,W,-6.02,-0.53
9/14/2018,14:44:00,14.518,N,67.613,W,-6.02,-0.52
9/14/2018,14:45:59,14.518,N,67.62,W,-6.02,-0.52
9/14/2018,14:47:59,14.517,N,67.627,W,-6.02,-0.52
9/14/2018,14:49:59,14.517,N,67.633,W,-6.02,-0.52
9/14/2018,14:51:59,14.516,N,67.64,W,-6.02,-0.51
9/14/2018,14:54:00,14.515,N,67.647,W,-6.02,-0.51
9/14/2018,14:56:00,14.515,N,67.653,W,-6.02,-0.51
9/14/2018,14:58:00,14.514,N,67.66,W,-6.02,-0.5
9/14/2018,15:00:00,14.514,N,67.667,W,-6.02,-0.5
9/14/2018,15:01:59,14.513,N,67.674,W,-6.02,-0.5
9/14/2018,15:03:59,14.513,N,67.68,W,-6.03,-0.49
9/14/2018,15:05:59,14.512,N,67.687,W,-6.03,-0.49
9/14/2018,15:08:00,14.512,N,67.694,W,-6.03,-0.49
9/14/2018,15:10:00,14.511,N,67.7,W,-6.03,-0.48
9/14/2018,15:12:00,14.511,N,67.707,W,-6.03,-0.48
9/14/2018,15:14:00,14.51,N,67.714,W,-6.03,-0.48
9/14/2018,15:15:59,14.51,N,67.721,W,-6.03,-0.48
9/14/2018,15:17:59,14.509,N,67.727,W,-6.03,-0.47
9/14/2018,15:19:59,14.509,N,67.734,W,-6.03,-0.47
9/14/2018,15:21:59,14.508,N,67.741,W,-6.03,-0.47
9/14/2018,15:24:00,14.508,N,67.748,W,-6.03,-0.46
9/14/2018,15:26:00,14.507,N,67.754,W,-6.03,-0.46
9/14/2018,15:28:00,14.507,N,67.761,W,-6.03,-0.46
9/14/2018,15:30:00,14.506,N,67.768,W,-6.03,-0.45
9/14/2018,15:31:59,14.506,N,67.774,W,-6.04,-0.45
9/14/2018,15:33:59,14.505,N,67.781,W,-6.04,-0.45
9/14/2018,15:35:59,14.505,N,67.788,W,-6.04,-0.45
9/14/2018,15:38:00,14.504,N,67.795,W,-6.04,-0.44
9/14/2018,15:40:00,14.504,N,67.801,W,-6.04,-0.44
9/14/2018,15:42:00,14.503,N,67.808,W,-6.04,-0.44
9/14/2018,15:44:00,14.503,N,67.815,W,-6.04,-0.43
9/14/2018,15:45:59,14.502,N,67.822,W,-6.04,-0.43
9/14/2018,15:47:59,14.502,N,67.828,W,-6.04,-0.43
9/14/2018,15:49:59,14.501,N,67.835,W,-6.04,-0.43
9/14/2018,15:51:59,14.501,N,67.842,W,-6.04,-0.42
9/14/2018,15:54:00,14.5,N,67.848,W,-6.04,-0.42
9/14/2018,15:56:00,14.5,N,67.855,W,-6.04,-0.42
9/14/2018,15:58:00,14.5,N,67.862,W,-6.04,-0.41
9/14/2018,16:00:00,14.499,N,67.869,W,-6.05,-0.41
9/14/2018,16:01:59,14.499,N,67.875,W,-6.05,-0.41
9/14/2018,16:03:59,14.498,N,67.882,W,-6.05,-0.41
9/14/2018,16:05:59,14.498,N,67.889,W,-6.05,-0.4
9/14/2018,16:07:59,14.497,N,67.896,W,-6.05,-0.4
9/14/2018,16:09:59,14.497,N,67.902,W,-6.05,-0.4
9/14/2018,16:11:59,14.497,N,67.909,W,-6.05,-0.39
9/14/2018,16:13:59,14.496,N,67.916,W,-6.05,-0.39
9/14/2018,16:16:00,14.496,N,67.923,W,-6.05,-0.39
9/14/2018,16:18:00,14.495,N,67.929,W,-6.05,-0.39
9/14/2018,16:20:00,14.495,N,67.936,W,-6.05,-0.38
9/14/2018,16:22:00,14.494,N,67.943,W,-6.05,-0.38
9/14/2018,16:24:00,14.494,N,67.95,W,-6.05,-0.38
9/14/2018,16:26:00,14.494,N,67.956,W,-6.05,-0.38
9/14/2018,16:28:00,14.493,N,67.963,W,-6.05,-0.37
9/14/2018,16:30:00,14.493,N,67.97,W,-6.05,-0.37
9/14/2018,16:31:59,14.492,N,67.977,W,-6.06,-0.37
9/14/2018,16:33:59,14.492,N,67.983,W,-6.06,-0.37
9/14/2018,16:35:59,14.492,N,67.99,W,-6.06,-0.36
9/14/2018,16:37:59,14.491,N,67.997,W,-6.06,-0.36
9/14/2018,16:39:59,14.491,N,68.004,W,-6.06,-0.36
9/14/2018,16:41:59,14.49,N,68.01,W,-6.06,-0.36
9/14/2018,16:43:59,14.49,N,68.017,W,-6.06,-0.35
9/14/2018,16:46:00,14.49,N,68.024,W,-6.06,-0.35
9/14/2018,16:48:00,14.489,N,68.031,W,-6.06,-0.35
9/14/2018,16:50:00,14.489,N,68.037,W,-6.06,-0.35
9/14/2018,16:52:00,14.489,N,68.044,W,-6.06,-0.34
9/14/2018,16:54:00,14.488,N,68.051,W,-6.06,-0.34
9/14/2018,16:56:00,14.488,N,68.058,W,-6.06,-0.34
9/14/2018,16:58:00,14.487,N,68.064,W,-6.06,-0.34
9/14/2018,17:00:00,14.487,N,68.071,W,-6.06,-0.33
9/14/2018,17:01:59,14.487,N,68.078,W,-6.06,-0.33
9/14/2018,17:03:59,14.486,N,68.085,W,-6.07,-0.33
9/14/2018,17:05:59,14.486,N,68.091,W,-6.07,-0.33
9/14/2018,17:07:59,14.486,N,68.098,W,-6.07,-0.32
9/14/2018,17:09:59,14.485,N,68.105,W,-6.07,-0.32
9/14/2018,17:11:59,14.485,N,68.112,W,-6.07,-0.32
9/14/2018,17:13:59,14.485,N,68.118,W,-6.07,-0.32
9/14/2018,17:16:00,14.484,N,68.125,W,-6.07,-0.31
9/14/2018,17:18:00,14.484,N,68.132,W,-6.07,-0.31
9/14/2018,17:20:00,14.484,N,68.139,W,-6.07,-0.31
9/14/2018,17:22:00,14.483,N,68.145,W,-6.07,-0.31
9/14/2018,17:24:00,14.483,N,68.152,W,-6.07,-0.31
9/14/2018,17:26:00,14.483,N,68.159,W,-6.07,-0.3
9/14/2018,17:28:00,14.482,N,68.166,W,-6.07,-0.3
9/14/2018,17:30:00,14.482,N,68.173,W,-6.07,-0.3
9/14/2018,17:31:59,14.482,N,68.179,W,-6.07,-0.3
9/14/2018,17:33:59,14.481,N,68.186,W,-6.07,-0.29
9/14/2018,17:35:59,14.481,N,68.193,W,-6.07,-0.29
9/14/2018,17:36:19,14.481,N,68.194,W,-7.89,0.1
9/14/2018,17:38:19,14.481,N,68.203,W,-7.87,0.09
9/14/2018,17:40:20,14.481,N,68.212,W,-7.86,0.09
9/14/2018,17:42:20,14.481,N,68.22,W,-7.84,0.09
9/14/2018,17:44:20,14.481,N,68.229,W,-7.82,0.09
9/14/2018,17:46:20,14.481,N,68.238,W,-7.81,0.09
9/14/2018,17:48:20,14.482,N,68.246,W,-7.79,0.08
9/14/2018,17:50:20,14.482,N,68.255,W,-7.77,0.08
9/14/2018,17:52:20,14.482,N,68.264,W,-7.75,0.08
9/14/2018,17:54:20,14.482,N,68.272,W,-7.74,0.08
9/14/2018,17:56:19,14.482,N,68.281,W,-7.72,0.08
9/14/2018,17:58:19,14.482,N,68.29,W,-7.7,0.07
9/14/2018,18:00:19,14.482,N,68.298,W,-7.68,0.07
9/14/2018,18:02:19,14.482,N,68.307,W,-7.67,0.07
9/14/2018,18:04:19,14.482,N,68.315,W,-7.65,0.07
9/14/2018,18:06:19,14.482,N,68.324,W,-7.63,0.07
9/14/2018,18:08:19,14.482,N,68.332,W,-7.61,0.06
9/14/2018,18:10:20,14.482,N,68.341,W,-7.59,0.06
9/14/2018,18:12:20,14.483,N,68.349,W,-7.57,0.06
9/14/2018,18:14:20,14.483,N,68.358,W,-7.56,0.06
9/14/2018,18:16:20,14.483,N,68.366,W,-7.54,0.05
9/14/2018,18:18:20,14.483,N,68.374,W,-7.52,0.05
9/14/2018,18:20:20,14.483,N,68.383,W,-7.5,0.05
9/14/2018,18:22:20,14.483,N,68.391,W,-7.48,0.05
9/14/2018,18:24:20,14.483,N,68.399,W,-7.46,0.04
9/14/2018,18:26:19,14.483,N,68.408,W,-7.44,0.04
9/14/2018,18:28:19,14.483,N,68.416,W,-7.42,0.04
9/14/2018,18:30:19,14.483,N,68.424,W,-7.4,0.04
9/14/2018,18:32:19,14.483,N,68.433,W,-7.38,0.03
9/14/2018,18:34:19,14.483,N,68.441,W,-7.36,0.03
9/14/2018,18:36:19,14.483,N,68.449,W,-7.34,0.03
9/14/2018,18:38:19,14.483,N,68.457,W,-7.32,0.02
9/14/2018,18:40:20,14.483,N,68.465,W,-7.29,0.02
9/14/2018,18:42:20,14.483,N,68.473,W,-7.27,0.02
9/14/2018,18:44:20,14.483,N,68.481,W,-7.25,0.01
9/14/2018,18:46:20,14.483,N,68.49,W,-7.23,0.01
9/14/2018,18:48:20,14.483,N,68.498,W,-7.21,0.01
9/14/2018,18:50:20,14.483,N,68.506,W,-7.19,0.01
9/14/2018,18:52:20,14.483,N,68.514,W,-7.17,0
9/14/2018,18:54:20,14.483,N,68.522,W,-7.14,0
9/14/2018,18:56:19,14.483,N,68.53,W,-7.12,0
9/14/2018,18:58:19,14.483,N,68.537,W,-7.1,-0.01
9/14/2018,19:00:19,14.483,N,68.545,W,-7.08,-0.01
9/14/2018,19:02:19,14.483,N,68.553,W,-7.05,-0.01
9/14/2018,19:04:19,14.483,N,68.561,W,-7.03,-0.02
9/14/2018,19:06:19,14.483,N,68.569,W,-7.01,-0.02
9/14/2018,19:08:19,14.483,N,68.577,W,-6.99,-0.02
9/14/2018,19:10:20,14.483,N,68.584,W,-6.97,-0.03
9/14/2018,19:12:20,14.483,N,68.592,W,-6.95,-0.03
9/14/2018,19:14:20,14.483,N,68.6,W,-6.92,-0.03
9/14/2018,19:16:20,14.483,N,68.608,W,-6.9,-0.03
9/14/2018,19:18:20,14.483,N,68.615,W,-6.88,-0.04
9/14/2018,19:20:20,14.483,N,68.623,W,-6.86,-0.04
9/14/2018,19:22:20,14.483,N,68.631,W,-6.84,-0.04
9/14/2018,19:24:20,14.483,N,68.638,W,-6.82,-0.05
9/14/2018,19:26:19,14.483,N,68.646,W,-6.8,-0.05
9/14/2018,19:28:19,14.483,N,68.653,W,-6.78,-0.05
9/14/2018,19:30:19,14.483,N,68.661,W,-6.75,-0.06
9/14/2018,19:32:19,14.483,N,68.668,W,-6.73,-0.06
9/14/2018,19:34:19,14.483,N,68.676,W,-6.71,-0.06
9/14/2018,19:36:19,14.482,N,68.683,W,-6.69,-0.07
9/14/2018,19:38:19,14.482,N,68.691,W,-6.67,-0.07
9/14/2018,19:40:20,14.482,N,68.698,W,-6.65,-0.07
9/14/2018,19:42:20,14.482,N,68.706,W,-6.63,-0.07
9/14/2018,19:44:20,14.482,N,68.713,W,-6.61,-0.08
9/14/2018,19:46:20,14.482,N,68.72,W,-6.59,-0.08
9/14/2018,19:48:20,14.482,N,68.728,W,-6.57,-0.08
9/14/2018,19:50:20,14.482,N,68.735,W,-6.55,-0.09
9/14/2018,19:52:20,14.482,N,68.742,W,-6.53,-0.09
9/14/2018,19:54:20,14.482,N,68.75,W,-6.51,-0.09
9/14/2018,19:56:19,14.482,N,68.757,W,-6.49,-0.09
9/14/2018,19:58:19,14.481,N,68.764,W,-6.47,-0.1
9/14/2018,20:00:19,14.481,N,68.771,W,-6.45,-0.1
9/14/2018,20:02:19,14.481,N,68.778,W,-6.43,-0.1
9/14/2018,20:04:19,14.481,N,68.786,W,-6.41,-0.11
9/14/2018,20:06:19,14.481,N,68.793,W,-6.39,-0.11
9/14/2018,20:08:19,14.481,N,68.8,W,-6.37,-0.11
9/14/2018,20:10:20,14.481,N,68.807,W,-6.35,-0.11
9/14/2018,20:12:20,14.481,N,68.814,W,-6.33,-0.12
9/14/2018,20:14:20,14.481,N,68.821,W,-6.31,-0.12
9/14/2018,20:16:20,14.48,N,68.828,W,-6.29,-0.12
9/14/2018,20:18:20,14.48,N,68.835,W,-6.28,-0.12
9/14/2018,20:20:20,14.48,N,68.842,W,-6.26,-0.13
9/14/2018,20:22:20,14.48,N,68.849,W,-6.24,-0.13
9/14/2018,20:24:20,14.48,N,68.856,W,-6.22,-0.13
9/14/2018,20:26:19,14.48,N,68.863,W,-6.2,-0.14
9/14/2018,20:28:19,14.48,N,68.87,W,-6.18,-0.14
9/14/2018,20:30:19,14.479,N,68.877,W,-6.16,-0.14
9/14/2018,20:32:19,14.479,N,68.884,W,-6.14,-0.14
9/14/2018,20:34:19,14.479,N,68.89,W,-6.13,-0.15
9/14/2018,20:36:19,14.479,N,68.897,W,-6.11,-0.15
9/14/2018,20:38:19,14.479,N,68.904,W,-6.09,-0.15
9/14/2018,20:40:20,14.479,N,68.911,W,-6.07,-0.15
9/14/2018,20:42:20,14.478,N,68.918,W,-6.05,-0.16
9/14/2018,20:44:20,14.478,N,68.924,W,-6.04,-0.16
9/14/2018,20:46:20,14.478,N,68.931,W,-6.02,-0.16
9/14/2018,20:48:20,14.478,N,68.938,W,-6,-0.16
9/14/2018,20:50:20,14.478,N,68.944,W,-5.98,-0.17
9/14/2018,20:52:20,14.478,N,68.951,W,-5.96,-0.17
9/14/2018,20:54:20,14.477,N,68.958,W,-5.95,-0.17
9/14/2018,20:56:19,14.477,N,68.964,W,-5.93,-0.17
9/14/2018,20:58:19,14.477,N,68.971,W,-5.91,-0.18
9/14/2018,21:00:19,14.477,N,68.977,W,-5.89,-0.18
9/14/2018,21:02:19,14.477,N,68.984,W,-5.88,-0.18
9/14/2018,21:04:19,14.476,N,68.991,W,-5.86,-0.18
9/14/2018,21:06:19,14.476,N,68.997,W,-5.84,-0.19
9/14/2018,21:08:19,14.476,N,69.004,W,-5.82,-0.19
9/14/2018,21:10:20,14.476,N,69.01,W,-5.81,-0.19
9/14/2018,21:12:20,14.476,N,69.016,W,-5.79,-0.19
9/14/2018,21:14:20,14.475,N,69.023,W,-5.77,-0.2
9/14/2018,21:16:20,14.475,N,69.029,W,-5.76,-0.2
9/14/2018,21:18:20,14.475,N,69.036,W,-5.74,-0.2
9/14/2018,21:20:20,14.475,N,69.042,W,-5.72,-0.2
9/14/2018,21:22:20,14.475,N,69.049,W,-5.71,-0.21
9/14/2018,21:24:20,14.474,N,69.055,W,-5.69,-0.21
9/14/2018,21:26:19,14.474,N,69.061,W,-5.67,-0.21
9/14/2018,21:28:19,14.474,N,69.068,W,-5.66,-0.21
9/14/2018,21:30:19,14.474,N,69.074,W,-5.64,-0.22
9/14/2018,21:32:19,14.473,N,69.08,W,-5.63,-0.22
9/14/2018,21:34:19,14.473,N,69.086,W,-5.61,-0.22
9/14/2018,21:36:19,14.473,N,69.093,W,-5.59,-0.22
9/14/2018,21:38:19,14.473,N,69.099,W,-5.58,-0.23
9/14/2018,21:40:20,14.472,N,69.105,W,-5.56,-0.23
9/14/2018,21:42:20,14.472,N,69.111,W,-5.55,-0.23
9/14/2018,21:44:20,14.472,N,69.117,W,-5.53,-0.23
9/14/2018,21:46:20,14.472,N,69.124,W,-5.52,-0.23
9/14/2018,21:48:20,14.471,N,69.13,W,-5.5,-0.24
9/14/2018,21:50:20,14.471,N,69.136,W,-5.48,-0.24
9/14/2018,21:52:20,14.471,N,69.142,W,-5.47,-0.24
9/14/2018,21:54:20,14.471,N,69.148,W,-5.45,-0.24
9/14/2018,21:56:19,14.47,N,69.154,W,-5.44,-0.25
9/14/2018,21:58:19,14.47,N,69.16,W,-5.42,-0.25
9/14/2018,22:00:19,14.47,N,69.166,W,-5.41,-0.25
9/14/2018,22:02:19,14.47,N,69.172,W,-5.39,-0.25
9/14/2018,22:04:19,14.469,N,69.178,W,-5.38,-0.25
9/14/2018,22:06:19,14.469,N,69.184,W,-5.36,-0.26
9/14/2018,22:08:19,14.469,N,69.19,W,-5.35,-0.26
9/14/2018,22:10:20,14.468,N,69.196,W,-5.33,-0.26
9/14/2018,22:12:20,14.468,N,69.202,W,-5.32,-0.26
9/14/2018,22:14:20,14.468,N,69.208,W,-5.31,-0.26
9/14/2018,22:16:20,14.468,N,69.214,W,-5.29,-0.27
9/14/2018,22:18:20,14.467,N,69.22,W,-5.28,-0.27
9/14/2018,22:20:20,14.467,N,69.226,W,-5.26,-0.27
9/14/2018,22:22:20,14.467,N,69.231,W,-5.25,-0.27
9/14/2018,22:24:20,14.466,N,69.237,W,-5.23,-0.27
9/14/2018,22:26:19,14.466,N,69.243,W,-5.22,-0.28
9/14/2018,22:28:19,14.466,N,69.249,W,-5.21,-0.28
9/14/2018,22:30:19,14.466,N,69.255,W,-5.19,-0.28
9/14/2018,22:32:19,14.465,N,69.261,W,-5.18,-0.28
9/14/2018,22:34:19,14.465,N,69.266,W,-5.16,-0.28
9/14/2018,22:36:19,14.465,N,69.272,W,-5.15,-0.29
9/14/2018,22:38:19,14.464,N,69.278,W,-5.14,-0.29
9/14/2018,22:40:20,14.464,N,69.284,W,-5.12,-0.29
9/14/2018,22:42:20,14.464,N,69.289,W,-5.11,-0.29
9/14/2018,22:44:20,14.463,N,69.295,W,-5.1,-0.29
9/14/2018,22:46:20,14.463,N,69.301,W,-5.08,-0.3
9/14/2018,22:48:20,14.463,N,69.306,W,-5.07,-0.3
9/14/2018,22:50:20,14.462,N,69.312,W,-5.06,-0.3
9/14/2018,22:52:20,14.462,N,69.317,W,-5.04,-0.3
9/14/2018,22:54:20,14.462,N,69.323,W,-5.03,-0.3
9/14/2018,22:56:19,14.461,N,69.329,W,-5.02,-0.31
9/14/2018,22:58:19,14.461,N,69.334,W,-5.01,-0.31
9/14/2018,23:00:19,14.461,N,69.34,W,-4.99,-0.31
9/14/2018,23:02:19,14.46,N,69.345,W,-4.98,-0.31
9/14/2018,23:04:19,14.46,N,69.351,W,-4.97,-0.31
9/14/2018,23:06:19,14.46,N,69.357,W,-4.96,-0.31
9/14/2018,23:08:19,14.459,N,69.362,W,-4.94,-0.32
9/14/2018,23:10:20,14.459,N,69.368,W,-4.93,-0.32
9/14/2018,23:12:20,14.459,N,69.373,W,-4.92,-0.32
9/14/2018,23:14:20,14.458,N,69.378,W,-4.91,-0.32
9/14/2018,23:16:20,14.458,N,69.384,W,-4.89,-0.32
9/14/2018,23:18:20,14.458,N,69.389,W,-4.88,-0.32
9/14/2018,23:20:20,14.457,N,69.395,W,-4.87,-0.33
9/14/2018,23:22:20,14.457,N,69.4,W,-4.86,-0.33
9/14/2018,23:24:20,14.457,N,69.406,W,-4.85,-0.33
9/14/2018,23:26:19,14.456,N,69.411,W,-4.84,-0.33
9/14/2018,23:28:19,14.456,N,69.416,W,-4.82,-0.33
9/14/2018,23:30:19,14.456,N,69.422,W,-4.81,-0.34
9/14/2018,23:32:19,14.455,N,69.427,W,-4.8,-0.34
9/14/2018,23:34:19,14.455,N,69.433,W,-4.79,-0.34
9/14/2018,23:36:19,14.454,N,69.438,W,-4.78,-0.34
9/14/2018,23:38:19,14.454,N,69.443,W,-4.77,-0.34
9/14/2018,23:40:20,14.454,N,69.448,W,-4.76,-0.34
9/14/2018,23:42:20,14.453,N,69.454,W,-4.75,-0.34
9/14/2018,23:44:20,14.453,N,69.459,W,-4.73,-0.35
9/14/2018,23:46:20,14.453,N,69.464,W,-4.72,-0.35
9/14/2018,23:48:20,14.452,N,69.47,W,-4.71,-0.35
9/14/2018,23:50:20,14.452,N,69.475,W,-4.7,-0.35
9/14/2018,23:52:20,14.451,N,69.48,W,-4.69,-0.35
9/14/2018,23:54:20,14.451,N,69.485,W,-4.68,-0.35
9/14/2018,23:56:19,14.451,N,69.49,W,-4.67,-0.36
9/14/2018,23:58:19,14.45,N,69.496,W,-4.66,-0.36
9/15/2018,0:00:00,14.45,N,69.5,W,-3.31,-10.2
9/15/2018,0:01:59,14.439,N,69.504,W,-3.33,-10
9/15/2018,0:03:59,14.428,N,69.507,W,-3.35,-9.8
9/15/2018,0:05:59,14.418,N,69.511,W,-3.36,-9.6
9/15/2018,0:07:59,14.408,N,69.515,W,-3.38,-9.41
9/15/2018,0:09:59,14.398,N,69.519,W,-3.4,-9.21
9/15/2018,0:11:59,14.388,N,69.522,W,-3.42,-9.02
9/15/2018,0:13:59,14.378,N,69.526,W,-3.44,-8.83
9/15/2018,0:16:00,14.369,N,69.53,W,-3.45,-8.64
9/15/2018,0:18:00,14.36,N,69.534,W,-3.47,-8.45
9/15/2018,0:20:00,14.351,N,69.538,W,-3.49,-8.26
9/15/2018,0:22:00,14.342,N,69.542,W,-3.5,-8.07
9/15/2018,0:24:00,14.333,N,69.546,W,-3.52,-7.88
9/15/2018,0:26:00,14.325,N,69.55,W,-3.54,-7.7
9/15/2018,0:28:00,14.316,N,69.554,W,-3.56,-7.51
9/15/2018,0:30:00,14.308,N,69.558,W,-3.57,-7.33
9/15/2018,0:31:59,14.301,N,69.562,W,-3.59,-7.15
9/15/2018,0:33:59,14.293,N,69.566,W,-3.61,-6.97
9/15/2018,0:35:59,14.286,N,69.57,W,-3.62,-6.79
9/15/2018,0:37:59,14.278,N,69.574,W,-3.64,-6.61
9/15/2018,0:39:59,14.271,N,69.578,W,-3.65,-6.43
9/15/2018,0:41:59,14.264,N,69.582,W,-3.67,-6.26
9/15/2018,0:43:59,14.258,N,69.586,W,-3.69,-6.08
9/15/2018,0:46:00,14.251,N,69.59,W,-3.7,-5.91
9/15/2018,0:48:00,14.245,N,69.594,W,-3.72,-5.74
9/15/2018,0:50:00,14.239,N,69.598,W,-3.73,-5.57
9/15/2018,0:52:00,14.233,N,69.602,W,-3.75,-5.4
9/15/2018,0:54:00,14.227,N,69.607,W,-3.77,-5.23
9/15/2018,0:56:00,14.222,N,69.611,W,-3.78,-5.06
9/15/2018,0:58:00,14.216,N,69.615,W,-3.8,-4.89
9/15/2018,1:00:00,14.211,N,69.619,W,-3.81,-4.73
9/15/2018,1:01:59,14.206,N,69.623,W,-3.83,-4.56
9/15/2018,1:03:59,14.201,N,69.628,W,-3.84,-4.4
9/15/2018,1:05:59,14.197,N,69.632,W,-3.86,-4.24
9/15/2018,1:07:59,14.192,N,69.636,W,-3.87,-4.08
9/15/2018,1:09:59,14.188,N,69.641,W,-3.89,-3.92
9/15/2018,1:11:59,14.184,N,69.645,W,-3.9,-3.76
9/15/2018,1:13:59,14.18,N,69.649,W,-3.91,-3.6
9/15/2018,1:16:00,14.176,N,69.654,W,-3.93,-3.45
9/15/2018,1:18:00,14.172,N,69.658,W,-3.94,-3.29
9/15/2018,1:20:00,14.169,N,69.662,W,-3.96,-3.14
9/15/2018,1:22:00,14.166,N,69.667,W,-3.97,-2.99
9/15/2018,1:24:00,14.162,N,69.671,W,-3.99,-2.83
9/15/2018,1:26:00,14.159,N,69.676,W,-4,-2.68
9/15/2018,1:28:00,14.157,N,69.68,W,-4.01,-2.53
9/15/2018,1:30:00,14.154,N,69.685,W,-4.03,-2.39
9/15/2018,1:31:59,14.151,N,69.689,W,-4.04,-2.24
9/15/2018,1:33:59,14.149,N,69.694,W,-4.05,-2.09
9/15/2018,1:35:59,14.147,N,69.698,W,-4.07,-1.95
9/15/2018,1:37:59,14.145,N,69.703,W,-4.08,-1.81
9/15/2018,1:39:59,14.143,N,69.707,W,-4.09,-1.66
9/15/2018,1:41:59,14.141,N,69.712,W,-4.1,-1.52
9/15/2018,1:43:59,14.14,N,69.716,W,-4.12,-1.38
9/15/2018,1:46:00,14.138,N,69.721,W,-4.13,-1.24
9/15/2018,1:48:00,14.137,N,69.726,W,-4.14,-1.11
9/15/2018,1:50:00,14.136,N,69.73,W,-4.16,-0.97
9/15/2018,1:52:00,14.135,N,69.735,W,-4.17,-0.84
9/15/2018,1:54:00,14.134,N,69.739,W,-4.18,-0.7
9/15/2018,1:56:00,14.133,N,69.744,W,-4.19,-0.57
9/15/2018,1:58:00,14.133,N,69.749,W,-4.2,-0.44
9/15/2018,2:00:00,14.133,N,69.754,W,-4.22,-0.31
9/15/2018,2:01:59,14.132,N,69.758,W,-4.23,-0.18
9/15/2018,2:03:59,14.132,N,69.763,W,-4.24,-0.05
9/15/2018,2:05:59,14.132,N,69.768,W,-4.25,0.08
9/15/2018,2:07:59,14.132,N,69.772,W,-4.26,0.2
9/15/2018,2:09:59,14.133,N,69.777,W,-4.27,0.33
9/15/2018,2:11:59,14.133,N,69.782,W,-4.29,0.45
9/15/2018,2:13:59,14.134,N,69.787,W,-4.3,0.57
9/15/2018,2:16:00,14.134,N,69.791,W,-4.31,0.69
9/15/2018,2:18:00,14.135,N,69.796,W,-4.32,0.81
9/15/2018,2:20:00,14.136,N,69.801,W,-4.33,0.93
9/15/2018,2:22:00,14.137,N,69.806,W,-4.34,1.05
9/15/2018,2:24:00,14.138,N,69.811,W,-4.35,1.17
9/15/2018,2:26:00,14.14,N,69.816,W,-4.36,1.28
9/15/2018,2:28:00,14.141,N,69.82,W,-4.37,1.4
9/15/2018,2:30:00,14.143,N,69.825,W,-4.38,1.51
9/15/2018,2:31:59,14.144,N,69.83,W,-4.39,1.62
9/15/2018,2:33:59,14.146,N,69.835,W,-4.4,1.73
9/15/2018,2:35:59,14.148,N,69.84,W,-4.41,1.84
9/15/2018,2:37:59,14.15,N,69.845,W,-4.42,1.95
9/15/2018,2:39:59,14.152,N,69.85,W,-4.43,2.06
9/15/2018,2:41:59,14.155,N,69.855,W,-4.44,2.16
9/15/2018,2:43:59,14.157,N,69.86,W,-4.45,2.27
9/15/2018,2:46:00,14.159,N,69.865,W,-4.46,2.37
9/15/2018,2:48:00,14.162,N,69.87,W,-4.47,2.47
9/15/2018,2:50:00,14.165,N,69.875,W,-4.48,2.58
9/15/2018,2:52:00,14.168,N,69.88,W,-4.49,2.68
9/15/2018,2:54:00,14.171,N,69.885,W,-4.5,2.78
9/15/2018,2:56:00,14.174,N,69.89,W,-4.51,2.87
9/15/2018,2:58:00,14.177,N,69.895,W,-4.51,2.97
9/15/2018,3:00:00,14.18,N,69.9,W,-4.52,3.07
9/15/2018,3:01:59,14.183,N,69.905,W,-4.53,3.16
9/15/2018,3:03:59,14.187,N,69.91,W,-4.54,3.25
9/15/2018,3:05:59,14.19,N,69.915,W,-4.55,3.34
9/15/2018,3:07:59,14.194,N,69.92,W,-4.56,3.44
9/15/2018,3:09:59,14.198,N,69.925,W,-4.56,3.53
9/15/2018,3:11:59,14.202,N,69.93,W,-4.57,3.61
9/15/2018,3:13:59,14.206,N,69.935,W,-4.58,3.7
9/15/2018,3:16:00,14.21,N,69.94,W,-4.59,3.79
9/15/2018,3:18:00,14.214,N,69.945,W,-4.6,3.87
9/15/2018,3:20:00,14.218,N,69.95,W,-4.6,3.96
9/15/2018,3:22:00,14.222,N,69.956,W,-4.61,4.04
9/15/2018,3:24:00,14.227,N,69.961,W,-4.62,4.12
9/15/2018,3:26:00,14.231,N,69.966,W,-4.63,4.2
9/15/2018,3:28:00,14.236,N,69.971,W,-4.63,4.28
9/15/2018,3:30:00,14.24,N,69.976,W,-4.64,4.36
9/15/2018,3:31:59,14.245,N,69.981,W,-4.65,4.44
9/15/2018,3:33:59,14.25,N,69.987,W,-4.65,4.51
9/15/2018,3:35:59,14.255,N,69.992,W,-4.66,4.59
9/15/2018,3:37:59,14.26,N,69.997,W,-4.67,4.66
9/15/2018,3:39:59,14.265,N,70.002,W,-4.67,4.73
9/15/2018,3:41:59,14.27,N,70.007,W,-4.68,4.8
9/15/2018,3:43:59,14.275,N,70.013,W,-4.69,4.87
9/15/2018,3:46:00,14.281,N,70.018,W,-4.69,4.94
9/15/2018,3:48:00,14.286,N,70.023,W,-4.7,5.01
9/15/2018,3:50:00,14.291,N,70.028,W,-4.7,5.07
9/15/2018,3:52:00,14.297,N,70.033,W,-4.71,5.14
9/15/2018,3:54:00,14.303,N,70.039,W,-4.72,5.2
9/15/2018,3:56:00,14.308,N,70.044,W,-4.72,5.27
9/15/2018,3:58:00,14.314,N,70.049,W,-4.73,5.33
9/15/2018,4:00:00,14.32,N,70.054,W,-4.73,5.39
9/15/2018,4:01:59,14.326,N,70.06,W,-4.74,5.45
9/15/2018,4:03:59,14.331,N,70.065,W,-4.74,5.51
9/15/2018,4:05:59,14.337,N,70.07,W,-4.75,5.56
9/15/2018,4:07:59,14.343,N,70.076,W,-4.75,5.62
9/15/2018,4:09:59,14.35,N,70.081,W,-4.76,5.67
9/15/2018,4:11:59,14.356,N,70.086,W,-4.76,5.73
9/15/2018,4:13:59,14.362,N,70.092,W,-4.77,5.78
9/15/2018,4:16:00,14.368,N,70.097,W,-4.77,5.83
9/15/2018,4:18:00,14.375,N,70.102,W,-4.78,5.88
9/15/2018,4:20:00,14.381,N,70.107,W,-4.78,5.93
9/15/2018,4:22:00,14.387,N,70.113,W,-4.78,5.98
9/15/2018,4:24:00,14.394,N,70.118,W,-4.79,6.02
9/15/2018,4:26:00,14.4,N,70.123,W,-4.79,6.07
9/15/2018,4:28:00,14.407,N,70.129,W,-4.8,6.11
9/15/2018,4:30:00,14.414,N,70.134,W,-4.8,6.16
9/15/2018,4:31:59,14.42,N,70.14,W,-4.8,6.2
9/15/2018,4:33:59,14.427,N,70.145,W,-4.81,6.24
9/15/2018,4:35:59,14.434,N,70.15,W,-4.81,6.28
9/15/2018,4:37:59,14.44,N,70.156,W,-4.81,6.32
9/15/2018,4:39:59,14.447,N,70.161,W,-4.82,6.35
9/15/2018,4:41:59,14.454,N,70.166,W,-4.82,6.39
9/15/2018,4:43:59,14.461,N,70.172,W,-4.82,6.43
9/15/2018,4:46:00,14.468,N,70.177,W,-4.83,6.46
9/15/2018,4:48:00,14.475,N,70.182,W,-4.83,6.49
9/15/2018,4:50:00,14.482,N,70.188,W,-4.83,6.52
9/15/2018,4:52:00,14.489,N,70.193,W,-4.83,6.55
9/15/2018,4:54:00,14.496,N,70.199,W,-4.84,6.58
9/15/2018,4:56:00,14.503,N,70.204,W,-4.84,6.61
9/15/2018,4:58:00,14.51,N,70.209,W,-4.84,6.64
9/15/2018,5:00:00,14.518,N,70.215,W,-4.84,6.66
9/15/2018,5:01:59,14.525,N,70.22,W,-4.85,6.69
9/15/2018,5:03:59,14.532,N,70.226,W,-4.85,6.71
9/15/2018,5:05:59,14.539,N,70.231,W,-4.85,6.73
9/15/2018,5:07:59,14.547,N,70.236,W,-4.85,6.75
9/15/2018,5:09:59,14.554,N,70.242,W,-4.85,6.77
9/15/2018,5:11:59,14.561,N,70.247,W,-4.85,6.79
9/15/2018,5:13:59,14.569,N,70.253,W,-4.86,6.81
9/15/2018,5:16:00,14.576,N,70.258,W,-4.86,6.83
9/15/2018,5:18:00,14.583,N,70.263,W,-4.86,6.84
9/15/2018,5:20:00,14.591,N,70.269,W,-4.86,6.85
9/15/2018,5:22:00,14.598,N,70.274,W,-4.86,6.87
9/15/2018,5:24:00,14.605,N,70.28,W,-4.86,6.88
9/15/2018,5:26:00,14.613,N,70.285,W,-4.86,6.89
9/15/2018,5:28:00,14.62,N,70.291,W,-4.86,6.9
9/15/2018,5:30:00,14.628,N,70.296,W,-4.86,6.91
9/15/2018,5:31:59,14.635,N,70.301,W,-4.86,6.91
9/15/2018,5:33:59,14.643,N,70.307,W,-4.86,6.92
9/15/2018,5:35:59,14.65,N,70.312,W,-4.86,6.92
9/15/2018,5:37:59,14.658,N,70.318,W,-4.86,6.93
9/15/2018,5:39:59,14.665,N,70.323,W,-4.86,6.93
9/15/2018,5:41:59,14.673,N,70.329,W,-4.86,6.93
