Track,for,Matthew,2004,,
Date,Time,(UTC),Latitude,Longitude,
MM/DD/Year,HH:MM:SS,(deg),(deg),,
10/7/2004,20:48:40,22.796,N,96.579,W
10/7/2004,20:50:41,22.799,N,96.579,W
10/7/2004,20:52:41,22.803,N,96.578,W
10/7/2004,20:54:40,22.806,N,96.578,W
10/7/2004,20:56:41,22.809,N,96.578,W
10/7/2004,20:58:41,22.813,N,96.577,W
10/7/2004,21:00:40,22.816,N,96.577,W
10/7/2004,21:02:40,22.819,N,96.576,W
10/7/2004,21:04:41,22.822,N,96.576,W
10/7/2004,21:06:41,22.826,N,96.575,W
10/7/2004,21:08:40,22.829,N,96.575,W
10/7/2004,21:10:40,22.832,N,96.574,W
10/7/2004,21:12:41,22.836,N,96.574,W
10/7/2004,21:14:41,22.839,N,96.573,W
10/7/2004,21:16:40,22.842,N,96.573,W
10/7/2004,21:18:40,22.845,N,96.573,W
10/7/2004,21:20:41,22.849,N,96.572,W
10/7/2004,21:22:41,22.852,N,96.572,W
10/7/2004,21:24:40,22.855,N,96.571,W
10/7/2004,21:26:41,22.858,N,96.571,W
10/7/2004,21:28:41,22.862,N,96.57,W
10/7/2004,21:30:40,22.865,N,96.57,W
10/7/2004,21:32:40,22.868,N,96.569,W
10/7/2004,21:34:41,22.872,N,96.569,W
10/7/2004,21:36:41,22.875,N,96.568,W
10/7/2004,21:38:40,22.878,N,96.568,W
10/7/2004,21:40:40,22.881,N,96.567,W
10/7/2004,21:42:41,22.885,N,96.567,W
10/7/2004,21:44:41,22.888,N,96.566,W
10/7/2004,21:46:40,22.891,N,96.566,W
10/7/2004,21:48:40,22.895,N,96.565,W
10/7/2004,21:50:41,22.898,N,96.565,W
10/7/2004,21:52:41,22.901,N,96.564,W
10/7/2004,21:54:40,22.904,N,96.564,W
10/7/2004,21:56:41,22.908,N,96.563,W
10/7/2004,21:58:41,22.911,N,96.563,W
10/7/2004,22:00:40,22.914,N,96.563,W
10/7/2004,22:02:40,22.917,N,96.562,W
10/7/2004,22:04:41,22.921,N,96.562,W
10/7/2004,22:06:41,22.924,N,96.561,W
10/7/2004,22:08:40,22.927,N,96.561,W
10/7/2004,22:10:40,22.931,N,96.56,W
10/7/2004,22:12:41,22.934,N,96.56,W
10/7/2004,22:14:41,22.937,N,96.559,W
10/7/2004,22:16:40,22.94,N,96.558,W
10/7/2004,22:18:40,22.944,N,96.558,W
10/7/2004,22:20:41,22.947,N,96.557,W
10/7/2004,22:22:41,22.95,N,96.557,W
10/7/2004,22:24:40,22.953,N,96.556,W
10/7/2004,22:26:41,22.957,N,96.556,W
10/7/2004,22:28:41,22.96,N,96.555,W
10/7/2004,22:30:40,22.963,N,96.555,W
10/7/2004,22:32:40,22.966,N,96.554,W
10/7/2004,22:34:41,22.97,N,96.554,W
10/7/2004,22:36:41,22.973,N,96.553,W
10/7/2004,22:38:40,22.976,N,96.553,W
10/7/2004,22:40:40,22.979,N,96.552,W
10/7/2004,22:42:41,22.983,N,96.552,W
10/7/2004,22:44:41,22.986,N,96.551,W
10/7/2004,22:46:40,22.989,N,96.55,W
10/7/2004,22:48:40,22.992,N,96.55,W
10/7/2004,22:50:41,22.996,N,96.549,W
10/7/2004,22:52:41,22.999,N,96.549,W
10/7/2004,22:54:40,23.002,N,96.548,W
10/7/2004,22:56:41,23.005,N,96.548,W
10/7/2004,22:58:41,23.009,N,96.547,W
10/7/2004,23:00:40,23.012,N,96.546,W
10/7/2004,23:02:40,23.015,N,96.546,W
10/7/2004,23:04:41,23.018,N,96.545,W
10/7/2004,23:06:41,23.022,N,96.545,W
10/7/2004,23:08:40,23.025,N,96.544,W
10/7/2004,23:10:40,23.028,N,96.543,W
10/7/2004,23:12:41,23.031,N,96.543,W
10/7/2004,23:14:41,23.035,N,96.542,W
10/7/2004,23:16:40,23.038,N,96.542,W
10/7/2004,23:18:40,23.041,N,96.541,W
10/7/2004,23:20:41,23.044,N,96.54,W
10/7/2004,23:22:41,23.047,N,96.54,W
10/7/2004,23:24:40,23.051,N,96.539,W
10/7/2004,23:26:41,23.054,N,96.538,W
10/7/2004,23:28:41,23.057,N,96.538,W
10/7/2004,23:30:40,23.06,N,96.537,W
10/7/2004,23:32:40,23.064,N,96.537,W
10/7/2004,23:34:41,23.067,N,96.536,W
10/7/2004,23:36:41,23.07,N,96.535,W
10/7/2004,23:38:40,23.073,N,96.535,W
10/7/2004,23:40:40,23.076,N,96.534,W
10/7/2004,23:42:41,23.08,N,96.533,W
10/7/2004,23:44:41,23.083,N,96.532,W
10/7/2004,23:46:40,23.086,N,96.532,W
10/7/2004,23:48:40,23.089,N,96.531,W
10/7/2004,23:50:41,23.093,N,96.53,W
10/7/2004,23:52:41,23.096,N,96.53,W
10/7/2004,23:54:40,23.099,N,96.529,W
10/7/2004,23:56:41,23.102,N,96.528,W
10/7/2004,23:58:41,23.105,N,96.527,W
10/8/2004,0:00:40,23.109,N,96.527,W
10/8/2004,0:02:40,23.112,N,96.526,W
10/8/2004,0:04:41,23.115,N,96.525,W
10/8/2004,0:06:41,23.118,N,96.524,W
10/8/2004,0:08:40,23.121,N,96.524,W
10/8/2004,0:10:40,23.124,N,96.523,W
10/8/2004,0:12:41,23.128,N,96.522,W
10/8/2004,0:14:41,23.131,N,96.521,W
10/8/2004,0:16:40,23.134,N,96.521,W
10/8/2004,0:18:40,23.137,N,96.52,W
10/8/2004,0:20:41,23.14,N,96.519,W
10/8/2004,0:22:41,23.144,N,96.518,W
10/8/2004,0:24:40,23.147,N,96.517,W
10/8/2004,0:26:41,23.15,N,96.517,W
10/8/2004,0:28:41,23.153,N,96.516,W
10/8/2004,0:30:40,23.156,N,96.515,W
10/8/2004,0:32:40,23.159,N,96.514,W
10/8/2004,0:34:41,23.163,N,96.513,W
10/8/2004,0:36:41,23.166,N,96.512,W
10/8/2004,0:38:40,23.169,N,96.511,W
10/8/2004,0:40:40,23.172,N,96.511,W
10/8/2004,0:42:41,23.175,N,96.51,W
10/8/2004,0:44:41,23.178,N,96.509,W
10/8/2004,0:46:40,23.182,N,96.508,W
10/8/2004,0:48:40,23.185,N,96.507,W
10/8/2004,0:50:41,23.188,N,96.506,W
10/8/2004,0:52:41,23.191,N,96.505,W
10/8/2004,0:54:40,23.194,N,96.504,W
10/8/2004,0:56:41,23.197,N,96.503,W
10/8/2004,0:58:41,23.2,N,96.502,W
10/8/2004,1:00:40,23.203,N,96.501,W
10/8/2004,1:02:40,23.207,N,96.501,W
10/8/2004,1:04:41,23.21,N,96.5,W
10/8/2004,1:06:41,23.213,N,96.499,W
10/8/2004,1:08:40,23.216,N,96.498,W
10/8/2004,1:10:40,23.219,N,96.497,W
10/8/2004,1:12:41,23.222,N,96.496,W
10/8/2004,1:14:41,23.225,N,96.495,W
10/8/2004,1:16:40,23.228,N,96.494,W
10/8/2004,1:18:40,23.232,N,96.493,W
10/8/2004,1:20:41,23.235,N,96.492,W
10/8/2004,1:22:41,23.238,N,96.491,W
10/8/2004,1:24:40,23.241,N,96.49,W
10/8/2004,1:26:41,23.244,N,96.488,W
10/8/2004,1:28:41,23.247,N,96.487,W
10/8/2004,1:30:40,23.25,N,96.486,W
10/8/2004,1:32:40,23.253,N,96.485,W
10/8/2004,1:34:41,23.256,N,96.484,W
10/8/2004,1:36:41,23.259,N,96.483,W
10/8/2004,1:38:40,23.263,N,96.482,W
10/8/2004,1:40:40,23.266,N,96.481,W
10/8/2004,1:42:41,23.269,N,96.48,W
10/8/2004,1:44:41,23.272,N,96.479,W
10/8/2004,1:46:40,23.275,N,96.477,W
10/8/2004,1:48:40,23.278,N,96.476,W
10/8/2004,1:50:41,23.281,N,96.475,W
10/8/2004,1:52:41,23.284,N,96.474,W
10/8/2004,1:54:40,23.287,N,96.473,W
10/8/2004,1:56:41,23.29,N,96.471,W
10/8/2004,1:58:41,23.293,N,96.47,W
10/8/2004,2:00:40,23.296,N,96.469,W
10/8/2004,2:02:40,23.299,N,96.468,W
10/8/2004,2:04:41,23.302,N,96.467,W
10/8/2004,2:06:41,23.305,N,96.465,W
10/8/2004,2:08:40,23.309,N,96.464,W
10/8/2004,2:10:40,23.312,N,96.463,W
10/8/2004,2:12:41,23.315,N,96.462,W
10/8/2004,2:14:41,23.318,N,96.46,W
10/8/2004,2:16:40,23.321,N,96.459,W
10/8/2004,2:18:40,23.324,N,96.458,W
10/8/2004,2:20:41,23.327,N,96.456,W
10/8/2004,2:22:41,23.33,N,96.455,W
10/8/2004,2:24:40,23.333,N,96.454,W
10/8/2004,2:26:41,23.336,N,96.452,W
10/8/2004,2:28:41,23.339,N,96.451,W
10/8/2004,2:30:40,23.342,N,96.45,W
10/8/2004,2:32:40,23.345,N,96.448,W
10/8/2004,2:34:41,23.348,N,96.447,W
10/8/2004,2:36:41,23.351,N,96.445,W
10/8/2004,2:38:40,23.354,N,96.444,W
10/8/2004,2:40:40,23.357,N,96.443,W
10/8/2004,2:42:41,23.36,N,96.441,W
10/8/2004,2:44:41,23.363,N,96.44,W
10/8/2004,2:46:40,23.366,N,96.438,W
10/8/2004,2:48:40,23.369,N,96.437,W
10/8/2004,2:50:41,23.372,N,96.435,W
10/8/2004,2:52:41,23.375,N,96.434,W
10/8/2004,2:54:40,23.378,N,96.432,W
10/8/2004,2:56:41,23.381,N,96.431,W
10/8/2004,2:58:41,23.383,N,96.429,W
10/8/2004,3:00:40,23.386,N,96.428,W
10/8/2004,3:02:40,23.389,N,96.426,W
10/8/2004,3:04:41,23.392,N,96.425,W
10/8/2004,3:06:41,23.395,N,96.423,W
10/8/2004,3:08:40,23.398,N,96.421,W
10/8/2004,3:10:40,23.401,N,96.42,W
10/8/2004,3:12:41,23.404,N,96.418,W
10/8/2004,3:14:41,23.407,N,96.416,W
10/8/2004,3:16:40,23.41,N,96.415,W
10/8/2004,3:18:40,23.413,N,96.413,W
10/8/2004,3:20:41,23.416,N,96.412,W
10/8/2004,3:22:41,23.419,N,96.41,W
10/8/2004,3:24:40,23.422,N,96.408,W
10/8/2004,3:26:41,23.425,N,96.406,W
10/8/2004,3:28:41,23.427,N,96.405,W
10/8/2004,3:30:40,23.43,N,96.403,W
10/8/2004,3:32:40,23.433,N,96.401,W
10/8/2004,3:34:41,23.436,N,96.399,W
10/8/2004,3:36:41,23.439,N,96.398,W
10/8/2004,3:38:40,23.442,N,96.396,W
10/8/2004,3:40:40,23.445,N,96.394,W
10/8/2004,3:42:41,23.448,N,96.392,W
10/8/2004,3:44:41,23.451,N,96.391,W
10/8/2004,3:46:40,23.453,N,96.389,W
10/8/2004,3:48:40,23.456,N,96.387,W
10/8/2004,3:50:41,23.459,N,96.385,W
10/8/2004,3:52:41,23.462,N,96.383,W
10/8/2004,3:54:40,23.465,N,96.381,W
10/8/2004,3:56:41,23.468,N,96.379,W
10/8/2004,3:58:41,23.47,N,96.377,W
10/8/2004,4:00:40,23.473,N,96.375,W
10/8/2004,4:02:40,23.476,N,96.374,W
10/8/2004,4:04:41,23.479,N,96.372,W
10/8/2004,4:06:41,23.482,N,96.37,W
10/8/2004,4:08:40,23.485,N,96.368,W
10/8/2004,4:10:40,23.487,N,96.366,W
10/8/2004,4:12:41,23.49,N,96.364,W
10/8/2004,4:14:41,23.493,N,96.362,W
10/8/2004,4:16:40,23.496,N,96.359,W
10/8/2004,4:18:40,23.499,N,96.357,W
10/8/2004,4:20:41,23.501,N,96.355,W
10/8/2004,4:22:41,23.504,N,96.353,W
10/8/2004,4:24:40,23.507,N,96.351,W
10/8/2004,4:26:41,23.51,N,96.349,W
10/8/2004,4:28:41,23.513,N,96.347,W
10/8/2004,4:30:40,23.515,N,96.345,W
10/8/2004,4:32:40,23.518,N,96.343,W
10/8/2004,4:34:41,23.521,N,96.34,W
10/8/2004,4:36:41,23.524,N,96.338,W
10/8/2004,4:38:40,23.526,N,96.336,W
10/8/2004,4:40:40,23.529,N,96.334,W
10/8/2004,4:42:41,23.532,N,96.332,W
10/8/2004,4:44:41,23.535,N,96.329,W
10/8/2004,4:46:40,23.537,N,96.327,W
10/8/2004,4:48:40,23.54,N,96.325,W
10/8/2004,4:50:41,23.543,N,96.322,W
10/8/2004,4:52:41,23.546,N,96.32,W
10/8/2004,4:54:40,23.548,N,96.318,W
10/8/2004,4:56:41,23.551,N,96.315,W
10/8/2004,4:58:41,23.554,N,96.313,W
10/8/2004,5:00:40,23.556,N,96.311,W
10/8/2004,5:02:40,23.559,N,96.308,W
10/8/2004,5:04:41,23.562,N,96.306,W
10/8/2004,5:06:41,23.565,N,96.304,W
10/8/2004,5:08:40,23.567,N,96.301,W
10/8/2004,5:10:40,23.57,N,96.299,W
10/8/2004,5:12:41,23.573,N,96.296,W
10/8/2004,5:14:41,23.575,N,96.294,W
10/8/2004,5:16:40,23.578,N,96.291,W
10/8/2004,5:18:40,23.581,N,96.289,W
10/8/2004,5:20:41,23.583,N,96.286,W
10/8/2004,5:22:41,23.586,N,96.284,W
10/8/2004,5:24:40,23.589,N,96.281,W
10/8/2004,5:26:41,23.591,N,96.278,W
10/8/2004,5:28:41,23.594,N,96.276,W
10/8/2004,5:30:40,23.596,N,96.273,W
10/8/2004,5:32:40,23.599,N,96.271,W
10/8/2004,5:34:41,23.602,N,96.268,W
10/8/2004,5:36:41,23.604,N,96.265,W
10/8/2004,5:38:40,23.607,N,96.263,W
10/8/2004,5:40:40,23.61,N,96.26,W
10/8/2004,5:42:41,23.612,N,96.257,W
10/8/2004,5:44:41,23.615,N,96.254,W
10/8/2004,5:46:40,23.617,N,96.252,W
10/8/2004,5:48:40,23.62,N,96.249,W
10/8/2004,5:50:41,23.623,N,96.246,W
10/8/2004,5:52:41,23.625,N,96.243,W
10/8/2004,5:54:40,23.628,N,96.24,W
10/8/2004,5:56:41,23.63,N,96.238,W
10/8/2004,5:58:41,23.633,N,96.235,W
10/8/2004,6:00:40,23.635,N,96.232,W
10/8/2004,6:02:40,23.638,N,96.229,W
10/8/2004,6:04:41,23.64,N,96.226,W
10/8/2004,6:06:41,23.643,N,96.223,W
10/8/2004,6:08:40,23.646,N,96.22,W
10/8/2004,6:10:40,23.648,N,96.217,W
10/8/2004,6:12:41,23.651,N,96.214,W
10/8/2004,6:14:41,23.653,N,96.211,W
10/8/2004,6:16:40,23.656,N,96.208,W
10/8/2004,6:18:40,23.658,N,96.205,W
10/8/2004,6:20:41,23.661,N,96.202,W
10/8/2004,6:22:41,23.663,N,96.199,W
10/8/2004,6:24:40,23.666,N,96.196,W
10/8/2004,6:26:41,23.668,N,96.193,W
10/8/2004,6:28:41,23.671,N,96.19,W
10/8/2004,6:30:40,23.673,N,96.186,W
10/8/2004,6:32:40,23.675,N,96.183,W
10/8/2004,6:34:41,23.678,N,96.18,W
10/8/2004,6:36:41,23.68,N,96.177,W
10/8/2004,6:38:40,23.683,N,96.174,W
10/8/2004,6:40:40,23.685,N,96.17,W
10/8/2004,6:42:41,23.688,N,96.167,W
10/8/2004,6:44:41,23.69,N,96.164,W
10/8/2004,6:46:40,23.693,N,96.16,W
10/8/2004,6:48:40,23.695,N,96.157,W
10/8/2004,6:50:41,23.697,N,96.154,W
10/8/2004,6:52:41,23.7,N,96.15,W
10/8/2004,6:54:40,23.702,N,96.147,W
10/8/2004,6:56:41,23.705,N,96.144,W
10/8/2004,6:58:41,23.707,N,96.14,W
10/8/2004,7:00:40,23.709,N,96.137,W
10/8/2004,7:02:40,23.712,N,96.133,W
10/8/2004,7:04:41,23.714,N,96.13,W
10/8/2004,7:06:41,23.717,N,96.126,W
10/8/2004,7:08:40,23.719,N,96.123,W
10/8/2004,7:10:40,23.721,N,96.119,W
10/8/2004,7:12:41,23.724,N,96.116,W
10/8/2004,7:14:41,23.726,N,96.112,W
10/8/2004,7:16:40,23.728,N,96.108,W
10/8/2004,7:18:40,23.731,N,96.105,W
10/8/2004,7:20:41,23.733,N,96.101,W
10/8/2004,7:22:41,23.735,N,96.098,W
10/8/2004,7:24:40,23.738,N,96.094,W
10/8/2004,7:26:41,23.74,N,96.09,W
10/8/2004,7:28:41,23.742,N,96.086,W
10/8/2004,7:30:40,23.744,N,96.083,W
10/8/2004,7:32:40,23.747,N,96.079,W
10/8/2004,7:34:41,23.749,N,96.075,W
10/8/2004,7:36:41,23.751,N,96.071,W
10/8/2004,7:38:40,23.754,N,96.067,W
10/8/2004,7:40:40,23.756,N,96.064,W
10/8/2004,7:42:41,23.758,N,96.06,W
10/8/2004,7:44:41,23.76,N,96.056,W
10/8/2004,7:46:40,23.763,N,96.052,W
10/8/2004,7:48:40,23.765,N,96.048,W
10/8/2004,7:50:41,23.767,N,96.044,W
10/8/2004,7:52:41,23.769,N,96.04,W
10/8/2004,7:54:40,23.771,N,96.036,W
10/8/2004,7:56:41,23.774,N,96.032,W
10/8/2004,7:58:41,23.776,N,96.028,W
10/8/2004,8:00:41,23.778,N,96.024,W
10/8/2004,8:02:41,23.78,N,96.02,W
10/8/2004,8:04:41,23.782,N,96.016,W
10/8/2004,8:06:41,23.785,N,96.012,W
10/8/2004,8:08:40,23.787,N,96.007,W
10/8/2004,8:10:40,23.789,N,96.003,W
10/8/2004,8:12:40,23.791,N,95.999,W
10/8/2004,8:14:40,23.793,N,95.995,W
10/8/2004,8:16:41,23.795,N,95.991,W
10/8/2004,8:18:41,23.798,N,95.986,W
10/8/2004,8:20:41,23.8,N,95.982,W
10/8/2004,8:22:41,23.802,N,95.978,W
10/8/2004,8:24:40,23.804,N,95.973,W
10/8/2004,8:26:40,23.806,N,95.969,W
10/8/2004,8:28:40,23.808,N,95.965,W
10/8/2004,8:30:41,23.81,N,95.96,W
10/8/2004,8:32:41,23.812,N,95.956,W
10/8/2004,8:34:41,23.815,N,95.952,W
10/8/2004,8:36:41,23.817,N,95.947,W
10/8/2004,8:38:40,23.819,N,95.943,W
10/8/2004,8:40:40,23.821,N,95.938,W
10/8/2004,8:42:40,23.823,N,95.934,W
10/8/2004,8:44:40,23.825,N,95.929,W
10/8/2004,8:46:41,23.827,N,95.925,W
10/8/2004,8:48:41,23.829,N,95.92,W
10/8/2004,8:50:41,23.831,N,95.915,W
10/8/2004,8:52:41,23.833,N,95.911,W
10/8/2004,8:54:40,23.835,N,95.906,W
10/8/2004,8:56:40,23.837,N,95.902,W
10/8/2004,8:58:40,23.839,N,95.897,W
10/8/2004,9:00:41,23.841,N,95.892,W
10/8/2004,9:02:41,23.843,N,95.888,W
10/8/2004,9:04:41,23.845,N,95.883,W
10/8/2004,9:06:41,23.847,N,95.878,W
10/8/2004,9:08:40,23.849,N,95.873,W
10/8/2004,9:10:40,23.851,N,95.868,W
10/8/2004,9:12:40,23.853,N,95.864,W
10/8/2004,9:14:40,23.855,N,95.859,W
10/8/2004,9:16:41,23.857,N,95.854,W
10/8/2004,9:18:41,23.859,N,95.849,W
10/8/2004,9:20:41,23.861,N,95.844,W
10/8/2004,9:22:41,23.863,N,95.839,W
10/8/2004,9:24:40,23.865,N,95.834,W
10/8/2004,9:26:40,23.867,N,95.83,W
10/8/2004,9:28:40,23.869,N,95.825,W
10/8/2004,9:30:41,23.871,N,95.82,W
10/8/2004,9:32:41,23.873,N,95.815,W
10/8/2004,9:34:41,23.874,N,95.81,W
10/8/2004,9:36:41,23.876,N,95.805,W
10/8/2004,9:38:40,23.878,N,95.8,W
10/8/2004,9:40:40,23.88,N,95.794,W
10/8/2004,9:42:40,23.882,N,95.789,W
10/8/2004,9:44:40,23.884,N,95.784,W
10/8/2004,9:46:41,23.886,N,95.779,W
10/8/2004,9:48:41,23.888,N,95.774,W
10/8/2004,9:50:41,23.89,N,95.769,W
10/8/2004,9:52:41,23.891,N,95.764,W
10/8/2004,9:54:40,23.893,N,95.758,W
10/8/2004,9:56:40,23.895,N,95.753,W
10/8/2004,9:58:40,23.897,N,95.748,W
10/8/2004,10:00:41,23.899,N,95.743,W
10/8/2004,10:02:41,23.901,N,95.738,W
10/8/2004,10:04:41,23.903,N,95.732,W
10/8/2004,10:06:41,23.904,N,95.727,W
10/8/2004,10:08:40,23.906,N,95.722,W
10/8/2004,10:10:40,23.908,N,95.716,W
10/8/2004,10:12:40,23.91,N,95.711,W
10/8/2004,10:14:40,23.912,N,95.706,W
10/8/2004,10:16:41,23.913,N,95.7,W
10/8/2004,10:18:41,23.915,N,95.695,W
10/8/2004,10:20:41,23.917,N,95.689,W
10/8/2004,10:22:41,23.919,N,95.684,W
10/8/2004,10:24:40,23.921,N,95.678,W
10/8/2004,10:26:40,23.922,N,95.673,W
10/8/2004,10:28:40,23.924,N,95.667,W
10/8/2004,10:30:41,23.926,N,95.662,W
10/8/2004,10:32:41,23.928,N,95.656,W
10/8/2004,10:34:41,23.929,N,95.651,W
10/8/2004,10:36:41,23.931,N,95.645,W
10/8/2004,10:38:40,23.933,N,95.64,W
10/8/2004,10:40:40,23.935,N,95.634,W
10/8/2004,10:42:40,23.936,N,95.629,W
10/8/2004,10:44:40,23.938,N,95.623,W
10/8/2004,10:46:41,23.94,N,95.617,W
10/8/2004,10:48:41,23.942,N,95.612,W
10/8/2004,10:50:41,23.943,N,95.606,W
10/8/2004,10:52:41,23.945,N,95.6,W
10/8/2004,10:54:40,23.947,N,95.595,W
10/8/2004,10:56:40,23.948,N,95.589,W
10/8/2004,10:58:40,23.95,N,95.583,W
10/8/2004,11:00:41,23.952,N,95.577,W
10/8/2004,11:02:41,23.954,N,95.572,W
10/8/2004,11:04:41,23.955,N,95.566,W
10/8/2004,11:06:41,23.957,N,95.56,W
10/8/2004,11:08:40,23.959,N,95.554,W
10/8/2004,11:10:40,23.96,N,95.548,W
10/8/2004,11:12:40,23.962,N,95.543,W
10/8/2004,11:14:40,23.964,N,95.537,W
10/8/2004,11:16:41,23.965,N,95.531,W
10/8/2004,11:18:41,23.967,N,95.525,W
10/8/2004,11:20:41,23.969,N,95.519,W
10/8/2004,11:22:41,23.97,N,95.513,W
10/8/2004,11:24:40,23.972,N,95.507,W
10/8/2004,11:26:40,23.973,N,95.501,W
10/8/2004,11:28:40,23.975,N,95.495,W
10/8/2004,11:30:41,23.977,N,95.489,W
10/8/2004,11:32:41,23.978,N,95.483,W
10/8/2004,11:34:41,23.98,N,95.477,W
10/8/2004,11:36:41,23.982,N,95.471,W
10/8/2004,11:38:40,23.983,N,95.465,W
10/8/2004,11:40:40,23.985,N,95.459,W
10/8/2004,11:42:40,23.986,N,95.453,W
10/8/2004,11:44:40,23.988,N,95.447,W
10/8/2004,11:46:41,23.99,N,95.441,W
10/8/2004,11:48:41,23.991,N,95.435,W
10/8/2004,11:50:41,23.993,N,95.429,W
10/8/2004,11:52:41,23.994,N,95.423,W
10/8/2004,11:54:40,23.996,N,95.416,W
10/8/2004,11:56:40,23.997,N,95.41,W
10/8/2004,11:58:40,23.999,N,95.404,W
10/8/2004,12:00:41,24.001,N,95.398,W
10/8/2004,12:02:41,24.002,N,95.392,W
10/8/2004,12:04:41,24.004,N,95.385,W
10/8/2004,12:06:41,24.005,N,95.379,W
10/8/2004,12:08:40,24.007,N,95.373,W
10/8/2004,12:10:40,24.008,N,95.367,W
10/8/2004,12:12:40,24.01,N,95.36,W
10/8/2004,12:14:40,24.011,N,95.354,W
10/8/2004,12:16:41,24.013,N,95.348,W
10/8/2004,12:18:41,24.014,N,95.342,W
10/8/2004,12:20:41,24.016,N,95.335,W
10/8/2004,12:22:41,24.017,N,95.329,W
10/8/2004,12:24:40,24.019,N,95.322,W
10/8/2004,12:26:40,24.02,N,95.316,W
10/8/2004,12:28:40,24.022,N,95.31,W
10/8/2004,12:30:41,24.023,N,95.303,W
10/8/2004,12:32:41,24.025,N,95.297,W
10/8/2004,12:34:41,24.026,N,95.291,W
10/8/2004,12:36:41,24.028,N,95.284,W
10/8/2004,12:38:40,24.029,N,95.278,W
10/8/2004,12:40:40,24.031,N,95.271,W
10/8/2004,12:42:40,24.032,N,95.265,W
10/8/2004,12:44:40,24.034,N,95.258,W
10/8/2004,12:46:41,24.035,N,95.252,W
10/8/2004,12:48:41,24.037,N,95.245,W
10/8/2004,12:50:41,24.038,N,95.239,W
10/8/2004,12:52:41,24.04,N,95.232,W
10/8/2004,12:54:40,24.041,N,95.226,W
10/8/2004,12:56:40,24.043,N,95.219,W
10/8/2004,12:58:40,24.044,N,95.213,W
10/8/2004,13:00:41,24.046,N,95.206,W
10/8/2004,13:02:41,24.047,N,95.199,W
10/8/2004,13:04:41,24.048,N,95.193,W
10/8/2004,13:06:41,24.05,N,95.186,W
10/8/2004,13:08:40,24.051,N,95.179,W
10/8/2004,13:10:40,24.053,N,95.173,W
10/8/2004,13:12:40,24.054,N,95.166,W
10/8/2004,13:14:40,24.056,N,95.16,W
10/8/2004,13:16:41,24.057,N,95.153,W
10/8/2004,13:18:41,24.058,N,95.146,W
10/8/2004,13:20:41,24.06,N,95.139,W
10/8/2004,13:22:41,24.061,N,95.133,W
10/8/2004,13:24:40,24.063,N,95.126,W
10/8/2004,13:26:40,24.064,N,95.119,W
10/8/2004,13:28:40,24.065,N,95.113,W
10/8/2004,13:30:41,24.067,N,95.106,W
10/8/2004,13:32:41,24.068,N,95.099,W
10/8/2004,13:34:41,24.07,N,95.092,W
10/8/2004,13:36:41,24.071,N,95.086,W
10/8/2004,13:38:40,24.072,N,95.079,W
10/8/2004,13:40:40,24.074,N,95.072,W
10/8/2004,13:42:40,24.075,N,95.065,W
10/8/2004,13:44:40,24.076,N,95.058,W
10/8/2004,13:46:41,24.078,N,95.051,W
10/8/2004,13:48:41,24.079,N,95.045,W
10/8/2004,13:50:41,24.081,N,95.038,W
10/8/2004,13:52:41,24.082,N,95.031,W
10/8/2004,13:54:40,24.083,N,95.024,W
10/8/2004,13:56:40,24.085,N,95.017,W
10/8/2004,13:58:40,24.086,N,95.01,W
10/8/2004,14:00:41,24.087,N,95.003,W
10/8/2004,14:02:41,24.089,N,94.996,W
10/8/2004,14:04:41,24.09,N,94.99,W
10/8/2004,14:06:41,24.091,N,94.983,W
10/8/2004,14:08:40,24.093,N,94.976,W
10/8/2004,14:10:40,24.094,N,94.969,W
10/8/2004,14:12:40,24.095,N,94.962,W
10/8/2004,14:14:40,24.097,N,94.955,W
10/8/2004,14:16:41,24.098,N,94.948,W
10/8/2004,14:18:41,24.099,N,94.941,W
10/8/2004,14:20:41,24.101,N,94.934,W
10/8/2004,14:22:41,24.102,N,94.927,W
10/8/2004,14:24:40,24.103,N,94.92,W
10/8/2004,14:26:40,24.105,N,94.913,W
10/8/2004,14:28:40,24.106,N,94.906,W
10/8/2004,14:30:41,24.107,N,94.899,W
10/8/2004,14:32:41,24.108,N,94.892,W
10/8/2004,14:34:41,24.11,N,94.884,W
10/8/2004,14:36:41,24.111,N,94.877,W
10/8/2004,14:38:40,24.112,N,94.87,W
10/8/2004,14:40:40,24.114,N,94.863,W
10/8/2004,14:42:40,24.115,N,94.856,W
10/8/2004,14:44:40,24.116,N,94.849,W
10/8/2004,14:46:41,24.118,N,94.842,W
10/8/2004,14:48:41,24.119,N,94.835,W
10/8/2004,14:50:41,24.12,N,94.828,W
10/8/2004,14:52:41,24.121,N,94.821,W
10/8/2004,14:54:40,24.123,N,94.813,W
10/8/2004,14:56:40,24.124,N,94.806,W
10/8/2004,14:58:40,24.125,N,94.799,W
10/8/2004,15:00:41,24.126,N,94.792,W
10/8/2004,15:02:41,24.128,N,94.785,W
10/8/2004,15:04:41,24.129,N,94.777,W
10/8/2004,15:06:41,24.13,N,94.77,W
10/8/2004,15:08:40,24.131,N,94.763,W
10/8/2004,15:10:40,24.133,N,94.756,W
10/8/2004,15:12:40,24.134,N,94.749,W
10/8/2004,15:14:40,24.135,N,94.741,W
10/8/2004,15:16:41,24.136,N,94.734,W
10/8/2004,15:18:41,24.138,N,94.727,W
10/8/2004,15:20:41,24.139,N,94.72,W
10/8/2004,15:22:41,24.14,N,94.712,W
10/8/2004,15:24:40,24.141,N,94.705,W
10/8/2004,15:26:40,24.143,N,94.698,W
10/8/2004,15:28:40,24.144,N,94.691,W
10/8/2004,15:30:41,24.145,N,94.683,W
10/8/2004,15:32:41,24.146,N,94.676,W
10/8/2004,15:34:41,24.148,N,94.669,W
10/8/2004,15:36:41,24.149,N,94.661,W
10/8/2004,15:38:40,24.15,N,94.654,W
10/8/2004,15:40:40,24.151,N,94.647,W
10/8/2004,15:42:40,24.153,N,94.639,W
10/8/2004,15:44:40,24.154,N,94.632,W
10/8/2004,15:46:41,24.155,N,94.625,W
10/8/2004,15:48:41,24.156,N,94.617,W
10/8/2004,15:50:41,24.157,N,94.61,W
10/8/2004,15:52:41,24.159,N,94.603,W
10/8/2004,15:54:40,24.16,N,94.595,W
10/8/2004,15:56:40,24.161,N,94.588,W
10/8/2004,15:58:40,24.162,N,94.581,W
10/8/2004,16:00:41,24.163,N,94.573,W
10/8/2004,16:02:41,24.165,N,94.566,W
10/8/2004,16:04:41,24.166,N,94.558,W
10/8/2004,16:06:41,24.167,N,94.551,W
10/8/2004,16:08:40,24.168,N,94.544,W
10/8/2004,16:10:40,24.169,N,94.536,W
10/8/2004,16:12:40,24.171,N,94.529,W
10/8/2004,16:14:40,24.172,N,94.521,W
10/8/2004,16:16:41,24.173,N,94.514,W
10/8/2004,16:18:41,24.174,N,94.507,W
10/8/2004,16:20:41,24.175,N,94.499,W
10/8/2004,16:22:41,24.177,N,94.492,W
10/8/2004,16:24:40,24.178,N,94.484,W
10/8/2004,16:26:40,24.179,N,94.477,W
10/8/2004,16:28:40,24.18,N,94.469,W
10/8/2004,16:30:41,24.181,N,94.462,W
10/8/2004,16:32:41,24.182,N,94.454,W
10/8/2004,16:34:41,24.184,N,94.447,W
10/8/2004,16:36:41,24.185,N,94.439,W
10/8/2004,16:38:40,24.186,N,94.432,W
10/8/2004,16:40:40,24.187,N,94.424,W
10/8/2004,16:42:40,24.188,N,94.417,W
10/8/2004,16:44:40,24.189,N,94.409,W
10/8/2004,16:46:41,24.191,N,94.402,W
10/8/2004,16:48:41,24.192,N,94.394,W
10/8/2004,16:50:41,24.193,N,94.387,W
10/8/2004,16:52:41,24.194,N,94.379,W
10/8/2004,16:54:40,24.195,N,94.372,W
10/8/2004,16:56:40,24.196,N,94.364,W
10/8/2004,16:58:40,24.198,N,94.357,W
10/8/2004,17:00:41,24.199,N,94.349,W
10/8/2004,17:02:41,24.2,N,94.342,W
10/8/2004,17:04:41,24.201,N,94.334,W
10/8/2004,17:06:41,24.202,N,94.327,W
10/8/2004,17:08:40,24.203,N,94.319,W
10/8/2004,17:10:40,24.205,N,94.312,W
10/8/2004,17:12:40,24.206,N,94.304,W
10/8/2004,17:14:40,24.207,N,94.296,W
10/8/2004,17:16:41,24.208,N,94.289,W
10/8/2004,17:18:41,24.209,N,94.281,W
10/8/2004,17:20:41,24.21,N,94.274,W
10/8/2004,17:22:41,24.211,N,94.266,W
10/8/2004,17:24:40,24.213,N,94.259,W
10/8/2004,17:26:40,24.214,N,94.251,W
10/8/2004,17:28:40,24.215,N,94.243,W
10/8/2004,17:30:41,24.216,N,94.236,W
10/8/2004,17:32:41,24.217,N,94.228,W
10/8/2004,17:34:41,24.218,N,94.221,W
10/8/2004,17:36:41,24.219,N,94.213,W
10/8/2004,17:38:40,24.221,N,94.206,W
10/8/2004,17:40:40,24.222,N,94.198,W
10/8/2004,17:42:40,24.223,N,94.19,W
10/8/2004,17:44:40,24.224,N,94.183,W
10/8/2004,17:46:41,24.225,N,94.175,W
10/8/2004,17:48:41,24.226,N,94.168,W
10/8/2004,17:50:41,24.227,N,94.16,W
10/8/2004,17:52:41,24.229,N,94.152,W
10/8/2004,17:54:40,24.23,N,94.145,W
10/8/2004,17:56:40,24.231,N,94.137,W
10/8/2004,17:58:40,24.232,N,94.129,W
10/8/2004,18:00:41,24.233,N,94.122,W
10/8/2004,18:02:41,24.234,N,94.114,W
10/8/2004,18:04:41,24.235,N,94.107,W
10/8/2004,18:06:41,24.236,N,94.099,W
10/8/2004,18:08:40,24.238,N,94.091,W
10/8/2004,18:10:40,24.239,N,94.084,W
10/8/2004,18:12:40,24.24,N,94.076,W
10/8/2004,18:14:40,24.241,N,94.068,W
10/8/2004,18:16:41,24.242,N,94.061,W
10/8/2004,18:18:41,24.243,N,94.053,W
10/8/2004,18:20:41,24.244,N,94.045,W
10/8/2004,18:22:41,24.246,N,94.038,W
10/8/2004,18:24:40,24.247,N,94.03,W
10/8/2004,18:26:40,24.248,N,94.023,W
10/8/2004,18:28:40,24.249,N,94.015,W
10/8/2004,18:30:41,24.25,N,94.007,W
10/8/2004,18:32:41,24.251,N,94,W
10/8/2004,18:34:41,24.252,N,93.992,W
10/8/2004,18:36:41,24.253,N,93.984,W
10/8/2004,18:38:40,24.255,N,93.977,W
10/8/2004,18:40:40,24.256,N,93.969,W
10/8/2004,18:42:40,24.257,N,93.961,W
10/8/2004,18:44:40,24.258,N,93.954,W
10/8/2004,18:46:41,24.259,N,93.946,W
10/8/2004,18:48:41,24.281,N,93.956,W
10/8/2004,18:50:41,24.302,N,93.966,W
10/8/2004,18:52:41,24.324,N,93.975,W
10/8/2004,18:54:40,24.346,N,93.985,W
10/8/2004,18:56:40,24.368,N,93.995,W
10/8/2004,18:58:40,24.389,N,94.005,W
10/8/2004,19:00:41,24.411,N,94.014,W
10/8/2004,19:02:41,24.433,N,94.024,W
10/8/2004,19:03:04,24.437,N,94.026,W
10/8/2004,19:05:04,24.426,N,94.036,W
10/8/2004,19:07:05,24.415,N,94.045,W
10/8/2004,19:09:05,24.404,N,94.055,W
10/8/2004,19:11:05,24.394,N,94.065,W
10/8/2004,19:13:05,24.383,N,94.074,W
10/8/2004,19:15:04,24.372,N,94.084,W
10/8/2004,19:17:04,24.361,N,94.093,W
10/8/2004,19:19:04,24.35,N,94.103,W
10/8/2004,19:19:30,24.348,N,94.105,W
10/8/2004,19:21:30,24.338,N,94.113,W
10/8/2004,19:23:29,24.328,N,94.121,W
10/8/2004,19:25:29,24.319,N,94.129,W
10/8/2004,19:27:29,24.31,N,94.135,W
10/8/2004,19:29:29,24.302,N,94.142,W
10/8/2004,19:31:30,24.293,N,94.147,W
10/8/2004,19:33:30,24.286,N,94.152,W
10/8/2004,19:35:30,24.279,N,94.156,W
10/8/2004,19:37:30,24.272,N,94.159,W
10/8/2004,19:39:29,24.266,N,94.162,W
10/8/2004,19:41:29,24.26,N,94.163,W
10/8/2004,19:43:29,24.256,N,94.164,W
10/8/2004,19:45:30,24.251,N,94.163,W
10/8/2004,19:47:30,24.248,N,94.162,W
10/8/2004,19:49:30,24.245,N,94.159,W
10/8/2004,19:51:30,24.243,N,94.156,W
10/8/2004,19:53:29,24.242,N,94.151,W
10/8/2004,19:55:29,24.242,N,94.145,W
10/8/2004,19:57:29,24.242,N,94.137,W
10/8/2004,19:59:29,24.244,N,94.129,W
10/8/2004,20:01:30,24.246,N,94.119,W
10/8/2004,20:03:30,24.249,N,94.107,W
10/8/2004,20:05:30,24.252,N,94.095,W
10/8/2004,20:07:30,24.257,N,94.082,W
10/8/2004,20:09:29,24.262,N,94.068,W
10/8/2004,20:11:29,24.267,N,94.053,W
10/8/2004,20:13:29,24.273,N,94.038,W
10/8/2004,20:15:30,24.279,N,94.021,W
10/8/2004,20:17:30,24.286,N,94.005,W
10/8/2004,20:19:30,24.293,N,93.988,W
10/8/2004,20:21:30,24.3,N,93.97,W
10/8/2004,20:23:29,24.294,N,93.962,W
10/8/2004,20:25:29,24.287,N,93.953,W
10/8/2004,20:27:29,24.28,N,93.945,W
10/8/2004,20:29:29,24.273,N,93.936,W
10/8/2004,20:31:30,24.266,N,93.927,W
10/8/2004,20:33:30,24.259,N,93.918,W
10/8/2004,20:35:30,24.252,N,93.909,W
10/8/2004,20:37:30,24.245,N,93.899,W
10/8/2004,20:39:29,24.239,N,93.89,W
10/8/2004,20:41:29,24.232,N,93.881,W
10/8/2004,20:43:29,24.226,N,93.872,W
10/8/2004,20:45:30,24.219,N,93.862,W
10/8/2004,20:47:30,24.214,N,93.853,W
10/8/2004,20:49:30,24.208,N,93.844,W
10/8/2004,20:51:30,24.203,N,93.835,W
10/8/2004,20:53:29,24.198,N,93.826,W
10/8/2004,20:55:29,24.194,N,93.817,W
10/8/2004,20:57:29,24.191,N,93.808,W
10/8/2004,20:59:29,24.188,N,93.8,W
10/8/2004,21:01:30,24.185,N,93.791,W
10/8/2004,21:03:30,24.184,N,93.783,W
10/8/2004,21:05:30,24.183,N,93.776,W
10/8/2004,21:07:30,24.183,N,93.768,W
10/8/2004,21:09:29,24.183,N,93.761,W
10/8/2004,21:11:29,24.185,N,93.754,W
10/8/2004,21:13:29,24.187,N,93.748,W
10/8/2004,21:15:30,24.19,N,93.741,W
10/8/2004,21:17:30,24.194,N,93.735,W
10/8/2004,21:19:30,24.199,N,93.73,W
10/8/2004,21:21:30,24.204,N,93.724,W
10/8/2004,21:23:29,24.21,N,93.719,W
10/8/2004,21:25:29,24.216,N,93.714,W
10/8/2004,21:27:29,24.224,N,93.71,W
10/8/2004,21:29:29,24.231,N,93.705,W
10/8/2004,21:31:30,24.239,N,93.701,W
10/8/2004,21:33:30,24.248,N,93.697,W
10/8/2004,21:35:30,24.257,N,93.693,W
10/8/2004,21:37:30,24.267,N,93.689,W
10/8/2004,21:39:29,24.277,N,93.685,W
10/8/2004,21:41:29,24.287,N,93.682,W
10/8/2004,21:43:29,24.298,N,93.679,W
10/8/2004,21:45:30,24.309,N,93.675,W
10/8/2004,21:45:40,24.31,N,93.675,W
10/8/2004,21:47:40,24.321,N,93.671,W
10/8/2004,21:49:40,24.333,N,93.668,W
10/8/2004,21:51:39,24.345,N,93.665,W
10/8/2004,21:53:39,24.357,N,93.662,W
10/8/2004,21:55:39,24.369,N,93.659,W
10/8/2004,21:57:40,24.381,N,93.656,W
10/8/2004,21:59:40,24.393,N,93.654,W
10/8/2004,22:01:40,24.406,N,93.652,W
10/8/2004,22:03:09,24.415,N,93.65,W
10/8/2004,22:05:10,24.426,N,93.647,W
10/8/2004,22:07:10,24.438,N,93.645,W
10/8/2004,22:09:10,24.449,N,93.642,W
10/8/2004,22:11:10,24.46,N,93.64,W
10/8/2004,22:13:09,24.47,N,93.638,W
10/8/2004,22:15:09,24.481,N,93.636,W
10/8/2004,22:17:09,24.491,N,93.634,W
10/8/2004,22:19:09,24.501,N,93.632,W
10/8/2004,22:21:10,24.51,N,93.631,W
10/8/2004,22:23:10,24.519,N,93.629,W
10/8/2004,22:25:10,24.528,N,93.628,W
10/8/2004,22:27:10,24.537,N,93.627,W
10/8/2004,22:29:09,24.545,N,93.626,W
10/8/2004,22:31:09,24.553,N,93.625,W
10/8/2004,22:33:09,24.56,N,93.624,W
10/8/2004,22:35:10,24.567,N,93.624,W
10/8/2004,22:37:10,24.573,N,93.624,W
10/8/2004,22:39:10,24.579,N,93.624,W
10/8/2004,22:41:10,24.585,N,93.624,W
10/8/2004,22:43:09,24.59,N,93.625,W
10/8/2004,22:45:09,24.594,N,93.626,W
10/8/2004,22:47:09,24.598,N,93.627,W
10/8/2004,22:49:09,24.602,N,93.628,W
10/8/2004,22:51:10,24.605,N,93.63,W
10/8/2004,22:53:10,24.607,N,93.632,W
10/8/2004,22:55:10,24.608,N,93.634,W
10/8/2004,22:57:10,24.61,N,93.636,W
10/8/2004,22:59:09,24.61,N,93.639,W
10/8/2004,23:01:09,24.61,N,93.642,W
10/8/2004,23:03:09,24.61,N,93.645,W
10/8/2004,23:05:10,24.609,N,93.649,W
10/8/2004,23:07:10,24.608,N,93.652,W
10/8/2004,23:09:10,24.607,N,93.656,W
10/8/2004,23:11:10,24.605,N,93.66,W
10/8/2004,23:13:09,24.603,N,93.664,W
10/8/2004,23:15:09,24.601,N,93.668,W
10/8/2004,23:17:09,24.598,N,93.672,W
10/8/2004,23:19:09,24.596,N,93.677,W
10/8/2004,23:21:10,24.593,N,93.681,W
10/8/2004,23:23:10,24.59,N,93.685,W
10/8/2004,23:25:10,24.587,N,93.69,W
10/8/2004,23:27:10,24.584,N,93.694,W
10/8/2004,23:29:09,24.581,N,93.699,W
10/8/2004,23:31:09,24.578,N,93.703,W
10/8/2004,23:33:09,24.575,N,93.708,W
10/8/2004,23:35:10,24.579,N,93.709,W
10/8/2004,23:37:10,24.582,N,93.711,W
10/8/2004,23:39:10,24.586,N,93.712,W
10/8/2004,23:41:10,24.589,N,93.713,W
10/8/2004,23:43:09,24.593,N,93.714,W
10/8/2004,23:45:09,24.596,N,93.716,W
10/8/2004,23:47:09,24.6,N,93.717,W
10/8/2004,23:49:09,24.603,N,93.718,W
10/8/2004,23:51:10,24.607,N,93.72,W
10/8/2004,23:53:10,24.611,N,93.721,W
10/8/2004,23:55:10,24.614,N,93.722,W
10/8/2004,23:57:10,24.618,N,93.723,W
10/8/2004,23:59:09,24.621,N,93.725,W
10/9/2004,0:01:09,24.625,N,93.726,W
10/9/2004,0:03:09,24.628,N,93.727,W
10/9/2004,0:05:10,24.632,N,93.729,W
10/9/2004,0:07:10,24.635,N,93.73,W
10/9/2004,0:09:10,24.639,N,93.731,W
10/9/2004,0:11:10,24.643,N,93.733,W
10/9/2004,0:13:09,24.646,N,93.734,W
10/9/2004,0:15:09,24.65,N,93.735,W
10/9/2004,0:17:09,24.653,N,93.736,W
10/9/2004,0:19:09,24.657,N,93.738,W
10/9/2004,0:21:10,24.66,N,93.739,W
10/9/2004,0:23:10,24.664,N,93.74,W
10/9/2004,0:25:10,24.667,N,93.742,W
10/9/2004,0:27:10,24.671,N,93.743,W
10/9/2004,0:29:09,24.675,N,93.744,W
10/9/2004,0:31:09,24.678,N,93.746,W
10/9/2004,0:33:09,24.682,N,93.747,W
10/9/2004,0:35:10,24.685,N,93.748,W
10/9/2004,0:37:10,24.689,N,93.749,W
10/9/2004,0:39:10,24.692,N,93.751,W
10/9/2004,0:41:10,24.696,N,93.752,W
10/9/2004,0:43:09,24.699,N,93.753,W
10/9/2004,0:45:09,24.703,N,93.755,W
10/9/2004,0:47:09,24.707,N,93.756,W
10/9/2004,0:49:09,24.71,N,93.757,W
10/9/2004,0:51:10,24.714,N,93.758,W
10/9/2004,0:53:10,24.717,N,93.76,W
10/9/2004,0:55:10,24.721,N,93.761,W
10/9/2004,0:57:10,24.724,N,93.762,W
10/9/2004,0:59:09,24.728,N,93.764,W
10/9/2004,1:01:09,24.731,N,93.765,W
10/9/2004,1:03:09,24.735,N,93.766,W
10/9/2004,1:05:10,24.739,N,93.767,W
10/9/2004,1:07:10,24.742,N,93.767,W
10/9/2004,1:09:10,24.746,N,93.768,W
10/9/2004,1:11:10,24.749,N,93.769,W
10/9/2004,1:13:09,24.753,N,93.769,W
10/9/2004,1:15:09,24.756,N,93.77,W
10/9/2004,1:17:09,24.76,N,93.77,W
10/9/2004,1:19:09,24.764,N,93.771,W
10/9/2004,1:21:10,24.767,N,93.771,W
10/9/2004,1:23:10,24.771,N,93.772,W
10/9/2004,1:25:10,24.774,N,93.772,W
10/9/2004,1:27:10,24.778,N,93.772,W
10/9/2004,1:29:09,24.782,N,93.773,W
10/9/2004,1:31:09,24.785,N,93.773,W
10/9/2004,1:33:09,24.789,N,93.773,W
10/9/2004,1:35:10,24.792,N,93.773,W
10/9/2004,1:37:10,24.796,N,93.773,W
10/9/2004,1:39:10,24.8,N,93.773,W
10/9/2004,1:41:10,24.803,N,93.773,W
10/9/2004,1:43:09,24.807,N,93.773,W
10/9/2004,1:45:09,24.81,N,93.773,W
10/9/2004,1:47:09,24.814,N,93.773,W
10/9/2004,1:49:09,24.818,N,93.773,W
10/9/2004,1:51:10,24.821,N,93.773,W
10/9/2004,1:53:10,24.825,N,93.772,W
10/9/2004,1:55:10,24.828,N,93.772,W
10/9/2004,1:57:10,24.832,N,93.771,W
10/9/2004,1:59:09,24.836,N,93.771,W
10/9/2004,2:01:09,24.839,N,93.77,W
10/9/2004,2:03:09,24.843,N,93.77,W
10/9/2004,2:05:10,24.847,N,93.769,W
10/9/2004,2:07:10,24.85,N,93.768,W
10/9/2004,2:09:10,24.854,N,93.768,W
10/9/2004,2:11:10,24.857,N,93.767,W
10/9/2004,2:13:09,24.861,N,93.766,W
10/9/2004,2:15:09,24.865,N,93.765,W
10/9/2004,2:17:09,24.868,N,93.764,W
10/9/2004,2:19:09,24.872,N,93.763,W
10/9/2004,2:21:10,24.876,N,93.762,W
10/9/2004,2:23:10,24.879,N,93.76,W
10/9/2004,2:25:10,24.883,N,93.759,W
10/9/2004,2:27:10,24.887,N,93.758,W
10/9/2004,2:29:09,24.89,N,93.756,W
10/9/2004,2:31:09,24.894,N,93.755,W
10/9/2004,2:33:09,24.898,N,93.753,W
10/9/2004,2:35:10,24.901,N,93.752,W
10/9/2004,2:37:10,24.905,N,93.75,W
10/9/2004,2:39:10,24.909,N,93.748,W
10/9/2004,2:41:10,24.912,N,93.746,W
10/9/2004,2:43:09,24.916,N,93.745,W
10/9/2004,2:45:09,24.92,N,93.743,W
10/9/2004,2:47:09,24.923,N,93.74,W
10/9/2004,2:49:09,24.927,N,93.738,W
10/9/2004,2:51:10,24.931,N,93.736,W
10/9/2004,2:53:10,24.934,N,93.734,W
10/9/2004,2:55:10,24.938,N,93.731,W
10/9/2004,2:57:10,24.942,N,93.729,W
10/9/2004,2:59:09,24.945,N,93.727,W
10/9/2004,3:01:09,24.949,N,93.724,W
10/9/2004,3:03:09,24.953,N,93.721,W
10/9/2004,3:05:10,24.956,N,93.718,W
10/9/2004,3:07:10,24.96,N,93.716,W
10/9/2004,3:09:10,24.964,N,93.713,W
10/9/2004,3:11:10,24.968,N,93.71,W
10/9/2004,3:13:09,24.971,N,93.707,W
10/9/2004,3:15:09,24.975,N,93.703,W
10/9/2004,3:17:09,24.979,N,93.7,W
10/9/2004,3:19:09,24.982,N,93.697,W
10/9/2004,3:21:10,24.986,N,93.693,W
10/9/2004,3:23:10,24.99,N,93.69,W
10/9/2004,3:25:10,24.994,N,93.686,W
10/9/2004,3:27:10,24.997,N,93.682,W
10/9/2004,3:29:09,25.001,N,93.679,W
10/9/2004,3:31:09,25.005,N,93.675,W
10/9/2004,3:33:09,25.009,N,93.671,W
10/9/2004,3:35:10,25.012,N,93.667,W
10/9/2004,3:37:10,25.016,N,93.663,W
10/9/2004,3:39:10,25.02,N,93.658,W
10/9/2004,3:41:10,25.024,N,93.654,W
10/9/2004,3:43:09,25.027,N,93.649,W
10/9/2004,3:45:09,25.031,N,93.645,W
10/9/2004,3:47:09,25.035,N,93.64,W
10/9/2004,3:49:09,25.039,N,93.635,W
10/9/2004,3:51:10,25.043,N,93.631,W
10/9/2004,3:53:10,25.046,N,93.626,W
10/9/2004,3:55:10,25.05,N,93.621,W
10/9/2004,3:57:10,25.054,N,93.616,W
10/9/2004,3:59:09,25.058,N,93.61,W
10/9/2004,4:01:09,25.061,N,93.605,W
10/9/2004,4:03:09,25.065,N,93.6,W
10/9/2004,4:05:10,25.069,N,93.594,W
10/9/2004,4:07:10,25.073,N,93.589,W
10/9/2004,4:09:10,25.077,N,93.583,W
10/9/2004,4:11:10,25.081,N,93.578,W
10/9/2004,4:13:09,25.084,N,93.572,W
10/9/2004,4:15:09,25.088,N,93.566,W
10/9/2004,4:17:09,25.092,N,93.56,W
10/9/2004,4:19:09,25.096,N,93.554,W
10/9/2004,4:21:10,25.1,N,93.548,W
10/9/2004,4:23:10,25.104,N,93.542,W
10/9/2004,4:25:10,25.107,N,93.536,W
10/9/2004,4:27:10,25.111,N,93.53,W
10/9/2004,4:29:09,25.115,N,93.524,W
10/9/2004,4:31:09,25.119,N,93.517,W
10/9/2004,4:33:09,25.123,N,93.511,W
10/9/2004,4:35:10,25.127,N,93.504,W
10/9/2004,4:37:10,25.131,N,93.498,W
10/9/2004,4:39:10,25.135,N,93.491,W
10/9/2004,4:41:10,25.139,N,93.485,W
10/9/2004,4:43:09,25.143,N,93.478,W
10/9/2004,4:45:09,25.146,N,93.471,W
10/9/2004,4:47:09,25.15,N,93.465,W
10/9/2004,4:49:09,25.154,N,93.458,W
10/9/2004,4:51:10,25.158,N,93.451,W
10/9/2004,4:53:10,25.162,N,93.444,W
10/9/2004,4:55:10,25.166,N,93.437,W
10/9/2004,4:57:10,25.17,N,93.43,W
10/9/2004,4:59:09,25.174,N,93.423,W
10/9/2004,5:01:09,25.178,N,93.416,W
10/9/2004,5:03:09,25.182,N,93.409,W
10/9/2004,5:05:10,25.186,N,93.402,W
10/9/2004,5:07:10,25.19,N,93.395,W
10/9/2004,5:09:10,25.194,N,93.388,W
10/9/2004,5:11:10,25.198,N,93.38,W
10/9/2004,5:13:09,25.202,N,93.373,W
10/9/2004,5:15:09,25.206,N,93.366,W
10/9/2004,5:17:09,25.21,N,93.359,W
10/9/2004,5:19:09,25.215,N,93.351,W
10/9/2004,5:21:10,25.219,N,93.344,W
10/9/2004,5:23:10,25.223,N,93.337,W
10/9/2004,5:25:10,25.227,N,93.329,W
10/9/2004,5:27:10,25.231,N,93.322,W
10/9/2004,5:29:09,25.235,N,93.315,W
10/9/2004,5:31:09,25.239,N,93.307,W
10/9/2004,5:33:09,25.243,N,93.3,W
10/9/2004,5:35:10,25.248,N,93.292,W
10/9/2004,5:37:10,25.252,N,93.285,W
10/9/2004,5:39:10,25.256,N,93.278,W
10/9/2004,5:41:10,25.26,N,93.27,W
10/9/2004,5:43:09,25.264,N,93.263,W
10/9/2004,5:45:09,25.268,N,93.255,W
10/9/2004,5:47:09,25.273,N,93.248,W
10/9/2004,5:49:09,25.277,N,93.24,W
10/9/2004,5:51:10,25.281,N,93.233,W
10/9/2004,5:53:10,25.285,N,93.225,W
10/9/2004,5:55:10,25.29,N,93.218,W
10/9/2004,5:57:10,25.294,N,93.211,W
10/9/2004,5:59:09,25.298,N,93.203,W
10/9/2004,6:00:00,25.3,N,93.2,W
10/9/2004,6:01:59,25.305,N,93.197,W
10/9/2004,6:03:59,25.31,N,93.194,W
10/9/2004,6:05:59,25.314,N,93.191,W
10/9/2004,6:08:00,25.319,N,93.189,W
10/9/2004,6:10:00,25.324,N,93.186,W
10/9/2004,6:12:00,25.329,N,93.183,W
10/9/2004,6:14:00,25.334,N,93.18,W
10/9/2004,6:15:59,25.338,N,93.178,W
10/9/2004,6:17:59,25.343,N,93.175,W
10/9/2004,6:19:59,25.348,N,93.172,W
10/9/2004,6:21:59,25.353,N,93.169,W
10/9/2004,6:24:00,25.358,N,93.167,W
10/9/2004,6:26:00,25.363,N,93.164,W
10/9/2004,6:28:00,25.368,N,93.162,W
10/9/2004,6:30:00,25.373,N,93.159,W
10/9/2004,6:31:59,25.378,N,93.156,W
10/9/2004,6:33:59,25.383,N,93.154,W
10/9/2004,6:35:59,25.388,N,93.151,W
10/9/2004,6:38:00,25.393,N,93.149,W
10/9/2004,6:40:00,25.399,N,93.146,W
10/9/2004,6:42:00,25.404,N,93.144,W
10/9/2004,6:44:00,25.409,N,93.141,W
10/9/2004,6:45:59,25.414,N,93.139,W
10/9/2004,6:47:59,25.419,N,93.137,W
10/9/2004,6:49:59,25.424,N,93.134,W
10/9/2004,6:51:59,25.43,N,93.132,W
10/9/2004,6:54:00,25.435,N,93.129,W
10/9/2004,6:56:00,25.44,N,93.127,W
10/9/2004,6:58:00,25.445,N,93.125,W
10/9/2004,7:00:00,25.451,N,93.122,W
10/9/2004,7:01:59,25.456,N,93.12,W
10/9/2004,7:03:59,25.461,N,93.118,W
10/9/2004,7:05:59,25.467,N,93.116,W
10/9/2004,7:08:00,25.472,N,93.113,W
10/9/2004,7:10:00,25.477,N,93.111,W
10/9/2004,7:12:00,25.483,N,93.109,W
10/9/2004,7:14:00,25.488,N,93.107,W
10/9/2004,7:15:59,25.494,N,93.104,W
10/9/2004,7:17:59,25.499,N,93.102,W
10/9/2004,7:19:59,25.505,N,93.1,W
10/9/2004,7:21:59,25.51,N,93.098,W
10/9/2004,7:24:00,25.516,N,93.096,W
10/9/2004,7:26:00,25.521,N,93.094,W
10/9/2004,7:28:00,25.527,N,93.092,W
10/9/2004,7:30:00,25.532,N,93.09,W
10/9/2004,7:31:59,25.538,N,93.087,W
10/9/2004,7:33:59,25.543,N,93.085,W
10/9/2004,7:35:59,25.549,N,93.083,W
10/9/2004,7:38:00,25.554,N,93.081,W
10/9/2004,7:40:00,25.56,N,93.079,W
10/9/2004,7:42:00,25.566,N,93.077,W
10/9/2004,7:44:00,25.571,N,93.075,W
10/9/2004,7:45:59,25.577,N,93.073,W
10/9/2004,7:47:59,25.582,N,93.071,W
10/9/2004,7:49:59,25.588,N,93.069,W
10/9/2004,7:51:59,25.594,N,93.067,W
10/9/2004,7:54:00,25.599,N,93.065,W
10/9/2004,7:56:00,25.605,N,93.063,W
10/9/2004,7:58:00,25.611,N,93.061,W
10/9/2004,8:00:00,25.616,N,93.059,W
10/9/2004,8:01:59,25.622,N,93.057,W
10/9/2004,8:03:59,25.628,N,93.055,W
10/9/2004,8:05:59,25.634,N,93.054,W
10/9/2004,8:08:00,25.639,N,93.052,W
10/9/2004,8:10:00,25.645,N,93.05,W
10/9/2004,8:12:00,25.651,N,93.048,W
10/9/2004,8:14:00,25.657,N,93.046,W
10/9/2004,8:15:59,25.662,N,93.044,W
10/9/2004,8:17:59,25.668,N,93.042,W
10/9/2004,8:19:59,25.674,N,93.04,W
10/9/2004,8:21:59,25.68,N,93.038,W
10/9/2004,8:24:00,25.685,N,93.036,W
10/9/2004,8:26:00,25.691,N,93.035,W
10/9/2004,8:28:00,25.697,N,93.033,W
10/9/2004,8:30:00,25.703,N,93.031,W
10/9/2004,8:31:59,25.709,N,93.029,W
10/9/2004,8:33:59,25.715,N,93.027,W
10/9/2004,8:35:59,25.72,N,93.025,W
10/9/2004,8:38:00,25.726,N,93.023,W
10/9/2004,8:40:00,25.732,N,93.022,W
10/9/2004,8:42:00,25.738,N,93.02,W
10/9/2004,8:44:00,25.744,N,93.018,W
10/9/2004,8:45:59,25.75,N,93.016,W
10/9/2004,8:47:59,25.755,N,93.014,W
10/9/2004,8:49:59,25.761,N,93.012,W
10/9/2004,8:51:59,25.767,N,93.011,W
10/9/2004,8:54:00,25.773,N,93.009,W
10/9/2004,8:56:00,25.779,N,93.007,W
10/9/2004,8:58:00,25.785,N,93.005,W
10/9/2004,9:00:00,25.791,N,93.003,W
10/9/2004,9:01:59,25.797,N,93.001,W
10/9/2004,9:03:59,25.802,N,93,W
10/9/2004,9:05:59,25.808,N,92.998,W
10/9/2004,9:08:00,25.814,N,92.996,W
10/9/2004,9:10:00,25.82,N,92.994,W
10/9/2004,9:12:00,25.826,N,92.992,W
10/9/2004,9:14:00,25.832,N,92.99,W
10/9/2004,9:15:59,25.838,N,92.988,W
10/9/2004,9:17:59,25.844,N,92.987,W
10/9/2004,9:19:59,25.85,N,92.985,W
10/9/2004,9:21:59,25.855,N,92.983,W
10/9/2004,9:24:00,25.861,N,92.981,W
10/9/2004,9:26:00,25.867,N,92.979,W
10/9/2004,9:28:00,25.873,N,92.977,W
10/9/2004,9:30:00,25.879,N,92.975,W
10/9/2004,9:31:59,25.885,N,92.974,W
10/9/2004,9:33:59,25.891,N,92.972,W
10/9/2004,9:35:59,25.897,N,92.97,W
10/9/2004,9:38:00,25.903,N,92.968,W
10/9/2004,9:40:00,25.908,N,92.966,W
10/9/2004,9:42:00,25.914,N,92.964,W
10/9/2004,9:44:00,25.92,N,92.962,W
10/9/2004,9:45:59,25.926,N,92.96,W
10/9/2004,9:47:59,25.932,N,92.958,W
10/9/2004,9:49:59,25.938,N,92.956,W
10/9/2004,9:51:59,25.944,N,92.954,W
10/9/2004,9:54:00,25.95,N,92.952,W
10/9/2004,9:56:00,25.955,N,92.95,W
10/9/2004,9:58:00,25.961,N,92.948,W
10/9/2004,10:00:00,25.967,N,92.946,W
10/9/2004,10:01:59,25.973,N,92.944,W
10/9/2004,10:03:59,25.979,N,92.942,W
10/9/2004,10:05:59,25.985,N,92.94,W
10/9/2004,10:08:00,25.99,N,92.938,W
10/9/2004,10:10:00,25.996,N,92.936,W
10/9/2004,10:12:00,26.002,N,92.934,W
10/9/2004,10:14:00,26.008,N,92.932,W
10/9/2004,10:15:59,26.014,N,92.93,W
10/9/2004,10:17:59,26.019,N,92.928,W
10/9/2004,10:19:59,26.025,N,92.926,W
10/9/2004,10:21:59,26.031,N,92.924,W
10/9/2004,10:24:00,26.037,N,92.922,W
10/9/2004,10:26:00,26.043,N,92.92,W
10/9/2004,10:28:00,26.048,N,92.918,W
10/9/2004,10:30:00,26.054,N,92.915,W
10/9/2004,10:31:59,26.06,N,92.913,W
10/9/2004,10:33:59,26.066,N,92.911,W
10/9/2004,10:35:59,26.071,N,92.909,W
10/9/2004,10:38:00,26.077,N,92.907,W
10/9/2004,10:40:00,26.083,N,92.904,W
10/9/2004,10:42:00,26.088,N,92.902,W
10/9/2004,10:44:00,26.094,N,92.9,W
10/9/2004,10:45:59,26.1,N,92.898,W
10/9/2004,10:47:59,26.105,N,92.895,W
10/9/2004,10:49:59,26.111,N,92.893,W
10/9/2004,10:51:59,26.117,N,92.891,W
10/9/2004,10:54:00,26.122,N,92.888,W
10/9/2004,10:56:00,26.128,N,92.886,W
10/9/2004,10:58:00,26.133,N,92.884,W
10/9/2004,11:00:00,26.139,N,92.881,W
10/9/2004,11:01:59,26.145,N,92.879,W
10/9/2004,11:03:59,26.15,N,92.876,W
10/9/2004,11:05:59,26.156,N,92.874,W
10/9/2004,11:08:00,26.161,N,92.872,W
10/9/2004,11:10:00,26.167,N,92.869,W
10/9/2004,11:12:00,26.172,N,92.867,W
10/9/2004,11:14:00,26.178,N,92.864,W
10/9/2004,11:15:59,26.183,N,92.861,W
10/9/2004,11:17:59,26.189,N,92.859,W
10/9/2004,11:19:59,26.194,N,92.856,W
10/9/2004,11:21:59,26.2,N,92.854,W
10/9/2004,11:24:00,26.205,N,92.851,W
10/9/2004,11:26:00,26.211,N,92.848,W
10/9/2004,11:28:00,26.216,N,92.846,W
10/9/2004,11:30:00,26.221,N,92.843,W
10/9/2004,11:31:59,26.227,N,92.84,W
10/9/2004,11:33:59,26.232,N,92.838,W
10/9/2004,11:35:59,26.237,N,92.835,W
10/9/2004,11:38:00,26.243,N,92.832,W
10/9/2004,11:40:00,26.248,N,92.829,W
10/9/2004,11:42:00,26.253,N,92.827,W
10/9/2004,11:44:00,26.259,N,92.824,W
10/9/2004,11:45:59,26.264,N,92.821,W
10/9/2004,11:47:59,26.269,N,92.818,W
10/9/2004,11:49:59,26.274,N,92.815,W
10/9/2004,11:51:59,26.279,N,92.812,W
10/9/2004,11:54:00,26.285,N,92.809,W
10/9/2004,11:56:00,26.29,N,92.806,W
10/9/2004,11:58:00,26.295,N,92.803,W
10/9/2004,12:00:00,26.3,N,92.8,W
10/9/2004,12:01:59,26.309,N,92.795,W
10/9/2004,12:03:59,26.317,N,92.79,W
10/9/2004,12:05:59,26.326,N,92.786,W
10/9/2004,12:08:00,26.335,N,92.781,W
10/9/2004,12:10:00,26.343,N,92.776,W
10/9/2004,12:12:00,26.352,N,92.771,W
10/9/2004,12:14:00,26.361,N,92.766,W
10/9/2004,12:15:59,26.369,N,92.761,W
10/9/2004,12:17:59,26.378,N,92.756,W
10/9/2004,12:19:59,26.387,N,92.752,W
10/9/2004,12:21:59,26.395,N,92.747,W
10/9/2004,12:24:00,26.404,N,92.742,W
10/9/2004,12:26:00,26.413,N,92.737,W
10/9/2004,12:28:00,26.421,N,92.732,W
10/9/2004,12:30:00,26.43,N,92.727,W
10/9/2004,12:31:59,26.438,N,92.722,W
10/9/2004,12:33:59,26.447,N,92.717,W
10/9/2004,12:35:59,26.455,N,92.712,W
10/9/2004,12:38:00,26.464,N,92.707,W
10/9/2004,12:40:00,26.472,N,92.702,W
10/9/2004,12:42:00,26.481,N,92.697,W
10/9/2004,12:44:00,26.489,N,92.692,W
10/9/2004,12:45:59,26.497,N,92.687,W
10/9/2004,12:47:59,26.506,N,92.682,W
10/9/2004,12:49:59,26.514,N,92.677,W
10/9/2004,12:51:59,26.522,N,92.671,W
10/9/2004,12:54:00,26.53,N,92.666,W
10/9/2004,12:56:00,26.539,N,92.661,W
10/9/2004,12:58:00,26.547,N,92.656,W
10/9/2004,13:00:00,26.555,N,92.651,W
10/9/2004,13:01:59,26.563,N,92.646,W
10/9/2004,13:03:59,26.571,N,92.641,W
10/9/2004,13:05:59,26.579,N,92.636,W
10/9/2004,13:08:00,26.587,N,92.631,W
10/9/2004,13:10:00,26.595,N,92.626,W
10/9/2004,13:12:00,26.603,N,92.621,W
10/9/2004,13:14:00,26.61,N,92.615,W
10/9/2004,13:15:59,26.618,N,92.61,W
10/9/2004,13:17:59,26.626,N,92.605,W
10/9/2004,13:19:59,26.634,N,92.6,W
10/9/2004,13:21:59,26.641,N,92.595,W
10/9/2004,13:24:00,26.649,N,92.59,W
10/9/2004,13:26:00,26.656,N,92.585,W
10/9/2004,13:28:00,26.664,N,92.58,W
10/9/2004,13:30:00,26.671,N,92.575,W
10/9/2004,13:31:59,26.678,N,92.57,W
10/9/2004,13:33:59,26.686,N,92.565,W
10/9/2004,13:35:59,26.693,N,92.56,W
10/9/2004,13:38:00,26.7,N,92.554,W
10/9/2004,13:40:00,26.707,N,92.549,W
10/9/2004,13:42:00,26.714,N,92.544,W
10/9/2004,13:44:00,26.721,N,92.539,W
10/9/2004,13:45:59,26.728,N,92.534,W
10/9/2004,13:47:59,26.735,N,92.529,W
10/9/2004,13:49:59,26.742,N,92.524,W
10/9/2004,13:51:59,26.748,N,92.519,W
10/9/2004,13:54:00,26.755,N,92.514,W
10/9/2004,13:56:00,26.761,N,92.509,W
10/9/2004,13:58:00,26.768,N,92.504,W
10/9/2004,14:00:00,26.774,N,92.499,W
10/9/2004,14:01:59,26.781,N,92.494,W
10/9/2004,14:03:59,26.787,N,92.489,W
10/9/2004,14:05:59,26.793,N,92.484,W
10/9/2004,14:08:00,26.799,N,92.48,W
10/9/2004,14:10:00,26.805,N,92.475,W
10/9/2004,14:12:00,26.811,N,92.47,W
10/9/2004,14:14:00,26.817,N,92.465,W
10/9/2004,14:15:59,26.822,N,92.46,W
10/9/2004,14:17:59,26.828,N,92.455,W
10/9/2004,14:19:59,26.834,N,92.45,W
10/9/2004,14:21:59,26.839,N,92.446,W
10/9/2004,14:24:00,26.844,N,92.441,W
10/9/2004,14:26:00,26.85,N,92.436,W
10/9/2004,14:28:00,26.855,N,92.431,W
10/9/2004,14:30:00,26.86,N,92.426,W
10/9/2004,14:31:59,26.865,N,92.422,W
10/9/2004,14:33:59,26.87,N,92.417,W
10/9/2004,14:35:59,26.875,N,92.412,W
10/9/2004,14:38:00,26.879,N,92.408,W
10/9/2004,14:40:00,26.884,N,92.403,W
10/9/2004,14:42:00,26.888,N,92.398,W
10/9/2004,14:44:00,26.893,N,92.394,W
10/9/2004,14:45:59,26.897,N,92.389,W
10/9/2004,14:47:59,26.901,N,92.385,W
10/9/2004,14:49:59,26.905,N,92.38,W
10/9/2004,14:51:59,26.909,N,92.376,W
10/9/2004,14:54:00,26.913,N,92.371,W
10/9/2004,14:56:00,26.917,N,92.367,W
10/9/2004,14:58:00,26.92,N,92.362,W
10/9/2004,15:00:00,26.924,N,92.358,W
10/9/2004,15:01:59,26.927,N,92.353,W
10/9/2004,15:03:59,26.931,N,92.349,W
10/9/2004,15:05:59,26.934,N,92.345,W
10/9/2004,15:08:00,26.937,N,92.34,W
10/9/2004,15:10:00,26.94,N,92.336,W
10/9/2004,15:12:00,26.943,N,92.332,W
10/9/2004,15:14:00,26.946,N,92.327,W
10/9/2004,15:15:59,26.949,N,92.323,W
10/9/2004,15:17:59,26.951,N,92.319,W
10/9/2004,15:19:59,26.954,N,92.315,W
10/9/2004,15:21:59,26.956,N,92.31,W
10/9/2004,15:24:00,26.958,N,92.306,W
10/9/2004,15:26:00,26.961,N,92.302,W
10/9/2004,15:28:00,26.963,N,92.298,W
10/9/2004,15:30:00,26.965,N,92.294,W
10/9/2004,15:31:59,26.967,N,92.29,W
10/9/2004,15:33:59,26.969,N,92.286,W
10/9/2004,15:35:59,26.971,N,92.282,W
10/9/2004,15:38:00,26.972,N,92.278,W
10/9/2004,15:40:00,26.974,N,92.274,W
10/9/2004,15:42:00,26.976,N,92.27,W
10/9/2004,15:44:00,26.977,N,92.266,W
10/9/2004,15:45:59,26.978,N,92.262,W
10/9/2004,15:47:59,26.98,N,92.258,W
10/9/2004,15:49:59,26.981,N,92.254,W
10/9/2004,15:51:59,26.982,N,92.25,W
10/9/2004,15:54:00,26.983,N,92.246,W
10/9/2004,15:56:00,26.984,N,92.242,W
10/9/2004,15:58:00,26.985,N,92.238,W
10/9/2004,16:00:00,26.986,N,92.234,W
10/9/2004,16:01:59,26.986,N,92.23,W
10/9/2004,16:03:59,26.987,N,92.227,W
10/9/2004,16:05:59,26.988,N,92.223,W
10/9/2004,16:07:59,26.988,N,92.219,W
10/9/2004,16:09:59,26.988,N,92.215,W
10/9/2004,16:11:59,26.989,N,92.212,W
10/9/2004,16:13:59,26.989,N,92.208,W
10/9/2004,16:16:00,26.989,N,92.204,W
10/9/2004,16:18:00,26.989,N,92.2,W
10/9/2004,16:20:00,26.989,N,92.197,W
10/9/2004,16:22:00,26.989,N,92.193,W
10/9/2004,16:24:00,26.989,N,92.189,W
10/9/2004,16:26:00,26.989,N,92.186,W
10/9/2004,16:28:00,26.989,N,92.182,W
10/9/2004,16:30:00,26.989,N,92.178,W
10/9/2004,16:31:59,26.988,N,92.175,W
10/9/2004,16:33:59,26.988,N,92.171,W
10/9/2004,16:35:59,26.987,N,92.168,W
10/9/2004,16:37:59,26.987,N,92.164,W
10/9/2004,16:39:59,26.986,N,92.161,W
10/9/2004,16:41:59,26.986,N,92.157,W
10/9/2004,16:43:59,26.985,N,92.154,W
10/9/2004,16:46:00,26.984,N,92.15,W
10/9/2004,16:48:00,26.983,N,92.147,W
10/9/2004,16:50:00,26.982,N,92.143,W
10/9/2004,16:52:00,26.981,N,92.14,W
10/9/2004,16:54:00,26.98,N,92.136,W
10/9/2004,16:56:00,26.979,N,92.133,W
10/9/2004,16:58:00,26.978,N,92.129,W
10/9/2004,17:00:00,26.977,N,92.126,W
10/9/2004,17:01:59,26.976,N,92.122,W
10/9/2004,17:03:59,26.974,N,92.119,W
10/9/2004,17:05:59,26.973,N,92.116,W
10/9/2004,17:07:59,26.972,N,92.112,W
10/9/2004,17:09:59,26.97,N,92.109,W
10/9/2004,17:11:59,26.969,N,92.105,W
10/9/2004,17:13:59,26.967,N,92.102,W
10/9/2004,17:16:00,26.965,N,92.099,W
10/9/2004,17:18:00,26.964,N,92.095,W
10/9/2004,17:20:00,26.962,N,92.092,W
10/9/2004,17:21:18,26.961,N,92.09,W
10/9/2004,17:23:18,26.955,N,92.087,W
10/9/2004,17:25:18,26.95,N,92.084,W
10/9/2004,17:27:18,26.944,N,92.081,W
10/9/2004,17:29:18,26.938,N,92.078,W
10/9/2004,17:31:18,26.933,N,92.075,W
10/9/2004,17:33:18,26.927,N,92.072,W
10/9/2004,17:35:17,26.922,N,92.069,W
10/9/2004,17:37:17,26.917,N,92.066,W
10/9/2004,17:39:17,26.911,N,92.063,W
10/9/2004,17:41:17,26.906,N,92.06,W
10/9/2004,17:43:17,26.901,N,92.057,W
10/9/2004,17:45:17,26.896,N,92.054,W
10/9/2004,17:47:17,26.892,N,92.05,W
10/9/2004,17:49:17,26.887,N,92.047,W
10/9/2004,17:51:18,26.882,N,92.044,W
10/9/2004,17:53:18,26.878,N,92.041,W
10/9/2004,17:55:18,26.874,N,92.038,W
10/9/2004,17:57:18,26.87,N,92.035,W
10/9/2004,17:59:18,26.866,N,92.032,W
10/9/2004,18:01:18,26.862,N,92.029,W
10/9/2004,18:03:18,26.858,N,92.026,W
10/9/2004,18:05:17,26.854,N,92.023,W
10/9/2004,18:07:17,26.851,N,92.02,W
10/9/2004,18:09:17,26.848,N,92.017,W
10/9/2004,18:11:17,26.844,N,92.014,W
10/9/2004,18:13:17,26.842,N,92.011,W
10/9/2004,18:15:17,26.839,N,92.007,W
10/9/2004,18:17:17,26.836,N,92.004,W
10/9/2004,18:19:17,26.834,N,92.001,W
10/9/2004,18:21:18,26.831,N,91.998,W
10/9/2004,18:23:18,26.829,N,91.995,W
10/9/2004,18:25:18,26.827,N,91.992,W
10/9/2004,18:27:18,26.825,N,91.989,W
10/9/2004,18:29:18,26.824,N,91.985,W
10/9/2004,18:31:18,26.822,N,91.982,W
10/9/2004,18:33:18,26.821,N,91.979,W
10/9/2004,18:35:17,26.82,N,91.976,W
10/9/2004,18:37:17,26.818,N,91.973,W
10/9/2004,18:39:17,26.818,N,91.97,W
10/9/2004,18:41:17,26.817,N,91.966,W
10/9/2004,18:43:17,26.816,N,91.963,W
10/9/2004,18:45:17,26.815,N,91.96,W
10/9/2004,18:47:17,26.815,N,91.957,W
10/9/2004,18:49:17,26.815,N,91.953,W
10/9/2004,18:51:18,26.815,N,91.95,W
10/9/2004,18:53:18,26.815,N,91.947,W
10/9/2004,18:55:18,26.815,N,91.944,W
10/9/2004,18:57:18,26.815,N,91.941,W
10/9/2004,18:59:18,26.815,N,91.937,W
10/9/2004,19:01:18,26.816,N,91.934,W
10/9/2004,19:03:18,26.817,N,91.931,W
10/9/2004,19:05:17,26.817,N,91.927,W
10/9/2004,19:07:17,26.818,N,91.924,W
10/9/2004,19:09:17,26.819,N,91.921,W
10/9/2004,19:11:04,26.82,N,91.918,W
10/9/2004,19:13:04,26.821,N,91.915,W
10/9/2004,19:15:04,26.821,N,91.912,W
10/9/2004,19:17:04,26.822,N,91.909,W
10/9/2004,19:19:04,26.823,N,91.906,W
10/9/2004,19:21:04,26.825,N,91.903,W
10/9/2004,19:23:04,26.826,N,91.9,W
10/9/2004,19:25:04,26.827,N,91.897,W
10/9/2004,19:27:03,26.829,N,91.894,W
10/9/2004,19:29:03,26.831,N,91.891,W
10/9/2004,19:31:03,26.833,N,91.888,W
10/9/2004,19:33:03,26.835,N,91.885,W
10/9/2004,19:35:03,26.837,N,91.882,W
10/9/2004,19:37:03,26.84,N,91.879,W
10/9/2004,19:39:03,26.842,N,91.876,W
10/9/2004,19:41:04,26.845,N,91.873,W
10/9/2004,19:43:04,26.848,N,91.87,W
10/9/2004,19:45:04,26.851,N,91.867,W
10/9/2004,19:47:04,26.854,N,91.864,W
10/9/2004,19:49:04,26.857,N,91.861,W
10/9/2004,19:51:04,26.86,N,91.858,W
10/9/2004,19:53:04,26.863,N,91.855,W
10/9/2004,19:55:04,26.867,N,91.852,W
10/9/2004,19:57:03,26.87,N,91.849,W
10/9/2004,19:59:03,26.874,N,91.846,W
10/9/2004,20:01:03,26.877,N,91.843,W
10/9/2004,20:03:03,26.881,N,91.84,W
10/9/2004,20:05:03,26.885,N,91.837,W
10/9/2004,20:07:03,26.889,N,91.833,W
10/9/2004,20:09:03,26.893,N,91.83,W
10/9/2004,20:11:04,26.897,N,91.827,W
10/9/2004,20:13:04,26.901,N,91.824,W
10/9/2004,20:15:04,26.905,N,91.821,W
10/9/2004,20:17:04,26.909,N,91.817,W
10/9/2004,20:19:04,26.913,N,91.814,W
10/9/2004,20:21:04,26.918,N,91.811,W
10/9/2004,20:23:04,26.922,N,91.807,W
10/9/2004,20:25:04,26.926,N,91.804,W
10/9/2004,20:27:03,26.931,N,91.801,W
10/9/2004,20:29:03,26.935,N,91.797,W
10/9/2004,20:31:03,26.939,N,91.794,W
10/9/2004,20:33:03,26.944,N,91.79,W
10/9/2004,20:35:03,26.948,N,91.787,W
10/9/2004,20:37:03,26.953,N,91.783,W
10/9/2004,20:39:03,26.957,N,91.78,W
10/9/2004,20:41:04,26.961,N,91.776,W
10/9/2004,20:43:04,26.966,N,91.772,W
10/9/2004,20:45:04,26.97,N,91.769,W
10/9/2004,20:47:04,26.975,N,91.765,W
10/9/2004,20:49:04,26.979,N,91.761,W
10/9/2004,20:51:04,26.984,N,91.757,W
10/9/2004,20:53:04,26.988,N,91.754,W
10/9/2004,20:55:04,26.992,N,91.75,W
10/9/2004,20:57:03,26.997,N,91.746,W
10/9/2004,20:59:03,27.001,N,91.742,W
10/9/2004,21:01:03,27.005,N,91.738,W
10/9/2004,21:03:03,27.009,N,91.734,W
10/9/2004,21:05:03,27.013,N,91.729,W
10/9/2004,21:07:03,27.017,N,91.725,W
10/9/2004,21:09:03,27.021,N,91.721,W
10/9/2004,21:11:04,27.025,N,91.717,W
10/9/2004,21:13:04,27.029,N,91.712,W
10/9/2004,21:15:04,27.033,N,91.708,W
10/9/2004,21:17:04,27.036,N,91.704,W
10/9/2004,21:19:04,27.039,N,91.7,W
10/9/2004,21:21:04,27.043,N,91.696,W
10/9/2004,21:23:04,27.046,N,91.691,W
10/9/2004,21:25:04,27.049,N,91.687,W
10/9/2004,21:27:03,27.052,N,91.683,W
10/9/2004,21:29:03,27.055,N,91.679,W
10/9/2004,21:31:03,27.058,N,91.674,W
10/9/2004,21:33:03,27.061,N,91.67,W
10/9/2004,21:35:03,27.064,N,91.665,W
10/9/2004,21:37:03,27.067,N,91.661,W
10/9/2004,21:39:03,27.07,N,91.656,W
10/9/2004,21:41:04,27.073,N,91.652,W
10/9/2004,21:43:04,27.076,N,91.647,W
10/9/2004,21:45:04,27.079,N,91.643,W
10/9/2004,21:47:04,27.082,N,91.638,W
10/9/2004,21:49:04,27.085,N,91.633,W
10/9/2004,21:51:04,27.088,N,91.628,W
10/9/2004,21:53:04,27.091,N,91.624,W
10/9/2004,21:55:04,27.094,N,91.619,W
10/9/2004,21:57:03,27.097,N,91.614,W
10/9/2004,21:59:03,27.1,N,91.609,W
10/9/2004,22:01:03,27.103,N,91.604,W
10/9/2004,22:03:03,27.106,N,91.599,W
10/9/2004,22:05:03,27.108,N,91.594,W
10/9/2004,22:07:03,27.111,N,91.589,W
10/9/2004,22:09:03,27.114,N,91.583,W
10/9/2004,22:11:04,27.117,N,91.578,W
10/9/2004,22:13:04,27.12,N,91.573,W
10/9/2004,22:15:04,27.122,N,91.567,W
10/9/2004,22:17:04,27.125,N,91.562,W
10/9/2004,22:19:04,27.128,N,91.557,W
10/9/2004,22:21:04,27.131,N,91.551,W
10/9/2004,22:23:04,27.133,N,91.546,W
10/9/2004,22:25:04,27.136,N,91.54,W
10/9/2004,22:27:03,27.139,N,91.534,W
10/9/2004,22:29:03,27.141,N,91.529,W
10/9/2004,22:31:03,27.144,N,91.523,W
10/9/2004,22:33:03,27.146,N,91.517,W
10/9/2004,22:35:03,27.149,N,91.511,W
10/9/2004,22:37:03,27.151,N,91.505,W
10/9/2004,22:39:03,27.154,N,91.499,W
10/9/2004,22:41:04,27.156,N,91.493,W
10/9/2004,22:43:04,27.159,N,91.487,W
10/9/2004,22:45:04,27.161,N,91.481,W
10/9/2004,22:47:04,27.164,N,91.475,W
10/9/2004,22:49:04,27.166,N,91.469,W
10/9/2004,22:51:04,27.169,N,91.462,W
10/9/2004,22:53:04,27.171,N,91.456,W
10/9/2004,22:55:04,27.173,N,91.45,W
10/9/2004,22:57:03,27.176,N,91.443,W
10/9/2004,22:59:03,27.178,N,91.437,W
10/9/2004,23:01:03,27.181,N,91.43,W
10/9/2004,23:02:19,27.182,N,91.426,W
10/9/2004,23:04:19,27.185,N,91.421,W
10/9/2004,23:06:19,27.188,N,91.416,W
10/9/2004,23:08:19,27.19,N,91.412,W
10/9/2004,23:10:20,27.193,N,91.407,W
10/9/2004,23:12:20,27.196,N,91.402,W
10/9/2004,23:14:20,27.199,N,91.398,W
10/9/2004,23:16:20,27.202,N,91.393,W
10/9/2004,23:18:20,27.205,N,91.388,W
10/9/2004,23:20:20,27.208,N,91.384,W
10/9/2004,23:22:20,27.21,N,91.379,W
10/9/2004,23:24:20,27.213,N,91.375,W
10/9/2004,23:26:19,27.216,N,91.37,W
10/9/2004,23:28:19,27.219,N,91.366,W
10/9/2004,23:30:19,27.222,N,91.361,W
10/9/2004,23:32:19,27.225,N,91.357,W
10/9/2004,23:34:19,27.228,N,91.353,W
10/9/2004,23:36:19,27.23,N,91.348,W
10/9/2004,23:38:19,27.233,N,91.344,W
10/9/2004,23:40:20,27.236,N,91.34,W
10/9/2004,23:42:20,27.239,N,91.335,W
10/9/2004,23:44:20,27.242,N,91.331,W
10/9/2004,23:46:20,27.245,N,91.327,W
10/9/2004,23:48:20,27.248,N,91.323,W
10/9/2004,23:50:20,27.251,N,91.319,W
10/9/2004,23:52:20,27.254,N,91.315,W
10/9/2004,23:54:20,27.256,N,91.311,W
10/9/2004,23:56:19,27.259,N,91.307,W
10/9/2004,23:58:19,27.262,N,91.303,W
10/10/2004,0:00:19,27.265,N,91.299,W
10/10/2004,0:02:19,27.268,N,91.295,W
10/10/2004,0:04:19,27.271,N,91.291,W
10/10/2004,0:06:19,27.274,N,91.287,W
10/10/2004,0:08:19,27.277,N,91.284,W
10/10/2004,0:10:20,27.28,N,91.28,W
10/10/2004,0:12:20,27.283,N,91.276,W
10/10/2004,0:14:20,27.286,N,91.273,W
10/10/2004,0:16:20,27.289,N,91.269,W
10/10/2004,0:18:20,27.292,N,91.265,W
10/10/2004,0:20:20,27.295,N,91.262,W
10/10/2004,0:22:20,27.298,N,91.258,W
10/10/2004,0:24:20,27.301,N,91.255,W
10/10/2004,0:26:19,27.304,N,91.252,W
10/10/2004,0:28:19,27.307,N,91.248,W
10/10/2004,0:30:19,27.31,N,91.245,W
10/10/2004,0:32:19,27.313,N,91.242,W
10/10/2004,0:34:19,27.316,N,91.239,W
10/10/2004,0:36:19,27.319,N,91.235,W
10/10/2004,0:38:19,27.322,N,91.232,W
10/10/2004,0:40:20,27.325,N,91.229,W
10/10/2004,0:42:20,27.328,N,91.226,W
10/10/2004,0:44:20,27.331,N,91.223,W
10/10/2004,0:46:20,27.334,N,91.22,W
10/10/2004,0:48:20,27.337,N,91.218,W
10/10/2004,0:50:20,27.34,N,91.215,W
10/10/2004,0:52:20,27.343,N,91.212,W
10/10/2004,0:54:20,27.346,N,91.209,W
10/10/2004,0:56:19,27.349,N,91.207,W
10/10/2004,0:58:19,27.352,N,91.204,W
10/10/2004,1:00:19,27.355,N,91.201,W
10/10/2004,1:02:19,27.358,N,91.199,W
10/10/2004,1:04:19,27.361,N,91.197,W
10/10/2004,1:06:19,27.364,N,91.194,W
10/10/2004,1:08:19,27.367,N,91.192,W
10/10/2004,1:10:20,27.37,N,91.189,W
10/10/2004,1:12:20,27.373,N,91.187,W
10/10/2004,1:14:20,27.377,N,91.185,W
10/10/2004,1:16:20,27.38,N,91.183,W
10/10/2004,1:18:20,27.383,N,91.181,W
10/10/2004,1:20:20,27.386,N,91.179,W
10/10/2004,1:22:20,27.389,N,91.177,W
10/10/2004,1:24:20,27.392,N,91.175,W
10/10/2004,1:26:19,27.395,N,91.173,W
10/10/2004,1:28:19,27.398,N,91.171,W
10/10/2004,1:30:19,27.402,N,91.17,W
10/10/2004,1:32:19,27.405,N,91.168,W
10/10/2004,1:34:19,27.408,N,91.166,W
10/10/2004,1:36:19,27.411,N,91.165,W
10/10/2004,1:38:19,27.414,N,91.163,W
10/10/2004,1:40:20,27.418,N,91.162,W
10/10/2004,1:42:20,27.421,N,91.16,W
10/10/2004,1:44:20,27.424,N,91.159,W
10/10/2004,1:46:20,27.427,N,91.158,W
10/10/2004,1:48:20,27.431,N,91.156,W
10/10/2004,1:50:20,27.434,N,91.155,W
10/10/2004,1:52:20,27.437,N,91.154,W
10/10/2004,1:54:20,27.44,N,91.153,W
10/10/2004,1:56:19,27.444,N,91.152,W
10/10/2004,1:58:19,27.447,N,91.151,W
10/10/2004,2:00:19,27.451,N,91.15,W
10/10/2004,2:02:19,27.454,N,91.149,W
10/10/2004,2:04:19,27.457,N,91.148,W
10/10/2004,2:06:19,27.461,N,91.147,W
10/10/2004,2:08:19,27.464,N,91.146,W
10/10/2004,2:10:20,27.468,N,91.145,W
10/10/2004,2:12:20,27.471,N,91.145,W
10/10/2004,2:14:20,27.475,N,91.144,W
10/10/2004,2:16:20,27.478,N,91.143,W
10/10/2004,2:18:20,27.482,N,91.143,W
10/10/2004,2:20:20,27.485,N,91.142,W
10/10/2004,2:22:20,27.489,N,91.141,W
10/10/2004,2:24:20,27.493,N,91.141,W
10/10/2004,2:26:19,27.496,N,91.141,W
10/10/2004,2:28:19,27.5,N,91.14,W
10/10/2004,2:30:19,27.504,N,91.14,W
10/10/2004,2:32:19,27.507,N,91.139,W
10/10/2004,2:34:19,27.511,N,91.139,W
10/10/2004,2:36:19,27.515,N,91.139,W
10/10/2004,2:38:19,27.519,N,91.139,W
10/10/2004,2:40:20,27.523,N,91.138,W
10/10/2004,2:42:20,27.527,N,91.138,W
10/10/2004,2:44:20,27.531,N,91.138,W
10/10/2004,2:46:20,27.535,N,91.138,W
10/10/2004,2:48:20,27.539,N,91.138,W
10/10/2004,2:50:20,27.543,N,91.138,W
10/10/2004,2:52:20,27.547,N,91.138,W
10/10/2004,2:54:20,27.551,N,91.138,W
10/10/2004,2:56:19,27.555,N,91.138,W
10/10/2004,2:58:19,27.559,N,91.138,W
10/10/2004,3:00:19,27.563,N,91.138,W
10/10/2004,3:02:19,27.568,N,91.138,W
10/10/2004,3:04:19,27.572,N,91.139,W
10/10/2004,3:06:19,27.576,N,91.139,W
10/10/2004,3:08:19,27.581,N,91.139,W
10/10/2004,3:10:20,27.585,N,91.139,W
10/10/2004,3:12:20,27.589,N,91.14,W
10/10/2004,3:14:20,27.594,N,91.14,W
10/10/2004,3:16:20,27.598,N,91.14,W
10/10/2004,3:18:20,27.603,N,91.141,W
10/10/2004,3:20:20,27.608,N,91.141,W
10/10/2004,3:22:20,27.612,N,91.141,W
10/10/2004,3:24:20,27.617,N,91.142,W
10/10/2004,3:26:19,27.622,N,91.142,W
10/10/2004,3:28:19,27.627,N,91.143,W
10/10/2004,3:30:19,27.631,N,91.143,W
10/10/2004,3:32:19,27.636,N,91.144,W
10/10/2004,3:34:19,27.641,N,91.144,W
10/10/2004,3:36:19,27.646,N,91.145,W
10/10/2004,3:38:19,27.651,N,91.146,W
10/10/2004,3:40:20,27.656,N,91.146,W
10/10/2004,3:42:20,27.661,N,91.147,W
10/10/2004,3:44:20,27.667,N,91.148,W
10/10/2004,3:46:20,27.672,N,91.148,W
10/10/2004,3:48:20,27.677,N,91.149,W
10/10/2004,3:50:20,27.682,N,91.15,W
10/10/2004,3:52:20,27.688,N,91.15,W
10/10/2004,3:54:20,27.693,N,91.151,W
10/10/2004,3:56:19,27.699,N,91.152,W
10/10/2004,3:58:19,27.704,N,91.153,W
10/10/2004,4:00:19,27.71,N,91.153,W
10/10/2004,4:02:19,27.716,N,91.154,W
10/10/2004,4:04:19,27.721,N,91.155,W
10/10/2004,4:06:19,27.727,N,91.156,W
10/10/2004,4:08:19,27.733,N,91.157,W
10/10/2004,4:10:20,27.739,N,91.157,W
10/10/2004,4:12:20,27.745,N,91.158,W
10/10/2004,4:14:20,27.751,N,91.159,W
10/10/2004,4:16:20,27.757,N,91.16,W
10/10/2004,4:18:20,27.763,N,91.161,W
10/10/2004,4:20:20,27.769,N,91.162,W
10/10/2004,4:22:20,27.775,N,91.163,W
10/10/2004,4:24:20,27.782,N,91.164,W
10/10/2004,4:26:19,27.788,N,91.164,W
10/10/2004,4:28:19,27.794,N,91.165,W
10/10/2004,4:30:19,27.801,N,91.166,W
10/10/2004,4:32:19,27.808,N,91.167,W
10/10/2004,4:34:19,27.814,N,91.168,W
10/10/2004,4:36:19,27.821,N,91.169,W
10/10/2004,4:38:19,27.828,N,91.17,W
10/10/2004,4:40:20,27.834,N,91.171,W
10/10/2004,4:42:20,27.841,N,91.172,W
10/10/2004,4:44:20,27.848,N,91.173,W
10/10/2004,4:46:20,27.855,N,91.174,W
10/10/2004,4:48:20,27.863,N,91.175,W
10/10/2004,4:50:20,27.87,N,91.176,W
10/10/2004,4:52:20,27.877,N,91.177,W
10/10/2004,4:54:20,27.884,N,91.178,W
10/10/2004,4:56:19,27.892,N,91.179,W
10/10/2004,4:58:19,27.899,N,91.18,W
10/10/2004,5:00:19,27.907,N,91.181,W
10/10/2004,5:02:19,27.914,N,91.182,W
10/10/2004,5:04:19,27.922,N,91.182,W
10/10/2004,5:06:19,27.93,N,91.183,W
10/10/2004,5:08:19,27.938,N,91.184,W
10/10/2004,5:10:20,27.946,N,91.185,W
10/10/2004,5:12:20,27.954,N,91.186,W
10/10/2004,5:14:20,27.962,N,91.187,W
10/10/2004,5:16:20,27.97,N,91.188,W
10/10/2004,5:18:20,27.978,N,91.189,W
10/10/2004,5:20:20,27.986,N,91.19,W
10/10/2004,5:22:20,27.995,N,91.191,W
10/10/2004,5:24:20,28.003,N,91.192,W
10/10/2004,5:26:19,28.012,N,91.193,W
10/10/2004,5:28:19,28.02,N,91.193,W
10/10/2004,5:30:19,28.029,N,91.194,W
10/10/2004,5:32:19,28.038,N,91.195,W
10/10/2004,5:34:19,28.047,N,91.196,W
10/10/2004,5:36:19,28.056,N,91.197,W
10/10/2004,5:38:19,28.065,N,91.198,W
10/10/2004,5:38:50,28.067,N,91.198,W
10/10/2004,5:40:50,28.082,N,91.199,W
10/10/2004,5:42:50,28.096,N,91.201,W
10/10/2004,5:44:50,28.111,N,91.202,W
10/10/2004,5:46:50,28.125,N,91.203,W
10/10/2004,5:48:49,28.14,N,91.204,W
10/10/2004,5:50:49,28.154,N,91.206,W
10/10/2004,5:52:49,28.168,N,91.207,W
10/10/2004,5:54:49,28.183,N,91.208,W
10/10/2004,5:56:49,28.197,N,91.209,W
10/10/2004,5:58:49,28.211,N,91.21,W
10/10/2004,6:00:49,28.225,N,91.212,W
10/10/2004,6:02:50,28.239,N,91.213,W
10/10/2004,6:04:50,28.253,N,91.214,W
10/10/2004,6:06:50,28.267,N,91.215,W
10/10/2004,6:08:50,28.281,N,91.216,W
10/10/2004,6:10:50,28.295,N,91.217,W
10/10/2004,6:12:50,28.309,N,91.218,W
10/10/2004,6:14:50,28.323,N,91.22,W
10/10/2004,6:16:50,28.337,N,91.221,W
10/10/2004,6:18:49,28.351,N,91.222,W
10/10/2004,6:20:49,28.364,N,91.223,W
10/10/2004,6:22:49,28.378,N,91.224,W
10/10/2004,6:24:49,28.392,N,91.225,W
10/10/2004,6:26:49,28.405,N,91.226,W
10/10/2004,6:28:49,28.419,N,91.227,W
10/10/2004,6:30:49,28.432,N,91.228,W
10/10/2004,6:32:50,28.446,N,91.229,W
10/10/2004,6:34:50,28.459,N,91.23,W
10/10/2004,6:36:50,28.472,N,91.231,W
10/10/2004,6:38:50,28.486,N,91.232,W
10/10/2004,6:40:50,28.499,N,91.233,W
10/10/2004,6:42:50,28.512,N,91.234,W
10/10/2004,6:44:50,28.525,N,91.235,W
10/10/2004,6:46:50,28.538,N,91.236,W
10/10/2004,6:48:49,28.551,N,91.236,W
10/10/2004,6:50:49,28.564,N,91.237,W
10/10/2004,6:52:49,28.577,N,91.238,W
10/10/2004,6:54:49,28.59,N,91.239,W
10/10/2004,6:56:49,28.603,N,91.24,W
10/10/2004,6:58:49,28.616,N,91.241,W
10/10/2004,7:00:49,28.628,N,91.242,W
10/10/2004,7:02:50,28.641,N,91.242,W
10/10/2004,7:04:50,28.654,N,91.243,W
10/10/2004,7:06:50,28.666,N,91.244,W
10/10/2004,7:08:50,28.679,N,91.245,W
10/10/2004,7:10:50,28.691,N,91.246,W
10/10/2004,7:12:50,28.704,N,91.246,W
10/10/2004,7:14:50,28.716,N,91.247,W
10/10/2004,7:16:50,28.728,N,91.248,W
10/10/2004,7:18:49,28.741,N,91.248,W
10/10/2004,7:20:49,28.753,N,91.249,W
10/10/2004,7:22:49,28.765,N,91.25,W
10/10/2004,7:24:49,28.777,N,91.25,W
10/10/2004,7:26:49,28.789,N,91.251,W
10/10/2004,7:28:49,28.801,N,91.252,W
10/10/2004,7:30:49,28.813,N,91.252,W
10/10/2004,7:32:50,28.825,N,91.253,W
10/10/2004,7:34:50,28.837,N,91.254,W
10/10/2004,7:36:50,28.849,N,91.254,W
10/10/2004,7:38:50,28.86,N,91.255,W
10/10/2004,7:40:50,28.872,N,91.255,W
10/10/2004,7:42:50,28.884,N,91.256,W
10/10/2004,7:44:50,28.895,N,91.256,W
10/10/2004,7:46:50,28.907,N,91.257,W
10/10/2004,7:48:49,28.918,N,91.257,W
10/10/2004,7:50:49,28.929,N,91.258,W
10/10/2004,7:52:49,28.941,N,91.258,W
10/10/2004,7:54:49,28.952,N,91.259,W
10/10/2004,7:56:49,28.963,N,91.259,W
10/10/2004,7:58:49,28.974,N,91.26,W
10/10/2004,8:00:49,28.986,N,91.26,W
10/10/2004,8:02:50,28.997,N,91.26,W
10/10/2004,8:04:50,29.008,N,91.261,W
10/10/2004,8:06:50,29.019,N,91.261,W
10/10/2004,8:08:50,29.029,N,91.261,W
10/10/2004,8:10:50,29.04,N,91.262,W
10/10/2004,8:12:50,29.051,N,91.262,W
10/10/2004,8:14:50,29.062,N,91.262,W
10/10/2004,8:16:50,29.072,N,91.263,W
10/10/2004,8:18:49,29.083,N,91.263,W
10/10/2004,8:20:49,29.093,N,91.263,W
10/10/2004,8:22:49,29.104,N,91.264,W
10/10/2004,8:24:49,29.114,N,91.264,W
10/10/2004,8:26:49,29.125,N,91.264,W
10/10/2004,8:28:49,29.135,N,91.264,W
10/10/2004,8:30:49,29.145,N,91.264,W
10/10/2004,8:32:50,29.155,N,91.265,W
10/10/2004,8:34:50,29.165,N,91.265,W
10/10/2004,8:36:50,29.175,N,91.265,W
10/10/2004,8:38:50,29.185,N,91.265,W
10/10/2004,8:40:50,29.195,N,91.265,W
10/10/2004,8:42:50,29.205,N,91.265,W
10/10/2004,8:44:50,29.215,N,91.265,W
10/10/2004,8:46:50,29.225,N,91.265,W
10/10/2004,8:48:49,29.234,N,91.265,W
10/10/2004,8:50:49,29.244,N,91.265,W
10/10/2004,8:52:49,29.253,N,91.265,W
10/10/2004,8:54:49,29.263,N,91.265,W
10/10/2004,8:56:49,29.272,N,91.265,W
10/10/2004,8:58:49,29.282,N,91.265,W
10/10/2004,9:00:49,29.291,N,91.265,W
10/10/2004,9:02:50,29.3,N,91.265,W
10/10/2004,9:04:50,29.31,N,91.265,W
10/10/2004,9:06:50,29.319,N,91.265,W
10/10/2004,9:08:50,29.328,N,91.265,W
10/10/2004,9:10:50,29.337,N,91.265,W
10/10/2004,9:12:50,29.346,N,91.265,W
10/10/2004,9:14:50,29.355,N,91.265,W
10/10/2004,9:16:50,29.364,N,91.264,W
10/10/2004,9:18:49,29.372,N,91.264,W
10/10/2004,9:20:49,29.381,N,91.264,W
10/10/2004,9:22:49,29.39,N,91.264,W
10/10/2004,9:24:49,29.399,N,91.264,W
10/10/2004,9:26:49,29.407,N,91.263,W
10/10/2004,9:28:49,29.416,N,91.263,W
10/10/2004,9:30:49,29.424,N,91.263,W
10/10/2004,9:32:50,29.433,N,91.263,W
10/10/2004,9:34:50,29.441,N,91.262,W
10/10/2004,9:36:50,29.449,N,91.262,W
10/10/2004,9:38:50,29.458,N,91.262,W
10/10/2004,9:40:50,29.466,N,91.262,W
10/10/2004,9:42:50,29.474,N,91.261,W
10/10/2004,9:44:50,29.482,N,91.261,W
10/10/2004,9:46:50,29.49,N,91.261,W
10/10/2004,9:48:49,29.498,N,91.26,W
10/10/2004,9:50:49,29.506,N,91.26,W
10/10/2004,9:52:49,29.514,N,91.259,W
10/10/2004,9:54:49,29.522,N,91.259,W
10/10/2004,9:56:49,29.53,N,91.258,W
10/10/2004,9:58:49,29.537,N,91.258,W
10/10/2004,10:00:49,29.545,N,91.258,W
10/10/2004,10:02:50,29.553,N,91.257,W
10/10/2004,10:04:50,29.56,N,91.257,W
10/10/2004,10:06:50,29.568,N,91.256,W
10/10/2004,10:08:50,29.575,N,91.256,W
10/10/2004,10:10:50,29.583,N,91.255,W
10/10/2004,10:12:50,29.59,N,91.255,W
10/10/2004,10:14:50,29.597,N,91.254,W
10/10/2004,10:16:50,29.605,N,91.254,W
10/10/2004,10:18:49,29.612,N,91.253,W
10/10/2004,10:20:49,29.619,N,91.252,W
10/10/2004,10:22:49,29.626,N,91.252,W
10/10/2004,10:24:49,29.633,N,91.251,W
10/10/2004,10:26:49,29.64,N,91.251,W
10/10/2004,10:28:49,29.647,N,91.25,W
10/10/2004,10:30:49,29.654,N,91.249,W
10/10/2004,10:32:50,29.661,N,91.249,W
10/10/2004,10:34:50,29.668,N,91.248,W
10/10/2004,10:36:50,29.675,N,91.247,W
10/10/2004,10:38:50,29.682,N,91.247,W
10/10/2004,10:40:50,29.688,N,91.246,W
10/10/2004,10:42:50,29.695,N,91.245,W
10/10/2004,10:44:50,29.701,N,91.244,W
10/10/2004,10:46:50,29.708,N,91.244,W
10/10/2004,10:48:49,29.715,N,91.243,W
10/10/2004,10:50:49,29.721,N,91.242,W
10/10/2004,10:52:49,29.727,N,91.241,W
10/10/2004,10:54:49,29.734,N,91.241,W
10/10/2004,10:56:49,29.74,N,91.24,W
10/10/2004,10:58:49,29.746,N,91.239,W
10/10/2004,11:00:49,29.753,N,91.238,W
10/10/2004,11:02:50,29.759,N,91.237,W
10/10/2004,11:04:50,29.765,N,91.237,W
10/10/2004,11:06:50,29.771,N,91.236,W
10/10/2004,11:08:50,29.777,N,91.235,W
10/10/2004,11:10:50,29.783,N,91.234,W
10/10/2004,11:12:50,29.789,N,91.233,W
10/10/2004,11:14:50,29.795,N,91.232,W
10/10/2004,11:16:50,29.801,N,91.231,W
10/10/2004,11:18:49,29.807,N,91.23,W
10/10/2004,11:20:49,29.813,N,91.229,W
10/10/2004,11:22:49,29.818,N,91.229,W
10/10/2004,11:24:49,29.824,N,91.228,W
10/10/2004,11:26:49,29.83,N,91.227,W
10/10/2004,11:28:49,29.836,N,91.226,W
10/10/2004,11:30:49,29.841,N,91.225,W
10/10/2004,11:32:50,29.847,N,91.224,W
10/10/2004,11:34:50,29.852,N,91.223,W
10/10/2004,11:36:50,29.858,N,91.222,W
10/10/2004,11:38:50,29.863,N,91.221,W
10/10/2004,11:40:50,29.868,N,91.22,W
10/10/2004,11:42:50,29.874,N,91.219,W
10/10/2004,11:44:50,29.879,N,91.218,W
10/10/2004,11:46:50,29.884,N,91.216,W
10/10/2004,11:48:49,29.89,N,91.215,W
10/10/2004,11:50:49,29.895,N,91.214,W
10/10/2004,11:52:49,29.9,N,91.213,W
10/10/2004,11:54:49,29.905,N,91.212,W
10/10/2004,11:56:49,29.91,N,91.211,W
10/10/2004,11:58:49,29.915,N,91.21,W
10/10/2004,12:00:49,29.92,N,91.209,W
10/10/2004,12:02:50,29.925,N,91.208,W
10/10/2004,12:04:50,29.93,N,91.206,W
10/10/2004,12:06:50,29.935,N,91.205,W
10/10/2004,12:08:50,29.94,N,91.204,W
10/10/2004,12:10:50,29.944,N,91.203,W
10/10/2004,12:12:50,29.949,N,91.202,W
10/10/2004,12:14:50,29.954,N,91.201,W
10/10/2004,12:16:50,29.959,N,91.199,W
10/10/2004,12:18:49,29.963,N,91.198,W
10/10/2004,12:20:49,29.968,N,91.197,W
10/10/2004,12:22:49,29.973,N,91.196,W
10/10/2004,12:24:49,29.977,N,91.194,W
10/10/2004,12:26:49,29.982,N,91.193,W
10/10/2004,12:28:49,29.986,N,91.192,W
10/10/2004,12:30:49,29.99,N,91.191,W
10/10/2004,12:32:50,29.995,N,91.189,W
10/10/2004,12:34:50,29.999,N,91.188,W
10/10/2004,12:36:50,30.004,N,91.187,W
10/10/2004,12:38:50,30.008,N,91.185,W
10/10/2004,12:40:50,30.012,N,91.184,W
10/10/2004,12:42:50,30.016,N,91.183,W
10/10/2004,12:44:50,30.021,N,91.181,W
10/10/2004,12:46:50,30.025,N,91.18,W
10/10/2004,12:48:49,30.029,N,91.179,W
10/10/2004,12:50:49,30.033,N,91.177,W
10/10/2004,12:52:49,30.037,N,91.176,W
10/10/2004,12:54:49,30.041,N,91.175,W
10/10/2004,12:56:49,30.045,N,91.173,W
10/10/2004,12:58:49,30.049,N,91.172,W
10/10/2004,13:00:49,30.053,N,91.17,W
10/10/2004,13:02:50,30.057,N,91.169,W
10/10/2004,13:04:50,30.061,N,91.168,W
10/10/2004,13:06:50,30.065,N,91.166,W
10/10/2004,13:08:50,30.068,N,91.165,W
10/10/2004,13:10:50,30.072,N,91.163,W
10/10/2004,13:12:50,30.076,N,91.162,W
10/10/2004,13:14:50,30.08,N,91.16,W
10/10/2004,13:16:50,30.083,N,91.159,W
10/10/2004,13:18:49,30.087,N,91.157,W
10/10/2004,13:20:49,30.091,N,91.156,W
10/10/2004,13:22:49,30.094,N,91.154,W
10/10/2004,13:24:49,30.098,N,91.153,W
10/10/2004,13:26:49,30.101,N,91.152,W
10/10/2004,13:28:49,30.105,N,91.15,W
10/10/2004,13:30:49,30.108,N,91.148,W
10/10/2004,13:32:50,30.112,N,91.147,W
10/10/2004,13:34:50,30.115,N,91.145,W
10/10/2004,13:36:50,30.118,N,91.144,W
10/10/2004,13:38:50,30.122,N,91.142,W
10/10/2004,13:40:50,30.125,N,91.141,W
10/10/2004,13:42:50,30.128,N,91.139,W
10/10/2004,13:44:50,30.132,N,91.138,W
10/10/2004,13:46:50,30.135,N,91.136,W
10/10/2004,13:48:49,30.138,N,91.135,W
10/10/2004,13:50:49,30.141,N,91.133,W
10/10/2004,13:52:49,30.145,N,91.131,W
10/10/2004,13:54:49,30.148,N,91.13,W
10/10/2004,13:56:49,30.151,N,91.128,W
10/10/2004,13:58:49,30.154,N,91.127,W
10/10/2004,14:00:49,30.157,N,91.125,W
10/10/2004,14:02:50,30.16,N,91.123,W
10/10/2004,14:04:50,30.163,N,91.122,W
10/10/2004,14:06:50,30.166,N,91.12,W
10/10/2004,14:08:50,30.169,N,91.118,W
10/10/2004,14:10:50,30.172,N,91.117,W
10/10/2004,14:12:50,30.175,N,91.115,W
10/10/2004,14:14:50,30.178,N,91.113,W
10/10/2004,14:16:50,30.181,N,91.112,W
10/10/2004,14:18:49,30.183,N,91.11,W
10/10/2004,14:20:49,30.186,N,91.108,W
10/10/2004,14:22:49,30.189,N,91.107,W
10/10/2004,14:24:49,30.192,N,91.105,W
10/10/2004,14:26:49,30.195,N,91.103,W
10/10/2004,14:28:49,30.197,N,91.102,W
10/10/2004,14:30:49,30.2,N,91.1,W
10/10/2004,14:32:50,30.203,N,91.098,W
10/10/2004,14:34:50,30.205,N,91.096,W
10/10/2004,14:36:50,30.208,N,91.095,W
10/10/2004,14:38:50,30.211,N,91.093,W
10/10/2004,14:40:50,30.213,N,91.091,W
10/10/2004,14:42:50,30.216,N,91.089,W
10/10/2004,14:44:50,30.218,N,91.088,W
10/10/2004,14:46:50,30.221,N,91.086,W
10/10/2004,14:48:49,30.223,N,91.084,W
10/10/2004,14:50:49,30.226,N,91.082,W
10/10/2004,14:52:49,30.228,N,91.081,W
10/10/2004,14:54:49,30.231,N,91.079,W
10/10/2004,14:56:49,30.233,N,91.077,W
10/10/2004,14:58:49,30.236,N,91.075,W
10/10/2004,15:00:49,30.238,N,91.074,W
10/10/2004,15:02:50,30.24,N,91.072,W
10/10/2004,15:04:50,30.243,N,91.07,W
10/10/2004,15:06:50,30.245,N,91.068,W
10/10/2004,15:08:50,30.247,N,91.066,W
10/10/2004,15:10:50,30.25,N,91.065,W
10/10/2004,15:12:50,30.252,N,91.063,W
10/10/2004,15:14:50,30.254,N,91.061,W
10/10/2004,15:16:50,30.256,N,91.059,W
10/10/2004,15:18:49,30.259,N,91.057,W
10/10/2004,15:20:49,30.261,N,91.055,W
10/10/2004,15:22:49,30.263,N,91.054,W
10/10/2004,15:24:49,30.265,N,91.052,W
10/10/2004,15:26:49,30.267,N,91.05,W
10/10/2004,15:28:49,30.27,N,91.048,W
10/10/2004,15:30:49,30.272,N,91.046,W
10/10/2004,15:32:50,30.274,N,91.044,W
10/10/2004,15:34:50,30.276,N,91.042,W
10/10/2004,15:36:50,30.278,N,91.041,W
10/10/2004,15:38:50,30.28,N,91.039,W
10/10/2004,15:40:50,30.282,N,91.037,W
10/10/2004,15:42:50,30.284,N,91.035,W
10/10/2004,15:44:50,30.286,N,91.033,W
10/10/2004,15:46:50,30.288,N,91.031,W
10/10/2004,15:48:49,30.29,N,91.029,W
10/10/2004,15:50:49,30.292,N,91.027,W
10/10/2004,15:52:49,30.294,N,91.025,W
10/10/2004,15:54:49,30.296,N,91.024,W
10/10/2004,15:56:49,30.298,N,91.022,W
10/10/2004,15:58:49,30.3,N,91.02,W
10/10/2004,16:00:49,30.302,N,91.018,W
10/10/2004,16:02:50,30.304,N,91.016,W
10/10/2004,16:04:50,30.306,N,91.014,W
10/10/2004,16:06:50,30.307,N,91.012,W
10/10/2004,16:08:50,30.309,N,91.01,W
10/10/2004,16:10:50,30.311,N,91.008,W
10/10/2004,16:12:50,30.313,N,91.006,W
10/10/2004,16:14:50,30.315,N,91.004,W
10/10/2004,16:16:50,30.317,N,91.002,W
10/10/2004,16:18:49,30.318,N,91,W
10/10/2004,16:20:49,30.32,N,90.999,W
10/10/2004,16:22:49,30.322,N,90.997,W
10/10/2004,16:24:49,30.324,N,90.995,W
10/10/2004,16:26:49,30.325,N,90.993,W
10/10/2004,16:28:49,30.327,N,90.991,W
10/10/2004,16:30:49,30.329,N,90.989,W
10/10/2004,16:32:50,30.331,N,90.987,W
10/10/2004,16:34:50,30.332,N,90.985,W
10/10/2004,16:36:50,30.334,N,90.983,W
10/10/2004,16:38:50,30.336,N,90.981,W
10/10/2004,16:40:50,30.338,N,90.979,W
10/10/2004,16:42:50,30.339,N,90.977,W
10/10/2004,16:44:50,30.341,N,90.975,W
10/10/2004,16:46:50,30.343,N,90.973,W
10/10/2004,16:48:49,30.344,N,90.971,W
10/10/2004,16:50:49,30.346,N,90.969,W
10/10/2004,16:52:49,30.348,N,90.967,W
10/10/2004,16:54:49,30.349,N,90.965,W
10/10/2004,16:56:49,30.351,N,90.963,W
10/10/2004,16:58:49,30.352,N,90.961,W
10/10/2004,17:00:49,30.354,N,90.959,W
10/10/2004,17:02:50,30.356,N,90.957,W
10/10/2004,17:04:50,30.357,N,90.955,W
10/10/2004,17:06:50,30.359,N,90.953,W
10/10/2004,17:08:50,30.36,N,90.951,W
10/10/2004,17:10:50,30.362,N,90.949,W
10/10/2004,17:12:50,30.364,N,90.947,W
10/10/2004,17:14:50,30.365,N,90.945,W
10/10/2004,17:16:50,30.367,N,90.943,W
10/10/2004,17:18:49,30.368,N,90.941,W
10/10/2004,17:20:49,30.37,N,90.939,W
10/10/2004,17:22:49,30.371,N,90.937,W
10/10/2004,17:24:49,30.373,N,90.935,W
10/10/2004,17:26:49,30.375,N,90.933,W
10/10/2004,17:28:49,30.376,N,90.931,W
10/10/2004,17:30:49,30.378,N,90.929,W
10/10/2004,17:32:50,30.379,N,90.927,W
10/10/2004,17:34:50,30.381,N,90.925,W
10/10/2004,17:36:50,30.382,N,90.923,W
10/10/2004,17:38:50,30.384,N,90.921,W
10/10/2004,17:40:50,30.385,N,90.919,W
10/10/2004,17:42:50,30.387,N,90.917,W
10/10/2004,17:44:50,30.388,N,90.915,W
10/10/2004,17:46:50,30.39,N,90.913,W
10/10/2004,17:48:49,30.391,N,90.911,W
10/10/2004,17:50:49,30.393,N,90.909,W
10/10/2004,17:52:49,30.395,N,90.907,W
10/10/2004,17:54:49,30.396,N,90.905,W
10/10/2004,17:56:49,30.398,N,90.903,W
10/10/2004,17:58:49,30.399,N,90.901,W
10/10/2004,17:48:49,30.391,N,90.911,W
10/10/2004,17:50:49,30.393,N,90.909,W
10/10/2004,17:52:49,30.395,N,90.907,W
10/10/2004,17:54:49,30.396,N,90.905,W
10/10/2004,17:56:49,30.398,N,90.903,W
10/10/2004,17:58:49,30.399,N,90.901,W
