Track,for,Omar,2008,,
Date,Time,(UTC),Latitude,Longitude,
MM/DD/Year,HH:MM:SS,(deg),(deg),,
10/13/2008,5:54:00,15.403,N,68.988,W
10/13/2008,5:56:00,15.402,N,68.992,W
10/13/2008,5:58:00,15.401,N,68.996,W
10/13/2008,6:00:00,15.4,N,69,W
10/13/2008,6:01:59,15.399,N,69.004,W
10/13/2008,6:03:59,15.398,N,69.008,W
10/13/2008,6:05:59,15.397,N,69.012,W
10/13/2008,6:07:59,15.396,N,69.016,W
10/13/2008,6:09:59,15.395,N,69.019,W
10/13/2008,6:11:59,15.394,N,69.023,W
10/13/2008,6:13:59,15.393,N,69.027,W
10/13/2008,6:16:00,15.393,N,69.031,W
10/13/2008,6:18:00,15.392,N,69.035,W
10/13/2008,6:20:00,15.391,N,69.039,W
10/13/2008,6:22:00,15.39,N,69.043,W
10/13/2008,6:24:00,15.389,N,69.047,W
10/13/2008,6:26:00,15.388,N,69.051,W
10/13/2008,6:28:00,15.387,N,69.054,W
10/13/2008,6:30:00,15.386,N,69.058,W
10/13/2008,6:31:59,15.385,N,69.062,W
10/13/2008,6:33:59,15.384,N,69.066,W
10/13/2008,6:35:59,15.383,N,69.07,W
10/13/2008,6:37:59,15.382,N,69.074,W
10/13/2008,6:39:59,15.381,N,69.078,W
10/13/2008,6:41:59,15.38,N,69.082,W
10/13/2008,6:43:59,15.379,N,69.085,W
10/13/2008,6:46:00,15.379,N,69.089,W
10/13/2008,6:48:00,15.378,N,69.093,W
10/13/2008,6:50:00,15.377,N,69.097,W
10/13/2008,6:52:00,15.376,N,69.101,W
10/13/2008,6:54:00,15.375,N,69.105,W
10/13/2008,6:56:00,15.374,N,69.109,W
10/13/2008,6:58:00,15.373,N,69.112,W
10/13/2008,7:00:00,15.372,N,69.116,W
10/13/2008,7:01:59,15.371,N,69.12,W
10/13/2008,7:03:59,15.37,N,69.124,W
10/13/2008,7:05:59,15.369,N,69.128,W
10/13/2008,7:07:59,15.368,N,69.132,W
10/13/2008,7:09:59,15.367,N,69.135,W
10/13/2008,7:11:59,15.366,N,69.139,W
10/13/2008,7:13:59,15.365,N,69.143,W
10/13/2008,7:16:00,15.364,N,69.147,W
10/13/2008,7:18:00,15.363,N,69.151,W
10/13/2008,7:20:00,15.362,N,69.154,W
10/13/2008,7:22:00,15.361,N,69.158,W
10/13/2008,7:24:00,15.361,N,69.162,W
10/13/2008,7:26:00,15.36,N,69.166,W
10/13/2008,7:28:00,15.359,N,69.17,W
10/13/2008,7:30:00,15.358,N,69.173,W
10/13/2008,7:31:59,15.357,N,69.177,W
10/13/2008,7:33:59,15.356,N,69.181,W
10/13/2008,7:35:59,15.355,N,69.185,W
10/13/2008,7:37:59,15.354,N,69.189,W
10/13/2008,7:39:59,15.353,N,69.192,W
10/13/2008,7:41:59,15.352,N,69.196,W
10/13/2008,7:43:59,15.351,N,69.2,W
10/13/2008,7:46:00,15.35,N,69.204,W
10/13/2008,7:48:00,15.349,N,69.207,W
10/13/2008,7:50:00,15.348,N,69.211,W
10/13/2008,7:52:00,15.347,N,69.215,W
10/13/2008,7:54:00,15.346,N,69.219,W
10/13/2008,7:56:00,15.345,N,69.222,W
10/13/2008,7:58:00,15.344,N,69.226,W
10/13/2008,8:00:00,15.343,N,69.23,W
10/13/2008,8:02:00,15.342,N,69.233,W
10/13/2008,8:03:59,15.341,N,69.237,W
10/13/2008,8:06:00,15.34,N,69.241,W
10/13/2008,8:07:59,15.339,N,69.244,W
10/13/2008,8:10:00,15.338,N,69.248,W
10/13/2008,8:11:59,15.337,N,69.252,W
10/13/2008,8:14:00,15.336,N,69.255,W
10/13/2008,8:15:59,15.335,N,69.259,W
10/13/2008,8:18:00,15.334,N,69.263,W
10/13/2008,8:19:59,15.333,N,69.266,W
10/13/2008,8:22:00,15.332,N,69.27,W
10/13/2008,8:23:59,15.331,N,69.274,W
10/13/2008,8:26:00,15.33,N,69.277,W
10/13/2008,8:27:59,15.329,N,69.281,W
10/13/2008,8:30:00,15.328,N,69.285,W
10/13/2008,8:32:00,15.327,N,69.288,W
10/13/2008,8:33:59,15.326,N,69.292,W
10/13/2008,8:36:00,15.325,N,69.295,W
10/13/2008,8:37:59,15.324,N,69.299,W
10/13/2008,8:40:00,15.323,N,69.302,W
10/13/2008,8:41:59,15.322,N,69.306,W
10/13/2008,8:44:00,15.321,N,69.31,W
10/13/2008,8:45:59,15.32,N,69.313,W
10/13/2008,8:48:00,15.319,N,69.317,W
10/13/2008,8:49:59,15.318,N,69.32,W
10/13/2008,8:52:00,15.316,N,69.324,W
10/13/2008,8:53:59,15.315,N,69.327,W
10/13/2008,8:56:00,15.314,N,69.331,W
10/13/2008,8:57:59,15.313,N,69.334,W
10/13/2008,9:00:00,15.312,N,69.338,W
10/13/2008,9:02:00,15.311,N,69.341,W
10/13/2008,9:03:59,15.31,N,69.345,W
10/13/2008,9:06:00,15.309,N,69.348,W
10/13/2008,9:07:59,15.308,N,69.351,W
10/13/2008,9:10:00,15.307,N,69.355,W
10/13/2008,9:11:59,15.306,N,69.358,W
10/13/2008,9:14:00,15.305,N,69.362,W
10/13/2008,9:15:59,15.304,N,69.365,W
10/13/2008,9:18:00,15.303,N,69.368,W
10/13/2008,9:19:59,15.301,N,69.372,W
10/13/2008,9:22:00,15.3,N,69.375,W
10/13/2008,9:23:59,15.299,N,69.379,W
10/13/2008,9:26:00,15.298,N,69.382,W
10/13/2008,9:27:59,15.297,N,69.385,W
10/13/2008,9:30:00,15.296,N,69.389,W
10/13/2008,9:32:00,15.295,N,69.392,W
10/13/2008,9:33:59,15.294,N,69.395,W
10/13/2008,9:36:00,15.293,N,69.398,W
10/13/2008,9:37:59,15.291,N,69.402,W
10/13/2008,9:40:00,15.29,N,69.405,W
10/13/2008,9:41:59,15.289,N,69.408,W
10/13/2008,9:44:00,15.288,N,69.412,W
10/13/2008,9:45:59,15.287,N,69.415,W
10/13/2008,9:48:00,15.286,N,69.418,W
10/13/2008,9:49:59,15.285,N,69.421,W
10/13/2008,9:52:00,15.283,N,69.424,W
10/13/2008,9:53:59,15.282,N,69.428,W
10/13/2008,9:56:00,15.281,N,69.431,W
10/13/2008,9:57:59,15.28,N,69.434,W
10/13/2008,10:00:00,15.279,N,69.437,W
10/13/2008,10:02:00,15.278,N,69.44,W
10/13/2008,10:03:59,15.276,N,69.443,W
10/13/2008,10:06:00,15.275,N,69.447,W
10/13/2008,10:07:59,15.274,N,69.45,W
10/13/2008,10:10:00,15.273,N,69.453,W
10/13/2008,10:11:59,15.272,N,69.456,W
10/13/2008,10:14:00,15.27,N,69.459,W
10/13/2008,10:15:59,15.269,N,69.462,W
10/13/2008,10:18:00,15.268,N,69.465,W
10/13/2008,10:19:59,15.267,N,69.468,W
10/13/2008,10:22:00,15.266,N,69.471,W
10/13/2008,10:23:59,15.264,N,69.474,W
10/13/2008,10:26:00,15.263,N,69.477,W
10/13/2008,10:27:59,15.262,N,69.48,W
10/13/2008,10:30:00,15.261,N,69.483,W
10/13/2008,10:32:00,15.259,N,69.486,W
10/13/2008,10:33:59,15.258,N,69.489,W
10/13/2008,10:36:00,15.257,N,69.492,W
10/13/2008,10:37:59,15.256,N,69.495,W
10/13/2008,10:40:00,15.254,N,69.497,W
10/13/2008,10:41:59,15.253,N,69.5,W
10/13/2008,10:44:00,15.252,N,69.503,W
10/13/2008,10:45:59,15.251,N,69.506,W
10/13/2008,10:48:00,15.249,N,69.509,W
10/13/2008,10:49:59,15.248,N,69.512,W
10/13/2008,10:52:00,15.247,N,69.514,W
10/13/2008,10:53:59,15.246,N,69.517,W
10/13/2008,10:56:00,15.244,N,69.52,W
10/13/2008,10:57:59,15.243,N,69.523,W
10/13/2008,11:00:00,15.242,N,69.526,W
10/13/2008,11:02:00,15.24,N,69.528,W
10/13/2008,11:03:59,15.239,N,69.531,W
10/13/2008,11:06:00,15.238,N,69.534,W
10/13/2008,11:07:59,15.236,N,69.536,W
10/13/2008,11:10:00,15.235,N,69.539,W
10/13/2008,11:11:59,15.234,N,69.542,W
10/13/2008,11:14:00,15.232,N,69.544,W
10/13/2008,11:15:59,15.231,N,69.547,W
10/13/2008,11:18:00,15.23,N,69.549,W
10/13/2008,11:19:59,15.228,N,69.552,W
10/13/2008,11:22:00,15.227,N,69.555,W
10/13/2008,11:23:59,15.226,N,69.557,W
10/13/2008,11:26:00,15.224,N,69.56,W
10/13/2008,11:27:59,15.223,N,69.562,W
10/13/2008,11:30:00,15.221,N,69.565,W
10/13/2008,11:32:00,15.22,N,69.567,W
10/13/2008,11:33:59,15.219,N,69.57,W
10/13/2008,11:36:00,15.217,N,69.572,W
10/13/2008,11:37:59,15.216,N,69.574,W
10/13/2008,11:40:00,15.214,N,69.577,W
10/13/2008,11:41:59,15.213,N,69.579,W
10/13/2008,11:44:00,15.212,N,69.582,W
10/13/2008,11:45:59,15.21,N,69.584,W
10/13/2008,11:48:00,15.209,N,69.586,W
10/13/2008,11:49:59,15.207,N,69.589,W
10/13/2008,11:52:00,15.206,N,69.591,W
10/13/2008,11:53:59,15.204,N,69.593,W
10/13/2008,11:56:00,15.203,N,69.596,W
10/13/2008,11:57:59,15.201,N,69.598,W
10/13/2008,12:00:00,15.2,N,69.6,W
10/13/2008,12:02:00,15.199,N,69.602,W
10/13/2008,12:03:59,15.197,N,69.604,W
10/13/2008,12:06:00,15.196,N,69.607,W
10/13/2008,12:07:59,15.194,N,69.609,W
10/13/2008,12:10:00,15.193,N,69.611,W
10/13/2008,12:11:59,15.191,N,69.613,W
10/13/2008,12:14:00,15.19,N,69.615,W
10/13/2008,12:15:59,15.188,N,69.617,W
10/13/2008,12:18:00,15.186,N,69.619,W
10/13/2008,12:19:59,15.185,N,69.621,W
10/13/2008,12:22:00,15.183,N,69.623,W
10/13/2008,12:23:59,15.182,N,69.625,W
10/13/2008,12:26:00,15.18,N,69.627,W
10/13/2008,12:27:59,15.179,N,69.629,W
10/13/2008,12:30:00,15.177,N,69.631,W
10/13/2008,12:32:00,15.176,N,69.633,W
10/13/2008,12:33:59,15.174,N,69.635,W
10/13/2008,12:36:00,15.172,N,69.637,W
10/13/2008,12:37:59,15.171,N,69.639,W
10/13/2008,12:40:00,15.169,N,69.641,W
10/13/2008,12:41:59,15.168,N,69.642,W
10/13/2008,12:44:00,15.166,N,69.644,W
10/13/2008,12:45:59,15.164,N,69.646,W
10/13/2008,12:48:00,15.163,N,69.648,W
10/13/2008,12:49:59,15.161,N,69.649,W
10/13/2008,12:52:00,15.16,N,69.651,W
10/13/2008,12:53:59,15.158,N,69.653,W
10/13/2008,12:56:00,15.156,N,69.655,W
10/13/2008,12:57:59,15.155,N,69.656,W
10/13/2008,13:00:00,15.153,N,69.658,W
10/13/2008,13:02:00,15.151,N,69.659,W
10/13/2008,13:03:59,15.15,N,69.661,W
10/13/2008,13:06:00,15.148,N,69.663,W
10/13/2008,13:07:59,15.146,N,69.664,W
10/13/2008,13:10:00,15.144,N,69.666,W
10/13/2008,13:11:59,15.143,N,69.667,W
10/13/2008,13:14:00,15.141,N,69.669,W
10/13/2008,13:15:59,15.139,N,69.67,W
10/13/2008,13:18:00,15.138,N,69.671,W
10/13/2008,13:19:59,15.136,N,69.673,W
10/13/2008,13:22:00,15.134,N,69.674,W
10/13/2008,13:23:59,15.132,N,69.676,W
10/13/2008,13:26:00,15.131,N,69.677,W
10/13/2008,13:27:59,15.129,N,69.678,W
10/13/2008,13:30:00,15.127,N,69.68,W
10/13/2008,13:32:00,15.125,N,69.681,W
10/13/2008,13:33:59,15.123,N,69.682,W
10/13/2008,13:36:00,15.122,N,69.683,W
10/13/2008,13:37:59,15.12,N,69.684,W
10/13/2008,13:40:00,15.118,N,69.686,W
10/13/2008,13:41:59,15.116,N,69.687,W
10/13/2008,13:44:00,15.114,N,69.688,W
10/13/2008,13:45:59,15.113,N,69.689,W
10/13/2008,13:48:00,15.111,N,69.69,W
10/13/2008,13:49:59,15.109,N,69.691,W
10/13/2008,13:52:00,15.107,N,69.692,W
10/13/2008,13:53:59,15.105,N,69.693,W
10/13/2008,13:56:00,15.103,N,69.694,W
10/13/2008,13:57:59,15.101,N,69.695,W
10/13/2008,14:00:00,15.099,N,69.696,W
10/13/2008,14:02:00,15.098,N,69.697,W
10/13/2008,14:03:59,15.096,N,69.698,W
10/13/2008,14:06:00,15.094,N,69.699,W
10/13/2008,14:07:59,15.092,N,69.7,W
10/13/2008,14:10:00,15.09,N,69.7,W
10/13/2008,14:11:59,15.088,N,69.701,W
10/13/2008,14:14:00,15.086,N,69.702,W
10/13/2008,14:15:59,15.084,N,69.703,W
10/13/2008,14:18:00,15.082,N,69.703,W
10/13/2008,14:19:59,15.08,N,69.704,W
10/13/2008,14:22:00,15.078,N,69.705,W
10/13/2008,14:23:59,15.076,N,69.705,W
10/13/2008,14:26:00,15.074,N,69.706,W
10/13/2008,14:27:59,15.072,N,69.707,W
10/13/2008,14:30:00,15.07,N,69.707,W
10/13/2008,14:32:00,15.068,N,69.708,W
10/13/2008,14:33:59,15.066,N,69.708,W
10/13/2008,14:36:00,15.064,N,69.709,W
10/13/2008,14:37:59,15.062,N,69.709,W
10/13/2008,14:40:00,15.06,N,69.709,W
10/13/2008,14:41:59,15.058,N,69.71,W
10/13/2008,14:44:00,15.056,N,69.71,W
10/13/2008,14:45:59,15.054,N,69.711,W
10/13/2008,14:48:00,15.052,N,69.711,W
10/13/2008,14:49:59,15.05,N,69.711,W
10/13/2008,14:52:00,15.047,N,69.712,W
10/13/2008,14:53:59,15.045,N,69.712,W
10/13/2008,14:56:00,15.043,N,69.712,W
10/13/2008,14:57:59,15.041,N,69.712,W
10/13/2008,15:00:00,15.039,N,69.712,W
10/13/2008,15:02:00,15.037,N,69.713,W
10/13/2008,15:03:59,15.035,N,69.713,W
10/13/2008,15:06:00,15.032,N,69.713,W
10/13/2008,15:07:59,15.03,N,69.713,W
10/13/2008,15:10:00,15.028,N,69.713,W
10/13/2008,15:11:59,15.026,N,69.713,W
10/13/2008,15:14:00,15.024,N,69.713,W
10/13/2008,15:15:59,15.022,N,69.713,W
10/13/2008,15:18:00,15.019,N,69.713,W
10/13/2008,15:19:59,15.017,N,69.713,W
10/13/2008,15:22:00,15.015,N,69.713,W
10/13/2008,15:23:59,15.013,N,69.713,W
10/13/2008,15:26:00,15.01,N,69.713,W
10/13/2008,15:27:59,15.008,N,69.713,W
10/13/2008,15:30:00,15.006,N,69.712,W
10/13/2008,15:32:00,15.004,N,69.712,W
10/13/2008,15:33:59,15.001,N,69.712,W
10/13/2008,15:36:00,14.999,N,69.712,W
10/13/2008,15:37:59,14.997,N,69.712,W
10/13/2008,15:40:00,14.995,N,69.711,W
10/13/2008,15:41:59,14.992,N,69.711,W
10/13/2008,15:44:00,14.99,N,69.711,W
10/13/2008,15:45:59,14.988,N,69.71,W
10/13/2008,15:48:00,14.985,N,69.71,W
10/13/2008,15:49:59,14.983,N,69.71,W
10/13/2008,15:52:00,14.981,N,69.709,W
10/13/2008,15:53:59,14.978,N,69.709,W
10/13/2008,15:56:00,14.976,N,69.708,W
10/13/2008,15:57:59,14.974,N,69.708,W
10/13/2008,16:00:00,14.971,N,69.707,W
10/13/2008,16:01:59,14.969,N,69.707,W
10/13/2008,16:04:00,14.967,N,69.706,W
10/13/2008,16:06:00,14.964,N,69.706,W
10/13/2008,16:07:59,14.962,N,69.705,W
10/13/2008,16:09:59,14.96,N,69.705,W
10/13/2008,16:12:00,14.957,N,69.704,W
10/13/2008,16:14:00,14.955,N,69.703,W
10/13/2008,16:15:59,14.952,N,69.703,W
10/13/2008,16:17:59,14.95,N,69.702,W
10/13/2008,16:20:00,14.947,N,69.701,W
10/13/2008,16:22:00,14.945,N,69.701,W
10/13/2008,16:23:59,14.943,N,69.7,W
10/13/2008,16:25:59,14.94,N,69.699,W
10/13/2008,16:28:00,14.938,N,69.699,W
10/13/2008,16:30:00,14.935,N,69.698,W
10/13/2008,16:31:59,14.933,N,69.697,W
10/13/2008,16:34:00,14.93,N,69.696,W
10/13/2008,16:36:00,14.928,N,69.695,W
10/13/2008,16:37:59,14.925,N,69.694,W
10/13/2008,16:39:59,14.923,N,69.694,W
10/13/2008,16:42:00,14.92,N,69.693,W
10/13/2008,16:44:00,14.918,N,69.692,W
10/13/2008,16:45:59,14.915,N,69.691,W
10/13/2008,16:47:59,14.913,N,69.69,W
10/13/2008,16:50:00,14.91,N,69.689,W
10/13/2008,16:52:00,14.908,N,69.688,W
10/13/2008,16:53:59,14.905,N,69.687,W
10/13/2008,16:55:59,14.903,N,69.686,W
10/13/2008,16:58:00,14.9,N,69.685,W
10/13/2008,17:00:00,14.898,N,69.684,W
10/13/2008,17:01:59,14.895,N,69.683,W
10/13/2008,17:04:00,14.893,N,69.682,W
10/13/2008,17:06:00,14.89,N,69.681,W
10/13/2008,17:07:59,14.888,N,69.679,W
10/13/2008,17:09:59,14.885,N,69.678,W
10/13/2008,17:12:00,14.882,N,69.677,W
10/13/2008,17:14:00,14.88,N,69.676,W
10/13/2008,17:15:59,14.877,N,69.675,W
10/13/2008,17:17:59,14.875,N,69.674,W
10/13/2008,17:20:00,14.872,N,69.672,W
10/13/2008,17:22:00,14.87,N,69.671,W
10/13/2008,17:23:59,14.867,N,69.67,W
10/13/2008,17:25:59,14.864,N,69.669,W
10/13/2008,17:28:00,14.862,N,69.667,W
10/13/2008,17:30:00,14.859,N,69.666,W
10/13/2008,17:31:59,14.856,N,69.665,W
10/13/2008,17:34:00,14.854,N,69.663,W
10/13/2008,17:36:00,14.851,N,69.662,W
10/13/2008,17:37:59,14.849,N,69.661,W
10/13/2008,17:39:59,14.846,N,69.659,W
10/13/2008,17:42:00,14.843,N,69.658,W
10/13/2008,17:44:00,14.841,N,69.656,W
10/13/2008,17:45:59,14.838,N,69.655,W
10/13/2008,17:47:59,14.835,N,69.654,W
10/13/2008,17:50:00,14.833,N,69.652,W
10/13/2008,17:52:00,14.83,N,69.651,W
10/13/2008,17:53:59,14.827,N,69.649,W
10/13/2008,17:55:59,14.825,N,69.648,W
10/13/2008,17:58:00,14.822,N,69.646,W
10/13/2008,18:00:00,14.819,N,69.645,W
10/13/2008,18:01:59,14.816,N,69.643,W
10/13/2008,18:04:00,14.814,N,69.641,W
10/13/2008,18:06:00,14.811,N,69.64,W
10/13/2008,18:07:59,14.808,N,69.638,W
10/13/2008,18:09:59,14.806,N,69.637,W
10/13/2008,18:12:00,14.803,N,69.635,W
10/13/2008,18:14:00,14.8,N,69.633,W
10/13/2008,18:15:59,14.797,N,69.632,W
10/13/2008,18:17:59,14.795,N,69.63,W
10/13/2008,18:20:00,14.792,N,69.628,W
10/13/2008,18:22:00,14.789,N,69.627,W
10/13/2008,18:23:59,14.786,N,69.625,W
10/13/2008,18:25:59,14.784,N,69.623,W
10/13/2008,18:28:00,14.781,N,69.622,W
10/13/2008,18:30:00,14.778,N,69.62,W
10/13/2008,18:31:59,14.775,N,69.618,W
10/13/2008,18:34:00,14.773,N,69.616,W
10/13/2008,18:36:00,14.77,N,69.615,W
10/13/2008,18:37:59,14.767,N,69.613,W
10/13/2008,18:39:59,14.764,N,69.611,W
10/13/2008,18:42:00,14.761,N,69.609,W
10/13/2008,18:44:00,14.759,N,69.607,W
10/13/2008,18:45:59,14.756,N,69.605,W
10/13/2008,18:47:59,14.753,N,69.604,W
10/13/2008,18:50:00,14.75,N,69.602,W
10/13/2008,18:52:00,14.747,N,69.6,W
10/13/2008,18:53:59,14.745,N,69.598,W
10/13/2008,18:55:59,14.742,N,69.596,W
10/13/2008,18:58:00,14.739,N,69.594,W
10/13/2008,19:00:00,14.736,N,69.592,W
10/13/2008,19:01:59,14.733,N,69.59,W
10/13/2008,19:04:00,14.731,N,69.588,W
10/13/2008,19:06:00,14.728,N,69.586,W
10/13/2008,19:07:59,14.725,N,69.584,W
10/13/2008,19:09:59,14.722,N,69.582,W
10/13/2008,19:12:00,14.719,N,69.58,W
10/13/2008,19:14:00,14.716,N,69.578,W
10/13/2008,19:15:59,14.713,N,69.576,W
10/13/2008,19:17:59,14.711,N,69.574,W
10/13/2008,19:20:00,14.708,N,69.572,W
10/13/2008,19:22:00,14.705,N,69.57,W
10/13/2008,19:23:59,14.702,N,69.568,W
10/13/2008,19:25:59,14.699,N,69.566,W
10/13/2008,19:28:00,14.696,N,69.564,W
10/13/2008,19:30:00,14.693,N,69.562,W
10/13/2008,19:31:59,14.691,N,69.56,W
10/13/2008,19:34:00,14.688,N,69.558,W
10/13/2008,19:36:00,14.685,N,69.556,W
10/13/2008,19:37:59,14.682,N,69.554,W
10/13/2008,19:39:59,14.679,N,69.551,W
10/13/2008,19:42:00,14.676,N,69.549,W
10/13/2008,19:44:00,14.673,N,69.547,W
10/13/2008,19:45:59,14.67,N,69.545,W
10/13/2008,19:47:59,14.667,N,69.543,W
10/13/2008,19:50:00,14.665,N,69.541,W
10/13/2008,19:52:00,14.662,N,69.539,W
10/13/2008,19:53:59,14.659,N,69.536,W
10/13/2008,19:55:59,14.656,N,69.534,W
10/13/2008,19:58:00,14.653,N,69.532,W
10/13/2008,20:00:00,14.65,N,69.53,W
10/13/2008,20:01:59,14.647,N,69.527,W
10/13/2008,20:04:00,14.644,N,69.525,W
10/13/2008,20:06:00,14.641,N,69.523,W
10/13/2008,20:07:59,14.638,N,69.521,W
10/13/2008,20:09:59,14.635,N,69.518,W
10/13/2008,20:12:00,14.632,N,69.516,W
10/13/2008,20:14:00,14.629,N,69.514,W
10/13/2008,20:15:59,14.627,N,69.512,W
10/13/2008,20:17:59,14.624,N,69.509,W
10/13/2008,20:20:00,14.621,N,69.507,W
10/13/2008,20:22:00,14.618,N,69.505,W
10/13/2008,20:23:59,14.615,N,69.502,W
10/13/2008,20:25:59,14.612,N,69.5,W
10/13/2008,20:28:00,14.609,N,69.498,W
10/13/2008,20:30:00,14.606,N,69.495,W
10/13/2008,20:31:59,14.603,N,69.493,W
10/13/2008,20:34:00,14.6,N,69.491,W
10/13/2008,20:36:00,14.597,N,69.488,W
10/13/2008,20:37:59,14.594,N,69.486,W
10/13/2008,20:39:59,14.591,N,69.484,W
10/13/2008,20:42:00,14.588,N,69.481,W
10/13/2008,20:44:00,14.585,N,69.479,W
10/13/2008,20:45:59,14.582,N,69.477,W
10/13/2008,20:47:59,14.579,N,69.474,W
10/13/2008,20:50:00,14.576,N,69.472,W
10/13/2008,20:52:00,14.573,N,69.469,W
10/13/2008,20:53:59,14.57,N,69.467,W
10/13/2008,20:55:59,14.567,N,69.465,W
10/13/2008,20:58:00,14.564,N,69.462,W
10/13/2008,21:00:00,14.561,N,69.46,W
10/13/2008,21:01:59,14.558,N,69.457,W
10/13/2008,21:04:00,14.555,N,69.455,W
10/13/2008,21:06:00,14.552,N,69.452,W
10/13/2008,21:07:59,14.549,N,69.45,W
10/13/2008,21:09:59,14.546,N,69.448,W
10/13/2008,21:12:00,14.543,N,69.445,W
10/13/2008,21:14:00,14.54,N,69.443,W
10/13/2008,21:15:59,14.537,N,69.44,W
10/13/2008,21:17:59,14.534,N,69.438,W
10/13/2008,21:20:00,14.531,N,69.435,W
10/13/2008,21:22:00,14.528,N,69.433,W
10/13/2008,21:23:59,14.525,N,69.43,W
10/13/2008,21:25:59,14.522,N,69.428,W
10/13/2008,21:28:00,14.519,N,69.425,W
10/13/2008,21:30:00,14.516,N,69.423,W
10/13/2008,21:31:59,14.513,N,69.42,W
10/13/2008,21:34:00,14.51,N,69.418,W
10/13/2008,21:36:00,14.507,N,69.415,W
10/13/2008,21:37:59,14.504,N,69.413,W
10/13/2008,21:39:59,14.501,N,69.41,W
10/13/2008,21:42:00,14.498,N,69.408,W
10/13/2008,21:44:00,14.495,N,69.405,W
10/13/2008,21:45:59,14.492,N,69.403,W
10/13/2008,21:47:29,14.49,N,69.401,W
10/13/2008,21:49:29,14.491,N,69.399,W
10/13/2008,21:51:28,14.491,N,69.396,W
10/13/2008,21:53:28,14.492,N,69.394,W
10/13/2008,21:55:29,14.493,N,69.392,W
10/13/2008,21:57:28,14.493,N,69.39,W
10/13/2008,21:59:28,14.494,N,69.387,W
10/13/2008,22:01:29,14.495,N,69.385,W
10/13/2008,22:03:29,14.495,N,69.383,W
10/13/2008,22:05:28,14.496,N,69.38,W
10/13/2008,22:07:28,14.496,N,69.378,W
10/13/2008,22:09:29,14.497,N,69.376,W
10/13/2008,22:11:29,14.498,N,69.374,W
10/13/2008,22:13:28,14.498,N,69.371,W
10/13/2008,22:15:28,14.499,N,69.369,W
10/13/2008,22:17:29,14.5,N,69.367,W
10/13/2008,22:19:29,14.5,N,69.364,W
10/13/2008,22:21:28,14.501,N,69.362,W
10/13/2008,22:23:28,14.502,N,69.36,W
10/13/2008,22:25:29,14.502,N,69.358,W
10/13/2008,22:27:28,14.503,N,69.355,W
10/13/2008,22:29:28,14.504,N,69.353,W
10/13/2008,22:31:29,14.504,N,69.351,W
10/13/2008,22:33:29,14.505,N,69.348,W
10/13/2008,22:35:28,14.506,N,69.346,W
10/13/2008,22:37:28,14.506,N,69.344,W
10/13/2008,22:39:29,14.507,N,69.342,W
10/13/2008,22:39:59,14.507,N,69.341,W
10/13/2008,22:41:59,14.508,N,69.341,W
10/13/2008,22:43:58,14.51,N,69.34,W
10/13/2008,22:45:58,14.511,N,69.341,W
10/13/2008,22:47:59,14.513,N,69.341,W
10/13/2008,22:49:58,14.514,N,69.341,W
10/13/2008,22:51:58,14.516,N,69.342,W
10/13/2008,22:53:59,14.518,N,69.343,W
10/13/2008,22:55:59,14.519,N,69.344,W
10/13/2008,22:57:58,14.521,N,69.345,W
10/13/2008,22:59:58,14.523,N,69.347,W
10/13/2008,23:01:59,14.525,N,69.348,W
10/13/2008,23:03:59,14.527,N,69.35,W
10/13/2008,23:05:58,14.529,N,69.352,W
10/13/2008,23:07:58,14.531,N,69.354,W
10/13/2008,23:09:59,14.533,N,69.355,W
10/13/2008,23:11:59,14.535,N,69.357,W
10/13/2008,23:13:58,14.537,N,69.359,W
10/13/2008,23:15:58,14.539,N,69.361,W
10/13/2008,23:17:59,14.541,N,69.364,W
10/13/2008,23:19:58,14.543,N,69.366,W
10/13/2008,23:21:58,14.545,N,69.368,W
10/13/2008,23:23:59,14.547,N,69.37,W
10/13/2008,23:25:59,14.549,N,69.372,W
10/13/2008,23:27:58,14.551,N,69.374,W
10/13/2008,23:29:58,14.553,N,69.376,W
10/13/2008,23:31:59,14.555,N,69.378,W
10/13/2008,23:33:59,14.557,N,69.379,W
10/13/2008,23:35:58,14.559,N,69.381,W
10/13/2008,23:36:00,14.559,N,69.381,W
10/13/2008,23:38:01,14.561,N,69.382,W
10/13/2008,23:40:01,14.562,N,69.383,W
10/13/2008,23:42:00,14.564,N,69.384,W
10/13/2008,23:44:01,14.565,N,69.384,W
10/13/2008,23:46:01,14.567,N,69.385,W
10/13/2008,23:48:00,14.568,N,69.386,W
10/13/2008,23:50:00,14.569,N,69.386,W
10/13/2008,23:52:01,14.571,N,69.387,W
10/13/2008,23:54:01,14.572,N,69.387,W
10/13/2008,23:56:00,14.573,N,69.387,W
10/13/2008,23:58:00,14.575,N,69.388,W
10/14/2008,0:00:01,14.576,N,69.388,W
10/14/2008,0:02:01,14.577,N,69.388,W
10/14/2008,0:04:00,14.578,N,69.388,W
10/14/2008,0:06:00,14.579,N,69.388,W
10/14/2008,0:08:01,14.58,N,69.388,W
10/14/2008,0:10:01,14.581,N,69.388,W
10/14/2008,0:12:00,14.582,N,69.387,W
10/14/2008,0:14:01,14.583,N,69.387,W
10/14/2008,0:16:01,14.584,N,69.386,W
10/14/2008,0:18:00,14.585,N,69.386,W
10/14/2008,0:20:00,14.586,N,69.385,W
10/14/2008,0:22:01,14.587,N,69.384,W
10/14/2008,0:24:01,14.587,N,69.384,W
10/14/2008,0:26:00,14.588,N,69.383,W
10/14/2008,0:28:00,14.589,N,69.382,W
10/14/2008,0:30:01,14.589,N,69.38,W
10/14/2008,0:32:01,14.59,N,69.379,W
10/14/2008,0:34:00,14.59,N,69.378,W
10/14/2008,0:36:00,14.59,N,69.376,W
10/14/2008,0:38:01,14.591,N,69.375,W
10/14/2008,0:40:01,14.591,N,69.373,W
10/14/2008,0:41:07,14.591,N,69.372,W
10/14/2008,0:43:06,14.592,N,69.372,W
10/14/2008,0:45:06,14.593,N,69.371,W
10/14/2008,0:47:07,14.593,N,69.371,W
10/14/2008,0:49:07,14.594,N,69.371,W
10/14/2008,0:51:06,14.595,N,69.371,W
10/14/2008,0:53:07,14.596,N,69.37,W
10/14/2008,0:55:07,14.596,N,69.37,W
10/14/2008,0:57:06,14.597,N,69.37,W
10/14/2008,0:59:06,14.598,N,69.369,W
10/14/2008,1:01:07,14.598,N,69.369,W
10/14/2008,1:03:07,14.599,N,69.369,W
10/14/2008,1:05:06,14.6,N,69.369,W
10/14/2008,1:07:06,14.6,N,69.368,W
10/14/2008,1:09:07,14.601,N,69.368,W
10/14/2008,1:11:07,14.601,N,69.368,W
10/14/2008,1:13:06,14.602,N,69.367,W
10/14/2008,1:15:06,14.602,N,69.367,W
10/14/2008,1:17:07,14.603,N,69.367,W
10/14/2008,1:19:07,14.603,N,69.366,W
10/14/2008,1:21:06,14.604,N,69.366,W
10/14/2008,1:23:07,14.604,N,69.366,W
10/14/2008,1:25:07,14.605,N,69.366,W
10/14/2008,1:27:06,14.605,N,69.365,W
10/14/2008,1:29:06,14.605,N,69.365,W
10/14/2008,1:31:07,14.606,N,69.365,W
10/14/2008,1:33:07,14.606,N,69.364,W
10/14/2008,1:35:06,14.606,N,69.364,W
10/14/2008,1:37:06,14.607,N,69.364,W
10/14/2008,1:39:07,14.607,N,69.363,W
10/14/2008,1:41:07,14.607,N,69.363,W
10/14/2008,1:43:06,14.607,N,69.363,W
10/14/2008,1:45:06,14.607,N,69.362,W
10/14/2008,1:47:07,14.607,N,69.362,W
10/14/2008,1:49:07,14.607,N,69.362,W
10/14/2008,1:51:06,14.607,N,69.361,W
10/14/2008,1:53:07,14.607,N,69.361,W
10/14/2008,1:55:07,14.607,N,69.361,W
10/14/2008,1:57:06,14.607,N,69.36,W
10/14/2008,1:59:06,14.607,N,69.36,W
10/14/2008,2:01:07,14.607,N,69.36,W
10/14/2008,2:03:07,14.607,N,69.359,W
10/14/2008,2:05:06,14.607,N,69.359,W
10/14/2008,2:07:06,14.607,N,69.359,W
10/14/2008,2:09:07,14.606,N,69.358,W
10/14/2008,2:11:07,14.606,N,69.358,W
10/14/2008,2:13:06,14.606,N,69.358,W
10/14/2008,2:15:06,14.605,N,69.357,W
10/14/2008,2:17:07,14.605,N,69.357,W
10/14/2008,2:19:07,14.605,N,69.357,W
10/14/2008,2:21:06,14.604,N,69.356,W
10/14/2008,2:23:07,14.604,N,69.356,W
10/14/2008,2:25:07,14.603,N,69.356,W
10/14/2008,2:27:06,14.602,N,69.355,W
10/14/2008,2:29:06,14.602,N,69.355,W
10/14/2008,2:31:07,14.601,N,69.354,W
10/14/2008,2:33:07,14.6,N,69.354,W
10/14/2008,2:35:06,14.6,N,69.354,W
10/14/2008,2:37:06,14.599,N,69.353,W
10/14/2008,2:39:07,14.598,N,69.353,W
10/14/2008,2:41:07,14.597,N,69.353,W
10/14/2008,2:43:06,14.596,N,69.352,W
10/14/2008,2:45:06,14.595,N,69.352,W
10/14/2008,2:47:07,14.594,N,69.351,W
10/14/2008,2:49:07,14.593,N,69.351,W
10/14/2008,2:51:06,14.592,N,69.351,W
10/14/2008,2:53:07,14.591,N,69.35,W
10/14/2008,2:55:07,14.59,N,69.35,W
10/14/2008,2:57:06,14.589,N,69.35,W
10/14/2008,2:59:06,14.587,N,69.349,W
10/14/2008,3:01:07,14.586,N,69.349,W
10/14/2008,3:03:07,14.585,N,69.348,W
10/14/2008,3:05:06,14.583,N,69.348,W
10/14/2008,3:07:06,14.582,N,69.348,W
10/14/2008,3:09:07,14.58,N,69.347,W
10/14/2008,3:11:07,14.579,N,69.347,W
10/14/2008,3:13:06,14.577,N,69.346,W
10/14/2008,3:15:06,14.576,N,69.346,W
10/14/2008,3:17:07,14.574,N,69.345,W
10/14/2008,3:19:07,14.572,N,69.345,W
10/14/2008,3:21:06,14.57,N,69.345,W
10/14/2008,3:23:07,14.568,N,69.344,W
10/14/2008,3:25:07,14.567,N,69.344,W
10/14/2008,3:27:06,14.565,N,69.343,W
10/14/2008,3:29:06,14.563,N,69.343,W
10/14/2008,3:31:07,14.561,N,69.342,W
10/14/2008,3:33:07,14.558,N,69.342,W
10/14/2008,3:35:06,14.556,N,69.342,W
10/14/2008,3:37:06,14.554,N,69.341,W
10/14/2008,3:39:07,14.552,N,69.341,W
10/14/2008,3:41:07,14.549,N,69.34,W
10/14/2008,3:43:06,14.547,N,69.34,W
10/14/2008,3:45:06,14.545,N,69.339,W
10/14/2008,3:47:07,14.542,N,69.339,W
10/14/2008,3:49:07,14.54,N,69.338,W
10/14/2008,3:51:06,14.537,N,69.338,W
10/14/2008,3:53:07,14.534,N,69.337,W
10/14/2008,3:55:07,14.532,N,69.337,W
10/14/2008,3:57:06,14.529,N,69.336,W
10/14/2008,3:59:06,14.526,N,69.336,W
10/14/2008,4:01:07,14.523,N,69.335,W
10/14/2008,4:03:07,14.52,N,69.335,W
10/14/2008,4:05:06,14.517,N,69.334,W
10/14/2008,4:07:06,14.514,N,69.334,W
10/14/2008,4:09:07,14.511,N,69.333,W
10/14/2008,4:11:07,14.508,N,69.333,W
10/14/2008,4:13:06,14.505,N,69.332,W
10/14/2008,4:15:06,14.502,N,69.332,W
10/14/2008,4:17:07,14.498,N,69.331,W
10/14/2008,4:19:07,14.495,N,69.331,W
10/14/2008,4:21:06,14.492,N,69.33,W
10/14/2008,4:23:07,14.489,N,69.33,W
10/14/2008,4:25:07,14.485,N,69.329,W
10/14/2008,4:27:06,14.482,N,69.329,W
10/14/2008,4:29:06,14.478,N,69.328,W
10/14/2008,4:31:07,14.475,N,69.328,W
10/14/2008,4:33:07,14.471,N,69.327,W
10/14/2008,4:35:06,14.468,N,69.327,W
10/14/2008,4:37:06,14.464,N,69.326,W
10/14/2008,4:39:07,14.461,N,69.326,W
10/14/2008,4:41:07,14.457,N,69.325,W
10/14/2008,4:43:06,14.453,N,69.324,W
10/14/2008,4:45:06,14.45,N,69.324,W
10/14/2008,4:47:07,14.446,N,69.323,W
10/14/2008,4:49:07,14.442,N,69.323,W
10/14/2008,4:51:06,14.438,N,69.322,W
10/14/2008,4:53:07,14.434,N,69.322,W
10/14/2008,4:55:07,14.431,N,69.321,W
10/14/2008,4:57:06,14.427,N,69.32,W
10/14/2008,4:59:06,14.423,N,69.32,W
10/14/2008,5:01:07,14.419,N,69.319,W
10/14/2008,5:03:07,14.415,N,69.319,W
10/14/2008,5:05:06,14.411,N,69.318,W
10/14/2008,5:07:06,14.407,N,69.317,W
10/14/2008,5:09:07,14.403,N,69.317,W
10/14/2008,5:11:07,14.399,N,69.316,W
10/14/2008,5:13:06,14.395,N,69.316,W
10/14/2008,5:15:06,14.391,N,69.315,W
10/14/2008,5:17:07,14.387,N,69.314,W
10/14/2008,5:19:07,14.383,N,69.314,W
10/14/2008,5:21:06,14.379,N,69.313,W
10/14/2008,5:23:07,14.375,N,69.312,W
10/14/2008,5:25:07,14.371,N,69.312,W
10/14/2008,5:27:06,14.367,N,69.311,W
10/14/2008,5:29:06,14.363,N,69.311,W
10/14/2008,5:31:07,14.359,N,69.31,W
10/14/2008,5:33:07,14.355,N,69.309,W
10/14/2008,5:35:06,14.351,N,69.309,W
10/14/2008,5:37:06,14.347,N,69.308,W
10/14/2008,5:39:07,14.343,N,69.307,W
10/14/2008,5:41:07,14.338,N,69.307,W
10/14/2008,5:43:06,14.334,N,69.306,W
10/14/2008,5:45:06,14.33,N,69.305,W
10/14/2008,5:47:07,14.326,N,69.305,W
10/14/2008,5:49:07,14.322,N,69.304,W
10/14/2008,5:51:06,14.318,N,69.303,W
10/14/2008,5:53:07,14.314,N,69.302,W
10/14/2008,5:55:07,14.31,N,69.302,W
10/14/2008,5:57:06,14.306,N,69.301,W
10/14/2008,5:59:06,14.302,N,69.3,W
10/14/2008,6:00:00,14.3,N,69.3,W
10/14/2008,6:01:59,14.299,N,69.299,W
10/14/2008,6:04:00,14.298,N,69.299,W
10/14/2008,6:06:00,14.297,N,69.298,W
10/14/2008,6:07:59,14.296,N,69.297,W
10/14/2008,6:09:59,14.295,N,69.296,W
10/14/2008,6:12:00,14.294,N,69.295,W
10/14/2008,6:14:00,14.293,N,69.295,W
10/14/2008,6:15:59,14.292,N,69.294,W
10/14/2008,6:17:59,14.291,N,69.293,W
10/14/2008,6:20:00,14.29,N,69.292,W
10/14/2008,6:22:00,14.289,N,69.292,W
10/14/2008,6:23:59,14.288,N,69.291,W
10/14/2008,6:25:59,14.287,N,69.29,W
10/14/2008,6:28:00,14.286,N,69.289,W
10/14/2008,6:30:00,14.286,N,69.288,W
10/14/2008,6:31:59,14.285,N,69.287,W
10/14/2008,6:34:00,14.284,N,69.287,W
10/14/2008,6:36:00,14.283,N,69.286,W
10/14/2008,6:37:59,14.282,N,69.285,W
10/14/2008,6:39:59,14.281,N,69.284,W
10/14/2008,6:42:00,14.281,N,69.283,W
10/14/2008,6:44:00,14.28,N,69.282,W
10/14/2008,6:45:59,14.279,N,69.281,W
10/14/2008,6:47:59,14.278,N,69.281,W
10/14/2008,6:50:00,14.278,N,69.28,W
10/14/2008,6:52:00,14.277,N,69.279,W
10/14/2008,6:53:59,14.276,N,69.278,W
10/14/2008,6:55:59,14.276,N,69.277,W
10/14/2008,6:58:00,14.275,N,69.276,W
10/14/2008,7:00:00,14.274,N,69.275,W
10/14/2008,7:01:59,14.274,N,69.274,W
10/14/2008,7:04:00,14.273,N,69.273,W
10/14/2008,7:06:00,14.272,N,69.272,W
10/14/2008,7:07:59,14.272,N,69.272,W
10/14/2008,7:09:59,14.271,N,69.271,W
10/14/2008,7:12:00,14.271,N,69.27,W
10/14/2008,7:14:00,14.27,N,69.269,W
10/14/2008,7:15:59,14.269,N,69.268,W
10/14/2008,7:17:59,14.269,N,69.267,W
10/14/2008,7:20:00,14.268,N,69.266,W
10/14/2008,7:22:00,14.268,N,69.265,W
10/14/2008,7:23:59,14.267,N,69.264,W
10/14/2008,7:25:59,14.267,N,69.263,W
10/14/2008,7:28:00,14.266,N,69.262,W
10/14/2008,7:30:00,14.266,N,69.261,W
10/14/2008,7:31:59,14.265,N,69.26,W
10/14/2008,7:34:00,14.265,N,69.259,W
10/14/2008,7:36:00,14.264,N,69.258,W
10/14/2008,7:37:59,14.264,N,69.257,W
10/14/2008,7:39:59,14.263,N,69.256,W
10/14/2008,7:42:00,14.263,N,69.255,W
10/14/2008,7:44:00,14.262,N,69.254,W
10/14/2008,7:45:59,14.262,N,69.253,W
10/14/2008,7:47:59,14.261,N,69.252,W
10/14/2008,7:50:00,14.261,N,69.251,W
10/14/2008,7:52:00,14.261,N,69.25,W
10/14/2008,7:53:59,14.26,N,69.249,W
10/14/2008,7:55:59,14.26,N,69.248,W
10/14/2008,7:58:00,14.259,N,69.247,W
10/14/2008,8:00:00,14.259,N,69.246,W
10/14/2008,8:01:59,14.259,N,69.245,W
10/14/2008,8:03:59,14.258,N,69.244,W
10/14/2008,8:05:59,14.258,N,69.243,W
10/14/2008,8:08:00,14.257,N,69.241,W
10/14/2008,8:10:00,14.257,N,69.24,W
10/14/2008,8:12:00,14.257,N,69.239,W
10/14/2008,8:14:00,14.256,N,69.238,W
10/14/2008,8:15:59,14.256,N,69.237,W
10/14/2008,8:17:59,14.256,N,69.236,W
10/14/2008,8:19:59,14.255,N,69.235,W
10/14/2008,8:21:59,14.255,N,69.234,W
10/14/2008,8:24:00,14.255,N,69.233,W
10/14/2008,8:26:00,14.254,N,69.232,W
10/14/2008,8:28:00,14.254,N,69.231,W
10/14/2008,8:30:00,14.254,N,69.229,W
10/14/2008,8:31:59,14.253,N,69.228,W
10/14/2008,8:33:59,14.253,N,69.227,W
10/14/2008,8:35:59,14.253,N,69.226,W
10/14/2008,8:38:00,14.252,N,69.225,W
10/14/2008,8:40:00,14.252,N,69.224,W
10/14/2008,8:42:00,14.252,N,69.223,W
10/14/2008,8:44:00,14.252,N,69.222,W
10/14/2008,8:45:59,14.251,N,69.22,W
10/14/2008,8:47:59,14.251,N,69.219,W
10/14/2008,8:49:59,14.251,N,69.218,W
10/14/2008,8:51:59,14.25,N,69.217,W
10/14/2008,8:54:00,14.25,N,69.216,W
10/14/2008,8:56:00,14.25,N,69.215,W
10/14/2008,8:58:00,14.249,N,69.214,W
10/14/2008,9:00:00,14.249,N,69.212,W
10/14/2008,9:01:59,14.249,N,69.211,W
10/14/2008,9:03:59,14.249,N,69.21,W
10/14/2008,9:05:59,14.248,N,69.209,W
10/14/2008,9:08:00,14.248,N,69.208,W
10/14/2008,9:10:00,14.248,N,69.207,W
10/14/2008,9:12:00,14.247,N,69.205,W
10/14/2008,9:14:00,14.247,N,69.204,W
10/14/2008,9:15:59,14.247,N,69.203,W
10/14/2008,9:17:59,14.246,N,69.202,W
10/14/2008,9:19:59,14.246,N,69.201,W
10/14/2008,9:21:59,14.246,N,69.199,W
10/14/2008,9:24:00,14.246,N,69.198,W
10/14/2008,9:26:00,14.245,N,69.197,W
10/14/2008,9:28:00,14.245,N,69.196,W
10/14/2008,9:30:00,14.245,N,69.195,W
10/14/2008,9:31:59,14.244,N,69.194,W
10/14/2008,9:33:59,14.244,N,69.192,W
10/14/2008,9:35:59,14.244,N,69.191,W
10/14/2008,9:38:00,14.243,N,69.19,W
10/14/2008,9:40:00,14.243,N,69.189,W
10/14/2008,9:42:00,14.243,N,69.187,W
10/14/2008,9:44:00,14.242,N,69.186,W
10/14/2008,9:45:59,14.242,N,69.185,W
10/14/2008,9:47:59,14.242,N,69.184,W
10/14/2008,9:49:59,14.241,N,69.183,W
10/14/2008,9:51:59,14.241,N,69.181,W
10/14/2008,9:54:00,14.241,N,69.18,W
10/14/2008,9:56:00,14.24,N,69.179,W
10/14/2008,9:58:00,14.24,N,69.178,W
10/14/2008,10:00:00,14.239,N,69.176,W
10/14/2008,10:01:59,14.239,N,69.175,W
10/14/2008,10:03:59,14.239,N,69.174,W
10/14/2008,10:05:59,14.238,N,69.173,W
10/14/2008,10:08:00,14.238,N,69.171,W
10/14/2008,10:10:00,14.238,N,69.17,W
10/14/2008,10:12:00,14.237,N,69.169,W
10/14/2008,10:14:00,14.237,N,69.168,W
10/14/2008,10:15:59,14.236,N,69.166,W
10/14/2008,10:17:59,14.236,N,69.165,W
10/14/2008,10:19:59,14.235,N,69.164,W
10/14/2008,10:21:59,14.235,N,69.163,W
10/14/2008,10:24:00,14.234,N,69.161,W
10/14/2008,10:26:00,14.234,N,69.16,W
10/14/2008,10:28:00,14.234,N,69.159,W
10/14/2008,10:30:00,14.233,N,69.158,W
10/14/2008,10:31:59,14.233,N,69.156,W
10/14/2008,10:33:59,14.232,N,69.155,W
10/14/2008,10:35:59,14.232,N,69.154,W
10/14/2008,10:38:00,14.231,N,69.153,W
10/14/2008,10:40:00,14.231,N,69.151,W
10/14/2008,10:42:00,14.23,N,69.15,W
10/14/2008,10:44:00,14.23,N,69.149,W
10/14/2008,10:45:59,14.229,N,69.148,W
10/14/2008,10:47:59,14.228,N,69.146,W
10/14/2008,10:49:59,14.228,N,69.145,W
10/14/2008,10:51:59,14.227,N,69.144,W
10/14/2008,10:54:00,14.227,N,69.142,W
10/14/2008,10:56:00,14.226,N,69.141,W
10/14/2008,10:58:00,14.225,N,69.14,W
10/14/2008,11:00:00,14.225,N,69.139,W
10/14/2008,11:01:59,14.224,N,69.137,W
10/14/2008,11:03:59,14.224,N,69.136,W
10/14/2008,11:05:59,14.223,N,69.135,W
10/14/2008,11:08:00,14.222,N,69.134,W
10/14/2008,11:10:00,14.222,N,69.132,W
10/14/2008,11:12:00,14.221,N,69.131,W
10/14/2008,11:14:00,14.22,N,69.13,W
10/14/2008,11:15:59,14.219,N,69.128,W
10/14/2008,11:17:59,14.219,N,69.127,W
10/14/2008,11:19:59,14.218,N,69.126,W
10/14/2008,11:21:59,14.217,N,69.125,W
10/14/2008,11:24:00,14.216,N,69.123,W
10/14/2008,11:26:00,14.216,N,69.122,W
10/14/2008,11:28:00,14.215,N,69.121,W
10/14/2008,11:30:00,14.214,N,69.119,W
10/14/2008,11:31:59,14.213,N,69.118,W
10/14/2008,11:33:59,14.212,N,69.117,W
10/14/2008,11:35:59,14.211,N,69.115,W
10/14/2008,11:38:00,14.211,N,69.114,W
10/14/2008,11:40:00,14.21,N,69.113,W
10/14/2008,11:42:00,14.209,N,69.112,W
10/14/2008,11:44:00,14.208,N,69.11,W
10/14/2008,11:45:59,14.207,N,69.109,W
10/14/2008,11:47:59,14.206,N,69.108,W
10/14/2008,11:49:59,14.205,N,69.106,W
10/14/2008,11:51:59,14.204,N,69.105,W
10/14/2008,11:54:00,14.203,N,69.104,W
10/14/2008,11:56:00,14.202,N,69.103,W
10/14/2008,11:58:00,14.201,N,69.101,W
10/14/2008,12:00:00,14.2,N,69.1,W
10/14/2008,12:01:59,14.195,N,69.1,W
10/14/2008,12:03:59,14.19,N,69.101,W
10/14/2008,12:05:59,14.186,N,69.101,W
10/14/2008,12:08:00,14.181,N,69.101,W
10/14/2008,12:10:00,14.176,N,69.101,W
10/14/2008,12:12:00,14.171,N,69.102,W
10/14/2008,12:14:00,14.166,N,69.102,W
10/14/2008,12:15:59,14.161,N,69.102,W
10/14/2008,12:17:59,14.156,N,69.102,W
10/14/2008,12:19:59,14.152,N,69.103,W
10/14/2008,12:21:59,14.147,N,69.103,W
10/14/2008,12:24:00,14.142,N,69.103,W
10/14/2008,12:26:00,14.137,N,69.103,W
10/14/2008,12:28:00,14.132,N,69.104,W
10/14/2008,12:30:00,14.127,N,69.104,W
10/14/2008,12:31:59,14.122,N,69.104,W
10/14/2008,12:33:59,14.117,N,69.104,W
10/14/2008,12:35:59,14.112,N,69.105,W
10/14/2008,12:38:00,14.107,N,69.105,W
10/14/2008,12:40:00,14.102,N,69.105,W
10/14/2008,12:42:00,14.097,N,69.105,W
10/14/2008,12:44:00,14.092,N,69.106,W
10/14/2008,12:45:59,14.088,N,69.106,W
10/14/2008,12:47:59,14.083,N,69.106,W
10/14/2008,12:49:59,14.078,N,69.106,W
10/14/2008,12:51:59,14.073,N,69.106,W
10/14/2008,12:54:00,14.068,N,69.107,W
10/14/2008,12:56:00,14.063,N,69.107,W
10/14/2008,12:58:00,14.058,N,69.107,W
10/14/2008,13:00:00,14.053,N,69.107,W
10/14/2008,13:01:59,14.048,N,69.107,W
10/14/2008,13:03:59,14.044,N,69.107,W
10/14/2008,13:05:59,14.039,N,69.107,W
10/14/2008,13:08:00,14.034,N,69.107,W
10/14/2008,13:10:00,14.029,N,69.108,W
10/14/2008,13:12:00,14.024,N,69.108,W
10/14/2008,13:14:00,14.02,N,69.108,W
10/14/2008,13:15:59,14.015,N,69.108,W
10/14/2008,13:17:59,14.01,N,69.108,W
10/14/2008,13:19:59,14.006,N,69.108,W
10/14/2008,13:21:59,14.001,N,69.108,W
10/14/2008,13:24:00,13.996,N,69.108,W
10/14/2008,13:26:00,13.992,N,69.108,W
10/14/2008,13:28:00,13.987,N,69.108,W
10/14/2008,13:30:00,13.983,N,69.108,W
10/14/2008,13:31:59,13.978,N,69.108,W
10/14/2008,13:33:59,13.974,N,69.107,W
10/14/2008,13:35:59,13.969,N,69.107,W
10/14/2008,13:38:00,13.965,N,69.107,W
10/14/2008,13:40:00,13.96,N,69.107,W
10/14/2008,13:42:00,13.956,N,69.107,W
10/14/2008,13:44:00,13.952,N,69.107,W
10/14/2008,13:45:59,13.947,N,69.106,W
10/14/2008,13:47:59,13.943,N,69.106,W
10/14/2008,13:49:59,13.939,N,69.106,W
10/14/2008,13:51:59,13.935,N,69.106,W
10/14/2008,13:54:00,13.931,N,69.105,W
10/14/2008,13:56:00,13.927,N,69.105,W
10/14/2008,13:58:00,13.923,N,69.105,W
10/14/2008,14:00:00,13.919,N,69.104,W
10/14/2008,14:01:59,13.915,N,69.104,W
10/14/2008,14:03:59,13.911,N,69.103,W
10/14/2008,14:05:59,13.907,N,69.103,W
10/14/2008,14:08:00,13.903,N,69.102,W
10/14/2008,14:10:00,13.899,N,69.102,W
10/14/2008,14:12:00,13.896,N,69.101,W
10/14/2008,14:14:00,13.892,N,69.101,W
10/14/2008,14:15:59,13.889,N,69.1,W
10/14/2008,14:17:59,13.885,N,69.1,W
10/14/2008,14:19:59,13.882,N,69.099,W
10/14/2008,14:21:59,13.878,N,69.098,W
10/14/2008,14:24:00,13.875,N,69.098,W
10/14/2008,14:26:00,13.872,N,69.097,W
10/14/2008,14:28:00,13.868,N,69.096,W
10/14/2008,14:30:00,13.865,N,69.095,W
10/14/2008,14:31:59,13.862,N,69.095,W
10/14/2008,14:33:59,13.859,N,69.094,W
10/14/2008,14:35:59,13.856,N,69.093,W
10/14/2008,14:38:00,13.853,N,69.092,W
10/14/2008,14:40:00,13.85,N,69.091,W
10/14/2008,14:42:00,13.847,N,69.09,W
10/14/2008,14:44:00,13.845,N,69.089,W
10/14/2008,14:45:59,13.842,N,69.088,W
10/14/2008,14:47:59,13.84,N,69.087,W
10/14/2008,14:49:59,13.837,N,69.086,W
10/14/2008,14:51:59,13.835,N,69.084,W
10/14/2008,14:54:00,13.832,N,69.083,W
10/14/2008,14:56:00,13.83,N,69.082,W
10/14/2008,14:58:00,13.828,N,69.081,W
10/14/2008,15:00:00,13.826,N,69.079,W
10/14/2008,15:01:59,13.824,N,69.078,W
10/14/2008,15:03:59,13.822,N,69.077,W
10/14/2008,15:05:59,13.82,N,69.075,W
10/14/2008,15:08:00,13.818,N,69.074,W
10/14/2008,15:10:00,13.816,N,69.073,W
10/14/2008,15:12:00,13.814,N,69.071,W
10/14/2008,15:14:00,13.812,N,69.07,W
10/14/2008,15:15:59,13.811,N,69.068,W
10/14/2008,15:17:59,13.809,N,69.066,W
10/14/2008,15:19:59,13.808,N,69.065,W
10/14/2008,15:21:59,13.806,N,69.063,W
10/14/2008,15:24:00,13.805,N,69.061,W
10/14/2008,15:26:00,13.803,N,69.06,W
10/14/2008,15:28:00,13.802,N,69.058,W
10/14/2008,15:30:00,13.801,N,69.056,W
10/14/2008,15:31:59,13.8,N,69.055,W
10/14/2008,15:33:59,13.799,N,69.053,W
10/14/2008,15:35:59,13.798,N,69.051,W
10/14/2008,15:38:00,13.797,N,69.049,W
10/14/2008,15:40:00,13.796,N,69.047,W
10/14/2008,15:42:00,13.795,N,69.045,W
10/14/2008,15:44:00,13.794,N,69.043,W
10/14/2008,15:45:59,13.793,N,69.041,W
10/14/2008,15:47:59,13.793,N,69.039,W
10/14/2008,15:49:59,13.792,N,69.037,W
10/14/2008,15:51:59,13.791,N,69.035,W
10/14/2008,15:54:00,13.791,N,69.033,W
10/14/2008,15:56:00,13.79,N,69.031,W
10/14/2008,15:58:00,13.79,N,69.029,W
10/14/2008,16:00:00,13.789,N,69.027,W
10/14/2008,16:01:59,13.789,N,69.025,W
10/14/2008,16:03:59,13.789,N,69.022,W
10/14/2008,16:05:59,13.788,N,69.02,W
10/14/2008,16:08:00,13.788,N,69.018,W
10/14/2008,16:10:00,13.788,N,69.016,W
10/14/2008,16:12:00,13.788,N,69.013,W
10/14/2008,16:14:00,13.788,N,69.011,W
10/14/2008,16:15:59,13.788,N,69.009,W
10/14/2008,16:17:59,13.788,N,69.006,W
10/14/2008,16:19:59,13.788,N,69.004,W
10/14/2008,16:21:59,13.788,N,69.001,W
10/14/2008,16:24:00,13.788,N,68.999,W
10/14/2008,16:26:00,13.789,N,68.997,W
10/14/2008,16:28:00,13.789,N,68.994,W
10/14/2008,16:30:00,13.789,N,68.992,W
10/14/2008,16:31:59,13.789,N,68.989,W
10/14/2008,16:33:59,13.79,N,68.987,W
10/14/2008,16:35:59,13.79,N,68.984,W
10/14/2008,16:38:00,13.791,N,68.981,W
10/14/2008,16:40:00,13.791,N,68.979,W
10/14/2008,16:42:00,13.792,N,68.976,W
10/14/2008,16:44:00,13.792,N,68.974,W
10/14/2008,16:45:59,13.793,N,68.971,W
10/14/2008,16:47:59,13.794,N,68.968,W
10/14/2008,16:49:59,13.794,N,68.966,W
10/14/2008,16:51:59,13.795,N,68.963,W
10/14/2008,16:54:00,13.796,N,68.96,W
10/14/2008,16:56:00,13.797,N,68.957,W
10/14/2008,16:58:00,13.797,N,68.955,W
10/14/2008,17:00:00,13.798,N,68.952,W
10/14/2008,17:01:59,13.799,N,68.949,W
10/14/2008,17:03:59,13.8,N,68.946,W
10/14/2008,17:05:59,13.801,N,68.943,W
10/14/2008,17:08:00,13.802,N,68.94,W
10/14/2008,17:10:00,13.803,N,68.938,W
10/14/2008,17:12:00,13.804,N,68.935,W
10/14/2008,17:14:00,13.805,N,68.932,W
10/14/2008,17:15:59,13.806,N,68.929,W
10/14/2008,17:17:59,13.808,N,68.926,W
10/14/2008,17:19:59,13.809,N,68.923,W
10/14/2008,17:21:59,13.81,N,68.92,W
10/14/2008,17:24:00,13.811,N,68.917,W
10/14/2008,17:26:00,13.812,N,68.914,W
10/14/2008,17:28:00,13.814,N,68.911,W
10/14/2008,17:30:00,13.815,N,68.908,W
10/14/2008,17:31:59,13.816,N,68.905,W
10/14/2008,17:33:59,13.818,N,68.902,W
10/14/2008,17:35:59,13.819,N,68.899,W
10/14/2008,17:38:00,13.821,N,68.896,W
10/14/2008,17:40:00,13.822,N,68.893,W
10/14/2008,17:42:00,13.824,N,68.89,W
10/14/2008,17:44:00,13.825,N,68.887,W
10/14/2008,17:45:59,13.827,N,68.884,W
10/14/2008,17:47:59,13.828,N,68.881,W
10/14/2008,17:49:59,13.83,N,68.878,W
10/14/2008,17:50:21,13.83,N,68.877,W
10/14/2008,17:52:21,13.832,N,68.874,W
10/14/2008,17:54:21,13.835,N,68.871,W
10/14/2008,17:56:21,13.837,N,68.868,W
10/14/2008,17:58:20,13.839,N,68.865,W
10/14/2008,18:00:20,13.842,N,68.862,W
10/14/2008,18:02:20,13.844,N,68.859,W
10/14/2008,18:04:20,13.846,N,68.856,W
10/14/2008,18:06:21,13.848,N,68.853,W
10/14/2008,18:08:21,13.85,N,68.85,W
10/14/2008,18:10:21,13.853,N,68.847,W
10/14/2008,18:12:21,13.855,N,68.844,W
10/14/2008,18:14:20,13.857,N,68.84,W
10/14/2008,18:16:20,13.859,N,68.837,W
10/14/2008,18:18:20,13.861,N,68.834,W
10/14/2008,18:20:21,13.862,N,68.831,W
10/14/2008,18:22:21,13.864,N,68.828,W
10/14/2008,18:24:21,13.866,N,68.824,W
10/14/2008,18:26:21,13.868,N,68.821,W
10/14/2008,18:28:20,13.87,N,68.818,W
10/14/2008,18:30:20,13.872,N,68.815,W
10/14/2008,18:32:20,13.873,N,68.811,W
10/14/2008,18:34:20,13.875,N,68.808,W
10/14/2008,18:36:21,13.877,N,68.805,W
10/14/2008,18:38:21,13.879,N,68.801,W
10/14/2008,18:40:21,13.88,N,68.798,W
10/14/2008,18:42:21,13.882,N,68.795,W
10/14/2008,18:44:20,13.883,N,68.791,W
10/14/2008,18:46:20,13.885,N,68.788,W
10/14/2008,18:48:20,13.887,N,68.784,W
10/14/2008,18:50:21,13.888,N,68.781,W
10/14/2008,18:52:21,13.89,N,68.778,W
10/14/2008,18:54:21,13.891,N,68.774,W
10/14/2008,18:56:21,13.893,N,68.771,W
10/14/2008,18:58:20,13.894,N,68.767,W
10/14/2008,19:00:20,13.896,N,68.764,W
10/14/2008,19:02:20,13.897,N,68.76,W
10/14/2008,19:04:20,13.898,N,68.757,W
10/14/2008,19:06:21,13.9,N,68.753,W
10/14/2008,19:06:33,13.9,N,68.753,W
10/14/2008,19:08:33,13.902,N,68.75,W
10/14/2008,19:10:33,13.903,N,68.746,W
10/14/2008,19:12:34,13.905,N,68.743,W
10/14/2008,19:14:34,13.906,N,68.739,W
10/14/2008,19:16:34,13.908,N,68.736,W
10/14/2008,19:18:33,13.909,N,68.732,W
10/14/2008,19:20:33,13.91,N,68.729,W
10/14/2008,19:22:33,13.912,N,68.725,W
10/14/2008,19:24:33,13.913,N,68.722,W
10/14/2008,19:26:34,13.915,N,68.718,W
10/14/2008,19:28:34,13.916,N,68.715,W
10/14/2008,19:30:34,13.917,N,68.711,W
10/14/2008,19:32:34,13.918,N,68.708,W
10/14/2008,19:34:33,13.92,N,68.704,W
10/14/2008,19:36:33,13.921,N,68.701,W
10/14/2008,19:38:33,13.922,N,68.697,W
10/14/2008,19:40:33,13.923,N,68.693,W
10/14/2008,19:42:34,13.924,N,68.69,W
10/14/2008,19:44:34,13.925,N,68.686,W
10/14/2008,19:46:34,13.926,N,68.682,W
10/14/2008,19:48:33,13.927,N,68.679,W
10/14/2008,19:50:33,13.928,N,68.675,W
10/14/2008,19:52:33,13.929,N,68.671,W
10/14/2008,19:53:49,13.93,N,68.669,W
10/14/2008,19:55:50,13.931,N,68.666,W
10/14/2008,19:57:50,13.933,N,68.662,W
10/14/2008,19:59:50,13.934,N,68.659,W
10/14/2008,20:01:50,13.935,N,68.655,W
10/14/2008,20:03:49,13.936,N,68.652,W
10/14/2008,20:05:49,13.938,N,68.648,W
10/14/2008,20:07:49,13.939,N,68.645,W
10/14/2008,20:09:49,13.94,N,68.641,W
10/14/2008,20:11:50,13.941,N,68.638,W
10/14/2008,20:13:50,13.943,N,68.634,W
10/14/2008,20:15:50,13.944,N,68.631,W
10/14/2008,20:17:49,13.945,N,68.628,W
10/14/2008,20:19:49,13.946,N,68.624,W
10/14/2008,20:21:49,13.948,N,68.621,W
10/14/2008,20:23:49,13.949,N,68.617,W
10/14/2008,20:25:50,13.95,N,68.614,W
10/14/2008,20:27:50,13.952,N,68.611,W
10/14/2008,20:29:50,13.953,N,68.607,W
10/14/2008,20:31:50,13.954,N,68.604,W
10/14/2008,20:33:49,13.955,N,68.601,W
10/14/2008,20:35:49,13.957,N,68.597,W
10/14/2008,20:37:49,13.958,N,68.594,W
10/14/2008,20:39:49,13.959,N,68.591,W
10/14/2008,20:41:50,13.96,N,68.588,W
10/14/2008,20:43:50,13.962,N,68.584,W
10/14/2008,20:45:50,13.963,N,68.581,W
10/14/2008,20:47:49,13.964,N,68.578,W
10/14/2008,20:49:49,13.965,N,68.575,W
10/14/2008,20:51:49,13.967,N,68.571,W
10/14/2008,20:53:49,13.968,N,68.568,W
10/14/2008,20:55:50,13.969,N,68.565,W
10/14/2008,20:57:50,13.971,N,68.562,W
10/14/2008,20:59:50,13.972,N,68.559,W
10/14/2008,21:01:50,13.973,N,68.556,W
10/14/2008,21:03:49,13.974,N,68.553,W
10/14/2008,21:05:49,13.976,N,68.549,W
10/14/2008,21:07:49,13.977,N,68.546,W
10/14/2008,21:09:49,13.978,N,68.543,W
10/14/2008,21:11:50,13.979,N,68.54,W
10/14/2008,21:13:50,13.981,N,68.537,W
10/14/2008,21:15:50,13.982,N,68.534,W
10/14/2008,21:17:49,13.983,N,68.531,W
10/14/2008,21:19:49,13.984,N,68.528,W
10/14/2008,21:21:49,13.986,N,68.525,W
10/14/2008,21:23:49,13.987,N,68.523,W
10/14/2008,21:25:50,13.988,N,68.52,W
10/14/2008,21:27:50,13.99,N,68.517,W
10/14/2008,21:29:50,13.991,N,68.514,W
10/14/2008,21:31:50,13.992,N,68.511,W
10/14/2008,21:33:49,13.993,N,68.508,W
10/14/2008,21:35:49,13.995,N,68.505,W
10/14/2008,21:37:49,13.996,N,68.503,W
10/14/2008,21:39:49,13.997,N,68.5,W
10/14/2008,21:41:50,13.998,N,68.497,W
10/14/2008,21:43:50,14,N,68.494,W
10/14/2008,21:45:50,14.001,N,68.492,W
10/14/2008,21:47:49,14.002,N,68.489,W
10/14/2008,21:49:49,14.003,N,68.486,W
10/14/2008,21:51:49,14.005,N,68.484,W
10/14/2008,21:53:49,14.006,N,68.481,W
10/14/2008,21:55:50,14.007,N,68.479,W
10/14/2008,21:57:50,14.008,N,68.476,W
10/14/2008,21:59:50,14.01,N,68.474,W
10/14/2008,22:01:50,14.011,N,68.471,W
10/14/2008,22:03:49,14.012,N,68.469,W
10/14/2008,22:05:49,14.014,N,68.466,W
10/14/2008,22:07:49,14.015,N,68.464,W
10/14/2008,22:09:49,14.016,N,68.461,W
10/14/2008,22:11:50,14.017,N,68.459,W
10/14/2008,22:13:50,14.019,N,68.457,W
10/14/2008,22:15:50,14.02,N,68.454,W
10/14/2008,22:17:49,14.021,N,68.452,W
10/14/2008,22:19:49,14.022,N,68.45,W
10/14/2008,22:21:49,14.024,N,68.447,W
10/14/2008,22:23:49,14.025,N,68.445,W
10/14/2008,22:25:50,14.026,N,68.443,W
10/14/2008,22:27:50,14.027,N,68.441,W
10/14/2008,22:29:50,14.029,N,68.439,W
10/14/2008,22:31:50,14.03,N,68.437,W
10/14/2008,22:33:49,14.031,N,68.435,W
10/14/2008,22:35:49,14.032,N,68.432,W
10/14/2008,22:37:49,14.034,N,68.43,W
10/14/2008,22:39:49,14.035,N,68.429,W
10/14/2008,22:41:50,14.036,N,68.427,W
10/14/2008,22:43:50,14.037,N,68.425,W
10/14/2008,22:45:50,14.039,N,68.423,W
10/14/2008,22:47:49,14.04,N,68.421,W
10/14/2008,22:49:49,14.041,N,68.419,W
10/14/2008,22:51:49,14.042,N,68.417,W
10/14/2008,22:53:49,14.044,N,68.415,W
10/14/2008,22:55:50,14.045,N,68.414,W
10/14/2008,22:57:50,14.046,N,68.412,W
10/14/2008,22:59:50,14.047,N,68.41,W
10/14/2008,23:01:50,14.049,N,68.409,W
10/14/2008,23:03:49,14.05,N,68.407,W
10/14/2008,23:05:49,14.051,N,68.406,W
10/14/2008,23:07:49,14.052,N,68.404,W
10/14/2008,23:09:49,14.054,N,68.403,W
10/14/2008,23:11:50,14.055,N,68.401,W
10/14/2008,23:13:50,14.056,N,68.4,W
10/14/2008,23:15:50,14.057,N,68.398,W
10/14/2008,23:17:49,14.059,N,68.397,W
10/14/2008,23:19:49,14.06,N,68.396,W
10/14/2008,23:21:49,14.061,N,68.394,W
10/14/2008,23:23:49,14.062,N,68.393,W
10/14/2008,23:25:50,14.064,N,68.392,W
10/14/2008,23:27:50,14.065,N,68.391,W
10/14/2008,23:29:50,14.066,N,68.389,W
10/14/2008,23:31:50,14.067,N,68.388,W
10/14/2008,23:33:49,14.069,N,68.387,W
10/14/2008,23:35:49,14.07,N,68.386,W
10/14/2008,23:37:49,14.071,N,68.385,W
10/14/2008,23:39:49,14.072,N,68.384,W
10/14/2008,23:41:50,14.074,N,68.383,W
10/14/2008,23:43:50,14.075,N,68.382,W
10/14/2008,23:45:50,14.076,N,68.381,W
10/14/2008,23:47:49,14.078,N,68.38,W
10/14/2008,23:49:49,14.079,N,68.379,W
10/14/2008,23:51:49,14.08,N,68.378,W
10/14/2008,23:53:49,14.081,N,68.378,W
10/14/2008,23:55:50,14.083,N,68.377,W
10/14/2008,23:57:50,14.084,N,68.376,W
10/14/2008,23:59:50,14.085,N,68.375,W
10/15/2008,0:01:50,14.086,N,68.374,W
10/15/2008,0:03:49,14.088,N,68.374,W
10/15/2008,0:05:49,14.089,N,68.373,W
10/15/2008,0:07:49,14.09,N,68.372,W
10/15/2008,0:09:49,14.091,N,68.372,W
10/15/2008,0:11:50,14.093,N,68.371,W
10/15/2008,0:13:50,14.094,N,68.37,W
10/15/2008,0:15:50,14.095,N,68.37,W
10/15/2008,0:17:49,14.096,N,68.369,W
10/15/2008,0:19:49,14.098,N,68.368,W
10/15/2008,0:21:49,14.099,N,68.368,W
10/15/2008,0:23:49,14.1,N,68.367,W
10/15/2008,0:25:50,14.102,N,68.367,W
10/15/2008,0:27:50,14.103,N,68.366,W
10/15/2008,0:29:50,14.104,N,68.365,W
10/15/2008,0:31:50,14.105,N,68.365,W
10/15/2008,0:33:49,14.107,N,68.364,W
10/15/2008,0:35:49,14.108,N,68.364,W
10/15/2008,0:37:49,14.109,N,68.363,W
10/15/2008,0:39:49,14.111,N,68.363,W
10/15/2008,0:41:50,14.112,N,68.362,W
10/15/2008,0:43:50,14.113,N,68.362,W
10/15/2008,0:45:50,14.115,N,68.361,W
10/15/2008,0:47:49,14.116,N,68.361,W
10/15/2008,0:49:49,14.117,N,68.361,W
10/15/2008,0:51:49,14.118,N,68.36,W
10/15/2008,0:53:49,14.12,N,68.36,W
10/15/2008,0:55:50,14.121,N,68.359,W
10/15/2008,0:57:50,14.122,N,68.359,W
10/15/2008,0:59:50,14.124,N,68.358,W
10/15/2008,1:01:50,14.125,N,68.358,W
10/15/2008,1:03:49,14.126,N,68.357,W
10/15/2008,1:05:49,14.128,N,68.357,W
10/15/2008,1:07:49,14.129,N,68.356,W
10/15/2008,1:09:49,14.13,N,68.356,W
10/15/2008,1:11:50,14.132,N,68.356,W
10/15/2008,1:13:50,14.133,N,68.355,W
10/15/2008,1:15:50,14.134,N,68.355,W
10/15/2008,1:17:49,14.136,N,68.354,W
10/15/2008,1:19:49,14.137,N,68.354,W
10/15/2008,1:21:49,14.138,N,68.353,W
10/15/2008,1:23:49,14.14,N,68.353,W
10/15/2008,1:25:50,14.141,N,68.352,W
10/15/2008,1:27:50,14.143,N,68.352,W
10/15/2008,1:29:50,14.144,N,68.351,W
10/15/2008,1:31:50,14.145,N,68.351,W
10/15/2008,1:33:49,14.147,N,68.35,W
10/15/2008,1:35:49,14.148,N,68.35,W
10/15/2008,1:37:49,14.15,N,68.349,W
10/15/2008,1:39:49,14.151,N,68.349,W
10/15/2008,1:41:50,14.152,N,68.348,W
10/15/2008,1:43:50,14.154,N,68.348,W
10/15/2008,1:45:50,14.155,N,68.347,W
10/15/2008,1:47:49,14.157,N,68.346,W
10/15/2008,1:49:49,14.158,N,68.346,W
10/15/2008,1:51:49,14.159,N,68.345,W
10/15/2008,1:53:49,14.161,N,68.345,W
10/15/2008,1:55:50,14.162,N,68.344,W
10/15/2008,1:57:50,14.164,N,68.343,W
10/15/2008,1:59:50,14.165,N,68.343,W
10/15/2008,2:01:50,14.167,N,68.342,W
10/15/2008,2:03:49,14.168,N,68.341,W
10/15/2008,2:05:49,14.169,N,68.34,W
10/15/2008,2:07:49,14.171,N,68.34,W
10/15/2008,2:09:49,14.172,N,68.339,W
10/15/2008,2:11:50,14.174,N,68.338,W
10/15/2008,2:13:50,14.175,N,68.337,W
10/15/2008,2:15:50,14.177,N,68.336,W
10/15/2008,2:17:49,14.178,N,68.336,W
10/15/2008,2:19:49,14.18,N,68.335,W
10/15/2008,2:21:49,14.181,N,68.334,W
10/15/2008,2:23:49,14.183,N,68.333,W
10/15/2008,2:25:50,14.184,N,68.332,W
10/15/2008,2:27:50,14.186,N,68.331,W
10/15/2008,2:29:50,14.187,N,68.33,W
10/15/2008,2:31:50,14.189,N,68.329,W
10/15/2008,2:33:49,14.19,N,68.328,W
10/15/2008,2:35:49,14.192,N,68.327,W
10/15/2008,2:37:49,14.194,N,68.326,W
10/15/2008,2:39:49,14.195,N,68.324,W
10/15/2008,2:41:50,14.197,N,68.323,W
10/15/2008,2:43:50,14.198,N,68.322,W
10/15/2008,2:45:50,14.2,N,68.321,W
10/15/2008,2:47:49,14.201,N,68.319,W
10/15/2008,2:49:49,14.203,N,68.318,W
10/15/2008,2:51:49,14.205,N,68.317,W
10/15/2008,2:53:49,14.206,N,68.315,W
10/15/2008,2:55:50,14.208,N,68.314,W
10/15/2008,2:57:50,14.209,N,68.313,W
10/15/2008,2:59:50,14.211,N,68.311,W
10/15/2008,3:01:50,14.213,N,68.31,W
10/15/2008,3:03:49,14.214,N,68.308,W
10/15/2008,3:05:49,14.216,N,68.306,W
10/15/2008,3:07:49,14.218,N,68.305,W
10/15/2008,3:09:49,14.219,N,68.303,W
10/15/2008,3:11:50,14.221,N,68.301,W
10/15/2008,3:13:50,14.222,N,68.3,W
10/15/2008,3:15:50,14.224,N,68.298,W
10/15/2008,3:17:49,14.226,N,68.296,W
10/15/2008,3:19:49,14.228,N,68.294,W
10/15/2008,3:21:49,14.229,N,68.292,W
10/15/2008,3:23:49,14.231,N,68.29,W
10/15/2008,3:25:50,14.233,N,68.288,W
10/15/2008,3:27:50,14.234,N,68.286,W
10/15/2008,3:29:50,14.236,N,68.284,W
10/15/2008,3:31:50,14.238,N,68.282,W
10/15/2008,3:33:49,14.24,N,68.28,W
10/15/2008,3:35:49,14.241,N,68.277,W
10/15/2008,3:37:49,14.243,N,68.275,W
10/15/2008,3:39:49,14.245,N,68.273,W
10/15/2008,3:41:50,14.247,N,68.27,W
10/15/2008,3:43:50,14.248,N,68.268,W
10/15/2008,3:45:50,14.25,N,68.266,W
10/15/2008,3:47:49,14.252,N,68.263,W
10/15/2008,3:49:49,14.254,N,68.261,W
10/15/2008,3:51:49,14.256,N,68.258,W
10/15/2008,3:53:49,14.257,N,68.255,W
10/15/2008,3:55:50,14.259,N,68.253,W
10/15/2008,3:57:50,14.261,N,68.25,W
10/15/2008,3:59:50,14.263,N,68.247,W
10/15/2008,4:01:50,14.265,N,68.245,W
10/15/2008,4:03:49,14.266,N,68.242,W
10/15/2008,4:05:49,14.268,N,68.239,W
10/15/2008,4:07:49,14.27,N,68.236,W
10/15/2008,4:09:49,14.272,N,68.233,W
10/15/2008,4:11:50,14.274,N,68.231,W
10/15/2008,4:13:50,14.276,N,68.228,W
10/15/2008,4:15:50,14.278,N,68.225,W
10/15/2008,4:17:49,14.28,N,68.222,W
10/15/2008,4:19:49,14.281,N,68.219,W
10/15/2008,4:21:49,14.283,N,68.215,W
10/15/2008,4:23:49,14.285,N,68.212,W
10/15/2008,4:25:50,14.287,N,68.209,W
10/15/2008,4:27:50,14.289,N,68.206,W
10/15/2008,4:29:50,14.291,N,68.203,W
10/15/2008,4:31:50,14.293,N,68.2,W
10/15/2008,4:33:49,14.295,N,68.196,W
10/15/2008,4:35:49,14.297,N,68.193,W
10/15/2008,4:37:49,14.299,N,68.19,W
10/15/2008,4:39:49,14.301,N,68.186,W
10/15/2008,4:41:50,14.303,N,68.183,W
10/15/2008,4:43:50,14.305,N,68.179,W
10/15/2008,4:45:50,14.306,N,68.176,W
10/15/2008,4:47:49,14.308,N,68.172,W
10/15/2008,4:49:49,14.31,N,68.169,W
10/15/2008,4:51:49,14.312,N,68.165,W
10/15/2008,4:53:49,14.314,N,68.162,W
10/15/2008,4:55:50,14.316,N,68.158,W
10/15/2008,4:57:50,14.318,N,68.155,W
10/15/2008,4:59:50,14.32,N,68.151,W
10/15/2008,5:01:50,14.322,N,68.147,W
10/15/2008,5:03:49,14.324,N,68.144,W
10/15/2008,5:05:49,14.326,N,68.14,W
10/15/2008,5:07:49,14.328,N,68.136,W
10/15/2008,5:09:49,14.33,N,68.132,W
10/15/2008,5:11:50,14.332,N,68.129,W
10/15/2008,5:13:50,14.334,N,68.125,W
10/15/2008,5:15:50,14.336,N,68.121,W
10/15/2008,5:17:49,14.338,N,68.117,W
10/15/2008,5:19:49,14.34,N,68.113,W
10/15/2008,5:21:49,14.343,N,68.109,W
10/15/2008,5:23:49,14.345,N,68.105,W
10/15/2008,5:25:50,14.347,N,68.101,W
10/15/2008,5:27:50,14.349,N,68.097,W
10/15/2008,5:29:50,14.351,N,68.093,W
10/15/2008,5:31:50,14.353,N,68.089,W
10/15/2008,5:33:49,14.355,N,68.085,W
10/15/2008,5:35:49,14.357,N,68.081,W
10/15/2008,5:37:49,14.359,N,68.077,W
10/15/2008,5:39:49,14.361,N,68.073,W
10/15/2008,5:41:50,14.363,N,68.069,W
10/15/2008,5:43:50,14.365,N,68.065,W
10/15/2008,5:45:50,14.367,N,68.06,W
10/15/2008,5:47:30,14.369,N,68.057,W
10/15/2008,5:49:30,14.371,N,68.051,W
10/15/2008,5:51:30,14.373,N,68.046,W
10/15/2008,5:53:29,14.375,N,68.041,W
10/15/2008,5:55:29,14.377,N,68.035,W
10/15/2008,5:57:29,14.379,N,68.03,W
10/15/2008,5:59:29,14.38,N,68.025,W
10/15/2008,6:01:30,14.382,N,68.019,W
10/15/2008,6:03:30,14.384,N,68.014,W
10/15/2008,6:05:30,14.386,N,68.009,W
10/15/2008,6:07:30,14.388,N,68.004,W
10/15/2008,6:09:29,14.39,N,67.999,W
10/15/2008,6:11:29,14.392,N,67.994,W
10/15/2008,6:13:29,14.394,N,67.989,W
10/15/2008,6:15:30,14.396,N,67.984,W
10/15/2008,6:17:30,14.398,N,67.979,W
10/15/2008,6:19:30,14.401,N,67.974,W
10/15/2008,6:21:30,14.403,N,67.969,W
10/15/2008,6:23:29,14.405,N,67.965,W
10/15/2008,6:25:29,14.407,N,67.96,W
10/15/2008,6:27:29,14.409,N,67.955,W
10/15/2008,6:29:29,14.411,N,67.951,W
10/15/2008,6:31:30,14.413,N,67.946,W
10/15/2008,6:33:30,14.415,N,67.941,W
10/15/2008,6:35:30,14.417,N,67.937,W
10/15/2008,6:37:30,14.419,N,67.933,W
10/15/2008,6:39:29,14.422,N,67.928,W
10/15/2008,6:41:29,14.424,N,67.924,W
10/15/2008,6:43:29,14.426,N,67.919,W
10/15/2008,6:45:30,14.428,N,67.915,W
10/15/2008,6:47:30,14.43,N,67.911,W
10/15/2008,6:49:30,14.432,N,67.907,W
10/15/2008,6:51:30,14.435,N,67.902,W
10/15/2008,6:53:29,14.437,N,67.898,W
10/15/2008,6:55:29,14.439,N,67.894,W
10/15/2008,6:57:29,14.441,N,67.89,W
10/15/2008,6:59:29,14.444,N,67.886,W
10/15/2008,7:01:30,14.446,N,67.882,W
10/15/2008,7:03:30,14.448,N,67.878,W
10/15/2008,7:05:30,14.45,N,67.874,W
10/15/2008,7:07:30,14.453,N,67.87,W
10/15/2008,7:09:29,14.455,N,67.866,W
10/15/2008,7:11:29,14.457,N,67.862,W
10/15/2008,7:13:29,14.459,N,67.858,W
10/15/2008,7:15:30,14.462,N,67.854,W
10/15/2008,7:17:30,14.464,N,67.851,W
10/15/2008,7:19:30,14.466,N,67.847,W
10/15/2008,7:21:30,14.469,N,67.843,W
10/15/2008,7:23:29,14.471,N,67.839,W
10/15/2008,7:25:29,14.473,N,67.836,W
10/15/2008,7:27:29,14.476,N,67.832,W
10/15/2008,7:28:36,14.477,N,67.83,W
10/15/2008,7:30:36,14.479,N,67.826,W
10/15/2008,7:32:36,14.481,N,67.822,W
10/15/2008,7:34:37,14.483,N,67.818,W
10/15/2008,7:36:37,14.486,N,67.814,W
10/15/2008,7:38:37,14.488,N,67.811,W
10/15/2008,7:40:37,14.49,N,67.807,W
10/15/2008,7:42:36,14.492,N,67.803,W
10/15/2008,7:44:36,14.494,N,67.8,W
10/15/2008,7:46:36,14.496,N,67.796,W
10/15/2008,7:48:36,14.498,N,67.792,W
10/15/2008,7:50:37,14.501,N,67.789,W
10/15/2008,7:52:37,14.503,N,67.785,W
10/15/2008,7:54:37,14.505,N,67.782,W
10/15/2008,7:56:37,14.507,N,67.778,W
10/15/2008,7:58:36,14.509,N,67.775,W
10/15/2008,8:00:36,14.512,N,67.771,W
10/15/2008,8:02:36,14.514,N,67.768,W
10/15/2008,8:04:37,14.516,N,67.764,W
10/15/2008,8:06:37,14.518,N,67.761,W
10/15/2008,8:08:37,14.52,N,67.758,W
10/15/2008,8:10:37,14.523,N,67.754,W
10/15/2008,8:12:36,14.525,N,67.751,W
10/15/2008,8:14:36,14.527,N,67.748,W
10/15/2008,8:16:36,14.53,N,67.745,W
10/15/2008,8:18:36,14.532,N,67.741,W
10/15/2008,8:20:37,14.534,N,67.738,W
10/15/2008,8:22:37,14.537,N,67.735,W
10/15/2008,8:24:37,14.539,N,67.732,W
10/15/2008,8:26:37,14.542,N,67.729,W
10/15/2008,8:28:36,14.544,N,67.726,W
10/15/2008,8:30:36,14.546,N,67.723,W
10/15/2008,8:32:36,14.549,N,67.72,W
10/15/2008,8:34:37,14.551,N,67.717,W
10/15/2008,8:36:37,14.554,N,67.714,W
10/15/2008,8:38:37,14.557,N,67.711,W
10/15/2008,8:40:37,14.559,N,67.708,W
10/15/2008,8:42:36,14.562,N,67.705,W
10/15/2008,8:44:36,14.564,N,67.702,W
10/15/2008,8:46:36,14.567,N,67.699,W
10/15/2008,8:48:36,14.57,N,67.697,W
10/15/2008,8:50:37,14.572,N,67.694,W
10/15/2008,8:52:37,14.575,N,67.691,W
10/15/2008,8:54:37,14.578,N,67.688,W
10/15/2008,8:56:37,14.581,N,67.686,W
10/15/2008,8:58:36,14.584,N,67.683,W
10/15/2008,9:00:36,14.587,N,67.68,W
10/15/2008,9:02:36,14.589,N,67.678,W
10/15/2008,9:04:37,14.592,N,67.675,W
10/15/2008,9:06:37,14.595,N,67.672,W
10/15/2008,9:08:37,14.598,N,67.67,W
10/15/2008,9:10:37,14.601,N,67.667,W
10/15/2008,9:12:13,14.604,N,67.665,W
10/15/2008,9:14:13,14.607,N,67.662,W
10/15/2008,9:16:14,14.61,N,67.659,W
10/15/2008,9:18:14,14.613,N,67.656,W
10/15/2008,9:20:14,14.616,N,67.654,W
10/15/2008,9:22:14,14.619,N,67.651,W
10/15/2008,9:24:13,14.622,N,67.648,W
10/15/2008,9:26:13,14.625,N,67.645,W
10/15/2008,9:28:13,14.628,N,67.643,W
10/15/2008,9:30:13,14.631,N,67.64,W
10/15/2008,9:32:14,14.635,N,67.637,W
10/15/2008,9:34:14,14.638,N,67.634,W
10/15/2008,9:36:14,14.641,N,67.632,W
10/15/2008,9:38:14,14.644,N,67.629,W
10/15/2008,9:40:13,14.648,N,67.627,W
10/15/2008,9:42:13,14.651,N,67.624,W
10/15/2008,9:44:13,14.654,N,67.621,W
10/15/2008,9:46:14,14.658,N,67.619,W
10/15/2008,9:48:14,14.661,N,67.616,W
10/15/2008,9:50:14,14.665,N,67.614,W
10/15/2008,9:52:14,14.668,N,67.611,W
10/15/2008,9:54:13,14.672,N,67.609,W
10/15/2008,9:56:13,14.675,N,67.606,W
10/15/2008,9:58:13,14.679,N,67.604,W
10/15/2008,10:00:13,14.683,N,67.602,W
10/15/2008,10:02:14,14.687,N,67.599,W
10/15/2008,10:04:14,14.69,N,67.597,W
10/15/2008,10:06:14,14.694,N,67.595,W
10/15/2008,10:08:14,14.698,N,67.592,W
10/15/2008,10:10:13,14.702,N,67.59,W
10/15/2008,10:12:13,14.706,N,67.588,W
10/15/2008,10:14:13,14.71,N,67.586,W
10/15/2008,10:16:14,14.714,N,67.584,W
10/15/2008,10:18:14,14.718,N,67.581,W
10/15/2008,10:20:14,14.722,N,67.579,W
10/15/2008,10:22:14,14.726,N,67.577,W
10/15/2008,10:24:13,14.73,N,67.575,W
10/15/2008,10:26:13,14.734,N,67.573,W
10/15/2008,10:28:13,14.739,N,67.571,W
10/15/2008,10:30:13,14.743,N,67.569,W
10/15/2008,10:32:14,14.747,N,67.567,W
10/15/2008,10:34:14,14.752,N,67.565,W
10/15/2008,10:36:14,14.756,N,67.564,W
10/15/2008,10:38:14,14.761,N,67.562,W
10/15/2008,10:40:13,14.765,N,67.56,W
10/15/2008,10:42:13,14.77,N,67.558,W
10/15/2008,10:44:13,14.775,N,67.556,W
10/15/2008,10:46:14,14.779,N,67.555,W
10/15/2008,10:48:14,14.784,N,67.553,W
10/15/2008,10:50:14,14.789,N,67.551,W
10/15/2008,10:52:14,14.794,N,67.55,W
10/15/2008,10:54:13,14.799,N,67.548,W
10/15/2008,10:56:13,14.804,N,67.547,W
10/15/2008,10:58:13,14.809,N,67.545,W
10/15/2008,11:00:13,14.814,N,67.544,W
10/15/2008,11:02:14,14.819,N,67.542,W
10/15/2008,11:02:36,14.82,N,67.542,W
10/15/2008,11:04:37,14.824,N,67.54,W
10/15/2008,11:06:37,14.828,N,67.537,W
10/15/2008,11:08:37,14.831,N,67.535,W
10/15/2008,11:10:37,14.835,N,67.532,W
10/15/2008,11:12:36,14.839,N,67.53,W
10/15/2008,11:14:36,14.843,N,67.527,W
10/15/2008,11:16:36,14.846,N,67.525,W
10/15/2008,11:18:36,14.85,N,67.522,W
10/15/2008,11:20:37,14.854,N,67.52,W
10/15/2008,11:22:37,14.857,N,67.517,W
10/15/2008,11:24:37,14.861,N,67.515,W
10/15/2008,11:26:37,14.865,N,67.512,W
10/15/2008,11:28:36,14.868,N,67.509,W
10/15/2008,11:30:36,14.872,N,67.507,W
10/15/2008,11:32:36,14.876,N,67.504,W
10/15/2008,11:34:37,14.879,N,67.502,W
10/15/2008,11:36:37,14.883,N,67.499,W
10/15/2008,11:38:37,14.887,N,67.496,W
10/15/2008,11:40:37,14.89,N,67.494,W
10/15/2008,11:42:36,14.894,N,67.491,W
10/15/2008,11:44:36,14.897,N,67.488,W
10/15/2008,11:46:36,14.901,N,67.485,W
10/15/2008,11:48:36,14.905,N,67.483,W
10/15/2008,11:50:37,14.908,N,67.48,W
10/15/2008,11:52:37,14.912,N,67.477,W
10/15/2008,11:54:37,14.915,N,67.474,W
10/15/2008,11:56:37,14.919,N,67.472,W
10/15/2008,11:58:36,14.922,N,67.469,W
10/15/2008,12:00:36,14.926,N,67.466,W
10/15/2008,12:02:36,14.929,N,67.463,W
10/15/2008,12:04:37,14.933,N,67.46,W
10/15/2008,12:06:37,14.936,N,67.457,W
10/15/2008,12:08:37,14.94,N,67.454,W
10/15/2008,12:10:37,14.943,N,67.452,W
10/15/2008,12:12:36,14.947,N,67.449,W
10/15/2008,12:14:36,14.95,N,67.446,W
10/15/2008,12:16:36,14.954,N,67.443,W
10/15/2008,12:18:36,14.957,N,67.44,W
10/15/2008,12:20:37,14.96,N,67.437,W
10/15/2008,12:22:37,14.964,N,67.434,W
10/15/2008,12:24:37,14.967,N,67.431,W
10/15/2008,12:26:37,14.97,N,67.428,W
10/15/2008,12:28:36,14.974,N,67.424,W
10/15/2008,12:30:36,14.977,N,67.421,W
10/15/2008,12:32:36,14.98,N,67.418,W
10/15/2008,12:34:37,14.984,N,67.415,W
10/15/2008,12:36:37,14.987,N,67.412,W
10/15/2008,12:38:37,14.99,N,67.409,W
10/15/2008,12:40:37,14.994,N,67.406,W
10/15/2008,12:42:36,14.997,N,67.402,W
10/15/2008,12:44:36,15,N,67.399,W
10/15/2008,12:46:36,15.003,N,67.396,W
10/15/2008,12:48:36,15.006,N,67.393,W
10/15/2008,12:50:37,15.01,N,67.389,W
10/15/2008,12:52:37,15.013,N,67.386,W
10/15/2008,12:54:37,15.016,N,67.383,W
10/15/2008,12:56:37,15.019,N,67.379,W
10/15/2008,12:58:36,15.022,N,67.376,W
10/15/2008,13:00:36,15.025,N,67.372,W
10/15/2008,13:02:36,15.029,N,67.369,W
10/15/2008,13:04:37,15.032,N,67.365,W
10/15/2008,13:06:37,15.035,N,67.362,W
10/15/2008,13:08:37,15.038,N,67.358,W
10/15/2008,13:10:37,15.041,N,67.355,W
10/15/2008,13:12:36,15.044,N,67.351,W
10/15/2008,13:14:36,15.047,N,67.348,W
10/15/2008,13:16:36,15.05,N,67.344,W
10/15/2008,13:18:36,15.053,N,67.341,W
10/15/2008,13:20:37,15.056,N,67.337,W
10/15/2008,13:22:37,15.06,N,67.333,W
10/15/2008,13:24:37,15.063,N,67.33,W
10/15/2008,13:26:37,15.066,N,67.326,W
10/15/2008,13:28:36,15.069,N,67.322,W
10/15/2008,13:30:36,15.072,N,67.318,W
10/15/2008,13:32:36,15.075,N,67.315,W
10/15/2008,13:34:37,15.078,N,67.311,W
10/15/2008,13:36:37,15.081,N,67.307,W
10/15/2008,13:38:37,15.084,N,67.303,W
10/15/2008,13:40:37,15.087,N,67.299,W
10/15/2008,13:42:36,15.09,N,67.295,W
10/15/2008,13:44:36,15.093,N,67.291,W
10/15/2008,13:46:36,15.096,N,67.288,W
10/15/2008,13:48:36,15.099,N,67.284,W
10/15/2008,13:50:37,15.102,N,67.28,W
10/15/2008,13:52:37,15.105,N,67.276,W
10/15/2008,13:54:37,15.108,N,67.272,W
10/15/2008,13:56:37,15.111,N,67.267,W
10/15/2008,13:58:36,15.114,N,67.263,W
10/15/2008,14:00:36,15.117,N,67.259,W
10/15/2008,14:02:36,15.12,N,67.255,W
10/15/2008,14:04:37,15.123,N,67.251,W
10/15/2008,14:06:37,15.126,N,67.247,W
10/15/2008,14:08:37,15.129,N,67.243,W
10/15/2008,14:10:37,15.132,N,67.238,W
10/15/2008,14:12:36,15.135,N,67.234,W
10/15/2008,14:14:36,15.138,N,67.23,W
10/15/2008,14:16:36,15.141,N,67.225,W
10/15/2008,14:18:36,15.144,N,67.221,W
10/15/2008,14:20:37,15.147,N,67.217,W
10/15/2008,14:22:37,15.15,N,67.212,W
10/15/2008,14:24:37,15.153,N,67.208,W
10/15/2008,14:26:37,15.157,N,67.204,W
10/15/2008,14:28:36,15.16,N,67.199,W
10/15/2008,14:30:36,15.163,N,67.195,W
10/15/2008,14:32:36,15.166,N,67.19,W
10/15/2008,14:34:37,15.169,N,67.185,W
10/15/2008,14:36:37,15.172,N,67.181,W
10/15/2008,14:38:37,15.175,N,67.176,W
10/15/2008,14:40:37,15.178,N,67.172,W
10/15/2008,14:42:36,15.181,N,67.167,W
10/15/2008,14:44:36,15.184,N,67.162,W
10/15/2008,14:46:36,15.187,N,67.158,W
10/15/2008,14:48:36,15.191,N,67.153,W
10/15/2008,14:50:37,15.194,N,67.148,W
10/15/2008,14:52:37,15.197,N,67.143,W
10/15/2008,14:54:37,15.2,N,67.139,W
10/15/2008,14:56:37,15.203,N,67.134,W
10/15/2008,14:58:36,15.207,N,67.129,W
10/15/2008,15:00:36,15.21,N,67.124,W
10/15/2008,15:02:36,15.213,N,67.119,W
10/15/2008,15:04:37,15.216,N,67.114,W
10/15/2008,15:06:37,15.219,N,67.109,W
10/15/2008,15:08:37,15.223,N,67.104,W
10/15/2008,15:10:37,15.226,N,67.099,W
10/15/2008,15:12:36,15.229,N,67.094,W
10/15/2008,15:14:36,15.233,N,67.089,W
10/15/2008,15:16:36,15.236,N,67.084,W
10/15/2008,15:18:36,15.239,N,67.079,W
10/15/2008,15:20:37,15.243,N,67.074,W
10/15/2008,15:22:37,15.246,N,67.068,W
10/15/2008,15:24:37,15.249,N,67.063,W
10/15/2008,15:26:37,15.253,N,67.058,W
10/15/2008,15:28:36,15.256,N,67.053,W
10/15/2008,15:30:36,15.259,N,67.047,W
10/15/2008,15:32:36,15.263,N,67.042,W
10/15/2008,15:34:37,15.266,N,67.037,W
10/15/2008,15:36:37,15.27,N,67.031,W
10/15/2008,15:38:37,15.273,N,67.026,W
10/15/2008,15:40:37,15.277,N,67.02,W
10/15/2008,15:42:36,15.28,N,67.015,W
10/15/2008,15:44:36,15.284,N,67.009,W
10/15/2008,15:46:36,15.287,N,67.004,W
10/15/2008,15:48:36,15.291,N,66.998,W
10/15/2008,15:50:37,15.295,N,66.992,W
10/15/2008,15:52:37,15.298,N,66.987,W
10/15/2008,15:54:37,15.302,N,66.981,W
10/15/2008,15:56:37,15.306,N,66.975,W
10/15/2008,15:58:36,15.309,N,66.97,W
10/15/2008,16:00:36,15.313,N,66.964,W
10/15/2008,16:02:36,15.317,N,66.958,W
10/15/2008,16:04:36,15.321,N,66.952,W
10/15/2008,16:06:36,15.324,N,66.946,W
10/15/2008,16:08:36,15.328,N,66.941,W
10/15/2008,16:10:36,15.332,N,66.935,W
10/15/2008,16:12:37,15.336,N,66.929,W
10/15/2008,16:14:37,15.34,N,66.923,W
10/15/2008,16:16:37,15.344,N,66.917,W
10/15/2008,16:18:37,15.347,N,66.911,W
10/15/2008,16:20:37,15.351,N,66.905,W
10/15/2008,16:22:37,15.355,N,66.899,W
10/15/2008,16:24:37,15.359,N,66.892,W
10/15/2008,16:26:37,15.363,N,66.886,W
10/15/2008,16:28:36,15.367,N,66.88,W
10/15/2008,16:30:36,15.371,N,66.874,W
10/15/2008,16:32:36,15.375,N,66.868,W
10/15/2008,16:34:36,15.379,N,66.862,W
10/15/2008,16:36:36,15.384,N,66.855,W
10/15/2008,16:38:36,15.388,N,66.849,W
10/15/2008,16:40:36,15.392,N,66.843,W
10/15/2008,16:42:37,15.396,N,66.836,W
10/15/2008,16:44:37,15.4,N,66.83,W
10/15/2008,16:46:37,15.404,N,66.824,W
10/15/2008,16:48:37,15.408,N,66.817,W
10/15/2008,16:50:37,15.413,N,66.811,W
10/15/2008,16:52:37,15.417,N,66.804,W
10/15/2008,16:54:37,15.421,N,66.798,W
10/15/2008,16:56:37,15.425,N,66.791,W
10/15/2008,16:58:36,15.43,N,66.785,W
10/15/2008,17:00:36,15.434,N,66.778,W
10/15/2008,17:02:36,15.438,N,66.772,W
10/15/2008,17:04:36,15.443,N,66.765,W
10/15/2008,17:06:36,15.447,N,66.758,W
10/15/2008,17:08:36,15.451,N,66.752,W
10/15/2008,17:10:36,15.456,N,66.745,W
10/15/2008,17:12:37,15.46,N,66.738,W
10/15/2008,17:14:37,15.464,N,66.732,W
10/15/2008,17:16:37,15.469,N,66.725,W
10/15/2008,17:18:37,15.473,N,66.718,W
10/15/2008,17:20:37,15.478,N,66.712,W
10/15/2008,17:22:37,15.482,N,66.705,W
10/15/2008,17:24:37,15.487,N,66.698,W
10/15/2008,17:26:37,15.491,N,66.691,W
10/15/2008,17:28:36,15.496,N,66.684,W
10/15/2008,17:30:36,15.5,N,66.678,W
10/15/2008,17:32:36,15.505,N,66.671,W
10/15/2008,17:34:36,15.509,N,66.664,W
10/15/2008,17:35:27,15.511,N,66.661,W
10/15/2008,17:37:27,15.514,N,66.653,W
10/15/2008,17:39:27,15.517,N,66.646,W
10/15/2008,17:41:27,15.52,N,66.638,W
10/15/2008,17:43:27,15.523,N,66.631,W
10/15/2008,17:45:26,15.526,N,66.623,W
10/15/2008,17:47:26,15.53,N,66.616,W
10/15/2008,17:49:26,15.533,N,66.608,W
10/15/2008,17:51:26,15.537,N,66.601,W
10/15/2008,17:53:26,15.54,N,66.593,W
10/15/2008,17:55:26,15.544,N,66.586,W
10/15/2008,17:57:26,15.547,N,66.579,W
10/15/2008,17:59:27,15.551,N,66.571,W
10/15/2008,18:01:27,15.555,N,66.564,W
10/15/2008,18:03:27,15.559,N,66.557,W
10/15/2008,18:05:27,15.563,N,66.549,W
10/15/2008,18:07:27,15.567,N,66.542,W
10/15/2008,18:09:27,15.571,N,66.535,W
10/15/2008,18:11:27,15.575,N,66.527,W
10/15/2008,18:13:27,15.58,N,66.52,W
10/15/2008,18:15:26,15.584,N,66.513,W
10/15/2008,18:17:26,15.589,N,66.505,W
10/15/2008,18:19:26,15.593,N,66.498,W
10/15/2008,18:21:26,15.598,N,66.491,W
10/15/2008,18:23:26,15.602,N,66.484,W
10/15/2008,18:25:26,15.607,N,66.477,W
10/15/2008,18:27:26,15.612,N,66.469,W
10/15/2008,18:29:27,15.616,N,66.462,W
10/15/2008,18:31:27,15.621,N,66.455,W
10/15/2008,18:33:27,15.626,N,66.448,W
10/15/2008,18:35:27,15.631,N,66.441,W
10/15/2008,18:37:27,15.636,N,66.434,W
10/15/2008,18:39:27,15.641,N,66.427,W
10/15/2008,18:41:27,15.647,N,66.419,W
10/15/2008,18:43:27,15.652,N,66.412,W
10/15/2008,18:45:26,15.657,N,66.405,W
10/15/2008,18:47:26,15.662,N,66.398,W
10/15/2008,18:49:26,15.668,N,66.391,W
10/15/2008,18:51:26,15.673,N,66.384,W
10/15/2008,18:53:26,15.679,N,66.377,W
10/15/2008,18:55:26,15.684,N,66.37,W
10/15/2008,18:57:26,15.69,N,66.363,W
10/15/2008,18:59:27,15.696,N,66.356,W
10/15/2008,19:01:27,15.701,N,66.349,W
10/15/2008,19:03:27,15.707,N,66.342,W
10/15/2008,19:05:27,15.713,N,66.335,W
10/15/2008,19:07:27,15.719,N,66.328,W
10/15/2008,19:09:27,15.725,N,66.321,W
10/15/2008,19:11:27,15.731,N,66.314,W
10/15/2008,19:13:27,15.737,N,66.307,W
10/15/2008,19:15:26,15.743,N,66.301,W
10/15/2008,19:17:26,15.749,N,66.294,W
10/15/2008,19:19:26,15.755,N,66.287,W
10/15/2008,19:21:26,15.761,N,66.28,W
10/15/2008,19:23:26,15.767,N,66.273,W
10/15/2008,19:24:20,15.77,N,66.27,W
10/15/2008,19:26:19,15.777,N,66.266,W
10/15/2008,19:28:19,15.785,N,66.263,W
10/15/2008,19:30:19,15.792,N,66.259,W
10/15/2008,19:32:19,15.8,N,66.255,W
10/15/2008,19:34:19,15.808,N,66.252,W
10/15/2008,19:36:19,15.815,N,66.248,W
10/15/2008,19:38:19,15.823,N,66.244,W
10/15/2008,19:40:20,15.83,N,66.24,W
10/15/2008,19:42:20,15.838,N,66.236,W
10/15/2008,19:44:20,15.846,N,66.232,W
10/15/2008,19:46:20,15.853,N,66.228,W
10/15/2008,19:48:20,15.861,N,66.224,W
10/15/2008,19:50:20,15.869,N,66.219,W
10/15/2008,19:52:20,15.876,N,66.215,W
10/15/2008,19:54:20,15.884,N,66.21,W
10/15/2008,19:56:19,15.891,N,66.205,W
10/15/2008,19:58:19,15.899,N,66.2,W
10/15/2008,20:00:19,15.906,N,66.195,W
10/15/2008,20:02:19,15.913,N,66.189,W
10/15/2008,20:04:19,15.921,N,66.184,W
10/15/2008,20:06:19,15.928,N,66.178,W
10/15/2008,20:08:19,15.935,N,66.172,W
10/15/2008,20:10:20,15.942,N,66.166,W
10/15/2008,20:12:20,15.949,N,66.159,W
10/15/2008,20:14:20,15.956,N,66.152,W
10/15/2008,20:16:20,15.963,N,66.145,W
10/15/2008,20:18:20,15.97,N,66.138,W
10/15/2008,20:20:20,15.977,N,66.131,W
10/15/2008,20:22:20,15.984,N,66.123,W
10/15/2008,20:24:20,15.99,N,66.116,W
10/15/2008,20:26:19,15.997,N,66.108,W
10/15/2008,20:28:19,16.003,N,66.1,W
10/15/2008,20:30:19,16.01,N,66.092,W
10/15/2008,20:32:19,16.016,N,66.083,W
10/15/2008,20:34:19,16.023,N,66.075,W
10/15/2008,20:36:19,16.029,N,66.066,W
10/15/2008,20:38:19,16.036,N,66.057,W
10/15/2008,20:40:20,16.042,N,66.048,W
10/15/2008,20:42:20,16.048,N,66.039,W
10/15/2008,20:44:20,16.054,N,66.03,W
10/15/2008,20:46:20,16.061,N,66.02,W
10/15/2008,20:48:20,16.067,N,66.011,W
10/15/2008,20:50:20,16.073,N,66.001,W
10/15/2008,20:52:20,16.079,N,65.992,W
10/15/2008,20:54:20,16.085,N,65.982,W
10/15/2008,20:56:19,16.091,N,65.972,W
10/15/2008,20:58:19,16.097,N,65.962,W
10/15/2008,21:00:19,16.103,N,65.952,W
10/15/2008,21:02:19,16.109,N,65.942,W
10/15/2008,21:03:20,16.112,N,65.937,W
10/15/2008,21:05:20,16.118,N,65.927,W
10/15/2008,21:07:20,16.124,N,65.917,W
10/15/2008,21:09:20,16.13,N,65.907,W
10/15/2008,21:11:19,16.136,N,65.896,W
10/15/2008,21:13:19,16.142,N,65.886,W
10/15/2008,21:15:19,16.148,N,65.876,W
10/15/2008,21:17:19,16.154,N,65.865,W
10/15/2008,21:19:19,16.159,N,65.855,W
10/15/2008,21:21:19,16.165,N,65.844,W
10/15/2008,21:21:58,16.167,N,65.841,W
10/15/2008,21:23:58,16.173,N,65.831,W
10/15/2008,21:25:57,16.179,N,65.821,W
10/15/2008,21:27:57,16.185,N,65.811,W
10/15/2008,21:29:57,16.191,N,65.801,W
10/15/2008,21:31:57,16.197,N,65.791,W
10/15/2008,21:33:57,16.202,N,65.781,W
10/15/2008,21:35:57,16.208,N,65.771,W
10/15/2008,21:37:57,16.214,N,65.761,W
10/15/2008,21:39:58,16.22,N,65.751,W
10/15/2008,21:41:58,16.226,N,65.742,W
10/15/2008,21:43:58,16.232,N,65.732,W
10/15/2008,21:45:58,16.238,N,65.722,W
10/15/2008,21:47:58,16.244,N,65.713,W
10/15/2008,21:49:58,16.25,N,65.704,W
10/15/2008,21:51:58,16.255,N,65.694,W
10/15/2008,21:53:58,16.261,N,65.685,W
10/15/2008,21:55:57,16.267,N,65.676,W
10/15/2008,21:57:57,16.273,N,65.667,W
10/15/2008,21:59:57,16.279,N,65.658,W
10/15/2008,22:01:57,16.285,N,65.649,W
10/15/2008,22:03:57,16.291,N,65.641,W
10/15/2008,22:05:57,16.297,N,65.632,W
10/15/2008,22:07:57,16.303,N,65.624,W
10/15/2008,22:09:58,16.308,N,65.615,W
10/15/2008,22:11:58,16.314,N,65.607,W
10/15/2008,22:13:58,16.32,N,65.599,W
10/15/2008,22:15:58,16.326,N,65.591,W
10/15/2008,22:17:58,16.332,N,65.583,W
10/15/2008,22:19:58,16.338,N,65.576,W
10/15/2008,22:21:58,16.344,N,65.568,W
10/15/2008,22:23:58,16.35,N,65.561,W
10/15/2008,22:25:57,16.355,N,65.554,W
10/15/2008,22:27:57,16.361,N,65.547,W
10/15/2008,22:29:57,16.367,N,65.54,W
10/15/2008,22:31:57,16.373,N,65.533,W
10/15/2008,22:33:57,16.379,N,65.526,W
10/15/2008,22:35:57,16.385,N,65.52,W
10/15/2008,22:37:57,16.391,N,65.514,W
10/15/2008,22:39:58,16.397,N,65.508,W
10/15/2008,22:41:58,16.402,N,65.502,W
10/15/2008,22:43:58,16.408,N,65.496,W
10/15/2008,22:45:58,16.414,N,65.491,W
10/15/2008,22:47:58,16.42,N,65.486,W
10/15/2008,22:49:58,16.426,N,65.481,W
10/15/2008,22:51:58,16.432,N,65.476,W
10/15/2008,22:53:58,16.437,N,65.471,W
10/15/2008,22:55:57,16.443,N,65.467,W
10/15/2008,22:57:57,16.449,N,65.462,W
10/15/2008,22:59:57,16.455,N,65.458,W
10/15/2008,23:01:57,16.461,N,65.454,W
10/15/2008,23:03:57,16.467,N,65.451,W
10/15/2008,23:05:57,16.472,N,65.447,W
10/15/2008,23:07:57,16.478,N,65.444,W
10/15/2008,23:09:58,16.484,N,65.441,W
10/15/2008,23:11:58,16.49,N,65.438,W
10/15/2008,23:13:58,16.496,N,65.435,W
10/15/2008,23:15:58,16.502,N,65.432,W
10/15/2008,23:17:24,16.506,N,65.43,W
10/15/2008,23:19:24,16.512,N,65.423,W
10/15/2008,23:21:24,16.518,N,65.416,W
10/15/2008,23:23:24,16.524,N,65.41,W
10/15/2008,23:25:25,16.53,N,65.403,W
10/15/2008,23:27:25,16.536,N,65.396,W
10/15/2008,23:29:25,16.542,N,65.39,W
10/15/2008,23:31:25,16.548,N,65.383,W
10/15/2008,23:33:25,16.554,N,65.376,W
10/15/2008,23:35:25,16.56,N,65.37,W
10/15/2008,23:37:25,16.566,N,65.363,W
10/15/2008,23:39:24,16.573,N,65.357,W
10/15/2008,23:41:24,16.579,N,65.35,W
10/15/2008,23:43:24,16.585,N,65.343,W
10/15/2008,23:45:24,16.591,N,65.337,W
10/15/2008,23:47:24,16.597,N,65.33,W
10/15/2008,23:49:24,16.603,N,65.324,W
10/15/2008,23:51:24,16.609,N,65.317,W
10/15/2008,23:53:24,16.616,N,65.311,W
10/15/2008,23:55:25,16.622,N,65.304,W
10/15/2008,23:57:25,16.628,N,65.298,W
10/15/2008,23:59:25,16.634,N,65.292,W
10/16/2008,0:01:25,16.64,N,65.285,W
10/16/2008,0:03:25,16.647,N,65.279,W
10/16/2008,0:05:25,16.653,N,65.272,W
10/16/2008,0:07:25,16.659,N,65.266,W
10/16/2008,0:09:24,16.665,N,65.259,W
10/16/2008,0:11:24,16.672,N,65.253,W
10/16/2008,0:13:24,16.678,N,65.247,W
10/16/2008,0:15:24,16.685,N,65.24,W
10/16/2008,0:17:24,16.691,N,65.234,W
10/16/2008,0:19:24,16.697,N,65.228,W
10/16/2008,0:21:24,16.704,N,65.221,W
10/16/2008,0:23:24,16.71,N,65.215,W
10/16/2008,0:25:25,16.717,N,65.208,W
10/16/2008,0:27:25,16.723,N,65.202,W
10/16/2008,0:29:25,16.73,N,65.196,W
10/16/2008,0:31:25,16.736,N,65.189,W
10/16/2008,0:33:25,16.743,N,65.183,W
10/16/2008,0:35:25,16.749,N,65.177,W
10/16/2008,0:37:25,16.756,N,65.17,W
10/16/2008,0:39:24,16.763,N,65.164,W
10/16/2008,0:41:24,16.769,N,65.157,W
10/16/2008,0:43:24,16.776,N,65.151,W
10/16/2008,0:45:24,16.783,N,65.144,W
10/16/2008,0:47:24,16.79,N,65.138,W
10/16/2008,0:49:24,16.797,N,65.132,W
10/16/2008,0:51:24,16.803,N,65.125,W
10/16/2008,0:53:24,16.81,N,65.119,W
10/16/2008,0:55:25,16.817,N,65.112,W
10/16/2008,0:57:25,16.824,N,65.106,W
10/16/2008,0:59:25,16.831,N,65.099,W
10/16/2008,1:01:25,16.838,N,65.093,W
10/16/2008,1:03:25,16.845,N,65.086,W
10/16/2008,1:05:25,16.852,N,65.079,W
10/16/2008,1:07:25,16.86,N,65.073,W
10/16/2008,1:09:24,16.867,N,65.066,W
10/16/2008,1:11:24,16.874,N,65.06,W
10/16/2008,1:13:24,16.881,N,65.053,W
10/16/2008,1:15:24,16.889,N,65.046,W
10/16/2008,1:17:24,16.896,N,65.04,W
10/16/2008,1:19:24,16.903,N,65.033,W
10/16/2008,1:21:24,16.911,N,65.026,W
10/16/2008,1:23:24,16.918,N,65.019,W
10/16/2008,1:25:25,16.926,N,65.013,W
10/16/2008,1:27:25,16.933,N,65.006,W
10/16/2008,1:29:25,16.941,N,64.999,W
10/16/2008,1:31:25,16.948,N,64.992,W
10/16/2008,1:33:25,16.956,N,64.985,W
10/16/2008,1:35:25,16.964,N,64.978,W
10/16/2008,1:37:25,16.972,N,64.971,W
10/16/2008,1:39:24,16.98,N,64.964,W
10/16/2008,1:41:24,16.987,N,64.957,W
10/16/2008,1:43:24,16.995,N,64.95,W
10/16/2008,1:45:24,17.003,N,64.943,W
10/16/2008,1:47:24,17.011,N,64.936,W
10/16/2008,1:49:24,17.02,N,64.929,W
10/16/2008,1:51:24,17.028,N,64.922,W
10/16/2008,1:53:24,17.036,N,64.914,W
10/16/2008,1:55:25,17.044,N,64.907,W
10/16/2008,1:57:25,17.052,N,64.9,W
10/16/2008,1:59:25,17.061,N,64.892,W
10/16/2008,2:01:25,17.069,N,64.885,W
10/16/2008,2:03:25,17.078,N,64.878,W
10/16/2008,2:05:25,17.086,N,64.87,W
10/16/2008,2:07:25,17.095,N,64.863,W
10/16/2008,2:09:24,17.103,N,64.855,W
10/16/2008,2:11:24,17.112,N,64.848,W
10/16/2008,2:13:24,17.12,N,64.84,W
10/16/2008,2:15:24,17.129,N,64.833,W
10/16/2008,2:17:24,17.138,N,64.825,W
10/16/2008,2:19:24,17.147,N,64.817,W
10/16/2008,2:21:24,17.155,N,64.81,W
10/16/2008,2:23:24,17.164,N,64.802,W
10/16/2008,2:25:25,17.173,N,64.794,W
10/16/2008,2:27:25,17.182,N,64.786,W
10/16/2008,2:29:25,17.191,N,64.779,W
10/16/2008,2:31:25,17.2,N,64.771,W
10/16/2008,2:33:25,17.209,N,64.763,W
10/16/2008,2:35:25,17.218,N,64.755,W
10/16/2008,2:37:25,17.227,N,64.747,W
10/16/2008,2:37:59,17.23,N,64.745,W
10/16/2008,2:39:59,17.24,N,64.737,W
10/16/2008,2:41:59,17.249,N,64.729,W
10/16/2008,2:43:58,17.259,N,64.72,W
10/16/2008,2:45:58,17.268,N,64.712,W
10/16/2008,2:47:58,17.278,N,64.704,W
10/16/2008,2:49:58,17.288,N,64.696,W
10/16/2008,2:51:58,17.297,N,64.687,W
10/16/2008,2:53:58,17.307,N,64.679,W
10/16/2008,2:55:58,17.317,N,64.671,W
10/16/2008,2:57:59,17.326,N,64.663,W
10/16/2008,2:59:59,17.336,N,64.654,W
10/16/2008,3:01:59,17.346,N,64.646,W
10/16/2008,3:03:59,17.355,N,64.638,W
10/16/2008,3:05:59,17.365,N,64.629,W
10/16/2008,3:07:59,17.375,N,64.621,W
10/16/2008,3:09:59,17.384,N,64.613,W
10/16/2008,3:11:59,17.394,N,64.605,W
10/16/2008,3:13:58,17.404,N,64.596,W
10/16/2008,3:15:58,17.414,N,64.588,W
10/16/2008,3:17:58,17.423,N,64.58,W
10/16/2008,3:19:58,17.433,N,64.572,W
10/16/2008,3:21:58,17.443,N,64.563,W
10/16/2008,3:23:58,17.452,N,64.555,W
10/16/2008,3:25:58,17.462,N,64.547,W
10/16/2008,3:27:59,17.472,N,64.538,W
10/16/2008,3:29:59,17.481,N,64.53,W
10/16/2008,3:31:59,17.491,N,64.522,W
10/16/2008,3:33:59,17.5,N,64.514,W
10/16/2008,3:35:59,17.51,N,64.506,W
10/16/2008,3:37:59,17.519,N,64.497,W
10/16/2008,3:39:59,17.529,N,64.489,W
10/16/2008,3:41:59,17.538,N,64.481,W
10/16/2008,3:43:58,17.548,N,64.473,W
10/16/2008,3:45:58,17.557,N,64.465,W
10/16/2008,3:47:58,17.567,N,64.457,W
10/16/2008,3:49:58,17.576,N,64.449,W
10/16/2008,3:51:58,17.586,N,64.44,W
10/16/2008,3:53:58,17.595,N,64.432,W
10/16/2008,3:55:58,17.605,N,64.424,W
10/16/2008,3:57:59,17.614,N,64.416,W
10/16/2008,3:59:59,17.623,N,64.408,W
10/16/2008,4:00:58,17.628,N,64.404,W
10/16/2008,4:02:58,17.637,N,64.396,W
10/16/2008,4:04:58,17.647,N,64.388,W
10/16/2008,4:06:58,17.656,N,64.38,W
10/16/2008,4:08:58,17.666,N,64.372,W
10/16/2008,4:10:58,17.675,N,64.364,W
10/16/2008,4:12:59,17.684,N,64.356,W
10/16/2008,4:14:59,17.694,N,64.348,W
10/16/2008,4:16:59,17.703,N,64.34,W
10/16/2008,4:18:59,17.712,N,64.333,W
10/16/2008,4:20:59,17.722,N,64.325,W
10/16/2008,4:22:59,17.731,N,64.317,W
10/16/2008,4:24:59,17.74,N,64.309,W
10/16/2008,4:26:59,17.75,N,64.301,W
10/16/2008,4:28:58,17.759,N,64.294,W
10/16/2008,4:30:58,17.768,N,64.286,W
10/16/2008,4:32:58,17.777,N,64.278,W
10/16/2008,4:34:58,17.787,N,64.27,W
10/16/2008,4:36:58,17.796,N,64.262,W
10/16/2008,4:38:58,17.805,N,64.255,W
10/16/2008,4:40:58,17.814,N,64.247,W
10/16/2008,4:42:59,17.823,N,64.239,W
10/16/2008,4:44:59,17.832,N,64.232,W
10/16/2008,4:46:59,17.842,N,64.224,W
10/16/2008,4:48:59,17.851,N,64.216,W
10/16/2008,4:50:59,17.86,N,64.208,W
10/16/2008,4:52:59,17.869,N,64.201,W
10/16/2008,4:54:59,17.878,N,64.193,W
10/16/2008,4:56:59,17.887,N,64.185,W
10/16/2008,4:58:58,17.896,N,64.177,W
10/16/2008,5:00:58,17.905,N,64.169,W
10/16/2008,5:02:58,17.914,N,64.162,W
10/16/2008,5:04:58,17.923,N,64.154,W
10/16/2008,5:06:58,17.932,N,64.146,W
10/16/2008,5:08:58,17.941,N,64.138,W
10/16/2008,5:10:58,17.95,N,64.13,W
10/16/2008,5:12:59,17.959,N,64.122,W
10/16/2008,5:14:59,17.968,N,64.114,W
10/16/2008,5:16:59,17.977,N,64.107,W
10/16/2008,5:18:59,17.986,N,64.099,W
10/16/2008,5:20:59,17.994,N,64.091,W
10/16/2008,5:22:59,18.003,N,64.083,W
10/16/2008,5:24:59,18.012,N,64.075,W
10/16/2008,5:26:59,18.021,N,64.067,W
10/16/2008,5:28:58,18.03,N,64.058,W
10/16/2008,5:30:58,18.039,N,64.05,W
10/16/2008,5:32:58,18.047,N,64.042,W
10/16/2008,5:34:58,18.056,N,64.034,W
10/16/2008,5:36:58,18.065,N,64.026,W
10/16/2008,5:38:58,18.074,N,64.017,W
10/16/2008,5:40:58,18.082,N,64.009,W
10/16/2008,5:42:59,18.091,N,64.001,W
10/16/2008,5:43:53,18.095,N,63.997,W
10/16/2008,5:45:53,18.104,N,63.989,W
10/16/2008,5:47:53,18.113,N,63.98,W
10/16/2008,5:49:53,18.121,N,63.972,W
10/16/2008,5:51:53,18.13,N,63.963,W
10/16/2008,5:53:53,18.139,N,63.955,W
10/16/2008,5:55:53,18.148,N,63.946,W
10/16/2008,5:57:53,18.156,N,63.937,W
10/16/2008,5:59:54,18.165,N,63.929,W
10/16/2008,6:01:54,18.174,N,63.92,W
10/16/2008,6:03:54,18.183,N,63.911,W
10/16/2008,6:05:54,18.191,N,63.903,W
10/16/2008,6:07:54,18.2,N,63.894,W
10/16/2008,6:09:54,18.208,N,63.885,W
10/16/2008,6:11:54,18.217,N,63.876,W
10/16/2008,6:13:53,18.226,N,63.867,W
10/16/2008,6:15:53,18.234,N,63.858,W
10/16/2008,6:17:53,18.243,N,63.85,W
10/16/2008,6:19:53,18.251,N,63.841,W
10/16/2008,6:21:53,18.26,N,63.832,W
10/16/2008,6:23:53,18.268,N,63.822,W
10/16/2008,6:25:53,18.277,N,63.813,W
10/16/2008,6:27:53,18.285,N,63.804,W
10/16/2008,6:29:54,18.294,N,63.795,W
10/16/2008,6:31:54,18.302,N,63.786,W
10/16/2008,6:33:54,18.311,N,63.777,W
10/16/2008,6:35:54,18.319,N,63.767,W
10/16/2008,6:37:54,18.327,N,63.758,W
10/16/2008,6:39:54,18.336,N,63.748,W
10/16/2008,6:41:54,18.344,N,63.739,W
10/16/2008,6:43:53,18.352,N,63.73,W
10/16/2008,6:45:53,18.36,N,63.72,W
10/16/2008,6:47:53,18.369,N,63.71,W
10/16/2008,6:49:53,18.377,N,63.701,W
10/16/2008,6:51:53,18.385,N,63.691,W
10/16/2008,6:53:53,18.393,N,63.681,W
10/16/2008,6:55:53,18.402,N,63.672,W
10/16/2008,6:57:53,18.41,N,63.662,W
10/16/2008,6:59:54,18.418,N,63.652,W
10/16/2008,7:01:54,18.426,N,63.642,W
10/16/2008,7:03:54,18.434,N,63.632,W
10/16/2008,7:05:54,18.442,N,63.622,W
10/16/2008,7:07:54,18.45,N,63.612,W
10/16/2008,7:09:54,18.458,N,63.602,W
10/16/2008,7:11:54,18.466,N,63.592,W
10/16/2008,7:13:53,18.474,N,63.582,W
10/16/2008,7:15:53,18.482,N,63.572,W
10/16/2008,7:17:53,18.49,N,63.562,W
10/16/2008,7:19:53,18.498,N,63.552,W
10/16/2008,7:21:53,18.506,N,63.542,W
10/16/2008,7:23:53,18.514,N,63.532,W
10/16/2008,7:25:53,18.522,N,63.521,W
10/16/2008,7:27:53,18.53,N,63.511,W
10/16/2008,7:29:54,18.538,N,63.501,W
10/16/2008,7:31:54,18.546,N,63.49,W
10/16/2008,7:33:54,18.553,N,63.48,W
10/16/2008,7:35:03,18.558,N,63.474,W
10/16/2008,7:37:03,18.566,N,63.463,W
10/16/2008,7:39:03,18.573,N,63.453,W
10/16/2008,7:41:04,18.581,N,63.442,W
10/16/2008,7:43:04,18.589,N,63.431,W
10/16/2008,7:45:04,18.597,N,63.421,W
10/16/2008,7:47:04,18.604,N,63.41,W
10/16/2008,7:49:04,18.612,N,63.399,W
10/16/2008,7:51:04,18.62,N,63.389,W
10/16/2008,7:53:04,18.627,N,63.378,W
10/16/2008,7:55:04,18.635,N,63.367,W
10/16/2008,7:57:03,18.643,N,63.357,W
10/16/2008,7:59:03,18.651,N,63.346,W
10/16/2008,8:01:03,18.658,N,63.335,W
10/16/2008,8:03:03,18.666,N,63.325,W
10/16/2008,8:05:03,18.674,N,63.314,W
10/16/2008,8:07:03,18.682,N,63.304,W
10/16/2008,8:09:03,18.689,N,63.293,W
10/16/2008,8:11:04,18.697,N,63.282,W
10/16/2008,8:13:04,18.705,N,63.272,W
10/16/2008,8:15:04,18.713,N,63.261,W
10/16/2008,8:17:04,18.72,N,63.25,W
10/16/2008,8:19:04,18.728,N,63.24,W
10/16/2008,8:21:04,18.736,N,63.229,W
10/16/2008,8:23:04,18.744,N,63.219,W
10/16/2008,8:25:04,18.751,N,63.208,W
10/16/2008,8:27:03,18.759,N,63.197,W
10/16/2008,8:29:03,18.767,N,63.187,W
10/16/2008,8:31:03,18.775,N,63.176,W
10/16/2008,8:33:03,18.782,N,63.166,W
10/16/2008,8:35:03,18.79,N,63.155,W
10/16/2008,8:37:03,18.798,N,63.145,W
10/16/2008,8:39:03,18.806,N,63.134,W
10/16/2008,8:41:04,18.813,N,63.123,W
10/16/2008,8:43:04,18.821,N,63.113,W
10/16/2008,8:45:04,18.829,N,63.102,W
10/16/2008,8:47:04,18.837,N,63.092,W
10/16/2008,8:49:04,18.844,N,63.081,W
10/16/2008,8:51:04,18.852,N,63.071,W
10/16/2008,8:53:04,18.86,N,63.06,W
10/16/2008,8:55:04,18.868,N,63.05,W
10/16/2008,8:57:03,18.876,N,63.039,W
10/16/2008,8:59:03,18.883,N,63.028,W
10/16/2008,9:01:03,18.891,N,63.018,W
10/16/2008,9:03:03,18.899,N,63.007,W
10/16/2008,9:05:03,18.907,N,62.997,W
10/16/2008,9:07:03,18.915,N,62.986,W
10/16/2008,9:09:03,18.922,N,62.976,W
10/16/2008,9:11:04,18.93,N,62.965,W
10/16/2008,9:13:04,18.938,N,62.955,W
10/16/2008,9:15:04,18.946,N,62.944,W
10/16/2008,9:17:04,18.954,N,62.934,W
10/16/2008,9:19:04,18.961,N,62.923,W
10/16/2008,9:21:04,18.969,N,62.913,W
10/16/2008,9:23:04,18.977,N,62.903,W
10/16/2008,9:25:04,18.985,N,62.892,W
10/16/2008,9:27:03,18.993,N,62.882,W
10/16/2008,9:29:03,19,N,62.871,W
10/16/2008,9:31:03,19.008,N,62.861,W
10/16/2008,9:33:03,19.016,N,62.85,W
10/16/2008,9:35:03,19.024,N,62.84,W
10/16/2008,9:37:03,19.032,N,62.829,W
10/16/2008,9:39:03,19.04,N,62.819,W
10/16/2008,9:41:04,19.047,N,62.808,W
10/16/2008,9:43:04,19.055,N,62.798,W
10/16/2008,9:45:04,19.063,N,62.788,W
10/16/2008,9:47:04,19.071,N,62.777,W
10/16/2008,9:49:04,19.079,N,62.767,W
10/16/2008,9:51:04,19.087,N,62.756,W
10/16/2008,9:53:04,19.095,N,62.746,W
10/16/2008,9:55:04,19.102,N,62.736,W
10/16/2008,9:57:03,19.11,N,62.725,W
10/16/2008,9:59:03,19.118,N,62.715,W
10/16/2008,10:01:03,19.126,N,62.705,W
10/16/2008,10:03:03,19.134,N,62.694,W
10/16/2008,10:05:03,19.142,N,62.684,W
10/16/2008,10:07:03,19.15,N,62.673,W
10/16/2008,10:09:03,19.158,N,62.663,W
10/16/2008,10:11:04,19.165,N,62.653,W
10/16/2008,10:13:04,19.173,N,62.642,W
10/16/2008,10:15:04,19.181,N,62.632,W
10/16/2008,10:17:04,19.189,N,62.622,W
10/16/2008,10:19:04,19.197,N,62.611,W
10/16/2008,10:21:04,19.205,N,62.601,W
10/16/2008,10:23:04,19.213,N,62.591,W
10/16/2008,10:25:04,19.221,N,62.581,W
10/16/2008,10:27:03,19.229,N,62.57,W
10/16/2008,10:29:03,19.236,N,62.56,W
10/16/2008,10:31:03,19.244,N,62.55,W
10/16/2008,10:33:03,19.252,N,62.539,W
10/16/2008,10:35:03,19.26,N,62.529,W
10/16/2008,10:37:03,19.268,N,62.519,W
10/16/2008,10:39:03,19.276,N,62.509,W
10/16/2008,10:41:04,19.284,N,62.498,W
10/16/2008,10:43:04,19.292,N,62.488,W
10/16/2008,10:45:04,19.3,N,62.478,W
10/16/2008,10:47:04,19.308,N,62.468,W
10/16/2008,10:49:04,19.316,N,62.457,W
10/16/2008,10:51:04,19.324,N,62.447,W
10/16/2008,10:53:04,19.332,N,62.437,W
10/16/2008,10:55:04,19.34,N,62.427,W
10/16/2008,10:57:03,19.348,N,62.417,W
10/16/2008,10:59:03,19.356,N,62.407,W
10/16/2008,11:01:03,19.364,N,62.396,W
10/16/2008,11:03:03,19.372,N,62.386,W
10/16/2008,11:05:03,19.379,N,62.376,W
10/16/2008,11:07:03,19.387,N,62.366,W
10/16/2008,11:09:03,19.395,N,62.356,W
10/16/2008,11:11:04,19.403,N,62.346,W
10/16/2008,11:13:04,19.411,N,62.335,W
10/16/2008,11:15:04,19.419,N,62.325,W
10/16/2008,11:17:04,19.427,N,62.315,W
10/16/2008,11:19:04,19.435,N,62.305,W
10/16/2008,11:21:04,19.443,N,62.295,W
10/16/2008,11:23:04,19.451,N,62.285,W
10/16/2008,11:25:04,19.459,N,62.275,W
10/16/2008,11:27:03,19.467,N,62.265,W
10/16/2008,11:29:03,19.475,N,62.255,W
10/16/2008,11:31:03,19.483,N,62.245,W
10/16/2008,11:33:03,19.492,N,62.235,W
10/16/2008,11:35:03,19.5,N,62.225,W
10/16/2008,11:37:03,19.508,N,62.215,W
10/16/2008,11:39:03,19.516,N,62.204,W
10/16/2008,11:41:04,19.524,N,62.194,W
10/16/2008,11:43:04,19.532,N,62.184,W
10/16/2008,11:45:04,19.54,N,62.174,W
10/16/2008,11:47:04,19.548,N,62.164,W
10/16/2008,11:49:04,19.556,N,62.154,W
10/16/2008,11:51:04,19.564,N,62.144,W
10/16/2008,11:53:04,19.572,N,62.135,W
10/16/2008,11:55:04,19.58,N,62.125,W
10/16/2008,11:57:03,19.588,N,62.115,W
10/16/2008,11:59:03,19.596,N,62.105,W
10/16/2008,12:01:03,19.604,N,62.095,W
10/16/2008,12:03:03,19.612,N,62.085,W
10/16/2008,12:05:03,19.62,N,62.075,W
10/16/2008,12:07:03,19.629,N,62.065,W
10/16/2008,12:09:03,19.637,N,62.055,W
10/16/2008,12:11:04,19.645,N,62.045,W
10/16/2008,12:13:04,19.653,N,62.035,W
10/16/2008,12:15:04,19.661,N,62.025,W
10/16/2008,12:17:04,19.669,N,62.015,W
10/16/2008,12:19:04,19.677,N,62.006,W
10/16/2008,12:21:04,19.685,N,61.996,W
10/16/2008,12:23:04,19.694,N,61.986,W
10/16/2008,12:25:04,19.702,N,61.976,W
10/16/2008,12:27:03,19.71,N,61.966,W
10/16/2008,12:29:03,19.718,N,61.956,W
10/16/2008,12:31:03,19.726,N,61.947,W
10/16/2008,12:33:03,19.734,N,61.937,W
10/16/2008,12:35:03,19.742,N,61.927,W
10/16/2008,12:37:03,19.751,N,61.917,W
10/16/2008,12:39:03,19.759,N,61.907,W
10/16/2008,12:41:04,19.767,N,61.898,W
10/16/2008,12:43:04,19.775,N,61.888,W
10/16/2008,12:45:04,19.783,N,61.878,W
10/16/2008,12:47:04,19.791,N,61.868,W
10/16/2008,12:49:04,19.8,N,61.859,W
10/16/2008,12:51:04,19.808,N,61.849,W
10/16/2008,12:53:04,19.816,N,61.839,W
10/16/2008,12:55:04,19.824,N,61.829,W
10/16/2008,12:57:03,19.832,N,61.82,W
10/16/2008,12:59:03,19.84,N,61.81,W
10/16/2008,13:01:03,19.849,N,61.8,W
10/16/2008,13:03:03,19.857,N,61.79,W
10/16/2008,13:05:03,19.865,N,61.781,W
10/16/2008,13:07:03,19.873,N,61.771,W
10/16/2008,13:09:03,19.882,N,61.761,W
10/16/2008,13:11:04,19.89,N,61.752,W
10/16/2008,13:13:04,19.898,N,61.742,W
10/16/2008,13:15:04,19.906,N,61.732,W
10/16/2008,13:17:04,19.914,N,61.723,W
10/16/2008,13:19:04,19.923,N,61.713,W
10/16/2008,13:21:04,19.931,N,61.703,W
10/16/2008,13:23:04,19.939,N,61.694,W
10/16/2008,13:25:04,19.947,N,61.684,W
10/16/2008,13:27:03,19.956,N,61.675,W
10/16/2008,13:29:03,19.964,N,61.665,W
10/16/2008,13:31:03,19.972,N,61.655,W
10/16/2008,13:33:03,19.98,N,61.646,W
10/16/2008,13:35:03,19.989,N,61.636,W
10/16/2008,13:37:03,19.997,N,61.626,W
10/16/2008,13:39:03,20.005,N,61.617,W
10/16/2008,13:41:04,20.013,N,61.607,W
10/16/2008,13:43:04,20.022,N,61.598,W
10/16/2008,13:45:04,20.03,N,61.588,W
10/16/2008,13:47:04,20.038,N,61.579,W
10/16/2008,13:49:04,20.046,N,61.569,W
10/16/2008,13:51:04,20.055,N,61.559,W
10/16/2008,13:53:04,20.063,N,61.55,W
10/16/2008,13:55:04,20.071,N,61.54,W
10/16/2008,13:57:03,20.08,N,61.531,W
10/16/2008,13:59:03,20.088,N,61.521,W
10/16/2008,14:01:03,20.096,N,61.512,W
10/16/2008,14:03:03,20.104,N,61.502,W
10/16/2008,14:05:03,20.113,N,61.493,W
10/16/2008,14:07:03,20.121,N,61.483,W
10/16/2008,14:09:03,20.129,N,61.474,W
10/16/2008,14:11:04,20.138,N,61.464,W
10/16/2008,14:13:04,20.146,N,61.455,W
10/16/2008,14:15:04,20.154,N,61.445,W
10/16/2008,14:17:04,20.163,N,61.436,W
10/16/2008,14:19:04,20.171,N,61.426,W
10/16/2008,14:21:04,20.179,N,61.417,W
10/16/2008,14:23:04,20.188,N,61.407,W
10/16/2008,14:25:04,20.196,N,61.398,W
10/16/2008,14:27:03,20.204,N,61.388,W
10/16/2008,14:29:03,20.213,N,61.379,W
10/16/2008,14:31:03,20.221,N,61.37,W
10/16/2008,14:33:03,20.229,N,61.36,W
10/16/2008,14:35:03,20.238,N,61.351,W
10/16/2008,14:37:03,20.246,N,61.341,W
10/16/2008,14:39:03,20.254,N,61.332,W
10/16/2008,14:41:04,20.263,N,61.322,W
10/16/2008,14:43:04,20.271,N,61.313,W
10/16/2008,14:45:04,20.279,N,61.304,W
10/16/2008,14:47:04,20.288,N,61.294,W
10/16/2008,14:49:04,20.296,N,61.285,W
10/16/2008,14:51:04,20.304,N,61.275,W
10/16/2008,14:53:04,20.313,N,61.266,W
10/16/2008,14:55:04,20.321,N,61.257,W
10/16/2008,14:57:03,20.329,N,61.247,W
10/16/2008,14:59:03,20.338,N,61.238,W
10/16/2008,15:01:03,20.346,N,61.228,W
10/16/2008,15:03:03,20.354,N,61.219,W
10/16/2008,15:05:03,20.363,N,61.21,W
10/16/2008,15:07:03,20.371,N,61.2,W
10/16/2008,15:09:03,20.38,N,61.191,W
10/16/2008,15:11:04,20.388,N,61.181,W
10/16/2008,15:13:04,20.396,N,61.172,W
10/16/2008,15:15:04,20.405,N,61.163,W
10/16/2008,15:17:04,20.413,N,61.153,W
10/16/2008,15:19:04,20.421,N,61.144,W
10/16/2008,15:21:04,20.43,N,61.135,W
10/16/2008,15:23:04,20.438,N,61.125,W
10/16/2008,15:25:04,20.447,N,61.116,W
10/16/2008,15:27:03,20.455,N,61.107,W
10/16/2008,15:29:03,20.463,N,61.097,W
10/16/2008,15:31:03,20.472,N,61.088,W
10/16/2008,15:33:03,20.48,N,61.079,W
10/16/2008,15:35:03,20.489,N,61.069,W
10/16/2008,15:37:03,20.497,N,61.06,W
10/16/2008,15:39:03,20.505,N,61.051,W
10/16/2008,15:41:04,20.514,N,61.041,W
10/16/2008,15:43:04,20.522,N,61.032,W
10/16/2008,15:45:04,20.531,N,61.023,W
10/16/2008,15:47:04,20.539,N,61.014,W
10/16/2008,15:49:04,20.547,N,61.004,W
10/16/2008,15:51:04,20.556,N,60.995,W
10/16/2008,15:53:04,20.564,N,60.986,W
10/16/2008,15:55:04,20.573,N,60.976,W
10/16/2008,15:57:03,20.581,N,60.967,W
10/16/2008,15:59:03,20.589,N,60.958,W
10/16/2008,16:01:03,20.598,N,60.949,W
10/16/2008,16:03:03,20.606,N,60.939,W
10/16/2008,16:05:03,20.615,N,60.93,W
10/16/2008,16:07:03,20.623,N,60.921,W
10/16/2008,16:09:03,20.632,N,60.911,W
10/16/2008,16:11:04,20.64,N,60.902,W
10/16/2008,16:13:04,20.648,N,60.893,W
10/16/2008,16:15:04,20.657,N,60.884,W
10/16/2008,16:17:04,20.665,N,60.874,W
10/16/2008,16:19:04,20.674,N,60.865,W
10/16/2008,16:21:04,20.682,N,60.856,W
10/16/2008,16:23:04,20.691,N,60.847,W
10/16/2008,16:25:04,20.699,N,60.837,W
10/16/2008,16:27:03,20.707,N,60.828,W
10/16/2008,16:29:03,20.716,N,60.819,W
10/16/2008,16:31:03,20.724,N,60.81,W
10/16/2008,16:33:03,20.733,N,60.8,W
10/16/2008,16:35:03,20.741,N,60.791,W
10/16/2008,16:37:03,20.75,N,60.782,W
10/16/2008,16:39:03,20.758,N,60.773,W
10/16/2008,16:41:04,20.766,N,60.763,W
10/16/2008,16:43:04,20.775,N,60.754,W
10/16/2008,16:45:04,20.783,N,60.745,W
10/16/2008,16:47:04,20.792,N,60.736,W
10/16/2008,16:49:04,20.8,N,60.727,W
10/16/2008,16:51:04,20.809,N,60.717,W
10/16/2008,16:53:04,20.817,N,60.708,W
10/16/2008,16:55:04,20.826,N,60.699,W
10/16/2008,16:57:03,20.834,N,60.69,W
10/16/2008,16:59:03,20.842,N,60.68,W
10/16/2008,17:01:03,20.851,N,60.671,W
10/16/2008,17:03:03,20.859,N,60.662,W
10/16/2008,17:05:03,20.868,N,60.653,W
10/16/2008,17:07:03,20.876,N,60.644,W
10/16/2008,17:09:03,20.885,N,60.634,W
10/16/2008,17:11:04,20.893,N,60.625,W
10/16/2008,17:13:04,20.902,N,60.616,W
10/16/2008,17:15:04,20.91,N,60.607,W
10/16/2008,17:17:04,20.918,N,60.598,W
10/16/2008,17:19:04,20.927,N,60.588,W
10/16/2008,17:21:04,20.935,N,60.579,W
10/16/2008,17:23:04,20.944,N,60.57,W
10/16/2008,17:25:04,20.952,N,60.561,W
10/16/2008,17:27:03,20.961,N,60.551,W
10/16/2008,17:29:03,20.969,N,60.542,W
10/16/2008,17:31:03,20.978,N,60.533,W
10/16/2008,17:33:03,20.986,N,60.524,W
10/16/2008,17:35:03,20.995,N,60.515,W
10/16/2008,17:37:03,21.003,N,60.505,W
10/16/2008,17:39:03,21.011,N,60.496,W
10/16/2008,17:41:04,21.02,N,60.487,W
10/16/2008,17:43:04,21.028,N,60.478,W
10/16/2008,17:45:04,21.037,N,60.469,W
10/16/2008,17:47:04,21.045,N,60.459,W
10/16/2008,17:49:04,21.054,N,60.45,W
10/16/2008,17:51:04,21.062,N,60.441,W
10/16/2008,17:53:04,21.071,N,60.432,W
10/16/2008,17:55:04,21.079,N,60.423,W
10/16/2008,17:57:03,21.088,N,60.413,W
10/16/2008,17:59:03,21.096,N,60.404,W
10/16/2008,18:00:03,21.096,N,60.404,W
