Track,for,TD100,2007,,
Date,Time,(UTC),Latitude,Longitude,
MM/DD/Year,HH:MM:SS,(deg),(deg),,
9/20/2007,19:27:19,26.777,N,84.239,W
9/20/2007,19:29:20,26.782,N,84.243,W
9/20/2007,19:31:20,26.786,N,84.246,W
9/20/2007,19:33:19,26.791,N,84.25,W
9/20/2007,19:35:19,26.796,N,84.254,W
9/20/2007,19:37:20,26.8,N,84.257,W
9/20/2007,19:39:20,26.805,N,84.261,W
9/20/2007,19:41:19,26.81,N,84.265,W
9/20/2007,19:43:19,26.814,N,84.269,W
9/20/2007,19:45:20,26.819,N,84.272,W
9/20/2007,19:47:20,26.824,N,84.276,W
9/20/2007,19:49:19,26.828,N,84.28,W
9/20/2007,19:51:20,26.833,N,84.283,W
9/20/2007,19:53:20,26.837,N,84.287,W
9/20/2007,19:55:19,26.842,N,84.291,W
9/20/2007,19:57:19,26.847,N,84.295,W
9/20/2007,19:59:20,26.851,N,84.298,W
9/20/2007,20:01:20,26.856,N,84.302,W
9/20/2007,20:03:19,26.861,N,84.306,W
9/20/2007,20:05:19,26.865,N,84.309,W
9/20/2007,20:07:20,26.87,N,84.313,W
9/20/2007,20:09:20,26.875,N,84.317,W
9/20/2007,20:11:19,26.879,N,84.321,W
9/20/2007,20:13:19,26.884,N,84.324,W
9/20/2007,20:15:20,26.889,N,84.328,W
9/20/2007,20:17:20,26.893,N,84.332,W
9/20/2007,20:19:19,26.898,N,84.335,W
9/20/2007,20:21:20,26.903,N,84.339,W
9/20/2007,20:23:20,26.907,N,84.343,W
9/20/2007,20:25:19,26.912,N,84.346,W
9/20/2007,20:27:19,26.916,N,84.35,W
9/20/2007,20:29:20,26.921,N,84.354,W
9/20/2007,20:31:20,26.926,N,84.358,W
9/20/2007,20:33:19,26.93,N,84.361,W
9/20/2007,20:35:19,26.935,N,84.365,W
9/20/2007,20:37:20,26.94,N,84.369,W
9/20/2007,20:39:20,26.944,N,84.372,W
9/20/2007,20:41:19,26.949,N,84.376,W
9/20/2007,20:43:19,26.954,N,84.38,W
9/20/2007,20:45:20,26.958,N,84.383,W
9/20/2007,20:47:20,26.963,N,84.387,W
9/20/2007,20:49:19,26.968,N,84.391,W
9/20/2007,20:51:20,26.972,N,84.394,W
9/20/2007,20:53:20,26.977,N,84.398,W
9/20/2007,20:55:19,26.982,N,84.402,W
9/20/2007,20:57:19,26.986,N,84.406,W
9/20/2007,20:59:20,26.991,N,84.409,W
9/20/2007,21:01:20,26.995,N,84.413,W
9/20/2007,21:03:19,27,N,84.417,W
9/20/2007,21:05:19,27.005,N,84.42,W
9/20/2007,21:07:20,27.009,N,84.424,W
9/20/2007,21:09:20,27.014,N,84.428,W
9/20/2007,21:11:19,27.019,N,84.431,W
9/20/2007,21:13:19,27.023,N,84.435,W
9/20/2007,21:15:20,27.028,N,84.439,W
9/20/2007,21:17:20,27.033,N,84.442,W
9/20/2007,21:19:19,27.037,N,84.446,W
9/20/2007,21:21:20,27.042,N,84.45,W
9/20/2007,21:23:20,27.047,N,84.453,W
9/20/2007,21:25:19,27.051,N,84.457,W
9/20/2007,21:27:19,27.056,N,84.46,W
9/20/2007,21:29:20,27.061,N,84.464,W
9/20/2007,21:31:20,27.065,N,84.468,W
9/20/2007,21:33:19,27.07,N,84.471,W
9/20/2007,21:35:19,27.075,N,84.475,W
9/20/2007,21:37:20,27.079,N,84.479,W
9/20/2007,21:39:20,27.084,N,84.482,W
9/20/2007,21:41:19,27.088,N,84.486,W
9/20/2007,21:43:19,27.093,N,84.49,W
9/20/2007,21:45:20,27.098,N,84.493,W
9/20/2007,21:47:20,27.102,N,84.497,W
9/20/2007,21:49:19,27.107,N,84.5,W
9/20/2007,21:51:20,27.112,N,84.504,W
9/20/2007,21:53:20,27.116,N,84.508,W
9/20/2007,21:55:19,27.121,N,84.511,W
9/20/2007,21:57:19,27.126,N,84.515,W
9/20/2007,21:59:20,27.13,N,84.518,W
9/20/2007,22:01:20,27.135,N,84.522,W
9/20/2007,22:03:19,27.14,N,84.526,W
9/20/2007,22:05:19,27.144,N,84.529,W
9/20/2007,22:07:20,27.149,N,84.533,W
9/20/2007,22:09:20,27.154,N,84.536,W
9/20/2007,22:11:19,27.158,N,84.54,W
9/20/2007,22:13:19,27.163,N,84.544,W
9/20/2007,22:15:20,27.168,N,84.547,W
9/20/2007,22:17:20,27.172,N,84.551,W
9/20/2007,22:19:19,27.177,N,84.554,W
9/20/2007,22:21:20,27.181,N,84.558,W
9/20/2007,22:23:20,27.186,N,84.562,W
9/20/2007,22:25:19,27.191,N,84.565,W
9/20/2007,22:27:19,27.195,N,84.569,W
9/20/2007,22:29:20,27.2,N,84.572,W
9/20/2007,22:31:20,27.205,N,84.576,W
9/20/2007,22:33:19,27.209,N,84.579,W
9/20/2007,22:35:19,27.214,N,84.583,W
9/20/2007,22:37:20,27.219,N,84.586,W
9/20/2007,22:39:20,27.223,N,84.59,W
9/20/2007,22:41:19,27.228,N,84.593,W
9/20/2007,22:43:19,27.233,N,84.597,W
9/20/2007,22:45:20,27.237,N,84.6,W
9/20/2007,22:47:20,27.242,N,84.604,W
9/20/2007,22:49:19,27.247,N,84.608,W
9/20/2007,22:51:20,27.251,N,84.611,W
9/20/2007,22:53:20,27.256,N,84.615,W
9/20/2007,22:55:19,27.261,N,84.618,W
9/20/2007,22:57:19,27.265,N,84.622,W
9/20/2007,22:59:20,27.27,N,84.625,W
9/20/2007,23:01:20,27.275,N,84.629,W
9/20/2007,23:03:19,27.279,N,84.632,W
9/20/2007,23:05:19,27.284,N,84.635,W
9/20/2007,23:07:20,27.288,N,84.639,W
9/20/2007,23:09:20,27.293,N,84.642,W
9/20/2007,23:11:19,27.298,N,84.646,W
9/20/2007,23:13:19,27.302,N,84.649,W
9/20/2007,23:15:20,27.307,N,84.653,W
9/20/2007,23:17:20,27.312,N,84.656,W
9/20/2007,23:19:19,27.316,N,84.66,W
9/20/2007,23:21:20,27.321,N,84.663,W
9/20/2007,23:23:20,27.326,N,84.667,W
9/20/2007,23:25:19,27.33,N,84.67,W
9/20/2007,23:27:19,27.335,N,84.674,W
9/20/2007,23:29:20,27.34,N,84.677,W
9/20/2007,23:31:20,27.344,N,84.68,W
9/20/2007,23:33:19,27.349,N,84.684,W
9/20/2007,23:35:19,27.354,N,84.687,W
9/20/2007,23:37:20,27.358,N,84.691,W
9/20/2007,23:39:20,27.363,N,84.694,W
9/20/2007,23:41:19,27.368,N,84.697,W
9/20/2007,23:43:19,27.372,N,84.701,W
9/20/2007,23:45:20,27.377,N,84.704,W
9/20/2007,23:47:20,27.382,N,84.708,W
9/20/2007,23:49:19,27.386,N,84.711,W
9/20/2007,23:51:20,27.391,N,84.714,W
9/20/2007,23:53:20,27.396,N,84.718,W
9/20/2007,23:55:19,27.4,N,84.721,W
9/20/2007,23:57:19,27.405,N,84.724,W
9/20/2007,23:59:20,27.409,N,84.728,W
9/21/2007,0:01:20,27.414,N,84.731,W
9/21/2007,0:03:19,27.419,N,84.734,W
9/21/2007,0:05:19,27.423,N,84.738,W
9/21/2007,0:07:20,27.428,N,84.741,W
9/21/2007,0:09:20,27.433,N,84.744,W
9/21/2007,0:11:19,27.437,N,84.748,W
9/21/2007,0:13:19,27.442,N,84.751,W
9/21/2007,0:15:20,27.447,N,84.754,W
9/21/2007,0:17:20,27.451,N,84.758,W
9/21/2007,0:19:19,27.456,N,84.761,W
9/21/2007,0:21:20,27.461,N,84.764,W
9/21/2007,0:23:20,27.465,N,84.767,W
9/21/2007,0:25:19,27.47,N,84.771,W
9/21/2007,0:27:19,27.475,N,84.774,W
9/21/2007,0:29:20,27.479,N,84.777,W
9/21/2007,0:31:20,27.484,N,84.78,W
9/21/2007,0:33:19,27.489,N,84.784,W
9/21/2007,0:35:19,27.493,N,84.787,W
9/21/2007,0:37:20,27.498,N,84.79,W
9/21/2007,0:39:20,27.503,N,84.793,W
9/21/2007,0:41:19,27.507,N,84.797,W
9/21/2007,0:43:19,27.512,N,84.8,W
9/21/2007,0:45:20,27.517,N,84.803,W
9/21/2007,0:47:20,27.521,N,84.806,W
9/21/2007,0:49:19,27.526,N,84.809,W
9/21/2007,0:51:20,27.531,N,84.813,W
9/21/2007,0:53:20,27.535,N,84.816,W
9/21/2007,0:55:19,27.54,N,84.819,W
9/21/2007,0:57:19,27.545,N,84.822,W
9/21/2007,0:59:20,27.549,N,84.825,W
9/21/2007,1:01:20,27.554,N,84.829,W
9/21/2007,1:03:19,27.559,N,84.832,W
9/21/2007,1:05:19,27.563,N,84.835,W
9/21/2007,1:07:20,27.568,N,84.838,W
9/21/2007,1:09:20,27.573,N,84.841,W
9/21/2007,1:11:19,27.577,N,84.844,W
9/21/2007,1:13:19,27.582,N,84.847,W
9/21/2007,1:15:20,27.587,N,84.85,W
9/21/2007,1:17:20,27.591,N,84.854,W
9/21/2007,1:19:19,27.596,N,84.857,W
9/21/2007,1:21:20,27.601,N,84.86,W
9/21/2007,1:23:20,27.605,N,84.863,W
9/21/2007,1:25:19,27.61,N,84.866,W
9/21/2007,1:27:19,27.615,N,84.869,W
9/21/2007,1:29:20,27.619,N,84.872,W
9/21/2007,1:31:20,27.624,N,84.875,W
9/21/2007,1:33:19,27.628,N,84.878,W
9/21/2007,1:35:19,27.633,N,84.881,W
9/21/2007,1:37:20,27.638,N,84.884,W
9/21/2007,1:39:20,27.642,N,84.887,W
9/21/2007,1:41:19,27.647,N,84.89,W
9/21/2007,1:43:19,27.652,N,84.893,W
9/21/2007,1:45:20,27.656,N,84.896,W
9/21/2007,1:47:20,27.661,N,84.899,W
9/21/2007,1:49:19,27.666,N,84.902,W
9/21/2007,1:51:20,27.67,N,84.905,W
9/21/2007,1:53:20,27.675,N,84.908,W
9/21/2007,1:55:19,27.68,N,84.911,W
9/21/2007,1:57:19,27.684,N,84.914,W
9/21/2007,1:59:20,27.689,N,84.917,W
9/21/2007,2:01:20,27.694,N,84.92,W
9/21/2007,2:03:19,27.698,N,84.923,W
9/21/2007,2:05:19,27.703,N,84.926,W
9/21/2007,2:07:20,27.708,N,84.929,W
9/21/2007,2:09:20,27.712,N,84.931,W
9/21/2007,2:11:19,27.717,N,84.934,W
9/21/2007,2:13:19,27.722,N,84.937,W
9/21/2007,2:15:20,27.726,N,84.94,W
9/21/2007,2:17:20,27.731,N,84.943,W
9/21/2007,2:19:19,27.736,N,84.946,W
9/21/2007,2:21:20,27.74,N,84.949,W
9/21/2007,2:23:20,27.745,N,84.951,W
9/21/2007,2:25:19,27.75,N,84.954,W
9/21/2007,2:27:19,27.754,N,84.957,W
9/21/2007,2:29:20,27.759,N,84.96,W
9/21/2007,2:31:20,27.764,N,84.963,W
9/21/2007,2:33:19,27.768,N,84.966,W
9/21/2007,2:35:19,27.773,N,84.968,W
9/21/2007,2:37:20,27.778,N,84.971,W
9/21/2007,2:39:20,27.782,N,84.974,W
9/21/2007,2:41:19,27.787,N,84.977,W
9/21/2007,2:43:19,27.792,N,84.979,W
9/21/2007,2:45:20,27.796,N,84.982,W
9/21/2007,2:47:20,27.801,N,84.985,W
9/21/2007,2:49:19,27.806,N,84.988,W
9/21/2007,2:51:20,27.811,N,84.99,W
9/21/2007,2:53:20,27.815,N,84.993,W
9/21/2007,2:55:19,27.82,N,84.996,W
9/21/2007,2:57:19,27.825,N,84.998,W
9/21/2007,2:59:20,27.829,N,85.001,W
9/21/2007,3:01:20,27.834,N,85.004,W
9/21/2007,3:03:19,27.839,N,85.006,W
9/21/2007,3:05:19,27.843,N,85.009,W
9/21/2007,3:07:20,27.848,N,85.012,W
9/21/2007,3:09:20,27.853,N,85.014,W
9/21/2007,3:11:19,27.857,N,85.017,W
9/21/2007,3:13:19,27.862,N,85.02,W
9/21/2007,3:15:20,27.867,N,85.022,W
9/21/2007,3:17:20,27.871,N,85.025,W
9/21/2007,3:19:19,27.876,N,85.027,W
9/21/2007,3:21:20,27.881,N,85.03,W
9/21/2007,3:23:20,27.885,N,85.033,W
9/21/2007,3:25:19,27.89,N,85.035,W
9/21/2007,3:27:19,27.895,N,85.038,W
9/21/2007,3:29:20,27.899,N,85.04,W
9/21/2007,3:31:20,27.904,N,85.043,W
9/21/2007,3:33:19,27.909,N,85.045,W
9/21/2007,3:35:19,27.913,N,85.048,W
9/21/2007,3:37:20,27.918,N,85.05,W
9/21/2007,3:39:20,27.923,N,85.053,W
9/21/2007,3:41:19,27.927,N,85.055,W
9/21/2007,3:43:19,27.932,N,85.058,W
9/21/2007,3:45:20,27.937,N,85.06,W
9/21/2007,3:47:20,27.941,N,85.062,W
9/21/2007,3:49:19,27.946,N,85.065,W
9/21/2007,3:51:20,27.951,N,85.067,W
9/21/2007,3:53:20,27.955,N,85.07,W
9/21/2007,3:55:19,27.96,N,85.072,W
9/21/2007,3:57:19,27.965,N,85.075,W
9/21/2007,3:59:20,27.969,N,85.077,W
9/21/2007,4:01:20,27.974,N,85.079,W
9/21/2007,4:03:19,27.979,N,85.082,W
9/21/2007,4:05:19,27.984,N,85.084,W
9/21/2007,4:07:20,27.988,N,85.086,W
9/21/2007,4:09:20,27.993,N,85.089,W
9/21/2007,4:11:19,27.998,N,85.091,W
9/21/2007,4:13:19,28.002,N,85.093,W
9/21/2007,4:15:20,28.007,N,85.096,W
9/21/2007,4:17:20,28.012,N,85.098,W
9/21/2007,4:19:19,28.016,N,85.1,W
9/21/2007,4:21:20,28.021,N,85.102,W
9/21/2007,4:23:20,28.026,N,85.105,W
9/21/2007,4:25:19,28.03,N,85.107,W
9/21/2007,4:27:19,28.035,N,85.109,W
9/21/2007,4:29:20,28.04,N,85.111,W
9/21/2007,4:31:20,28.044,N,85.114,W
9/21/2007,4:33:19,28.049,N,85.116,W
9/21/2007,4:35:19,28.054,N,85.118,W
9/21/2007,4:37:20,28.058,N,85.12,W
9/21/2007,4:39:20,28.063,N,85.122,W
9/21/2007,4:41:19,28.068,N,85.124,W
9/21/2007,4:43:19,28.072,N,85.127,W
9/21/2007,4:45:20,28.077,N,85.129,W
9/21/2007,4:47:20,28.082,N,85.131,W
9/21/2007,4:49:19,28.087,N,85.133,W
9/21/2007,4:51:20,28.091,N,85.135,W
9/21/2007,4:53:20,28.096,N,85.137,W
9/21/2007,4:55:19,28.101,N,85.139,W
9/21/2007,4:57:19,28.105,N,85.141,W
9/21/2007,4:59:20,28.11,N,85.143,W
9/21/2007,5:01:20,28.115,N,85.145,W
9/21/2007,5:03:19,28.119,N,85.147,W
9/21/2007,5:05:19,28.124,N,85.149,W
9/21/2007,5:07:20,28.129,N,85.151,W
9/21/2007,5:09:20,28.133,N,85.153,W
9/21/2007,5:11:19,28.138,N,85.155,W
9/21/2007,5:13:19,28.143,N,85.157,W
9/21/2007,5:15:20,28.147,N,85.159,W
9/21/2007,5:17:20,28.152,N,85.161,W
9/21/2007,5:19:19,28.157,N,85.163,W
9/21/2007,5:21:20,28.162,N,85.165,W
9/21/2007,5:23:20,28.166,N,85.167,W
9/21/2007,5:25:19,28.171,N,85.169,W
9/21/2007,5:27:19,28.176,N,85.171,W
9/21/2007,5:29:20,28.18,N,85.173,W
9/21/2007,5:31:20,28.185,N,85.175,W
9/21/2007,5:33:19,28.19,N,85.176,W
9/21/2007,5:35:19,28.194,N,85.178,W
9/21/2007,5:37:20,28.199,N,85.18,W
9/21/2007,5:39:20,28.204,N,85.182,W
9/21/2007,5:41:19,28.208,N,85.184,W
9/21/2007,5:43:19,28.213,N,85.186,W
9/21/2007,5:45:20,28.218,N,85.188,W
9/21/2007,5:47:20,28.223,N,85.189,W
9/21/2007,5:49:19,28.227,N,85.191,W
9/21/2007,5:51:20,28.232,N,85.193,W
9/21/2007,5:53:20,28.237,N,85.195,W
9/21/2007,5:55:19,28.241,N,85.196,W
9/21/2007,5:57:19,28.246,N,85.198,W
9/21/2007,5:59:20,28.251,N,85.2,W
9/21/2007,6:01:20,28.255,N,85.202,W
9/21/2007,6:03:19,28.26,N,85.203,W
9/21/2007,6:05:19,28.265,N,85.205,W
9/21/2007,6:07:20,28.269,N,85.207,W
9/21/2007,6:09:20,28.274,N,85.209,W
9/21/2007,6:11:19,28.279,N,85.21,W
9/21/2007,6:13:19,28.284,N,85.212,W
9/21/2007,6:15:20,28.288,N,85.214,W
9/21/2007,6:17:20,28.293,N,85.215,W
9/21/2007,6:19:19,28.298,N,85.217,W
9/21/2007,6:21:20,28.302,N,85.219,W
9/21/2007,6:23:20,28.307,N,85.22,W
9/21/2007,6:25:19,28.312,N,85.222,W
9/21/2007,6:27:19,28.316,N,85.223,W
9/21/2007,6:29:20,28.321,N,85.225,W
9/21/2007,6:31:20,28.326,N,85.227,W
9/21/2007,6:33:19,28.331,N,85.228,W
9/21/2007,6:35:19,28.335,N,85.23,W
9/21/2007,6:37:20,28.34,N,85.231,W
9/21/2007,6:39:20,28.345,N,85.233,W
9/21/2007,6:41:19,28.349,N,85.234,W
9/21/2007,6:43:19,28.354,N,85.236,W
9/21/2007,6:45:20,28.359,N,85.238,W
9/21/2007,6:47:20,28.363,N,85.239,W
9/21/2007,6:49:19,28.368,N,85.241,W
9/21/2007,6:51:20,28.373,N,85.242,W
9/21/2007,6:53:20,28.378,N,85.244,W
9/21/2007,6:55:19,28.382,N,85.245,W
9/21/2007,6:57:19,28.387,N,85.247,W
9/21/2007,6:59:20,28.392,N,85.248,W
9/21/2007,7:01:20,28.396,N,85.25,W
9/21/2007,7:03:19,28.401,N,85.251,W
9/21/2007,7:05:19,28.406,N,85.252,W
9/21/2007,7:07:20,28.41,N,85.254,W
9/21/2007,7:09:20,28.415,N,85.255,W
9/21/2007,7:11:19,28.42,N,85.257,W
9/21/2007,7:13:19,28.425,N,85.258,W
9/21/2007,7:15:20,28.429,N,85.26,W
9/21/2007,7:17:20,28.434,N,85.261,W
9/21/2007,7:19:19,28.439,N,85.262,W
9/21/2007,7:21:20,28.443,N,85.264,W
9/21/2007,7:23:20,28.448,N,85.265,W
9/21/2007,7:25:19,28.453,N,85.267,W
9/21/2007,7:27:19,28.457,N,85.268,W
9/21/2007,7:29:20,28.462,N,85.269,W
9/21/2007,7:31:20,28.467,N,85.271,W
9/21/2007,7:33:19,28.472,N,85.272,W
9/21/2007,7:35:19,28.476,N,85.273,W
9/21/2007,7:37:20,28.481,N,85.275,W
9/21/2007,7:39:20,28.486,N,85.276,W
9/21/2007,7:41:19,28.49,N,85.277,W
9/21/2007,7:43:19,28.495,N,85.279,W
9/21/2007,7:45:20,28.5,N,85.28,W
9/21/2007,7:47:20,28.505,N,85.281,W
9/21/2007,7:49:19,28.509,N,85.282,W
9/21/2007,7:51:20,28.514,N,85.284,W
9/21/2007,7:53:20,28.519,N,85.285,W
9/21/2007,7:55:19,28.523,N,85.286,W
9/21/2007,7:57:19,28.528,N,85.287,W
9/21/2007,7:59:20,28.533,N,85.289,W
9/21/2007,8:01:19,28.537,N,85.29,W
9/21/2007,8:03:20,28.542,N,85.291,W
9/21/2007,8:05:20,28.547,N,85.292,W
9/21/2007,8:07:20,28.552,N,85.294,W
9/21/2007,8:09:20,28.556,N,85.295,W
9/21/2007,8:11:19,28.561,N,85.296,W
9/21/2007,8:13:19,28.566,N,85.297,W
9/21/2007,8:15:19,28.57,N,85.298,W
9/21/2007,8:17:19,28.575,N,85.3,W
9/21/2007,8:19:20,28.58,N,85.301,W
9/21/2007,8:21:20,28.585,N,85.302,W
9/21/2007,8:23:20,28.589,N,85.303,W
9/21/2007,8:25:19,28.594,N,85.304,W
9/21/2007,8:27:19,28.599,N,85.306,W
9/21/2007,8:29:19,28.603,N,85.307,W
9/21/2007,8:31:19,28.608,N,85.308,W
9/21/2007,8:33:20,28.613,N,85.309,W
9/21/2007,8:35:20,28.617,N,85.31,W
9/21/2007,8:37:20,28.622,N,85.311,W
9/21/2007,8:39:20,28.627,N,85.312,W
9/21/2007,8:41:19,28.632,N,85.313,W
9/21/2007,8:43:19,28.636,N,85.314,W
9/21/2007,8:45:19,28.641,N,85.316,W
9/21/2007,8:47:19,28.646,N,85.317,W
9/21/2007,8:49:20,28.65,N,85.318,W
9/21/2007,8:51:20,28.655,N,85.319,W
9/21/2007,8:53:20,28.66,N,85.32,W
9/21/2007,8:55:19,28.665,N,85.321,W
9/21/2007,8:57:19,28.669,N,85.322,W
9/21/2007,8:59:19,28.674,N,85.323,W
9/21/2007,9:01:19,28.679,N,85.324,W
9/21/2007,9:03:20,28.683,N,85.325,W
9/21/2007,9:05:20,28.688,N,85.326,W
9/21/2007,9:07:20,28.693,N,85.327,W
9/21/2007,9:09:20,28.698,N,85.328,W
9/21/2007,9:11:19,28.702,N,85.329,W
9/21/2007,9:13:19,28.707,N,85.33,W
9/21/2007,9:15:19,28.712,N,85.331,W
9/21/2007,9:17:19,28.716,N,85.332,W
9/21/2007,9:19:20,28.721,N,85.333,W
9/21/2007,9:21:20,28.726,N,85.334,W
9/21/2007,9:23:20,28.731,N,85.335,W
9/21/2007,9:25:19,28.735,N,85.336,W
9/21/2007,9:27:19,28.74,N,85.337,W
9/21/2007,9:29:19,28.745,N,85.338,W
9/21/2007,9:31:19,28.749,N,85.339,W
9/21/2007,9:33:20,28.754,N,85.34,W
9/21/2007,9:35:20,28.759,N,85.341,W
9/21/2007,9:37:20,28.764,N,85.342,W
9/21/2007,9:39:20,28.768,N,85.343,W
9/21/2007,9:41:19,28.773,N,85.344,W
9/21/2007,9:43:19,28.778,N,85.345,W
9/21/2007,9:45:19,28.782,N,85.346,W
9/21/2007,9:47:19,28.787,N,85.347,W
9/21/2007,9:49:20,28.792,N,85.348,W
9/21/2007,9:51:20,28.797,N,85.349,W
9/21/2007,9:53:20,28.801,N,85.35,W
9/21/2007,9:55:19,28.806,N,85.351,W
9/21/2007,9:57:19,28.811,N,85.351,W
9/21/2007,9:59:19,28.815,N,85.352,W
9/21/2007,10:01:19,28.82,N,85.353,W
9/21/2007,10:03:20,28.825,N,85.354,W
9/21/2007,10:05:20,28.83,N,85.355,W
9/21/2007,10:07:20,28.834,N,85.356,W
9/21/2007,10:09:20,28.839,N,85.357,W
9/21/2007,10:11:19,28.844,N,85.358,W
9/21/2007,10:13:19,28.848,N,85.359,W
9/21/2007,10:15:19,28.853,N,85.359,W
9/21/2007,10:17:19,28.858,N,85.36,W
9/21/2007,10:19:20,28.863,N,85.361,W
9/21/2007,10:21:20,28.867,N,85.362,W
9/21/2007,10:23:20,28.872,N,85.363,W
9/21/2007,10:25:19,28.877,N,85.364,W
9/21/2007,10:27:19,28.881,N,85.365,W
9/21/2007,10:29:19,28.886,N,85.365,W
9/21/2007,10:31:19,28.891,N,85.366,W
9/21/2007,10:33:20,28.896,N,85.367,W
9/21/2007,10:35:20,28.9,N,85.368,W
9/21/2007,10:37:20,28.905,N,85.369,W
9/21/2007,10:39:20,28.91,N,85.369,W
9/21/2007,10:41:19,28.914,N,85.37,W
9/21/2007,10:43:19,28.919,N,85.371,W
9/21/2007,10:45:19,28.924,N,85.372,W
9/21/2007,10:47:19,28.929,N,85.373,W
9/21/2007,10:49:20,28.933,N,85.374,W
9/21/2007,10:51:20,28.938,N,85.374,W
9/21/2007,10:53:20,28.943,N,85.375,W
9/21/2007,10:55:19,28.947,N,85.376,W
9/21/2007,10:57:19,28.952,N,85.377,W
9/21/2007,10:59:19,28.957,N,85.378,W
9/21/2007,11:01:19,28.962,N,85.378,W
9/21/2007,11:03:20,28.966,N,85.379,W
9/21/2007,11:05:20,28.971,N,85.38,W
9/21/2007,11:07:20,28.976,N,85.381,W
9/21/2007,11:09:20,28.98,N,85.381,W
9/21/2007,11:11:19,28.985,N,85.382,W
9/21/2007,11:13:19,28.99,N,85.383,W
9/21/2007,11:15:19,28.995,N,85.384,W
9/21/2007,11:17:19,28.999,N,85.384,W
9/21/2007,11:19:20,29.004,N,85.385,W
9/21/2007,11:21:20,29.009,N,85.386,W
9/21/2007,11:23:20,29.013,N,85.387,W
9/21/2007,11:25:19,29.018,N,85.387,W
9/21/2007,11:27:19,29.023,N,85.388,W
9/21/2007,11:29:19,29.028,N,85.389,W
9/21/2007,11:31:19,29.032,N,85.39,W
9/21/2007,11:33:20,29.037,N,85.39,W
9/21/2007,11:35:20,29.042,N,85.391,W
9/21/2007,11:37:20,29.047,N,85.392,W
9/21/2007,11:39:20,29.051,N,85.393,W
9/21/2007,11:41:19,29.056,N,85.393,W
9/21/2007,11:43:19,29.061,N,85.394,W
9/21/2007,11:45:19,29.065,N,85.395,W
9/21/2007,11:47:19,29.07,N,85.396,W
9/21/2007,11:49:20,29.075,N,85.396,W
9/21/2007,11:51:20,29.08,N,85.397,W
9/21/2007,11:53:20,29.084,N,85.398,W
9/21/2007,11:55:19,29.089,N,85.398,W
9/21/2007,11:57:19,29.094,N,85.399,W
9/21/2007,11:59:19,29.098,N,85.4,W
9/21/2007,12:00:00,29.1,N,85.4,W
9/21/2007,12:01:59,29.107,N,85.401,W
9/21/2007,12:03:59,29.113,N,85.403,W
9/21/2007,12:05:59,29.12,N,85.404,W
9/21/2007,12:08:00,29.127,N,85.406,W
9/21/2007,12:10:00,29.133,N,85.407,W
9/21/2007,12:12:00,29.14,N,85.408,W
9/21/2007,12:14:00,29.146,N,85.41,W
9/21/2007,12:15:59,29.153,N,85.411,W
9/21/2007,12:17:59,29.16,N,85.413,W
9/21/2007,12:19:59,29.166,N,85.414,W
9/21/2007,12:21:59,29.173,N,85.416,W
9/21/2007,12:24:00,29.18,N,85.417,W
9/21/2007,12:26:00,29.186,N,85.418,W
9/21/2007,12:28:00,29.193,N,85.42,W
9/21/2007,12:30:00,29.2,N,85.421,W
9/21/2007,12:31:59,29.206,N,85.423,W
9/21/2007,12:33:59,29.213,N,85.424,W
9/21/2007,12:35:59,29.22,N,85.425,W
9/21/2007,12:38:00,29.226,N,85.427,W
9/21/2007,12:40:00,29.233,N,85.428,W
9/21/2007,12:42:00,29.239,N,85.43,W
9/21/2007,12:44:00,29.246,N,85.431,W
9/21/2007,12:45:59,29.253,N,85.432,W
9/21/2007,12:47:59,29.259,N,85.434,W
9/21/2007,12:49:59,29.266,N,85.435,W
9/21/2007,12:51:59,29.273,N,85.437,W
9/21/2007,12:54:00,29.279,N,85.438,W
9/21/2007,12:56:00,29.286,N,85.439,W
9/21/2007,12:58:00,29.293,N,85.441,W
9/21/2007,13:00:00,29.299,N,85.442,W
9/21/2007,13:01:59,29.306,N,85.444,W
9/21/2007,13:03:59,29.313,N,85.445,W
9/21/2007,13:05:59,29.319,N,85.447,W
9/21/2007,13:08:00,29.326,N,85.448,W
9/21/2007,13:10:00,29.332,N,85.449,W
9/21/2007,13:12:00,29.339,N,85.451,W
9/21/2007,13:14:00,29.346,N,85.452,W
9/21/2007,13:15:59,29.352,N,85.454,W
9/21/2007,13:17:59,29.359,N,85.455,W
9/21/2007,13:19:59,29.366,N,85.456,W
9/21/2007,13:21:59,29.372,N,85.458,W
9/21/2007,13:24:00,29.379,N,85.459,W
9/21/2007,13:26:00,29.386,N,85.461,W
9/21/2007,13:28:00,29.392,N,85.462,W
9/21/2007,13:30:00,29.399,N,85.463,W
9/21/2007,13:31:59,29.406,N,85.465,W
9/21/2007,13:33:38,29.411,N,85.466,W
9/21/2007,13:35:38,29.414,N,85.469,W
9/21/2007,13:37:38,29.417,N,85.472,W
9/21/2007,13:39:38,29.42,N,85.475,W
9/21/2007,13:41:39,29.423,N,85.479,W
9/21/2007,13:43:39,29.427,N,85.483,W
9/21/2007,13:45:39,29.43,N,85.488,W
9/21/2007,13:47:38,29.434,N,85.492,W
9/21/2007,13:49:38,29.437,N,85.498,W
9/21/2007,13:51:38,29.441,N,85.503,W
9/21/2007,13:53:38,29.445,N,85.509,W
9/21/2007,13:55:39,29.449,N,85.515,W
9/21/2007,13:57:39,29.453,N,85.521,W
9/21/2007,13:59:39,29.457,N,85.528,W
9/21/2007,14:01:39,29.461,N,85.535,W
9/21/2007,14:03:38,29.465,N,85.542,W
9/21/2007,14:05:38,29.469,N,85.549,W
9/21/2007,14:05:54,29.47,N,85.55,W
9/21/2007,14:07:54,29.474,N,85.557,W
9/21/2007,14:09:55,29.478,N,85.563,W
9/21/2007,14:11:55,29.482,N,85.57,W
9/21/2007,14:13:55,29.487,N,85.578,W
9/21/2007,14:15:55,29.491,N,85.585,W
9/21/2007,14:17:54,29.496,N,85.593,W
9/21/2007,14:19:54,29.5,N,85.601,W
9/21/2007,14:21:54,29.505,N,85.61,W
9/21/2007,14:23:55,29.51,N,85.619,W
9/21/2007,14:25:55,29.514,N,85.628,W
9/21/2007,14:27:55,29.519,N,85.637,W
9/21/2007,14:29:55,29.525,N,85.647,W
9/21/2007,14:30:04,29.525,N,85.648,W
9/21/2007,14:32:04,29.529,N,85.655,W
9/21/2007,14:34:04,29.533,N,85.663,W
9/21/2007,14:36:04,29.537,N,85.67,W
9/21/2007,14:38:05,29.541,N,85.677,W
9/21/2007,14:40:05,29.545,N,85.684,W
9/21/2007,14:42:05,29.549,N,85.69,W
9/21/2007,14:44:04,29.553,N,85.697,W
9/21/2007,14:46:04,29.556,N,85.703,W
9/21/2007,14:48:04,29.56,N,85.709,W
9/21/2007,14:50:04,29.563,N,85.714,W
9/21/2007,14:52:05,29.567,N,85.72,W
9/21/2007,14:54:05,29.57,N,85.725,W
9/21/2007,14:56:05,29.573,N,85.73,W
9/21/2007,14:58:05,29.575,N,85.734,W
9/21/2007,15:00:04,29.578,N,85.738,W
9/21/2007,15:02:04,29.581,N,85.742,W
9/21/2007,15:04:04,29.583,N,85.746,W
9/21/2007,15:06:04,29.585,N,85.749,W
9/21/2007,15:08:05,29.587,N,85.752,W
9/21/2007,15:10:05,29.589,N,85.755,W
9/21/2007,15:12:05,29.591,N,85.757,W
9/21/2007,15:14:04,29.592,N,85.759,W
9/21/2007,15:16:04,29.593,N,85.76,W
9/21/2007,15:18:04,29.594,N,85.761,W
9/21/2007,15:20:04,29.595,N,85.762,W
9/21/2007,15:22:05,29.596,N,85.762,W
9/21/2007,15:24:05,29.597,N,85.762,W
9/21/2007,15:26:05,29.597,N,85.762,W
9/21/2007,15:28:05,29.597,N,85.761,W
9/21/2007,15:30:04,29.597,N,85.76,W
9/21/2007,15:32:04,29.598,N,85.76,W
9/21/2007,15:34:04,29.598,N,85.758,W
9/21/2007,15:36:04,29.597,N,85.757,W
9/21/2007,15:38:05,29.597,N,85.756,W
9/21/2007,15:40:05,29.597,N,85.755,W
9/21/2007,15:42:05,29.597,N,85.753,W
9/21/2007,15:44:04,29.596,N,85.752,W
9/21/2007,15:46:04,29.596,N,85.75,W
9/21/2007,15:48:04,29.595,N,85.749,W
9/21/2007,15:50:04,29.595,N,85.747,W
9/21/2007,15:52:05,29.594,N,85.746,W
9/21/2007,15:54:05,29.594,N,85.744,W
9/21/2007,15:56:05,29.593,N,85.743,W
9/21/2007,15:58:05,29.593,N,85.742,W
9/21/2007,16:00:04,29.592,N,85.741,W
9/21/2007,16:02:04,29.592,N,85.741,W
9/21/2007,16:04:04,29.592,N,85.74,W
9/21/2007,16:06:04,29.591,N,85.74,W
9/21/2007,16:08:05,29.591,N,85.74,W
9/21/2007,16:10:05,29.591,N,85.741,W
9/21/2007,16:12:05,29.591,N,85.741,W
9/21/2007,16:14:04,29.591,N,85.743,W
9/21/2007,16:14:39,29.591,N,85.743,W
9/21/2007,16:16:39,29.593,N,85.748,W
9/21/2007,16:18:38,29.595,N,85.754,W
9/21/2007,16:20:38,29.596,N,85.759,W
9/21/2007,16:22:38,29.598,N,85.765,W
9/21/2007,16:24:38,29.6,N,85.771,W
9/21/2007,16:26:39,29.602,N,85.777,W
9/21/2007,16:28:39,29.604,N,85.783,W
9/21/2007,16:30:39,29.606,N,85.79,W
9/21/2007,16:32:38,29.608,N,85.797,W
9/21/2007,16:34:38,29.61,N,85.804,W
9/21/2007,16:36:38,29.612,N,85.811,W
9/21/2007,16:38:38,29.614,N,85.818,W
9/21/2007,16:40:39,29.616,N,85.826,W
9/21/2007,16:42:39,29.618,N,85.834,W
9/21/2007,16:44:39,29.62,N,85.841,W
9/21/2007,16:46:39,29.623,N,85.85,W
9/21/2007,16:48:38,29.625,N,85.858,W
9/21/2007,16:50:38,29.627,N,85.866,W
9/21/2007,16:52:38,29.629,N,85.875,W
9/21/2007,16:54:38,29.632,N,85.883,W
9/21/2007,16:56:39,29.634,N,85.892,W
9/21/2007,16:58:39,29.636,N,85.901,W
9/21/2007,17:00:39,29.639,N,85.91,W
9/21/2007,17:02:38,29.641,N,85.919,W
9/21/2007,17:04:38,29.643,N,85.928,W
9/21/2007,17:06:38,29.646,N,85.937,W
9/21/2007,17:08:38,29.648,N,85.947,W
9/21/2007,17:10:39,29.651,N,85.956,W
9/21/2007,17:12:39,29.653,N,85.965,W
9/21/2007,17:14:39,29.656,N,85.975,W
9/21/2007,17:16:39,29.658,N,85.984,W
9/21/2007,17:18:38,29.661,N,85.994,W
9/21/2007,17:20:38,29.664,N,86.004,W
9/21/2007,17:22:38,29.666,N,86.013,W
9/21/2007,17:24:38,29.669,N,86.023,W
9/21/2007,17:26:39,29.672,N,86.032,W
9/21/2007,17:28:39,29.674,N,86.042,W
9/21/2007,17:30:39,29.677,N,86.052,W
9/21/2007,17:30:42,29.677,N,86.052,W
9/21/2007,17:32:42,29.679,N,86.059,W
9/21/2007,17:34:42,29.682,N,86.066,W
9/21/2007,17:36:43,29.684,N,86.073,W
9/21/2007,17:38:43,29.687,N,86.08,W
9/21/2007,17:40:43,29.689,N,86.087,W
9/21/2007,17:42:43,29.691,N,86.093,W
9/21/2007,17:44:42,29.694,N,86.1,W
9/21/2007,17:46:42,29.696,N,86.106,W
9/21/2007,17:48:42,29.699,N,86.113,W
9/21/2007,17:50:42,29.701,N,86.119,W
9/21/2007,17:52:43,29.704,N,86.125,W
9/21/2007,17:54:43,29.706,N,86.131,W
9/21/2007,17:56:43,29.709,N,86.137,W
9/21/2007,17:58:42,29.711,N,86.143,W
9/21/2007,18:00:42,29.714,N,86.149,W
9/21/2007,18:02:42,29.716,N,86.155,W
9/21/2007,18:04:42,29.719,N,86.16,W
9/21/2007,18:06:43,29.722,N,86.166,W
9/21/2007,18:08:43,29.724,N,86.171,W
9/21/2007,18:10:43,29.727,N,86.177,W
9/21/2007,18:12:43,29.729,N,86.182,W
9/21/2007,18:14:42,29.732,N,86.187,W
9/21/2007,18:16:42,29.735,N,86.191,W
9/21/2007,18:18:42,29.737,N,86.196,W
9/21/2007,18:20:42,29.74,N,86.201,W
9/21/2007,18:22:43,29.743,N,86.205,W
9/21/2007,18:24:43,29.745,N,86.21,W
9/21/2007,18:26:43,29.748,N,86.214,W
9/21/2007,18:28:42,29.751,N,86.218,W
9/21/2007,18:30:42,29.754,N,86.222,W
9/21/2007,18:32:42,29.756,N,86.226,W
9/21/2007,18:34:42,29.759,N,86.229,W
9/21/2007,18:36:43,29.762,N,86.233,W
9/21/2007,18:38:43,29.765,N,86.236,W
9/21/2007,18:40:43,29.768,N,86.24,W
9/21/2007,18:42:43,29.771,N,86.243,W
9/21/2007,18:44:42,29.773,N,86.246,W
9/21/2007,18:46:42,29.776,N,86.249,W
9/21/2007,18:48:42,29.779,N,86.252,W
9/21/2007,18:50:42,29.782,N,86.254,W
9/21/2007,18:52:43,29.785,N,86.257,W
9/21/2007,18:54:43,29.788,N,86.259,W
9/21/2007,18:56:43,29.791,N,86.262,W
9/21/2007,18:58:42,29.794,N,86.264,W
9/21/2007,19:00:42,29.797,N,86.266,W
9/21/2007,19:02:42,29.8,N,86.268,W
9/21/2007,19:04:42,29.803,N,86.27,W
9/21/2007,19:06:43,29.806,N,86.272,W
9/21/2007,19:08:43,29.809,N,86.274,W
9/21/2007,19:10:43,29.812,N,86.276,W
9/21/2007,19:12:43,29.816,N,86.277,W
9/21/2007,19:14:42,29.819,N,86.279,W
9/21/2007,19:16:42,29.822,N,86.281,W
9/21/2007,19:18:42,29.825,N,86.282,W
9/21/2007,19:20:42,29.828,N,86.283,W
9/21/2007,19:22:43,29.832,N,86.285,W
9/21/2007,19:24:43,29.835,N,86.286,W
9/21/2007,19:26:43,29.838,N,86.287,W
9/21/2007,19:28:42,29.841,N,86.289,W
9/21/2007,19:30:42,29.845,N,86.29,W
9/21/2007,19:32:42,29.848,N,86.291,W
9/21/2007,19:34:42,29.851,N,86.292,W
9/21/2007,19:36:43,29.855,N,86.293,W
9/21/2007,19:38:43,29.858,N,86.294,W
9/21/2007,19:40:43,29.862,N,86.295,W
9/21/2007,19:42:43,29.865,N,86.296,W
9/21/2007,19:44:42,29.868,N,86.297,W
9/21/2007,19:46:42,29.872,N,86.298,W
9/21/2007,19:48:42,29.875,N,86.299,W
9/21/2007,19:50:42,29.879,N,86.3,W
9/21/2007,19:52:43,29.882,N,86.3,W
9/21/2007,19:54:43,29.886,N,86.301,W
9/21/2007,19:56:43,29.89,N,86.302,W
9/21/2007,19:58:42,29.893,N,86.303,W
9/21/2007,20:00:42,29.897,N,86.304,W
9/21/2007,20:02:42,29.901,N,86.305,W
9/21/2007,20:04:42,29.904,N,86.306,W
9/21/2007,20:06:43,29.908,N,86.307,W
9/21/2007,20:08:43,29.912,N,86.308,W
9/21/2007,20:10:43,29.915,N,86.309,W
9/21/2007,20:12:43,29.919,N,86.31,W
9/21/2007,20:14:42,29.923,N,86.311,W
9/21/2007,20:16:42,29.927,N,86.312,W
9/21/2007,20:18:42,29.931,N,86.313,W
9/21/2007,20:20:42,29.934,N,86.314,W
9/21/2007,20:22:43,29.938,N,86.315,W
9/21/2007,20:24:43,29.942,N,86.317,W
9/21/2007,20:26:43,29.946,N,86.318,W
9/21/2007,20:28:42,29.95,N,86.319,W
9/21/2007,20:30:42,29.954,N,86.321,W
9/21/2007,20:31:13,29.955,N,86.321,W
9/21/2007,20:33:13,29.964,N,86.324,W
9/21/2007,20:35:13,29.973,N,86.327,W
9/21/2007,20:37:12,29.982,N,86.33,W
9/21/2007,20:39:12,29.992,N,86.333,W
9/21/2007,20:41:12,30.001,N,86.336,W
9/21/2007,20:43:12,30.01,N,86.339,W
9/21/2007,20:45:13,30.019,N,86.342,W
9/21/2007,20:47:13,30.028,N,86.345,W
9/21/2007,20:49:13,30.037,N,86.348,W
9/21/2007,20:51:12,30.046,N,86.351,W
9/21/2007,20:53:12,30.055,N,86.354,W
9/21/2007,20:55:12,30.064,N,86.357,W
9/21/2007,20:57:12,30.073,N,86.36,W
9/21/2007,20:59:13,30.082,N,86.363,W
9/21/2007,21:01:13,30.09,N,86.367,W
9/21/2007,21:03:13,30.099,N,86.37,W
9/21/2007,21:05:13,30.108,N,86.373,W
9/21/2007,21:07:12,30.116,N,86.376,W
9/21/2007,21:09:12,30.124,N,86.38,W
9/21/2007,21:11:12,30.133,N,86.383,W
9/21/2007,21:13:12,30.141,N,86.386,W
9/21/2007,21:15:13,30.149,N,86.39,W
9/21/2007,21:17:13,30.156,N,86.393,W
9/21/2007,21:19:13,30.164,N,86.397,W
9/21/2007,21:21:12,30.172,N,86.4,W
9/21/2007,21:23:12,30.179,N,86.404,W
9/21/2007,21:25:12,30.186,N,86.407,W
9/21/2007,21:27:12,30.193,N,86.411,W
9/21/2007,21:29:13,30.2,N,86.415,W
9/21/2007,21:31:13,30.207,N,86.418,W
9/21/2007,21:33:13,30.213,N,86.422,W
9/21/2007,21:35:13,30.22,N,86.426,W
9/21/2007,21:37:12,30.226,N,86.43,W
9/21/2007,21:39:12,30.231,N,86.433,W
9/21/2007,21:41:12,30.237,N,86.437,W
9/21/2007,21:43:12,30.242,N,86.441,W
9/21/2007,21:45:13,30.248,N,86.445,W
9/21/2007,21:47:13,30.253,N,86.449,W
9/21/2007,21:49:13,30.257,N,86.453,W
9/21/2007,21:51:12,30.262,N,86.457,W
9/21/2007,21:53:12,30.266,N,86.461,W
9/21/2007,21:55:12,30.271,N,86.466,W
9/21/2007,21:57:12,30.275,N,86.47,W
9/21/2007,21:59:13,30.278,N,86.474,W
9/21/2007,22:01:13,30.282,N,86.478,W
9/21/2007,22:03:13,30.286,N,86.483,W
9/21/2007,22:05:13,30.289,N,86.487,W
9/21/2007,22:07:12,30.292,N,86.491,W
9/21/2007,22:09:12,30.295,N,86.496,W
9/21/2007,22:11:12,30.298,N,86.5,W
9/21/2007,22:13:12,30.3,N,86.505,W
9/21/2007,22:15:13,30.303,N,86.509,W
9/21/2007,22:17:13,30.305,N,86.514,W
9/21/2007,22:19:13,30.307,N,86.518,W
9/21/2007,22:21:12,30.309,N,86.523,W
9/21/2007,22:23:12,30.311,N,86.528,W
9/21/2007,22:25:12,30.313,N,86.532,W
9/21/2007,22:27:12,30.314,N,86.537,W
9/21/2007,22:29:13,30.316,N,86.542,W
9/21/2007,22:31:13,30.317,N,86.546,W
9/21/2007,22:33:13,30.318,N,86.551,W
9/21/2007,22:35:13,30.319,N,86.556,W
9/21/2007,22:37:12,30.32,N,86.561,W
9/21/2007,22:39:12,30.321,N,86.565,W
9/21/2007,22:41:12,30.322,N,86.57,W
9/21/2007,22:43:12,30.322,N,86.575,W
9/21/2007,22:45:13,30.323,N,86.58,W
9/21/2007,22:47:13,30.323,N,86.585,W
9/21/2007,22:49:13,30.323,N,86.59,W
9/21/2007,22:51:12,30.323,N,86.595,W
9/21/2007,22:53:12,30.324,N,86.6,W
9/21/2007,22:55:12,30.324,N,86.605,W
9/21/2007,22:57:12,30.324,N,86.61,W
9/21/2007,22:59:13,30.323,N,86.615,W
9/21/2007,23:01:13,30.323,N,86.62,W
9/21/2007,23:03:13,30.323,N,86.625,W
9/21/2007,23:05:13,30.322,N,86.63,W
9/21/2007,23:07:12,30.322,N,86.635,W
9/21/2007,23:07:16,30.322,N,86.635,W
9/21/2007,23:09:16,30.321,N,86.64,W
9/21/2007,23:11:16,30.32,N,86.645,W
9/21/2007,23:13:16,30.319,N,86.65,W
9/21/2007,23:15:15,30.318,N,86.656,W
9/21/2007,23:17:15,30.317,N,86.661,W
9/21/2007,23:19:15,30.316,N,86.666,W
9/21/2007,23:21:15,30.315,N,86.671,W
9/21/2007,23:23:16,30.314,N,86.676,W
9/21/2007,23:25:16,30.313,N,86.681,W
9/21/2007,23:27:16,30.313,N,86.686,W
9/21/2007,23:29:15,30.312,N,86.692,W
9/21/2007,23:31:15,30.311,N,86.697,W
9/21/2007,23:33:15,30.31,N,86.702,W
9/21/2007,23:35:15,30.31,N,86.707,W
9/21/2007,23:37:16,30.309,N,86.712,W
9/21/2007,23:39:16,30.308,N,86.717,W
9/21/2007,23:41:16,30.307,N,86.722,W
9/21/2007,23:43:16,30.307,N,86.728,W
9/21/2007,23:45:15,30.306,N,86.733,W
9/21/2007,23:47:15,30.306,N,86.738,W
9/21/2007,23:49:15,30.305,N,86.743,W
9/21/2007,23:51:15,30.305,N,86.748,W
9/21/2007,23:53:16,30.304,N,86.753,W
9/21/2007,23:55:16,30.304,N,86.758,W
9/21/2007,23:57:16,30.303,N,86.764,W
9/21/2007,23:59:15,30.303,N,86.769,W
9/22/2007,0:01:15,30.302,N,86.774,W
9/22/2007,0:03:15,30.302,N,86.779,W
9/22/2007,0:05:15,30.302,N,86.784,W
9/22/2007,0:07:16,30.301,N,86.789,W
9/22/2007,0:09:16,30.301,N,86.795,W
9/22/2007,0:11:16,30.301,N,86.8,W
9/22/2007,0:13:16,30.301,N,86.805,W
9/22/2007,0:15:15,30.3,N,86.81,W
9/22/2007,0:17:15,30.3,N,86.815,W
9/22/2007,0:19:15,30.3,N,86.82,W
9/22/2007,0:21:15,30.3,N,86.825,W
9/22/2007,0:23:16,30.3,N,86.831,W
9/22/2007,0:25:16,30.3,N,86.836,W
9/22/2007,0:27:16,30.3,N,86.841,W
9/22/2007,0:29:15,30.3,N,86.846,W
9/22/2007,0:31:15,30.3,N,86.851,W
9/22/2007,0:33:15,30.3,N,86.856,W
9/22/2007,0:35:15,30.3,N,86.861,W
9/22/2007,0:37:16,30.301,N,86.867,W
9/22/2007,0:39:16,30.301,N,86.872,W
9/22/2007,0:41:16,30.301,N,86.877,W
9/22/2007,0:43:16,30.301,N,86.882,W
9/22/2007,0:45:15,30.302,N,86.887,W
9/22/2007,0:47:15,30.302,N,86.892,W
9/22/2007,0:49:15,30.302,N,86.898,W
9/22/2007,0:51:15,30.303,N,86.903,W
9/22/2007,0:53:16,30.303,N,86.908,W
9/22/2007,0:55:16,30.304,N,86.913,W
9/22/2007,0:57:16,30.304,N,86.918,W
9/22/2007,0:59:15,30.305,N,86.923,W
9/22/2007,1:01:15,30.305,N,86.928,W
9/22/2007,1:03:15,30.306,N,86.934,W
9/22/2007,1:05:15,30.307,N,86.939,W
9/22/2007,1:07:16,30.307,N,86.944,W
9/22/2007,1:09:16,30.308,N,86.949,W
9/22/2007,1:11:16,30.309,N,86.954,W
9/22/2007,1:13:16,30.31,N,86.959,W
9/22/2007,1:15:15,30.311,N,86.965,W
9/22/2007,1:17:15,30.311,N,86.97,W
9/22/2007,1:19:15,30.312,N,86.975,W
9/22/2007,1:21:15,30.313,N,86.98,W
9/22/2007,1:23:16,30.314,N,86.985,W
9/22/2007,1:25:16,30.315,N,86.99,W
9/22/2007,1:27:16,30.317,N,86.996,W
9/22/2007,1:29:15,30.318,N,87.001,W
9/22/2007,1:31:15,30.319,N,87.006,W
9/22/2007,1:33:15,30.32,N,87.011,W
9/22/2007,1:35:15,30.321,N,87.016,W
9/22/2007,1:37:16,30.323,N,87.021,W
9/22/2007,1:39:16,30.324,N,87.026,W
9/22/2007,1:41:16,30.325,N,87.032,W
9/22/2007,1:43:16,30.327,N,87.037,W
9/22/2007,1:45:15,30.328,N,87.042,W
9/22/2007,1:47:15,30.329,N,87.047,W
9/22/2007,1:49:15,30.331,N,87.052,W
9/22/2007,1:51:15,30.332,N,87.057,W
9/22/2007,1:53:16,30.334,N,87.063,W
9/22/2007,1:55:16,30.336,N,87.068,W
9/22/2007,1:57:16,30.337,N,87.073,W
9/22/2007,1:59:15,30.339,N,87.078,W
9/22/2007,2:01:15,30.341,N,87.083,W
9/22/2007,2:03:15,30.342,N,87.088,W
9/22/2007,2:05:15,30.344,N,87.094,W
9/22/2007,2:07:16,30.346,N,87.099,W
9/22/2007,2:09:16,30.348,N,87.104,W
9/22/2007,2:11:16,30.35,N,87.109,W
9/22/2007,2:13:16,30.351,N,87.114,W
9/22/2007,2:15:15,30.353,N,87.119,W
9/22/2007,2:17:15,30.355,N,87.124,W
9/22/2007,2:19:15,30.357,N,87.13,W
9/22/2007,2:21:15,30.359,N,87.135,W
9/22/2007,2:23:16,30.361,N,87.14,W
9/22/2007,2:25:16,30.363,N,87.145,W
9/22/2007,2:27:16,30.365,N,87.15,W
9/22/2007,2:29:15,30.368,N,87.155,W
9/22/2007,2:31:15,30.37,N,87.161,W
9/22/2007,2:33:15,30.372,N,87.166,W
9/22/2007,2:35:15,30.374,N,87.171,W
9/22/2007,2:37:16,30.376,N,87.176,W
9/22/2007,2:39:16,30.379,N,87.181,W
9/22/2007,2:41:16,30.381,N,87.186,W
9/22/2007,2:43:16,30.383,N,87.192,W
9/22/2007,2:45:15,30.386,N,87.197,W
9/22/2007,2:47:15,30.388,N,87.202,W
9/22/2007,2:49:15,30.39,N,87.207,W
9/22/2007,2:51:15,30.393,N,87.212,W
9/22/2007,2:53:16,30.395,N,87.217,W
9/22/2007,2:55:16,30.398,N,87.223,W
9/22/2007,2:57:16,30.4,N,87.228,W
9/22/2007,2:59:15,30.403,N,87.233,W
9/22/2007,3:01:15,30.405,N,87.238,W
9/22/2007,3:03:15,30.408,N,87.243,W
9/22/2007,3:05:15,30.411,N,87.248,W
9/22/2007,3:07:16,30.413,N,87.254,W
9/22/2007,3:09:16,30.416,N,87.259,W
9/22/2007,3:11:16,30.418,N,87.264,W
9/22/2007,3:13:16,30.421,N,87.269,W
9/22/2007,3:15:15,30.424,N,87.274,W
9/22/2007,3:17:15,30.427,N,87.279,W
9/22/2007,3:19:15,30.429,N,87.285,W
9/22/2007,3:21:15,30.432,N,87.29,W
9/22/2007,3:23:16,30.435,N,87.295,W
9/22/2007,3:25:16,30.438,N,87.3,W
9/22/2007,3:27:16,30.441,N,87.305,W
9/22/2007,3:29:15,30.444,N,87.31,W
9/22/2007,3:31:15,30.446,N,87.316,W
9/22/2007,3:33:15,30.449,N,87.321,W
9/22/2007,3:35:15,30.452,N,87.326,W
9/22/2007,3:37:16,30.455,N,87.331,W
9/22/2007,3:39:16,30.458,N,87.336,W
9/22/2007,3:41:16,30.461,N,87.341,W
9/22/2007,3:43:16,30.464,N,87.347,W
9/22/2007,3:45:15,30.467,N,87.352,W
9/22/2007,3:47:15,30.47,N,87.357,W
9/22/2007,3:49:15,30.473,N,87.362,W
9/22/2007,3:51:15,30.476,N,87.367,W
9/22/2007,3:53:16,30.48,N,87.372,W
9/22/2007,3:55:16,30.483,N,87.378,W
9/22/2007,3:57:16,30.486,N,87.383,W
9/22/2007,3:59:15,30.489,N,87.388,W
9/22/2007,4:01:15,30.492,N,87.393,W
9/22/2007,4:03:15,30.495,N,87.398,W
9/22/2007,4:05:15,30.499,N,87.403,W
9/22/2007,4:07:16,30.502,N,87.409,W
9/22/2007,4:09:16,30.505,N,87.414,W
9/22/2007,4:11:16,30.508,N,87.419,W
9/22/2007,4:13:16,30.511,N,87.424,W
9/22/2007,4:15:15,30.515,N,87.429,W
9/22/2007,4:17:15,30.518,N,87.434,W
9/22/2007,4:19:15,30.521,N,87.44,W
9/22/2007,4:21:15,30.525,N,87.445,W
9/22/2007,4:23:16,30.528,N,87.45,W
9/22/2007,4:25:16,30.531,N,87.455,W
9/22/2007,4:27:16,30.535,N,87.46,W
9/22/2007,4:29:15,30.538,N,87.465,W
9/22/2007,4:31:15,30.541,N,87.471,W
9/22/2007,4:33:15,30.545,N,87.476,W
9/22/2007,4:35:15,30.548,N,87.481,W
9/22/2007,4:37:16,30.552,N,87.486,W
9/22/2007,4:39:16,30.555,N,87.491,W
9/22/2007,4:41:16,30.559,N,87.496,W
9/22/2007,4:43:16,30.562,N,87.502,W
9/22/2007,4:45:15,30.566,N,87.507,W
9/22/2007,4:47:15,30.569,N,87.512,W
9/22/2007,4:49:15,30.572,N,87.517,W
9/22/2007,4:51:15,30.576,N,87.522,W
9/22/2007,4:53:16,30.579,N,87.527,W
9/22/2007,4:55:16,30.583,N,87.533,W
9/22/2007,4:57:16,30.587,N,87.538,W
9/22/2007,4:59:15,30.59,N,87.543,W
9/22/2007,5:01:15,30.594,N,87.548,W
9/22/2007,5:03:15,30.597,N,87.553,W
9/22/2007,5:05:15,30.601,N,87.558,W
9/22/2007,5:07:16,30.604,N,87.564,W
9/22/2007,5:09:16,30.608,N,87.569,W
9/22/2007,5:11:16,30.611,N,87.574,W
9/22/2007,5:13:16,30.615,N,87.579,W
9/22/2007,5:15:15,30.619,N,87.584,W
9/22/2007,5:17:15,30.622,N,87.59,W
9/22/2007,5:19:15,30.626,N,87.595,W
9/22/2007,5:21:15,30.629,N,87.6,W
9/22/2007,5:23:16,30.633,N,87.605,W
9/22/2007,5:25:16,30.637,N,87.61,W
9/22/2007,5:27:16,30.64,N,87.615,W
9/22/2007,5:29:15,30.644,N,87.621,W
9/22/2007,5:31:15,30.648,N,87.626,W
9/22/2007,5:33:15,30.651,N,87.631,W
9/22/2007,5:35:15,30.655,N,87.636,W
9/22/2007,5:37:16,30.658,N,87.641,W
9/22/2007,5:39:16,30.662,N,87.646,W
9/22/2007,5:41:16,30.666,N,87.652,W
9/22/2007,5:43:16,30.669,N,87.657,W
9/22/2007,5:45:15,30.673,N,87.662,W
9/22/2007,5:47:15,30.677,N,87.667,W
9/22/2007,5:49:15,30.68,N,87.672,W
9/22/2007,5:51:15,30.684,N,87.677,W
9/22/2007,5:53:16,30.688,N,87.683,W
9/22/2007,5:55:16,30.691,N,87.688,W
9/22/2007,5:57:16,30.695,N,87.693,W
9/22/2007,5:59:15,30.699,N,87.698,W
