Track,for,Gaston,2004,,
Date,Time,(UTC),Latitude,Longitude,
MM/DD/Year,HH:MM:SS,(deg),(deg),,
8/28/2004,5:54:00,30.695,N,78.195,W
8/28/2004,5:56:00,30.697,N,78.197,W
8/28/2004,5:58:00,30.698,N,78.198,W
8/28/2004,6:00:00,30.7,N,78.2,W
8/28/2004,6:01:59,30.702,N,78.202,W
8/28/2004,6:03:59,30.703,N,78.203,W
8/28/2004,6:05:59,30.705,N,78.205,W
8/28/2004,6:07:59,30.707,N,78.206,W
8/28/2004,6:09:59,30.709,N,78.208,W
8/28/2004,6:11:59,30.71,N,78.21,W
8/28/2004,6:13:59,30.712,N,78.211,W
8/28/2004,6:16:00,30.714,N,78.213,W
8/28/2004,6:18:00,30.716,N,78.215,W
8/28/2004,6:20:00,30.717,N,78.216,W
8/28/2004,6:22:00,30.719,N,78.218,W
8/28/2004,6:24:00,30.721,N,78.219,W
8/28/2004,6:26:00,30.723,N,78.221,W
8/28/2004,6:28:00,30.724,N,78.223,W
8/28/2004,6:30:00,30.726,N,78.224,W
8/28/2004,6:31:59,30.728,N,78.226,W
8/28/2004,6:33:59,30.73,N,78.228,W
8/28/2004,6:35:59,30.731,N,78.229,W
8/28/2004,6:37:59,30.733,N,78.231,W
8/28/2004,6:39:59,30.735,N,78.232,W
8/28/2004,6:41:59,30.737,N,78.234,W
8/28/2004,6:43:59,30.738,N,78.236,W
8/28/2004,6:46:00,30.74,N,78.237,W
8/28/2004,6:48:00,30.742,N,78.239,W
8/28/2004,6:50:00,30.743,N,78.241,W
8/28/2004,6:52:00,30.745,N,78.242,W
8/28/2004,6:54:00,30.747,N,78.244,W
8/28/2004,6:56:00,30.749,N,78.245,W
8/28/2004,6:58:00,30.75,N,78.247,W
8/28/2004,7:00:00,30.752,N,78.249,W
8/28/2004,7:01:59,30.754,N,78.25,W
8/28/2004,7:03:59,30.756,N,78.252,W
8/28/2004,7:05:59,30.757,N,78.253,W
8/28/2004,7:07:59,30.759,N,78.255,W
8/28/2004,7:09:59,30.761,N,78.257,W
8/28/2004,7:11:59,30.763,N,78.258,W
8/28/2004,7:13:59,30.764,N,78.26,W
8/28/2004,7:16:00,30.766,N,78.262,W
8/28/2004,7:18:00,30.768,N,78.263,W
8/28/2004,7:20:00,30.769,N,78.265,W
8/28/2004,7:22:00,30.771,N,78.266,W
8/28/2004,7:24:00,30.773,N,78.268,W
8/28/2004,7:26:00,30.775,N,78.27,W
8/28/2004,7:28:00,30.776,N,78.271,W
8/28/2004,7:30:00,30.778,N,78.273,W
8/28/2004,7:31:59,30.78,N,78.275,W
8/28/2004,7:33:59,30.782,N,78.276,W
8/28/2004,7:35:59,30.783,N,78.278,W
8/28/2004,7:37:59,30.785,N,78.28,W
8/28/2004,7:39:59,30.787,N,78.281,W
8/28/2004,7:41:59,30.788,N,78.283,W
8/28/2004,7:43:59,30.79,N,78.284,W
8/28/2004,7:46:00,30.792,N,78.286,W
8/28/2004,7:48:00,30.794,N,78.288,W
8/28/2004,7:50:00,30.795,N,78.289,W
8/28/2004,7:52:00,30.797,N,78.291,W
8/28/2004,7:54:00,30.799,N,78.293,W
8/28/2004,7:56:00,30.8,N,78.294,W
8/28/2004,7:58:00,30.802,N,78.296,W
8/28/2004,8:00:00,30.804,N,78.297,W
8/28/2004,8:02:00,30.806,N,78.299,W
8/28/2004,8:03:59,30.807,N,78.301,W
8/28/2004,8:06:00,30.809,N,78.302,W
8/28/2004,8:07:59,30.811,N,78.304,W
8/28/2004,8:10:00,30.812,N,78.306,W
8/28/2004,8:11:59,30.814,N,78.307,W
8/28/2004,8:14:00,30.816,N,78.309,W
8/28/2004,8:15:59,30.818,N,78.311,W
8/28/2004,8:18:00,30.819,N,78.312,W
8/28/2004,8:19:59,30.821,N,78.314,W
8/28/2004,8:22:00,30.823,N,78.315,W
8/28/2004,8:23:59,30.824,N,78.317,W
8/28/2004,8:26:00,30.826,N,78.319,W
8/28/2004,8:27:59,30.828,N,78.32,W
8/28/2004,8:30:00,30.83,N,78.322,W
8/28/2004,8:32:00,30.831,N,78.324,W
8/28/2004,8:33:59,30.833,N,78.325,W
8/28/2004,8:36:00,30.835,N,78.327,W
8/28/2004,8:37:59,30.836,N,78.329,W
8/28/2004,8:40:00,30.838,N,78.33,W
8/28/2004,8:41:59,30.84,N,78.332,W
8/28/2004,8:44:00,30.841,N,78.334,W
8/28/2004,8:45:59,30.843,N,78.335,W
8/28/2004,8:48:00,30.845,N,78.337,W
8/28/2004,8:49:59,30.846,N,78.339,W
8/28/2004,8:52:00,30.848,N,78.34,W
8/28/2004,8:53:59,30.85,N,78.342,W
8/28/2004,8:56:00,30.852,N,78.343,W
8/28/2004,8:57:59,30.853,N,78.345,W
8/28/2004,9:00:00,30.855,N,78.347,W
8/28/2004,9:02:00,30.857,N,78.348,W
8/28/2004,9:03:59,30.858,N,78.35,W
8/28/2004,9:06:00,30.86,N,78.352,W
8/28/2004,9:07:59,30.862,N,78.353,W
8/28/2004,9:10:00,30.863,N,78.355,W
8/28/2004,9:11:59,30.865,N,78.357,W
8/28/2004,9:14:00,30.867,N,78.358,W
8/28/2004,9:15:59,30.868,N,78.36,W
8/28/2004,9:18:00,30.87,N,78.362,W
8/28/2004,9:19:59,30.872,N,78.363,W
8/28/2004,9:22:00,30.873,N,78.365,W
8/28/2004,9:23:59,30.875,N,78.367,W
8/28/2004,9:26:00,30.877,N,78.368,W
8/28/2004,9:27:59,30.878,N,78.37,W
8/28/2004,9:30:00,30.88,N,78.372,W
8/28/2004,9:32:00,30.882,N,78.373,W
8/28/2004,9:33:59,30.883,N,78.375,W
8/28/2004,9:36:00,30.885,N,78.377,W
8/28/2004,9:37:59,30.887,N,78.378,W
8/28/2004,9:40:00,30.888,N,78.38,W
8/28/2004,9:41:59,30.89,N,78.382,W
8/28/2004,9:44:00,30.892,N,78.383,W
8/28/2004,9:45:59,30.893,N,78.385,W
8/28/2004,9:48:00,30.895,N,78.387,W
8/28/2004,9:49:59,30.897,N,78.388,W
8/28/2004,9:52:00,30.898,N,78.39,W
8/28/2004,9:53:59,30.9,N,78.392,W
8/28/2004,9:56:00,30.902,N,78.393,W
8/28/2004,9:57:59,30.903,N,78.395,W
8/28/2004,10:00:00,30.905,N,78.397,W
8/28/2004,10:02:00,30.906,N,78.399,W
8/28/2004,10:03:59,30.908,N,78.4,W
8/28/2004,10:06:00,30.91,N,78.402,W
8/28/2004,10:07:59,30.911,N,78.404,W
8/28/2004,10:10:00,30.913,N,78.405,W
8/28/2004,10:11:59,30.915,N,78.407,W
8/28/2004,10:14:00,30.916,N,78.409,W
8/28/2004,10:15:59,30.918,N,78.41,W
8/28/2004,10:18:00,30.92,N,78.412,W
8/28/2004,10:19:59,30.921,N,78.414,W
8/28/2004,10:22:00,30.923,N,78.415,W
8/28/2004,10:23:59,30.924,N,78.417,W
8/28/2004,10:26:00,30.926,N,78.419,W
8/28/2004,10:27:59,30.928,N,78.42,W
8/28/2004,10:30:00,30.929,N,78.422,W
8/28/2004,10:32:00,30.931,N,78.424,W
8/28/2004,10:33:59,30.933,N,78.426,W
8/28/2004,10:36:00,30.934,N,78.427,W
8/28/2004,10:37:59,30.936,N,78.429,W
8/28/2004,10:40:00,30.937,N,78.431,W
8/28/2004,10:41:59,30.939,N,78.432,W
8/28/2004,10:44:00,30.941,N,78.434,W
8/28/2004,10:45:59,30.942,N,78.436,W
8/28/2004,10:48:00,30.944,N,78.438,W
8/28/2004,10:49:59,30.945,N,78.439,W
8/28/2004,10:52:00,30.947,N,78.441,W
8/28/2004,10:53:59,30.949,N,78.443,W
8/28/2004,10:56:00,30.95,N,78.444,W
8/28/2004,10:57:59,30.952,N,78.446,W
8/28/2004,11:00:00,30.953,N,78.448,W
8/28/2004,11:02:00,30.955,N,78.45,W
8/28/2004,11:03:59,30.956,N,78.451,W
8/28/2004,11:06:00,30.958,N,78.453,W
8/28/2004,11:07:59,30.96,N,78.455,W
8/28/2004,11:10:00,30.961,N,78.456,W
8/28/2004,11:11:59,30.963,N,78.458,W
8/28/2004,11:14:00,30.964,N,78.46,W
8/28/2004,11:15:59,30.966,N,78.462,W
8/28/2004,11:18:00,30.968,N,78.463,W
8/28/2004,11:19:59,30.969,N,78.465,W
8/28/2004,11:22:00,30.971,N,78.467,W
8/28/2004,11:23:59,30.972,N,78.469,W
8/28/2004,11:26:00,30.974,N,78.47,W
8/28/2004,11:27:59,30.975,N,78.472,W
8/28/2004,11:30:00,30.977,N,78.474,W
8/28/2004,11:32:00,30.978,N,78.475,W
8/28/2004,11:33:59,30.98,N,78.477,W
8/28/2004,11:36:00,30.982,N,78.479,W
8/28/2004,11:37:59,30.983,N,78.481,W
8/28/2004,11:40:00,30.985,N,78.482,W
8/28/2004,11:41:59,30.986,N,78.484,W
8/28/2004,11:44:00,30.988,N,78.486,W
8/28/2004,11:45:59,30.989,N,78.488,W
8/28/2004,11:48:00,30.991,N,78.489,W
8/28/2004,11:49:59,30.992,N,78.491,W
8/28/2004,11:52:00,30.994,N,78.493,W
8/28/2004,11:53:59,30.995,N,78.495,W
8/28/2004,11:56:00,30.997,N,78.496,W
8/28/2004,11:57:59,30.998,N,78.498,W
8/28/2004,12:00:00,31,N,78.5,W
8/28/2004,12:02:00,31.002,N,78.502,W
8/28/2004,12:03:59,31.003,N,78.504,W
8/28/2004,12:06:00,31.005,N,78.505,W
8/28/2004,12:07:59,31.006,N,78.507,W
8/28/2004,12:10:00,31.008,N,78.509,W
8/28/2004,12:11:59,31.009,N,78.511,W
8/28/2004,12:14:00,31.011,N,78.512,W
8/28/2004,12:15:59,31.012,N,78.514,W
8/28/2004,12:18:00,31.014,N,78.516,W
8/28/2004,12:19:59,31.015,N,78.518,W
8/28/2004,12:22:00,31.017,N,78.519,W
8/28/2004,12:23:59,31.018,N,78.521,W
8/28/2004,12:26:00,31.02,N,78.523,W
8/28/2004,12:27:59,31.021,N,78.525,W
8/28/2004,12:30:00,31.023,N,78.527,W
8/28/2004,12:32:00,31.024,N,78.528,W
8/28/2004,12:33:59,31.025,N,78.53,W
8/28/2004,12:36:00,31.027,N,78.532,W
8/28/2004,12:37:59,31.028,N,78.534,W
8/28/2004,12:40:00,31.03,N,78.536,W
8/28/2004,12:41:59,31.031,N,78.537,W
8/28/2004,12:44:00,31.033,N,78.539,W
8/28/2004,12:45:59,31.034,N,78.541,W
8/28/2004,12:48:00,31.036,N,78.543,W
8/28/2004,12:49:59,31.037,N,78.545,W
8/28/2004,12:52:00,31.039,N,78.546,W
8/28/2004,12:53:59,31.04,N,78.548,W
8/28/2004,12:56:00,31.042,N,78.55,W
8/28/2004,12:57:59,31.043,N,78.552,W
8/28/2004,13:00:00,31.044,N,78.554,W
8/28/2004,13:02:00,31.046,N,78.555,W
8/28/2004,13:03:59,31.047,N,78.557,W
8/28/2004,13:06:00,31.049,N,78.559,W
8/28/2004,13:07:59,31.05,N,78.561,W
8/28/2004,13:10:00,31.052,N,78.563,W
8/28/2004,13:11:59,31.053,N,78.565,W
8/28/2004,13:14:00,31.055,N,78.566,W
8/28/2004,13:15:59,31.056,N,78.568,W
8/28/2004,13:18:00,31.057,N,78.57,W
8/28/2004,13:19:59,31.059,N,78.572,W
8/28/2004,13:22:00,31.06,N,78.574,W
8/28/2004,13:23:59,31.062,N,78.575,W
8/28/2004,13:26:00,31.063,N,78.577,W
8/28/2004,13:27:59,31.064,N,78.579,W
8/28/2004,13:30:00,31.066,N,78.581,W
8/28/2004,13:32:00,31.067,N,78.583,W
8/28/2004,13:33:59,31.069,N,78.585,W
8/28/2004,13:36:00,31.07,N,78.587,W
8/28/2004,13:37:59,31.071,N,78.588,W
8/28/2004,13:40:00,31.073,N,78.59,W
8/28/2004,13:41:59,31.074,N,78.592,W
8/28/2004,13:44:00,31.076,N,78.594,W
8/28/2004,13:45:59,31.077,N,78.596,W
8/28/2004,13:48:00,31.078,N,78.598,W
8/28/2004,13:49:59,31.08,N,78.6,W
8/28/2004,13:52:00,31.081,N,78.601,W
8/28/2004,13:53:59,31.082,N,78.603,W
8/28/2004,13:56:00,31.084,N,78.605,W
8/28/2004,13:57:59,31.085,N,78.607,W
8/28/2004,14:00:00,31.086,N,78.609,W
8/28/2004,14:02:00,31.088,N,78.611,W
8/28/2004,14:03:59,31.089,N,78.613,W
8/28/2004,14:06:00,31.091,N,78.614,W
8/28/2004,14:07:59,31.092,N,78.616,W
8/28/2004,14:10:00,31.093,N,78.618,W
8/28/2004,14:11:59,31.095,N,78.62,W
8/28/2004,14:14:00,31.096,N,78.622,W
8/28/2004,14:15:59,31.097,N,78.624,W
8/28/2004,14:18:00,31.099,N,78.626,W
8/28/2004,14:19:59,31.1,N,78.628,W
8/28/2004,14:22:00,31.101,N,78.63,W
8/28/2004,14:23:59,31.103,N,78.631,W
8/28/2004,14:26:00,31.104,N,78.633,W
8/28/2004,14:27:59,31.105,N,78.635,W
8/28/2004,14:30:00,31.106,N,78.637,W
8/28/2004,14:32:00,31.108,N,78.639,W
8/28/2004,14:33:59,31.109,N,78.641,W
8/28/2004,14:36:00,31.11,N,78.643,W
8/28/2004,14:37:59,31.112,N,78.645,W
8/28/2004,14:40:00,31.113,N,78.647,W
8/28/2004,14:41:59,31.114,N,78.649,W
8/28/2004,14:44:00,31.116,N,78.65,W
8/28/2004,14:45:59,31.117,N,78.652,W
8/28/2004,14:48:00,31.118,N,78.654,W
8/28/2004,14:49:59,31.12,N,78.656,W
8/28/2004,14:52:00,31.121,N,78.658,W
8/28/2004,14:53:59,31.122,N,78.66,W
8/28/2004,14:56:00,31.123,N,78.662,W
8/28/2004,14:57:59,31.125,N,78.664,W
8/28/2004,15:00:00,31.126,N,78.666,W
8/28/2004,15:02:00,31.127,N,78.668,W
8/28/2004,15:03:59,31.128,N,78.67,W
8/28/2004,15:06:00,31.13,N,78.672,W
8/28/2004,15:07:59,31.131,N,78.673,W
8/28/2004,15:10:00,31.132,N,78.675,W
8/28/2004,15:11:59,31.134,N,78.677,W
8/28/2004,15:14:00,31.135,N,78.679,W
8/28/2004,15:15:59,31.136,N,78.681,W
8/28/2004,15:18:00,31.137,N,78.683,W
8/28/2004,15:19:59,31.139,N,78.685,W
8/28/2004,15:22:00,31.14,N,78.687,W
8/28/2004,15:23:59,31.141,N,78.689,W
8/28/2004,15:26:00,31.142,N,78.691,W
8/28/2004,15:27:59,31.144,N,78.693,W
8/28/2004,15:30:00,31.145,N,78.695,W
8/28/2004,15:32:00,31.146,N,78.697,W
8/28/2004,15:33:59,31.147,N,78.699,W
8/28/2004,15:36:00,31.149,N,78.701,W
8/28/2004,15:37:59,31.15,N,78.702,W
8/28/2004,15:40:00,31.151,N,78.704,W
8/28/2004,15:41:59,31.152,N,78.706,W
8/28/2004,15:44:00,31.154,N,78.708,W
8/28/2004,15:45:59,31.155,N,78.71,W
8/28/2004,15:48:00,31.156,N,78.712,W
8/28/2004,15:49:59,31.157,N,78.714,W
8/28/2004,15:52:00,31.158,N,78.716,W
8/28/2004,15:53:59,31.16,N,78.718,W
8/28/2004,15:56:00,31.161,N,78.72,W
8/28/2004,15:57:59,31.162,N,78.722,W
8/28/2004,16:00:00,31.163,N,78.724,W
8/28/2004,16:01:59,31.164,N,78.726,W
8/28/2004,16:04:00,31.166,N,78.728,W
8/28/2004,16:06:00,31.167,N,78.73,W
8/28/2004,16:07:59,31.168,N,78.732,W
8/28/2004,16:09:59,31.169,N,78.734,W
8/28/2004,16:12:00,31.171,N,78.736,W
8/28/2004,16:14:00,31.172,N,78.738,W
8/28/2004,16:15:59,31.173,N,78.74,W
8/28/2004,16:17:59,31.174,N,78.742,W
8/28/2004,16:20:00,31.175,N,78.744,W
8/28/2004,16:22:00,31.177,N,78.746,W
8/28/2004,16:23:59,31.178,N,78.748,W
8/28/2004,16:25:59,31.179,N,78.75,W
8/28/2004,16:28:00,31.18,N,78.752,W
8/28/2004,16:30:00,31.181,N,78.754,W
8/28/2004,16:31:59,31.182,N,78.756,W
8/28/2004,16:34:00,31.184,N,78.758,W
8/28/2004,16:36:00,31.185,N,78.76,W
8/28/2004,16:37:59,31.186,N,78.762,W
8/28/2004,16:39:59,31.187,N,78.764,W
8/28/2004,16:42:00,31.188,N,78.766,W
8/28/2004,16:44:00,31.19,N,78.767,W
8/28/2004,16:45:59,31.191,N,78.769,W
8/28/2004,16:47:59,31.192,N,78.771,W
8/28/2004,16:50:00,31.193,N,78.773,W
8/28/2004,16:52:00,31.194,N,78.775,W
8/28/2004,16:53:59,31.195,N,78.777,W
8/28/2004,16:55:59,31.197,N,78.779,W
8/28/2004,16:58:00,31.198,N,78.781,W
8/28/2004,17:00:00,31.199,N,78.783,W
8/28/2004,17:01:59,31.2,N,78.785,W
8/28/2004,17:04:00,31.201,N,78.787,W
8/28/2004,17:06:00,31.202,N,78.789,W
8/28/2004,17:07:59,31.203,N,78.791,W
8/28/2004,17:09:59,31.205,N,78.793,W
8/28/2004,17:12:00,31.206,N,78.795,W
8/28/2004,17:14:00,31.207,N,78.797,W
8/28/2004,17:15:59,31.208,N,78.799,W
8/28/2004,17:17:59,31.209,N,78.801,W
8/28/2004,17:20:00,31.21,N,78.803,W
8/28/2004,17:22:00,31.212,N,78.805,W
8/28/2004,17:23:59,31.213,N,78.807,W
8/28/2004,17:25:59,31.214,N,78.809,W
8/28/2004,17:28:00,31.215,N,78.812,W
8/28/2004,17:30:00,31.216,N,78.814,W
8/28/2004,17:31:59,31.217,N,78.816,W
8/28/2004,17:34:00,31.218,N,78.818,W
8/28/2004,17:36:00,31.22,N,78.82,W
8/28/2004,17:37:59,31.221,N,78.822,W
8/28/2004,17:39:59,31.222,N,78.824,W
8/28/2004,17:42:00,31.223,N,78.826,W
8/28/2004,17:44:00,31.224,N,78.828,W
8/28/2004,17:45:59,31.225,N,78.83,W
8/28/2004,17:47:59,31.226,N,78.832,W
8/28/2004,17:50:00,31.227,N,78.834,W
8/28/2004,17:52:00,31.229,N,78.836,W
8/28/2004,17:53:59,31.23,N,78.838,W
8/28/2004,17:55:59,31.231,N,78.84,W
8/28/2004,17:58:00,31.232,N,78.842,W
8/28/2004,18:00:00,31.233,N,78.844,W
8/28/2004,18:01:59,31.234,N,78.846,W
8/28/2004,18:04:00,31.235,N,78.848,W
8/28/2004,18:06:00,31.236,N,78.85,W
8/28/2004,18:07:59,31.238,N,78.852,W
8/28/2004,18:09:59,31.239,N,78.854,W
8/28/2004,18:12:00,31.24,N,78.856,W
8/28/2004,18:14:00,31.241,N,78.858,W
8/28/2004,18:15:59,31.242,N,78.86,W
8/28/2004,18:17:59,31.243,N,78.862,W
8/28/2004,18:20:00,31.244,N,78.864,W
8/28/2004,18:22:00,31.245,N,78.866,W
8/28/2004,18:23:59,31.246,N,78.868,W
8/28/2004,18:25:59,31.248,N,78.87,W
8/28/2004,18:28:00,31.249,N,78.872,W
8/28/2004,18:30:00,31.25,N,78.874,W
8/28/2004,18:31:59,31.251,N,78.876,W
8/28/2004,18:34:00,31.252,N,78.878,W
8/28/2004,18:36:00,31.253,N,78.88,W
8/28/2004,18:37:59,31.254,N,78.882,W
8/28/2004,18:39:59,31.255,N,78.884,W
8/28/2004,18:42:00,31.256,N,78.886,W
8/28/2004,18:44:00,31.257,N,78.888,W
8/28/2004,18:45:59,31.259,N,78.891,W
8/28/2004,18:47:59,31.26,N,78.893,W
8/28/2004,18:50:00,31.261,N,78.895,W
8/28/2004,18:52:00,31.262,N,78.897,W
8/28/2004,18:52:22,31.262,N,78.897,W
8/28/2004,18:54:21,31.264,N,78.898,W
8/28/2004,18:56:21,31.266,N,78.898,W
8/28/2004,18:58:22,31.267,N,78.899,W
8/28/2004,19:00:22,31.269,N,78.899,W
8/28/2004,19:02:21,31.271,N,78.9,W
8/28/2004,19:04:22,31.273,N,78.901,W
8/28/2004,19:06:22,31.274,N,78.901,W
8/28/2004,19:08:21,31.276,N,78.902,W
8/28/2004,19:10:21,31.278,N,78.903,W
8/28/2004,19:12:22,31.279,N,78.903,W
8/28/2004,19:14:22,31.281,N,78.904,W
8/28/2004,19:16:21,31.283,N,78.905,W
8/28/2004,19:18:21,31.285,N,78.906,W
8/28/2004,19:20:22,31.286,N,78.906,W
8/28/2004,19:22:22,31.288,N,78.907,W
8/28/2004,19:24:21,31.29,N,78.908,W
8/28/2004,19:26:21,31.292,N,78.909,W
8/28/2004,19:28:22,31.293,N,78.91,W
8/28/2004,19:30:22,31.295,N,78.91,W
8/28/2004,19:32:21,31.297,N,78.911,W
8/28/2004,19:34:22,31.298,N,78.912,W
8/28/2004,19:36:22,31.3,N,78.913,W
8/28/2004,19:38:21,31.302,N,78.914,W
8/28/2004,19:40:21,31.303,N,78.915,W
8/28/2004,19:42:22,31.305,N,78.916,W
8/28/2004,19:44:22,31.307,N,78.917,W
8/28/2004,19:46:21,31.309,N,78.918,W
8/28/2004,19:48:21,31.31,N,78.919,W
8/28/2004,19:50:22,31.312,N,78.92,W
8/28/2004,19:52:22,31.314,N,78.921,W
8/28/2004,19:54:21,31.315,N,78.922,W
8/28/2004,19:56:21,31.317,N,78.923,W
8/28/2004,19:58:22,31.319,N,78.924,W
8/28/2004,20:00:22,31.32,N,78.925,W
8/28/2004,20:02:21,31.322,N,78.926,W
8/28/2004,20:04:22,31.324,N,78.927,W
8/28/2004,20:06:22,31.325,N,78.928,W
8/28/2004,20:08:21,31.327,N,78.929,W
8/28/2004,20:10:21,31.329,N,78.93,W
8/28/2004,20:12:22,31.33,N,78.931,W
8/28/2004,20:14:22,31.332,N,78.932,W
8/28/2004,20:16:21,31.334,N,78.933,W
8/28/2004,20:18:21,31.335,N,78.935,W
8/28/2004,20:20:22,31.337,N,78.936,W
8/28/2004,20:22:22,31.339,N,78.937,W
8/28/2004,20:24:21,31.34,N,78.938,W
8/28/2004,20:26:21,31.342,N,78.939,W
8/28/2004,20:28:22,31.344,N,78.94,W
8/28/2004,20:30:22,31.345,N,78.942,W
8/28/2004,20:32:21,31.347,N,78.943,W
8/28/2004,20:34:22,31.349,N,78.944,W
8/28/2004,20:36:22,31.35,N,78.945,W
8/28/2004,20:38:21,31.352,N,78.947,W
8/28/2004,20:40:21,31.354,N,78.948,W
8/28/2004,20:42:22,31.355,N,78.949,W
8/28/2004,20:44:22,31.357,N,78.95,W
8/28/2004,20:46:21,31.359,N,78.952,W
8/28/2004,20:48:21,31.36,N,78.953,W
8/28/2004,20:50:22,31.362,N,78.954,W
8/28/2004,20:51:41,31.363,N,78.955,W
8/28/2004,20:53:42,31.365,N,78.956,W
8/28/2004,20:55:41,31.366,N,78.958,W
8/28/2004,20:57:41,31.368,N,78.959,W
8/28/2004,20:59:42,31.37,N,78.96,W
8/28/2004,21:01:42,31.371,N,78.962,W
8/28/2004,21:03:41,31.373,N,78.963,W
8/28/2004,21:05:41,31.374,N,78.965,W
8/28/2004,21:07:42,31.376,N,78.966,W
8/28/2004,21:09:42,31.378,N,78.967,W
8/28/2004,21:11:41,31.379,N,78.969,W
8/28/2004,21:13:41,31.381,N,78.97,W
8/28/2004,21:15:42,31.383,N,78.972,W
8/28/2004,21:17:42,31.384,N,78.973,W
8/28/2004,21:19:41,31.386,N,78.974,W
8/28/2004,21:21:41,31.387,N,78.976,W
8/28/2004,21:23:42,31.389,N,78.977,W
8/28/2004,21:25:41,31.391,N,78.979,W
8/28/2004,21:27:41,31.392,N,78.98,W
8/28/2004,21:29:42,31.394,N,78.982,W
8/28/2004,21:31:42,31.395,N,78.983,W
8/28/2004,21:33:41,31.397,N,78.985,W
8/28/2004,21:35:41,31.399,N,78.986,W
8/28/2004,21:37:42,31.4,N,78.988,W
8/28/2004,21:39:42,31.402,N,78.989,W
8/28/2004,21:41:41,31.404,N,78.99,W
8/28/2004,21:43:41,31.405,N,78.992,W
8/28/2004,21:45:42,31.407,N,78.993,W
8/28/2004,21:47:42,31.408,N,78.995,W
8/28/2004,21:49:41,31.41,N,78.996,W
8/28/2004,21:51:41,31.412,N,78.998,W
8/28/2004,21:53:42,31.413,N,78.999,W
8/28/2004,21:55:41,31.415,N,79.001,W
8/28/2004,21:57:41,31.416,N,79.002,W
8/28/2004,21:59:42,31.418,N,79.004,W
8/28/2004,22:01:42,31.42,N,79.005,W
8/28/2004,22:03:41,31.421,N,79.006,W
8/28/2004,22:05:41,31.423,N,79.008,W
8/28/2004,22:07:42,31.425,N,79.009,W
8/28/2004,22:09:42,31.426,N,79.011,W
8/28/2004,22:11:41,31.428,N,79.012,W
8/28/2004,22:13:41,31.429,N,79.014,W
8/28/2004,22:15:42,31.431,N,79.015,W
8/28/2004,22:17:42,31.433,N,79.016,W
8/28/2004,22:19:41,31.434,N,79.018,W
8/28/2004,22:21:41,31.436,N,79.019,W
8/28/2004,22:23:42,31.438,N,79.02,W
8/28/2004,22:25:41,31.439,N,79.022,W
8/28/2004,22:27:41,31.441,N,79.023,W
8/28/2004,22:29:01,31.442,N,79.024,W
8/28/2004,22:31:01,31.444,N,79.025,W
8/28/2004,22:33:00,31.445,N,79.027,W
8/28/2004,22:35:00,31.447,N,79.028,W
8/28/2004,22:37:01,31.449,N,79.029,W
8/28/2004,22:39:01,31.45,N,79.031,W
8/28/2004,22:41:00,31.452,N,79.032,W
8/28/2004,22:43:00,31.453,N,79.033,W
8/28/2004,22:45:01,31.455,N,79.035,W
8/28/2004,22:47:01,31.457,N,79.036,W
8/28/2004,22:49:00,31.458,N,79.037,W
8/28/2004,22:51:00,31.46,N,79.038,W
8/28/2004,22:53:01,31.462,N,79.04,W
8/28/2004,22:55:01,31.463,N,79.041,W
8/28/2004,22:57:00,31.465,N,79.042,W
8/28/2004,22:59:01,31.467,N,79.043,W
8/28/2004,23:01:01,31.468,N,79.045,W
8/28/2004,23:03:00,31.47,N,79.046,W
8/28/2004,23:05:00,31.472,N,79.047,W
8/28/2004,23:07:01,31.473,N,79.048,W
8/28/2004,23:09:01,31.475,N,79.05,W
8/28/2004,23:11:00,31.477,N,79.051,W
8/28/2004,23:13:00,31.478,N,79.052,W
8/28/2004,23:15:01,31.48,N,79.053,W
8/28/2004,23:17:01,31.482,N,79.054,W
8/28/2004,23:19:00,31.483,N,79.056,W
8/28/2004,23:21:00,31.485,N,79.057,W
8/28/2004,23:23:01,31.487,N,79.058,W
8/28/2004,23:25:01,31.488,N,79.059,W
8/28/2004,23:27:00,31.49,N,79.06,W
8/28/2004,23:29:01,31.492,N,79.061,W
8/28/2004,23:31:01,31.493,N,79.063,W
8/28/2004,23:33:00,31.495,N,79.064,W
8/28/2004,23:35:00,31.497,N,79.065,W
8/28/2004,23:37:01,31.498,N,79.066,W
8/28/2004,23:39:01,31.5,N,79.067,W
8/28/2004,23:41:00,31.502,N,79.068,W
8/28/2004,23:43:00,31.503,N,79.069,W
8/28/2004,23:45:01,31.505,N,79.07,W
8/28/2004,23:47:01,31.507,N,79.071,W
8/28/2004,23:49:00,31.508,N,79.072,W
8/28/2004,23:51:00,31.51,N,79.073,W
8/28/2004,23:53:01,31.512,N,79.075,W
8/28/2004,23:55:01,31.514,N,79.076,W
8/28/2004,23:57:00,31.515,N,79.077,W
8/28/2004,23:59:01,31.517,N,79.078,W
8/29/2004,0:01:01,31.519,N,79.079,W
8/29/2004,0:03:00,31.52,N,79.08,W
8/29/2004,0:03:49,31.521,N,79.08,W
8/29/2004,0:05:49,31.523,N,79.081,W
8/29/2004,0:07:48,31.525,N,79.082,W
8/29/2004,0:09:48,31.526,N,79.084,W
8/29/2004,0:11:49,31.528,N,79.085,W
8/29/2004,0:13:49,31.53,N,79.086,W
8/29/2004,0:15:48,31.532,N,79.088,W
8/29/2004,0:17:48,31.534,N,79.089,W
8/29/2004,0:19:49,31.536,N,79.09,W
8/29/2004,0:21:49,31.538,N,79.091,W
8/29/2004,0:23:48,31.54,N,79.093,W
8/29/2004,0:25:48,31.541,N,79.094,W
8/29/2004,0:27:49,31.543,N,79.095,W
8/29/2004,0:29:48,31.545,N,79.097,W
8/29/2004,0:31:48,31.547,N,79.098,W
8/29/2004,0:33:49,31.549,N,79.099,W
8/29/2004,0:35:49,31.551,N,79.1,W
8/29/2004,0:37:48,31.553,N,79.102,W
8/29/2004,0:39:48,31.555,N,79.103,W
8/29/2004,0:41:49,31.557,N,79.104,W
8/29/2004,0:43:49,31.559,N,79.106,W
8/29/2004,0:45:48,31.561,N,79.107,W
8/29/2004,0:47:48,31.563,N,79.108,W
8/29/2004,0:49:49,31.565,N,79.11,W
8/29/2004,0:51:49,31.567,N,79.111,W
8/29/2004,0:53:48,31.569,N,79.112,W
8/29/2004,0:55:48,31.571,N,79.114,W
8/29/2004,0:57:49,31.574,N,79.115,W
8/29/2004,0:59:48,31.576,N,79.117,W
8/29/2004,1:01:48,31.578,N,79.118,W
8/29/2004,1:03:49,31.58,N,79.119,W
8/29/2004,1:05:49,31.582,N,79.121,W
8/29/2004,1:07:48,31.584,N,79.122,W
8/29/2004,1:09:48,31.586,N,79.124,W
8/29/2004,1:11:49,31.589,N,79.125,W
8/29/2004,1:13:49,31.591,N,79.126,W
8/29/2004,1:15:48,31.593,N,79.128,W
8/29/2004,1:17:48,31.595,N,79.129,W
8/29/2004,1:19:49,31.598,N,79.131,W
8/29/2004,1:21:49,31.6,N,79.132,W
8/29/2004,1:23:48,31.602,N,79.134,W
8/29/2004,1:25:48,31.604,N,79.135,W
8/29/2004,1:27:49,31.607,N,79.137,W
8/29/2004,1:29:48,31.609,N,79.138,W
8/29/2004,1:31:48,31.612,N,79.14,W
8/29/2004,1:33:49,31.614,N,79.141,W
8/29/2004,1:35:49,31.616,N,79.143,W
8/29/2004,1:37:48,31.619,N,79.144,W
8/29/2004,1:39:48,31.621,N,79.146,W
8/29/2004,1:41:49,31.624,N,79.147,W
8/29/2004,1:43:49,31.626,N,79.149,W
8/29/2004,1:45:48,31.629,N,79.15,W
8/29/2004,1:47:48,31.631,N,79.152,W
8/29/2004,1:49:49,31.634,N,79.153,W
8/29/2004,1:51:49,31.636,N,79.155,W
8/29/2004,1:53:48,31.639,N,79.156,W
8/29/2004,1:55:48,31.641,N,79.158,W
8/29/2004,1:57:49,31.644,N,79.16,W
8/29/2004,1:59:48,31.646,N,79.161,W
8/29/2004,2:01:48,31.649,N,79.163,W
8/29/2004,2:03:49,31.652,N,79.164,W
8/29/2004,2:05:49,31.654,N,79.166,W
8/29/2004,2:07:48,31.657,N,79.168,W
8/29/2004,2:09:48,31.66,N,79.169,W
8/29/2004,2:11:49,31.663,N,79.171,W
8/29/2004,2:13:49,31.665,N,79.173,W
8/29/2004,2:15:48,31.668,N,79.174,W
8/29/2004,2:17:48,31.671,N,79.176,W
8/29/2004,2:19:49,31.674,N,79.178,W
8/29/2004,2:21:49,31.677,N,79.179,W
8/29/2004,2:23:48,31.679,N,79.181,W
8/29/2004,2:25:48,31.682,N,79.183,W
8/29/2004,2:27:49,31.685,N,79.185,W
8/29/2004,2:29:48,31.688,N,79.186,W
8/29/2004,2:31:48,31.691,N,79.188,W
8/29/2004,2:33:49,31.694,N,79.19,W
8/29/2004,2:35:49,31.697,N,79.192,W
8/29/2004,2:37:48,31.7,N,79.193,W
8/29/2004,2:39:48,31.703,N,79.195,W
8/29/2004,2:41:49,31.706,N,79.197,W
8/29/2004,2:43:49,31.709,N,79.199,W
8/29/2004,2:45:48,31.712,N,79.201,W
8/29/2004,2:47:48,31.715,N,79.202,W
8/29/2004,2:49:49,31.719,N,79.204,W
8/29/2004,2:51:49,31.722,N,79.206,W
8/29/2004,2:53:48,31.725,N,79.208,W
8/29/2004,2:55:48,31.728,N,79.21,W
8/29/2004,2:57:49,31.731,N,79.212,W
8/29/2004,2:59:48,31.735,N,79.214,W
8/29/2004,3:01:48,31.738,N,79.216,W
8/29/2004,3:03:49,31.741,N,79.217,W
8/29/2004,3:05:49,31.745,N,79.219,W
8/29/2004,3:07:48,31.748,N,79.221,W
8/29/2004,3:09:48,31.752,N,79.223,W
8/29/2004,3:11:49,31.755,N,79.225,W
8/29/2004,3:13:49,31.758,N,79.227,W
8/29/2004,3:15:48,31.762,N,79.229,W
8/29/2004,3:17:48,31.765,N,79.231,W
8/29/2004,3:19:49,31.769,N,79.233,W
8/29/2004,3:21:49,31.772,N,79.235,W
8/29/2004,3:23:48,31.776,N,79.237,W
8/29/2004,3:25:48,31.78,N,79.239,W
8/29/2004,3:27:49,31.783,N,79.241,W
8/29/2004,3:29:48,31.787,N,79.243,W
8/29/2004,3:31:48,31.79,N,79.245,W
8/29/2004,3:33:49,31.794,N,79.247,W
8/29/2004,3:35:49,31.798,N,79.249,W
8/29/2004,3:37:48,31.802,N,79.251,W
8/29/2004,3:39:48,31.805,N,79.254,W
8/29/2004,3:41:49,31.809,N,79.256,W
8/29/2004,3:43:49,31.813,N,79.258,W
8/29/2004,3:45:48,31.817,N,79.26,W
8/29/2004,3:47:48,31.82,N,79.262,W
8/29/2004,3:49:49,31.824,N,79.264,W
8/29/2004,3:51:49,31.828,N,79.266,W
8/29/2004,3:53:48,31.832,N,79.268,W
8/29/2004,3:55:48,31.836,N,79.27,W
8/29/2004,3:57:49,31.84,N,79.272,W
8/29/2004,3:59:48,31.844,N,79.274,W
8/29/2004,4:01:48,31.847,N,79.277,W
8/29/2004,4:03:49,31.851,N,79.279,W
8/29/2004,4:05:49,31.855,N,79.281,W
8/29/2004,4:07:48,31.859,N,79.283,W
8/29/2004,4:09:48,31.863,N,79.285,W
8/29/2004,4:11:49,31.867,N,79.287,W
8/29/2004,4:13:49,31.871,N,79.289,W
8/29/2004,4:15:48,31.875,N,79.292,W
8/29/2004,4:17:48,31.879,N,79.294,W
8/29/2004,4:19:49,31.884,N,79.296,W
8/29/2004,4:21:49,31.888,N,79.298,W
8/29/2004,4:23:48,31.892,N,79.3,W
8/29/2004,4:25:48,31.896,N,79.302,W
8/29/2004,4:27:49,31.9,N,79.304,W
8/29/2004,4:29:48,31.904,N,79.307,W
8/29/2004,4:31:48,31.908,N,79.309,W
8/29/2004,4:33:49,31.912,N,79.311,W
8/29/2004,4:35:49,31.917,N,79.313,W
8/29/2004,4:37:48,31.921,N,79.315,W
8/29/2004,4:39:48,31.925,N,79.317,W
8/29/2004,4:41:49,31.929,N,79.319,W
8/29/2004,4:43:49,31.933,N,79.322,W
8/29/2004,4:45:48,31.938,N,79.324,W
8/29/2004,4:47:48,31.942,N,79.326,W
8/29/2004,4:49:49,31.946,N,79.328,W
8/29/2004,4:51:49,31.95,N,79.33,W
8/29/2004,4:53:48,31.955,N,79.332,W
8/29/2004,4:55:48,31.959,N,79.334,W
8/29/2004,4:57:49,31.963,N,79.337,W
8/29/2004,4:59:48,31.968,N,79.339,W
8/29/2004,5:01:48,31.972,N,79.341,W
8/29/2004,5:03:49,31.976,N,79.343,W
8/29/2004,5:05:49,31.981,N,79.345,W
8/29/2004,5:07:48,31.985,N,79.347,W
8/29/2004,5:09:48,31.989,N,79.349,W
8/29/2004,5:11:49,31.994,N,79.351,W
8/29/2004,5:13:49,31.998,N,79.354,W
8/29/2004,5:15:48,32.002,N,79.356,W
8/29/2004,5:17:48,32.007,N,79.358,W
8/29/2004,5:19:49,32.011,N,79.36,W
8/29/2004,5:21:49,32.015,N,79.362,W
8/29/2004,5:23:48,32.02,N,79.364,W
8/29/2004,5:25:48,32.024,N,79.366,W
8/29/2004,5:27:49,32.029,N,79.368,W
8/29/2004,5:29:48,32.033,N,79.37,W
8/29/2004,5:31:48,32.037,N,79.372,W
8/29/2004,5:33:49,32.042,N,79.374,W
8/29/2004,5:35:49,32.046,N,79.376,W
8/29/2004,5:37:48,32.051,N,79.378,W
8/29/2004,5:39:48,32.055,N,79.38,W
8/29/2004,5:41:49,32.06,N,79.382,W
8/29/2004,5:43:49,32.064,N,79.384,W
8/29/2004,5:45:48,32.068,N,79.386,W
8/29/2004,5:47:48,32.073,N,79.388,W
8/29/2004,5:49:49,32.077,N,79.39,W
8/29/2004,5:51:49,32.082,N,79.392,W
8/29/2004,5:53:48,32.086,N,79.394,W
8/29/2004,5:55:48,32.091,N,79.396,W
8/29/2004,5:57:49,32.095,N,79.398,W
8/29/2004,5:59:48,32.1,N,79.4,W
8/29/2004,6:00:00,32.1,N,79.4,W
8/29/2004,6:01:59,32.104,N,79.401,W
8/29/2004,6:04:00,32.108,N,79.401,W
8/29/2004,6:06:00,32.112,N,79.402,W
8/29/2004,6:07:59,32.116,N,79.402,W
8/29/2004,6:09:59,32.119,N,79.403,W
8/29/2004,6:12:00,32.123,N,79.403,W
8/29/2004,6:14:00,32.127,N,79.404,W
8/29/2004,6:15:59,32.131,N,79.404,W
8/29/2004,6:17:59,32.135,N,79.405,W
8/29/2004,6:20:00,32.139,N,79.406,W
8/29/2004,6:22:00,32.143,N,79.406,W
8/29/2004,6:23:59,32.147,N,79.407,W
8/29/2004,6:25:59,32.151,N,79.407,W
8/29/2004,6:28:00,32.154,N,79.408,W
8/29/2004,6:30:00,32.158,N,79.408,W
8/29/2004,6:31:59,32.162,N,79.409,W
8/29/2004,6:34:00,32.166,N,79.409,W
8/29/2004,6:36:00,32.17,N,79.41,W
8/29/2004,6:37:59,32.174,N,79.411,W
8/29/2004,6:39:59,32.178,N,79.411,W
8/29/2004,6:42:00,32.182,N,79.412,W
8/29/2004,6:44:00,32.186,N,79.412,W
8/29/2004,6:45:59,32.189,N,79.413,W
8/29/2004,6:47:59,32.193,N,79.413,W
8/29/2004,6:50:00,32.197,N,79.414,W
8/29/2004,6:52:00,32.201,N,79.414,W
8/29/2004,6:53:59,32.205,N,79.415,W
8/29/2004,6:55:59,32.209,N,79.416,W
8/29/2004,6:58:00,32.213,N,79.416,W
8/29/2004,7:00:00,32.217,N,79.417,W
8/29/2004,7:01:59,32.221,N,79.417,W
8/29/2004,7:04:00,32.224,N,79.418,W
8/29/2004,7:06:00,32.228,N,79.418,W
8/29/2004,7:07:59,32.232,N,79.419,W
8/29/2004,7:09:59,32.236,N,79.419,W
8/29/2004,7:12:00,32.24,N,79.42,W
8/29/2004,7:14:00,32.244,N,79.421,W
8/29/2004,7:15:59,32.248,N,79.421,W
8/29/2004,7:17:59,32.252,N,79.422,W
8/29/2004,7:20:00,32.256,N,79.422,W
8/29/2004,7:22:00,32.259,N,79.423,W
8/29/2004,7:23:59,32.263,N,79.423,W
8/29/2004,7:25:59,32.267,N,79.424,W
8/29/2004,7:28:00,32.271,N,79.424,W
8/29/2004,7:30:00,32.275,N,79.425,W
8/29/2004,7:31:59,32.279,N,79.426,W
8/29/2004,7:34:00,32.283,N,79.426,W
8/29/2004,7:36:00,32.287,N,79.427,W
8/29/2004,7:37:59,32.291,N,79.427,W
8/29/2004,7:39:59,32.294,N,79.428,W
8/29/2004,7:42:00,32.298,N,79.428,W
8/29/2004,7:44:00,32.302,N,79.429,W
8/29/2004,7:45:59,32.306,N,79.429,W
8/29/2004,7:47:59,32.31,N,79.43,W
8/29/2004,7:50:00,32.314,N,79.431,W
8/29/2004,7:52:00,32.318,N,79.431,W
8/29/2004,7:53:59,32.322,N,79.432,W
8/29/2004,7:55:59,32.326,N,79.432,W
8/29/2004,7:58:00,32.329,N,79.433,W
8/29/2004,8:00:00,32.333,N,79.433,W
8/29/2004,8:01:59,32.337,N,79.434,W
8/29/2004,8:03:59,32.341,N,79.434,W
8/29/2004,8:05:59,32.345,N,79.435,W
8/29/2004,8:08:00,32.349,N,79.436,W
8/29/2004,8:10:00,32.353,N,79.436,W
8/29/2004,8:12:00,32.357,N,79.437,W
8/29/2004,8:14:00,32.361,N,79.437,W
8/29/2004,8:15:59,32.364,N,79.438,W
8/29/2004,8:17:59,32.368,N,79.438,W
8/29/2004,8:19:59,32.372,N,79.439,W
8/29/2004,8:21:59,32.376,N,79.439,W
8/29/2004,8:24:00,32.38,N,79.44,W
8/29/2004,8:26:00,32.384,N,79.441,W
8/29/2004,8:28:00,32.388,N,79.441,W
8/29/2004,8:30:00,32.392,N,79.442,W
8/29/2004,8:31:59,32.396,N,79.442,W
8/29/2004,8:33:59,32.399,N,79.443,W
8/29/2004,8:35:59,32.403,N,79.443,W
8/29/2004,8:38:00,32.407,N,79.444,W
8/29/2004,8:40:00,32.411,N,79.444,W
8/29/2004,8:42:00,32.415,N,79.445,W
8/29/2004,8:44:00,32.419,N,79.446,W
8/29/2004,8:45:59,32.423,N,79.446,W
8/29/2004,8:47:59,32.427,N,79.447,W
8/29/2004,8:49:59,32.431,N,79.447,W
8/29/2004,8:51:59,32.434,N,79.448,W
8/29/2004,8:54:00,32.438,N,79.448,W
8/29/2004,8:56:00,32.442,N,79.449,W
8/29/2004,8:58:00,32.446,N,79.449,W
8/29/2004,9:00:00,32.45,N,79.45,W
8/29/2004,9:01:59,32.454,N,79.451,W
8/29/2004,9:03:59,32.458,N,79.451,W
8/29/2004,9:05:59,32.462,N,79.452,W
8/29/2004,9:08:00,32.466,N,79.452,W
8/29/2004,9:10:00,32.469,N,79.453,W
8/29/2004,9:12:00,32.473,N,79.453,W
8/29/2004,9:14:00,32.477,N,79.454,W
8/29/2004,9:15:59,32.481,N,79.454,W
8/29/2004,9:17:59,32.485,N,79.455,W
8/29/2004,9:19:59,32.489,N,79.456,W
8/29/2004,9:21:59,32.493,N,79.456,W
8/29/2004,9:24:00,32.497,N,79.457,W
8/29/2004,9:26:00,32.501,N,79.457,W
8/29/2004,9:28:00,32.504,N,79.458,W
8/29/2004,9:30:00,32.508,N,79.458,W
8/29/2004,9:31:59,32.512,N,79.459,W
8/29/2004,9:33:59,32.516,N,79.459,W
8/29/2004,9:35:59,32.52,N,79.46,W
8/29/2004,9:38:00,32.524,N,79.461,W
8/29/2004,9:40:00,32.528,N,79.461,W
8/29/2004,9:42:00,32.532,N,79.462,W
8/29/2004,9:44:00,32.536,N,79.462,W
8/29/2004,9:45:59,32.539,N,79.463,W
8/29/2004,9:47:59,32.543,N,79.463,W
8/29/2004,9:49:59,32.547,N,79.464,W
8/29/2004,9:51:59,32.551,N,79.464,W
8/29/2004,9:54:00,32.555,N,79.465,W
8/29/2004,9:56:00,32.559,N,79.466,W
8/29/2004,9:58:00,32.563,N,79.466,W
8/29/2004,10:00:00,32.567,N,79.467,W
8/29/2004,10:01:59,32.571,N,79.467,W
8/29/2004,10:03:59,32.574,N,79.468,W
8/29/2004,10:05:59,32.578,N,79.468,W
8/29/2004,10:08:00,32.582,N,79.469,W
8/29/2004,10:10:00,32.586,N,79.469,W
8/29/2004,10:12:00,32.59,N,79.47,W
8/29/2004,10:14:00,32.594,N,79.471,W
8/29/2004,10:15:59,32.598,N,79.471,W
8/29/2004,10:17:59,32.602,N,79.472,W
8/29/2004,10:19:59,32.606,N,79.472,W
8/29/2004,10:21:59,32.609,N,79.473,W
8/29/2004,10:24:00,32.613,N,79.473,W
8/29/2004,10:26:00,32.617,N,79.474,W
8/29/2004,10:28:00,32.621,N,79.474,W
8/29/2004,10:30:00,32.625,N,79.475,W
8/29/2004,10:31:59,32.629,N,79.476,W
8/29/2004,10:33:59,32.633,N,79.476,W
8/29/2004,10:35:59,32.637,N,79.477,W
8/29/2004,10:38:00,32.641,N,79.477,W
8/29/2004,10:40:00,32.644,N,79.478,W
8/29/2004,10:42:00,32.648,N,79.478,W
8/29/2004,10:44:00,32.652,N,79.479,W
8/29/2004,10:45:59,32.656,N,79.479,W
8/29/2004,10:47:59,32.66,N,79.48,W
8/29/2004,10:49:59,32.664,N,79.481,W
8/29/2004,10:51:59,32.668,N,79.481,W
8/29/2004,10:54:00,32.672,N,79.482,W
8/29/2004,10:56:00,32.676,N,79.482,W
8/29/2004,10:58:00,32.679,N,79.483,W
8/29/2004,11:00:00,32.683,N,79.483,W
8/29/2004,11:01:59,32.687,N,79.484,W
8/29/2004,11:03:59,32.691,N,79.484,W
8/29/2004,11:05:59,32.695,N,79.485,W
8/29/2004,11:08:00,32.699,N,79.486,W
8/29/2004,11:10:00,32.703,N,79.486,W
8/29/2004,11:12:00,32.707,N,79.487,W
8/29/2004,11:14:00,32.711,N,79.487,W
8/29/2004,11:15:59,32.714,N,79.488,W
8/29/2004,11:17:59,32.718,N,79.488,W
8/29/2004,11:19:59,32.722,N,79.489,W
8/29/2004,11:21:59,32.726,N,79.489,W
8/29/2004,11:24:00,32.73,N,79.49,W
8/29/2004,11:26:00,32.734,N,79.491,W
8/29/2004,11:28:00,32.738,N,79.491,W
8/29/2004,11:30:00,32.742,N,79.492,W
8/29/2004,11:31:59,32.746,N,79.492,W
8/29/2004,11:33:59,32.749,N,79.493,W
8/29/2004,11:35:59,32.753,N,79.493,W
8/29/2004,11:38:00,32.757,N,79.494,W
8/29/2004,11:40:00,32.761,N,79.494,W
8/29/2004,11:42:00,32.765,N,79.495,W
8/29/2004,11:44:00,32.769,N,79.496,W
8/29/2004,11:45:59,32.773,N,79.496,W
8/29/2004,11:47:59,32.777,N,79.497,W
8/29/2004,11:49:59,32.781,N,79.497,W
8/29/2004,11:51:59,32.784,N,79.498,W
8/29/2004,11:54:00,32.788,N,79.498,W
8/29/2004,11:56:00,32.792,N,79.499,W
8/29/2004,11:58:00,32.796,N,79.499,W
8/29/2004,12:00:00,32.8,N,79.5,W
8/29/2004,12:01:59,32.804,N,79.501,W
8/29/2004,12:03:59,32.808,N,79.501,W
8/29/2004,12:05:59,32.812,N,79.502,W
8/29/2004,12:08:00,32.816,N,79.502,W
8/29/2004,12:10:00,32.819,N,79.503,W
8/29/2004,12:12:00,32.823,N,79.503,W
8/29/2004,12:14:00,32.827,N,79.504,W
8/29/2004,12:15:59,32.831,N,79.504,W
8/29/2004,12:17:59,32.835,N,79.505,W
8/29/2004,12:19:59,32.839,N,79.506,W
8/29/2004,12:21:59,32.843,N,79.506,W
8/29/2004,12:24:00,32.847,N,79.507,W
8/29/2004,12:26:00,32.851,N,79.507,W
8/29/2004,12:28:00,32.854,N,79.508,W
8/29/2004,12:30:00,32.858,N,79.508,W
8/29/2004,12:31:59,32.862,N,79.509,W
8/29/2004,12:33:59,32.866,N,79.509,W
8/29/2004,12:35:59,32.87,N,79.51,W
8/29/2004,12:38:00,32.874,N,79.511,W
8/29/2004,12:40:00,32.878,N,79.511,W
8/29/2004,12:42:00,32.882,N,79.512,W
8/29/2004,12:44:00,32.886,N,79.512,W
8/29/2004,12:45:59,32.889,N,79.513,W
8/29/2004,12:47:59,32.893,N,79.513,W
8/29/2004,12:49:59,32.897,N,79.514,W
8/29/2004,12:51:59,32.901,N,79.514,W
8/29/2004,12:54:00,32.905,N,79.515,W
8/29/2004,12:56:00,32.909,N,79.516,W
8/29/2004,12:58:00,32.913,N,79.516,W
8/29/2004,13:00:00,32.917,N,79.517,W
8/29/2004,13:01:59,32.921,N,79.517,W
8/29/2004,13:03:59,32.924,N,79.518,W
8/29/2004,13:05:59,32.928,N,79.518,W
8/29/2004,13:08:00,32.932,N,79.519,W
8/29/2004,13:10:00,32.936,N,79.519,W
8/29/2004,13:12:00,32.94,N,79.52,W
8/29/2004,13:14:00,32.944,N,79.521,W
8/29/2004,13:15:59,32.948,N,79.521,W
8/29/2004,13:17:59,32.952,N,79.522,W
8/29/2004,13:19:59,32.956,N,79.522,W
8/29/2004,13:21:59,32.959,N,79.523,W
8/29/2004,13:24:00,32.963,N,79.523,W
8/29/2004,13:26:00,32.967,N,79.524,W
8/29/2004,13:28:00,32.971,N,79.524,W
8/29/2004,13:30:00,32.975,N,79.525,W
8/29/2004,13:31:59,32.979,N,79.526,W
8/29/2004,13:33:59,32.983,N,79.526,W
8/29/2004,13:35:59,32.987,N,79.527,W
8/29/2004,13:38:00,32.991,N,79.527,W
8/29/2004,13:40:00,32.994,N,79.528,W
8/29/2004,13:42:00,32.998,N,79.528,W
8/29/2004,13:44:00,33.002,N,79.529,W
8/29/2004,13:45:59,33.006,N,79.529,W
8/29/2004,13:47:59,33.01,N,79.53,W
8/29/2004,13:49:59,33.014,N,79.531,W
8/29/2004,13:51:59,33.018,N,79.531,W
8/29/2004,13:54:00,33.022,N,79.532,W
8/29/2004,13:56:00,33.026,N,79.532,W
8/29/2004,13:58:00,33.029,N,79.533,W
8/29/2004,14:00:00,33.033,N,79.533,W
8/29/2004,14:01:59,33.037,N,79.534,W
8/29/2004,14:03:59,33.041,N,79.534,W
8/29/2004,14:05:59,33.045,N,79.535,W
8/29/2004,14:08:00,33.049,N,79.536,W
8/29/2004,14:10:00,33.053,N,79.536,W
8/29/2004,14:12:00,33.057,N,79.537,W
8/29/2004,14:14:00,33.061,N,79.537,W
8/29/2004,14:15:59,33.064,N,79.538,W
8/29/2004,14:17:59,33.068,N,79.538,W
8/29/2004,14:19:59,33.072,N,79.539,W
8/29/2004,14:21:59,33.076,N,79.539,W
8/29/2004,14:24:00,33.08,N,79.54,W
8/29/2004,14:26:00,33.084,N,79.541,W
8/29/2004,14:28:00,33.088,N,79.541,W
8/29/2004,14:30:00,33.092,N,79.542,W
8/29/2004,14:31:59,33.096,N,79.542,W
8/29/2004,14:33:59,33.099,N,79.543,W
8/29/2004,14:35:59,33.103,N,79.543,W
8/29/2004,14:38:00,33.107,N,79.544,W
8/29/2004,14:40:00,33.111,N,79.544,W
8/29/2004,14:42:00,33.115,N,79.545,W
8/29/2004,14:44:00,33.119,N,79.546,W
8/29/2004,14:45:59,33.123,N,79.546,W
8/29/2004,14:47:59,33.127,N,79.547,W
8/29/2004,14:49:59,33.131,N,79.547,W
8/29/2004,14:51:59,33.134,N,79.548,W
8/29/2004,14:54:00,33.138,N,79.548,W
8/29/2004,14:56:00,33.142,N,79.549,W
8/29/2004,14:58:00,33.146,N,79.549,W
8/29/2004,15:00:00,33.15,N,79.55,W
8/29/2004,15:01:59,33.154,N,79.551,W
8/29/2004,15:03:59,33.158,N,79.551,W
8/29/2004,15:05:59,33.162,N,79.552,W
8/29/2004,15:08:00,33.166,N,79.552,W
8/29/2004,15:10:00,33.169,N,79.553,W
8/29/2004,15:12:00,33.173,N,79.553,W
8/29/2004,15:14:00,33.177,N,79.554,W
8/29/2004,15:15:59,33.181,N,79.554,W
8/29/2004,15:17:59,33.185,N,79.555,W
8/29/2004,15:19:59,33.189,N,79.556,W
8/29/2004,15:21:59,33.193,N,79.556,W
8/29/2004,15:24:00,33.197,N,79.557,W
8/29/2004,15:26:00,33.201,N,79.557,W
8/29/2004,15:28:00,33.204,N,79.558,W
8/29/2004,15:30:00,33.208,N,79.558,W
8/29/2004,15:31:59,33.212,N,79.559,W
8/29/2004,15:33:59,33.216,N,79.559,W
8/29/2004,15:35:59,33.22,N,79.56,W
8/29/2004,15:38:00,33.224,N,79.561,W
8/29/2004,15:40:00,33.228,N,79.561,W
8/29/2004,15:42:00,33.232,N,79.562,W
8/29/2004,15:44:00,33.236,N,79.562,W
8/29/2004,15:45:59,33.239,N,79.563,W
8/29/2004,15:47:59,33.243,N,79.563,W
8/29/2004,15:49:59,33.247,N,79.564,W
8/29/2004,15:51:59,33.251,N,79.564,W
8/29/2004,15:54:00,33.255,N,79.565,W
8/29/2004,15:56:00,33.259,N,79.566,W
8/29/2004,15:58:00,33.263,N,79.566,W
8/29/2004,16:00:00,33.267,N,79.567,W
8/29/2004,16:01:59,33.271,N,79.567,W
8/29/2004,16:03:59,33.274,N,79.568,W
8/29/2004,16:05:59,33.278,N,79.568,W
8/29/2004,16:08:00,33.282,N,79.569,W
8/29/2004,16:10:00,33.286,N,79.569,W
8/29/2004,16:12:00,33.29,N,79.57,W
8/29/2004,16:14:00,33.294,N,79.571,W
8/29/2004,16:15:59,33.298,N,79.571,W
8/29/2004,16:17:59,33.302,N,79.572,W
8/29/2004,16:19:59,33.306,N,79.572,W
8/29/2004,16:21:59,33.309,N,79.573,W
8/29/2004,16:24:00,33.313,N,79.573,W
8/29/2004,16:26:00,33.317,N,79.574,W
8/29/2004,16:28:00,33.321,N,79.574,W
8/29/2004,16:30:00,33.325,N,79.575,W
8/29/2004,16:31:59,33.329,N,79.576,W
8/29/2004,16:33:59,33.333,N,79.576,W
8/29/2004,16:35:59,33.337,N,79.577,W
8/29/2004,16:38:00,33.341,N,79.577,W
8/29/2004,16:40:00,33.344,N,79.578,W
8/29/2004,16:42:00,33.348,N,79.578,W
8/29/2004,16:44:00,33.352,N,79.579,W
8/29/2004,16:45:59,33.356,N,79.579,W
8/29/2004,16:47:59,33.36,N,79.58,W
8/29/2004,16:49:59,33.364,N,79.581,W
8/29/2004,16:51:59,33.368,N,79.581,W
8/29/2004,16:54:00,33.372,N,79.582,W
8/29/2004,16:56:00,33.376,N,79.582,W
8/29/2004,16:58:00,33.379,N,79.583,W
8/29/2004,17:00:00,33.383,N,79.583,W
8/29/2004,17:01:59,33.387,N,79.584,W
8/29/2004,17:03:59,33.391,N,79.584,W
8/29/2004,17:05:59,33.395,N,79.585,W
8/29/2004,17:08:00,33.399,N,79.586,W
8/29/2004,17:10:00,33.403,N,79.586,W
8/29/2004,17:12:00,33.407,N,79.587,W
8/29/2004,17:14:00,33.411,N,79.587,W
8/29/2004,17:15:59,33.414,N,79.588,W
8/29/2004,17:17:59,33.418,N,79.588,W
8/29/2004,17:19:59,33.422,N,79.589,W
8/29/2004,17:21:59,33.426,N,79.589,W
8/29/2004,17:24:00,33.43,N,79.59,W
8/29/2004,17:26:00,33.434,N,79.591,W
8/29/2004,17:28:00,33.438,N,79.591,W
8/29/2004,17:30:00,33.442,N,79.592,W
8/29/2004,17:31:59,33.446,N,79.592,W
8/29/2004,17:33:59,33.449,N,79.593,W
8/29/2004,17:35:59,33.453,N,79.593,W
8/29/2004,17:38:00,33.457,N,79.594,W
8/29/2004,17:40:00,33.461,N,79.594,W
8/29/2004,17:42:00,33.465,N,79.595,W
8/29/2004,17:44:00,33.469,N,79.596,W
8/29/2004,17:45:59,33.473,N,79.596,W
8/29/2004,17:47:59,33.477,N,79.597,W
8/29/2004,17:49:59,33.481,N,79.597,W
8/29/2004,17:51:59,33.484,N,79.598,W
8/29/2004,17:54:00,33.488,N,79.598,W
8/29/2004,17:56:00,33.492,N,79.599,W
8/29/2004,17:58:00,33.496,N,79.599,W
8/29/2004,18:00:00,33.5,N,79.6,W
