Track,for,Jerry,2001,,
Date,Time,(UTC),Latitude,Longitude,
MM/DD/Year,HH:MM:SS,(deg),(deg),,
10/7/2001,11:53:59,11.697,N,57.667,W
10/7/2001,11:56:00,11.698,N,57.678,W
10/7/2001,11:57:59,11.699,N,57.689,W
10/7/2001,12:00:00,11.7,N,57.7,W
10/7/2001,12:02:00,11.701,N,57.711,W
10/7/2001,12:03:59,11.702,N,57.722,W
10/7/2001,12:06:00,11.703,N,57.733,W
10/7/2001,12:07:59,11.705,N,57.745,W
10/7/2001,12:10:00,11.706,N,57.756,W
10/7/2001,12:11:59,11.707,N,57.767,W
10/7/2001,12:14:00,11.708,N,57.778,W
10/7/2001,12:15:59,11.709,N,57.789,W
10/7/2001,12:18:00,11.711,N,57.8,W
10/7/2001,12:19:59,11.712,N,57.811,W
10/7/2001,12:22:00,11.713,N,57.822,W
10/7/2001,12:23:59,11.714,N,57.834,W
10/7/2001,12:26:00,11.715,N,57.845,W
10/7/2001,12:27:59,11.716,N,57.856,W
10/7/2001,12:30:00,11.718,N,57.867,W
10/7/2001,12:32:00,11.719,N,57.878,W
10/7/2001,12:33:59,11.72,N,57.889,W
10/7/2001,12:36:00,11.721,N,57.9,W
10/7/2001,12:37:59,11.722,N,57.911,W
10/7/2001,12:40:00,11.724,N,57.922,W
10/7/2001,12:41:59,11.725,N,57.933,W
10/7/2001,12:44:00,11.726,N,57.945,W
10/7/2001,12:45:59,11.727,N,57.956,W
10/7/2001,12:48:00,11.728,N,57.967,W
10/7/2001,12:49:59,11.73,N,57.978,W
10/7/2001,12:52:00,11.731,N,57.989,W
10/7/2001,12:53:59,11.732,N,58,W
10/7/2001,12:56:00,11.733,N,58.011,W
10/7/2001,12:57:59,11.735,N,58.022,W
10/7/2001,13:00:00,11.736,N,58.033,W
10/7/2001,13:02:00,11.737,N,58.044,W
10/7/2001,13:03:59,11.739,N,58.055,W
10/7/2001,13:06:00,11.74,N,58.066,W
10/7/2001,13:07:59,11.741,N,58.077,W
10/7/2001,13:10:00,11.742,N,58.088,W
10/7/2001,13:11:59,11.744,N,58.099,W
10/7/2001,13:14:00,11.745,N,58.11,W
10/7/2001,13:15:59,11.746,N,58.121,W
10/7/2001,13:18:00,11.748,N,58.132,W
10/7/2001,13:19:59,11.749,N,58.143,W
10/7/2001,13:22:00,11.751,N,58.154,W
10/7/2001,13:23:59,11.752,N,58.165,W
10/7/2001,13:26:00,11.753,N,58.176,W
10/7/2001,13:27:59,11.755,N,58.187,W
10/7/2001,13:30:00,11.756,N,58.197,W
10/7/2001,13:32:00,11.758,N,58.208,W
10/7/2001,13:33:59,11.759,N,58.219,W
10/7/2001,13:36:00,11.76,N,58.23,W
10/7/2001,13:37:59,11.762,N,58.241,W
10/7/2001,13:40:00,11.763,N,58.252,W
10/7/2001,13:41:59,11.765,N,58.263,W
10/7/2001,13:44:00,11.766,N,58.273,W
10/7/2001,13:45:59,11.768,N,58.284,W
10/7/2001,13:48:00,11.769,N,58.295,W
10/7/2001,13:49:59,11.771,N,58.306,W
10/7/2001,13:52:00,11.772,N,58.317,W
10/7/2001,13:53:59,11.774,N,58.327,W
10/7/2001,13:56:00,11.776,N,58.338,W
10/7/2001,13:57:59,11.777,N,58.349,W
10/7/2001,14:00:00,11.779,N,58.359,W
10/7/2001,14:02:00,11.78,N,58.37,W
10/7/2001,14:03:59,11.782,N,58.381,W
10/7/2001,14:06:00,11.784,N,58.391,W
10/7/2001,14:07:59,11.785,N,58.402,W
10/7/2001,14:10:00,11.787,N,58.413,W
10/7/2001,14:11:59,11.789,N,58.423,W
10/7/2001,14:14:00,11.79,N,58.434,W
10/7/2001,14:15:59,11.792,N,58.445,W
10/7/2001,14:18:00,11.794,N,58.455,W
10/7/2001,14:19:59,11.796,N,58.466,W
10/7/2001,14:22:00,11.797,N,58.476,W
10/7/2001,14:23:59,11.799,N,58.487,W
10/7/2001,14:26:00,11.801,N,58.497,W
10/7/2001,14:27:59,11.803,N,58.508,W
10/7/2001,14:30:00,11.805,N,58.518,W
10/7/2001,14:32:00,11.807,N,58.529,W
10/7/2001,14:33:59,11.808,N,58.539,W
10/7/2001,14:36:00,11.81,N,58.549,W
10/7/2001,14:37:59,11.812,N,58.56,W
10/7/2001,14:40:00,11.814,N,58.57,W
10/7/2001,14:41:59,11.816,N,58.581,W
10/7/2001,14:44:00,11.818,N,58.591,W
10/7/2001,14:45:59,11.82,N,58.601,W
10/7/2001,14:48:00,11.822,N,58.611,W
10/7/2001,14:49:59,11.824,N,58.622,W
10/7/2001,14:52:00,11.826,N,58.632,W
10/7/2001,14:53:59,11.828,N,58.642,W
10/7/2001,14:56:00,11.83,N,58.652,W
10/7/2001,14:57:59,11.833,N,58.663,W
10/7/2001,15:00:00,11.835,N,58.673,W
10/7/2001,15:02:00,11.837,N,58.683,W
10/7/2001,15:03:59,11.839,N,58.693,W
10/7/2001,15:06:00,11.841,N,58.703,W
10/7/2001,15:07:59,11.844,N,58.713,W
10/7/2001,15:10:00,11.846,N,58.723,W
10/7/2001,15:11:59,11.848,N,58.733,W
10/7/2001,15:14:00,11.851,N,58.743,W
10/7/2001,15:15:59,11.853,N,58.753,W
10/7/2001,15:18:00,11.855,N,58.763,W
10/7/2001,15:19:59,11.858,N,58.773,W
10/7/2001,15:22:00,11.86,N,58.783,W
10/7/2001,15:23:59,11.862,N,58.793,W
10/7/2001,15:26:00,11.865,N,58.803,W
10/7/2001,15:27:59,11.867,N,58.813,W
10/7/2001,15:30:00,11.87,N,58.822,W
10/7/2001,15:32:00,11.872,N,58.832,W
10/7/2001,15:33:59,11.875,N,58.842,W
10/7/2001,15:36:00,11.878,N,58.852,W
10/7/2001,15:37:59,11.88,N,58.861,W
10/7/2001,15:40:00,11.883,N,58.871,W
10/7/2001,15:41:59,11.886,N,58.881,W
10/7/2001,15:44:00,11.888,N,58.89,W
10/7/2001,15:45:59,11.891,N,58.9,W
10/7/2001,15:48:00,11.894,N,58.91,W
10/7/2001,15:49:59,11.897,N,58.919,W
10/7/2001,15:52:00,11.899,N,58.929,W
10/7/2001,15:53:59,11.902,N,58.938,W
10/7/2001,15:56:00,11.905,N,58.948,W
10/7/2001,15:57:59,11.908,N,58.957,W
10/7/2001,16:00:00,11.911,N,58.966,W
10/7/2001,16:01:59,11.914,N,58.976,W
10/7/2001,16:04:00,11.917,N,58.985,W
10/7/2001,16:06:00,11.92,N,58.994,W
10/7/2001,16:07:59,11.923,N,59.004,W
10/7/2001,16:09:59,11.926,N,59.013,W
10/7/2001,16:12:00,11.929,N,59.022,W
10/7/2001,16:14:00,11.932,N,59.031,W
10/7/2001,16:15:59,11.935,N,59.041,W
10/7/2001,16:17:59,11.939,N,59.05,W
10/7/2001,16:20:00,11.942,N,59.059,W
10/7/2001,16:22:00,11.945,N,59.068,W
10/7/2001,16:23:59,11.948,N,59.077,W
10/7/2001,16:25:59,11.952,N,59.086,W
10/7/2001,16:28:00,11.955,N,59.095,W
10/7/2001,16:30:00,11.959,N,59.104,W
10/7/2001,16:31:59,11.962,N,59.113,W
10/7/2001,16:34:00,11.965,N,59.122,W
10/7/2001,16:36:00,11.969,N,59.13,W
10/7/2001,16:37:59,11.972,N,59.139,W
10/7/2001,16:39:59,11.976,N,59.148,W
10/7/2001,16:42:00,11.98,N,59.157,W
10/7/2001,16:44:00,11.983,N,59.165,W
10/7/2001,16:45:59,11.987,N,59.174,W
10/7/2001,16:47:59,11.991,N,59.183,W
10/7/2001,16:50:00,11.994,N,59.191,W
10/7/2001,16:52:00,11.998,N,59.2,W
10/7/2001,16:53:59,12.002,N,59.208,W
10/7/2001,16:55:59,12.006,N,59.217,W
10/7/2001,16:58:00,12.01,N,59.225,W
10/7/2001,17:00:00,12.014,N,59.234,W
10/7/2001,17:01:59,12.018,N,59.242,W
10/7/2001,17:04:00,12.022,N,59.25,W
10/7/2001,17:06:00,12.026,N,59.259,W
10/7/2001,17:07:59,12.03,N,59.267,W
10/7/2001,17:09:59,12.034,N,59.275,W
10/7/2001,17:12:00,12.038,N,59.284,W
10/7/2001,17:14:00,12.042,N,59.292,W
10/7/2001,17:15:59,12.046,N,59.3,W
10/7/2001,17:17:59,12.051,N,59.308,W
10/7/2001,17:20:00,12.055,N,59.316,W
10/7/2001,17:22:00,12.059,N,59.324,W
10/7/2001,17:23:59,12.064,N,59.332,W
10/7/2001,17:25:59,12.068,N,59.34,W
10/7/2001,17:28:00,12.073,N,59.348,W
10/7/2001,17:30:00,12.077,N,59.356,W
10/7/2001,17:31:59,12.082,N,59.363,W
10/7/2001,17:34:00,12.086,N,59.371,W
10/7/2001,17:36:00,12.091,N,59.379,W
10/7/2001,17:37:59,12.096,N,59.387,W
10/7/2001,17:39:59,12.1,N,59.394,W
10/7/2001,17:42:00,12.105,N,59.402,W
10/7/2001,17:44:00,12.11,N,59.409,W
10/7/2001,17:45:59,12.115,N,59.417,W
10/7/2001,17:47:59,12.12,N,59.424,W
10/7/2001,17:50:00,12.125,N,59.432,W
10/7/2001,17:52:00,12.13,N,59.439,W
10/7/2001,17:53:59,12.135,N,59.447,W
10/7/2001,17:55:59,12.14,N,59.454,W
10/7/2001,17:58:00,12.145,N,59.461,W
10/7/2001,18:00:00,12.15,N,59.468,W
10/7/2001,18:01:59,12.155,N,59.476,W
10/7/2001,18:04:00,12.16,N,59.483,W
10/7/2001,18:06:00,12.165,N,59.49,W
10/7/2001,18:07:59,12.171,N,59.497,W
10/7/2001,18:09:59,12.176,N,59.504,W
10/7/2001,18:12:00,12.181,N,59.511,W
10/7/2001,18:14:00,12.187,N,59.518,W
10/7/2001,18:15:59,12.192,N,59.525,W
10/7/2001,18:17:59,12.198,N,59.532,W
10/7/2001,18:20:00,12.203,N,59.539,W
10/7/2001,18:22:00,12.209,N,59.545,W
10/7/2001,18:23:59,12.214,N,59.552,W
10/7/2001,18:25:59,12.22,N,59.559,W
10/7/2001,18:28:00,12.226,N,59.566,W
10/7/2001,18:30:00,12.231,N,59.572,W
10/7/2001,18:31:59,12.237,N,59.579,W
10/7/2001,18:34:00,12.243,N,59.586,W
10/7/2001,18:36:00,12.249,N,59.592,W
10/7/2001,18:37:59,12.255,N,59.599,W
10/7/2001,18:39:59,12.261,N,59.605,W
10/7/2001,18:42:00,12.266,N,59.612,W
10/7/2001,18:44:00,12.272,N,59.618,W
10/7/2001,18:45:59,12.278,N,59.624,W
10/7/2001,18:47:59,12.284,N,59.631,W
10/7/2001,18:50:00,12.291,N,59.637,W
10/7/2001,18:52:00,12.297,N,59.643,W
10/7/2001,18:53:59,12.303,N,59.65,W
10/7/2001,18:55:59,12.309,N,59.656,W
10/7/2001,18:58:00,12.315,N,59.662,W
10/7/2001,19:00:00,12.321,N,59.668,W
10/7/2001,19:01:59,12.328,N,59.674,W
10/7/2001,19:04:00,12.334,N,59.68,W
10/7/2001,19:06:00,12.34,N,59.687,W
10/7/2001,19:07:59,12.347,N,59.693,W
10/7/2001,19:09:59,12.353,N,59.699,W
10/7/2001,19:12:00,12.359,N,59.705,W
10/7/2001,19:14:00,12.366,N,59.71,W
10/7/2001,19:15:59,12.372,N,59.716,W
10/7/2001,19:17:59,12.379,N,59.722,W
10/7/2001,19:20:00,12.385,N,59.728,W
10/7/2001,19:22:00,12.392,N,59.734,W
10/7/2001,19:23:59,12.399,N,59.74,W
10/7/2001,19:25:59,12.405,N,59.745,W
10/7/2001,19:28:00,12.412,N,59.751,W
10/7/2001,19:30:00,12.418,N,59.757,W
10/7/2001,19:31:59,12.425,N,59.763,W
10/7/2001,19:34:00,12.432,N,59.768,W
10/7/2001,19:36:00,12.439,N,59.774,W
10/7/2001,19:37:59,12.446,N,59.779,W
10/7/2001,19:39:59,12.452,N,59.785,W
10/7/2001,19:42:00,12.459,N,59.791,W
10/7/2001,19:44:00,12.466,N,59.796,W
10/7/2001,19:45:59,12.473,N,59.802,W
10/7/2001,19:47:59,12.48,N,59.807,W
10/7/2001,19:50:00,12.487,N,59.812,W
10/7/2001,19:52:00,12.494,N,59.818,W
10/7/2001,19:53:59,12.501,N,59.823,W
10/7/2001,19:55:59,12.508,N,59.829,W
10/7/2001,19:58:00,12.515,N,59.834,W
10/7/2001,20:00:00,12.522,N,59.839,W
10/7/2001,20:01:59,12.529,N,59.844,W
10/7/2001,20:04:00,12.536,N,59.85,W
10/7/2001,20:06:00,12.544,N,59.855,W
10/7/2001,20:07:59,12.551,N,59.86,W
10/7/2001,20:09:59,12.558,N,59.865,W
10/7/2001,20:12:00,12.565,N,59.87,W
10/7/2001,20:14:00,12.573,N,59.876,W
10/7/2001,20:15:59,12.58,N,59.881,W
10/7/2001,20:17:59,12.587,N,59.886,W
10/7/2001,20:20:00,12.595,N,59.891,W
10/7/2001,20:22:00,12.602,N,59.896,W
10/7/2001,20:23:59,12.609,N,59.901,W
10/7/2001,20:25:59,12.617,N,59.906,W
10/7/2001,20:28:00,12.624,N,59.911,W
10/7/2001,20:30:00,12.632,N,59.916,W
10/7/2001,20:31:59,12.639,N,59.921,W
10/7/2001,20:34:00,12.647,N,59.926,W
10/7/2001,20:36:00,12.654,N,59.931,W
10/7/2001,20:37:59,12.662,N,59.936,W
10/7/2001,20:39:59,12.669,N,59.94,W
10/7/2001,20:42:00,12.677,N,59.945,W
10/7/2001,20:42:19,12.678,N,59.946,W
10/7/2001,20:44:20,12.686,N,59.948,W
10/7/2001,20:46:20,12.695,N,59.951,W
10/7/2001,20:48:19,12.703,N,59.953,W
10/7/2001,20:50:19,12.711,N,59.956,W
10/7/2001,20:52:20,12.719,N,59.958,W
10/7/2001,20:54:20,12.728,N,59.96,W
10/7/2001,20:56:19,12.736,N,59.963,W
10/7/2001,20:58:19,12.744,N,59.965,W
10/7/2001,21:00:20,12.753,N,59.968,W
10/7/2001,21:02:20,12.761,N,59.97,W
10/7/2001,21:04:19,12.769,N,59.973,W
10/7/2001,21:06:20,12.777,N,59.975,W
10/7/2001,21:08:20,12.786,N,59.978,W
10/7/2001,21:10:19,12.794,N,59.98,W
10/7/2001,21:12:19,12.802,N,59.983,W
10/7/2001,21:14:20,12.81,N,59.985,W
10/7/2001,21:16:20,12.818,N,59.988,W
10/7/2001,21:18:19,12.827,N,59.99,W
10/7/2001,21:20:19,12.835,N,59.993,W
10/7/2001,21:22:20,12.843,N,59.995,W
10/7/2001,21:24:20,12.851,N,59.998,W
10/7/2001,21:26:19,12.859,N,60,W
10/7/2001,21:28:19,12.868,N,60.003,W
10/7/2001,21:30:20,12.876,N,60.005,W
10/7/2001,21:32:20,12.884,N,60.008,W
10/7/2001,21:34:19,12.892,N,60.01,W
10/7/2001,21:36:20,12.9,N,60.013,W
10/7/2001,21:38:20,12.908,N,60.016,W
10/7/2001,21:40:19,12.916,N,60.018,W
10/7/2001,21:42:19,12.924,N,60.021,W
10/7/2001,21:44:20,12.933,N,60.023,W
10/7/2001,21:46:20,12.941,N,60.026,W
10/7/2001,21:48:19,12.949,N,60.029,W
10/7/2001,21:50:19,12.957,N,60.031,W
10/7/2001,21:52:20,12.965,N,60.034,W
10/7/2001,21:54:20,12.973,N,60.037,W
10/7/2001,21:56:19,12.981,N,60.039,W
10/7/2001,21:58:19,12.989,N,60.042,W
10/7/2001,22:00:20,12.997,N,60.045,W
10/7/2001,22:02:20,13.005,N,60.048,W
10/7/2001,22:04:19,13.013,N,60.05,W
10/7/2001,22:06:20,13.021,N,60.053,W
10/7/2001,22:08:20,13.029,N,60.056,W
10/7/2001,22:10:19,13.037,N,60.059,W
10/7/2001,22:12:19,13.045,N,60.061,W
10/7/2001,22:14:20,13.053,N,60.064,W
10/7/2001,22:16:20,13.061,N,60.067,W
10/7/2001,22:18:19,13.069,N,60.07,W
10/7/2001,22:20:19,13.077,N,60.072,W
10/7/2001,22:22:20,13.085,N,60.075,W
10/7/2001,22:24:20,13.093,N,60.078,W
10/7/2001,22:26:19,13.1,N,60.081,W
10/7/2001,22:28:19,13.108,N,60.084,W
10/7/2001,22:30:20,13.116,N,60.087,W
10/7/2001,22:32:20,13.124,N,60.09,W
10/7/2001,22:34:19,13.132,N,60.092,W
10/7/2001,22:36:20,13.14,N,60.095,W
10/7/2001,22:38:20,13.148,N,60.098,W
10/7/2001,22:40:19,13.155,N,60.101,W
10/7/2001,22:42:19,13.163,N,60.104,W
10/7/2001,22:44:20,13.171,N,60.107,W
10/7/2001,22:46:20,13.179,N,60.11,W
10/7/2001,22:48:19,13.187,N,60.113,W
10/7/2001,22:50:19,13.194,N,60.116,W
10/7/2001,22:52:20,13.202,N,60.119,W
10/7/2001,22:54:20,13.21,N,60.122,W
10/7/2001,22:56:19,13.218,N,60.125,W
10/7/2001,22:58:19,13.225,N,60.128,W
10/7/2001,23:00:20,13.233,N,60.131,W
10/7/2001,23:02:20,13.241,N,60.134,W
10/7/2001,23:04:19,13.248,N,60.137,W
10/7/2001,23:06:20,13.256,N,60.141,W
10/7/2001,23:08:20,13.264,N,60.144,W
10/7/2001,23:10:19,13.271,N,60.147,W
10/7/2001,23:12:19,13.279,N,60.15,W
10/7/2001,23:14:20,13.287,N,60.153,W
10/7/2001,23:16:20,13.294,N,60.156,W
10/7/2001,23:18:19,13.302,N,60.159,W
10/7/2001,23:20:19,13.309,N,60.163,W
10/7/2001,23:22:20,13.317,N,60.166,W
10/7/2001,23:24:20,13.324,N,60.169,W
10/7/2001,23:26:19,13.332,N,60.172,W
10/7/2001,23:28:19,13.339,N,60.176,W
10/7/2001,23:30:20,13.347,N,60.179,W
10/7/2001,23:32:20,13.354,N,60.182,W
10/7/2001,23:34:19,13.362,N,60.186,W
10/7/2001,23:36:20,13.369,N,60.189,W
10/7/2001,23:38:20,13.377,N,60.192,W
10/7/2001,23:40:19,13.384,N,60.196,W
10/7/2001,23:42:19,13.392,N,60.199,W
10/7/2001,23:44:20,13.399,N,60.202,W
10/7/2001,23:46:20,13.406,N,60.206,W
10/7/2001,23:48:19,13.414,N,60.209,W
10/7/2001,23:50:19,13.421,N,60.213,W
10/7/2001,23:52:20,13.429,N,60.216,W
10/7/2001,23:54:20,13.436,N,60.22,W
10/7/2001,23:56:19,13.443,N,60.223,W
10/7/2001,23:58:19,13.45,N,60.227,W
10/8/2001,0:00:20,13.458,N,60.23,W
10/8/2001,0:02:20,13.465,N,60.234,W
10/8/2001,0:04:19,13.472,N,60.237,W
10/8/2001,0:06:20,13.479,N,60.241,W
10/8/2001,0:08:20,13.487,N,60.244,W
10/8/2001,0:10:19,13.494,N,60.248,W
10/8/2001,0:12:19,13.501,N,60.252,W
10/8/2001,0:14:20,13.508,N,60.255,W
10/8/2001,0:16:20,13.515,N,60.259,W
10/8/2001,0:18:19,13.523,N,60.263,W
10/8/2001,0:20:19,13.53,N,60.266,W
10/8/2001,0:22:20,13.537,N,60.27,W
10/8/2001,0:24:20,13.544,N,60.274,W
10/8/2001,0:26:19,13.551,N,60.278,W
10/8/2001,0:28:19,13.558,N,60.281,W
10/8/2001,0:30:20,13.565,N,60.285,W
10/8/2001,0:32:20,13.572,N,60.289,W
10/8/2001,0:34:19,13.579,N,60.293,W
10/8/2001,0:36:20,13.586,N,60.297,W
10/8/2001,0:38:20,13.593,N,60.301,W
10/8/2001,0:40:19,13.6,N,60.304,W
10/8/2001,0:42:19,13.607,N,60.308,W
10/8/2001,0:44:20,13.614,N,60.312,W
10/8/2001,0:46:20,13.621,N,60.316,W
10/8/2001,0:48:19,13.628,N,60.32,W
10/8/2001,0:50:19,13.634,N,60.324,W
10/8/2001,0:52:20,13.641,N,60.328,W
10/8/2001,0:54:20,13.648,N,60.332,W
10/8/2001,0:56:19,13.655,N,60.336,W
10/8/2001,0:58:19,13.662,N,60.34,W
10/8/2001,1:00:20,13.669,N,60.344,W
10/8/2001,1:02:20,13.675,N,60.349,W
10/8/2001,1:04:19,13.682,N,60.353,W
10/8/2001,1:06:20,13.689,N,60.357,W
10/8/2001,1:08:20,13.695,N,60.361,W
10/8/2001,1:10:19,13.702,N,60.365,W
10/8/2001,1:12:19,13.709,N,60.369,W
10/8/2001,1:14:20,13.715,N,60.374,W
10/8/2001,1:16:20,13.722,N,60.378,W
10/8/2001,1:18:19,13.729,N,60.382,W
10/8/2001,1:20:19,13.735,N,60.387,W
10/8/2001,1:22:20,13.742,N,60.391,W
10/8/2001,1:24:20,13.748,N,60.395,W
10/8/2001,1:26:19,13.755,N,60.4,W
10/8/2001,1:28:19,13.761,N,60.404,W
10/8/2001,1:30:20,13.768,N,60.408,W
10/8/2001,1:32:20,13.774,N,60.413,W
10/8/2001,1:34:19,13.781,N,60.417,W
10/8/2001,1:36:20,13.787,N,60.422,W
10/8/2001,1:38:20,13.794,N,60.426,W
10/8/2001,1:40:19,13.8,N,60.431,W
10/8/2001,1:42:19,13.806,N,60.435,W
10/8/2001,1:44:20,13.813,N,60.44,W
10/8/2001,1:46:20,13.819,N,60.444,W
10/8/2001,1:48:19,13.825,N,60.449,W
10/8/2001,1:50:19,13.832,N,60.454,W
10/8/2001,1:52:20,13.838,N,60.458,W
10/8/2001,1:54:20,13.844,N,60.463,W
10/8/2001,1:56:19,13.85,N,60.468,W
10/8/2001,1:58:19,13.856,N,60.473,W
10/8/2001,2:00:20,13.863,N,60.477,W
10/8/2001,2:02:20,13.869,N,60.482,W
10/8/2001,2:04:19,13.875,N,60.487,W
10/8/2001,2:06:20,13.881,N,60.492,W
10/8/2001,2:08:20,13.887,N,60.497,W
10/8/2001,2:10:19,13.893,N,60.501,W
10/8/2001,2:12:19,13.899,N,60.506,W
10/8/2001,2:14:20,13.905,N,60.511,W
10/8/2001,2:16:20,13.911,N,60.516,W
10/8/2001,2:18:19,13.917,N,60.521,W
10/8/2001,2:20:19,13.923,N,60.526,W
10/8/2001,2:22:20,13.929,N,60.531,W
10/8/2001,2:24:20,13.935,N,60.536,W
10/8/2001,2:26:19,13.941,N,60.541,W
10/8/2001,2:28:19,13.947,N,60.546,W
10/8/2001,2:30:20,13.953,N,60.552,W
10/8/2001,2:32:20,13.958,N,60.557,W
10/8/2001,2:34:19,13.964,N,60.562,W
10/8/2001,2:36:20,13.97,N,60.567,W
10/8/2001,2:38:20,13.976,N,60.572,W
10/8/2001,2:40:19,13.981,N,60.578,W
10/8/2001,2:42:19,13.987,N,60.583,W
10/8/2001,2:44:20,13.993,N,60.588,W
10/8/2001,2:46:20,13.998,N,60.594,W
10/8/2001,2:48:19,14.004,N,60.599,W
10/8/2001,2:50:19,14.01,N,60.604,W
10/8/2001,2:52:20,14.015,N,60.61,W
10/8/2001,2:54:20,14.021,N,60.615,W
10/8/2001,2:56:19,14.026,N,60.621,W
10/8/2001,2:58:19,14.032,N,60.626,W
10/8/2001,3:00:20,14.037,N,60.632,W
10/8/2001,3:02:20,14.043,N,60.637,W
10/8/2001,3:04:19,14.048,N,60.643,W
10/8/2001,3:06:20,14.053,N,60.648,W
10/8/2001,3:08:20,14.059,N,60.654,W
10/8/2001,3:10:19,14.064,N,60.66,W
10/8/2001,3:12:19,14.07,N,60.665,W
10/8/2001,3:14:20,14.075,N,60.671,W
10/8/2001,3:16:20,14.08,N,60.677,W
10/8/2001,3:18:19,14.085,N,60.683,W
10/8/2001,3:20:19,14.091,N,60.689,W
10/8/2001,3:22:20,14.096,N,60.694,W
10/8/2001,3:24:20,14.101,N,60.7,W
10/8/2001,3:26:19,14.106,N,60.706,W
10/8/2001,3:28:19,14.111,N,60.712,W
10/8/2001,3:30:20,14.116,N,60.718,W
10/8/2001,3:32:20,14.121,N,60.724,W
10/8/2001,3:34:19,14.126,N,60.73,W
10/8/2001,3:36:20,14.131,N,60.736,W
10/8/2001,3:38:20,14.136,N,60.742,W
10/8/2001,3:40:19,14.141,N,60.748,W
10/8/2001,3:42:19,14.146,N,60.754,W
10/8/2001,3:44:20,14.151,N,60.76,W
10/8/2001,3:46:20,14.156,N,60.767,W
10/8/2001,3:48:19,14.161,N,60.773,W
10/8/2001,3:50:19,14.166,N,60.779,W
10/8/2001,3:52:20,14.171,N,60.785,W
10/8/2001,3:54:20,14.175,N,60.792,W
10/8/2001,3:56:19,14.18,N,60.798,W
10/8/2001,3:58:19,14.185,N,60.804,W
10/8/2001,4:00:20,14.19,N,60.811,W
10/8/2001,4:02:20,14.194,N,60.817,W
10/8/2001,4:04:19,14.199,N,60.824,W
10/8/2001,4:06:20,14.203,N,60.83,W
10/8/2001,4:08:20,14.208,N,60.837,W
10/8/2001,4:10:19,14.213,N,60.843,W
10/8/2001,4:12:19,14.217,N,60.85,W
10/8/2001,4:14:20,14.222,N,60.856,W
10/8/2001,4:16:20,14.226,N,60.863,W
10/8/2001,4:18:19,14.23,N,60.87,W
10/8/2001,4:20:19,14.235,N,60.876,W
10/8/2001,4:22:20,14.239,N,60.883,W
10/8/2001,4:24:20,14.244,N,60.89,W
10/8/2001,4:26:19,14.248,N,60.897,W
10/8/2001,4:28:19,14.252,N,60.904,W
10/8/2001,4:30:20,14.256,N,60.91,W
10/8/2001,4:32:20,14.261,N,60.917,W
10/8/2001,4:34:19,14.265,N,60.924,W
10/8/2001,4:36:20,14.269,N,60.931,W
10/8/2001,4:38:20,14.273,N,60.938,W
10/8/2001,4:40:19,14.277,N,60.945,W
10/8/2001,4:42:19,14.281,N,60.952,W
10/8/2001,4:44:20,14.286,N,60.96,W
10/8/2001,4:46:20,14.29,N,60.967,W
10/8/2001,4:48:19,14.294,N,60.974,W
10/8/2001,4:50:19,14.297,N,60.981,W
10/8/2001,4:52:20,14.301,N,60.988,W
10/8/2001,4:54:20,14.305,N,60.996,W
10/8/2001,4:56:19,14.309,N,61.003,W
10/8/2001,4:58:19,14.313,N,61.01,W
10/8/2001,5:00:20,14.317,N,61.018,W
10/8/2001,5:02:20,14.321,N,61.025,W
10/8/2001,5:04:19,14.324,N,61.032,W
10/8/2001,5:06:20,14.328,N,61.04,W
10/8/2001,5:08:20,14.332,N,61.047,W
10/8/2001,5:10:19,14.335,N,61.055,W
10/8/2001,5:12:19,14.339,N,61.062,W
10/8/2001,5:14:20,14.343,N,61.07,W
10/8/2001,5:16:20,14.346,N,61.078,W
10/8/2001,5:18:19,14.35,N,61.085,W
10/8/2001,5:20:19,14.353,N,61.093,W
10/8/2001,5:22:20,14.357,N,61.101,W
10/8/2001,5:24:20,14.36,N,61.109,W
10/8/2001,5:26:19,14.364,N,61.116,W
10/8/2001,5:28:19,14.367,N,61.124,W
10/8/2001,5:30:20,14.37,N,61.132,W
10/8/2001,5:32:20,14.374,N,61.14,W
10/8/2001,5:34:19,14.377,N,61.148,W
10/8/2001,5:36:20,14.38,N,61.156,W
10/8/2001,5:38:20,14.383,N,61.164,W
10/8/2001,5:40:19,14.386,N,61.172,W
10/8/2001,5:42:19,14.39,N,61.18,W
10/8/2001,5:44:20,14.393,N,61.189,W
10/8/2001,5:46:20,14.396,N,61.197,W
10/8/2001,5:48:19,14.399,N,61.205,W
10/8/2001,5:50:19,14.402,N,61.213,W
10/8/2001,5:52:20,14.405,N,61.221,W
10/8/2001,5:54:20,14.408,N,61.23,W
10/8/2001,5:56:19,14.411,N,61.238,W
10/8/2001,5:58:19,14.414,N,61.247,W
10/8/2001,6:00:20,14.416,N,61.255,W
10/8/2001,6:02:20,14.419,N,61.264,W
10/8/2001,6:04:19,14.422,N,61.272,W
10/8/2001,6:06:20,14.425,N,61.281,W
10/8/2001,6:08:20,14.427,N,61.289,W
10/8/2001,6:10:19,14.43,N,61.298,W
10/8/2001,6:12:19,14.433,N,61.306,W
10/8/2001,6:14:20,14.435,N,61.315,W
10/8/2001,6:16:20,14.438,N,61.324,W
10/8/2001,6:18:19,14.44,N,61.333,W
10/8/2001,6:20:19,14.443,N,61.342,W
10/8/2001,6:22:20,14.445,N,61.35,W
10/8/2001,6:24:20,14.448,N,61.359,W
10/8/2001,6:26:19,14.45,N,61.368,W
10/8/2001,6:28:19,14.453,N,61.377,W
10/8/2001,6:30:20,14.455,N,61.386,W
10/8/2001,6:32:20,14.457,N,61.395,W
10/8/2001,6:34:19,14.459,N,61.404,W
10/8/2001,6:36:20,14.462,N,61.414,W
10/8/2001,6:38:20,14.464,N,61.423,W
10/8/2001,6:40:19,14.466,N,61.432,W
10/8/2001,6:42:19,14.468,N,61.441,W
10/8/2001,6:44:20,14.47,N,61.45,W
10/8/2001,6:46:20,14.472,N,61.46,W
10/8/2001,6:48:19,14.474,N,61.469,W
10/8/2001,6:50:19,14.476,N,61.479,W
10/8/2001,6:52:20,14.478,N,61.488,W
10/8/2001,6:54:20,14.48,N,61.497,W
10/8/2001,6:56:19,14.482,N,61.507,W
10/8/2001,6:58:19,14.484,N,61.517,W
10/8/2001,7:00:20,14.486,N,61.526,W
10/8/2001,7:02:20,14.487,N,61.536,W
10/8/2001,7:04:19,14.489,N,61.545,W
10/8/2001,7:06:20,14.491,N,61.555,W
10/8/2001,7:08:20,14.493,N,61.565,W
10/8/2001,7:10:19,14.494,N,61.575,W
10/8/2001,7:12:19,14.496,N,61.584,W
10/8/2001,7:14:20,14.497,N,61.594,W
10/8/2001,7:16:20,14.499,N,61.604,W
10/8/2001,7:18:19,14.5,N,61.614,W
10/8/2001,7:20:19,14.502,N,61.624,W
10/8/2001,7:22:20,14.503,N,61.634,W
10/8/2001,7:24:20,14.505,N,61.644,W
10/8/2001,7:26:19,14.506,N,61.654,W
10/8/2001,7:28:19,14.508,N,61.664,W
10/8/2001,7:30:20,14.509,N,61.674,W
10/8/2001,7:32:20,14.51,N,61.684,W
10/8/2001,7:34:19,14.511,N,61.695,W
10/8/2001,7:36:20,14.513,N,61.705,W
10/8/2001,7:38:20,14.514,N,61.715,W
10/8/2001,7:40:19,14.515,N,61.725,W
10/8/2001,7:42:19,14.516,N,61.736,W
10/8/2001,7:44:20,14.517,N,61.746,W
10/8/2001,7:46:20,14.518,N,61.756,W
10/8/2001,7:48:19,14.519,N,61.767,W
10/8/2001,7:50:19,14.52,N,61.777,W
10/8/2001,7:52:20,14.521,N,61.788,W
10/8/2001,7:54:20,14.522,N,61.798,W
10/8/2001,7:56:19,14.523,N,61.809,W
10/8/2001,7:58:19,14.524,N,61.82,W
10/8/2001,8:00:19,14.525,N,61.83,W
10/8/2001,8:02:19,14.526,N,61.841,W
10/8/2001,8:04:20,14.527,N,61.852,W
10/8/2001,8:06:20,14.527,N,61.862,W
10/8/2001,8:08:20,14.528,N,61.873,W
10/8/2001,8:10:19,14.529,N,61.884,W
10/8/2001,8:12:19,14.53,N,61.895,W
10/8/2001,8:14:19,14.53,N,61.906,W
10/8/2001,8:16:19,14.531,N,61.917,W
10/8/2001,8:18:20,14.531,N,61.927,W
10/8/2001,8:20:20,14.532,N,61.938,W
10/8/2001,8:22:20,14.533,N,61.949,W
10/8/2001,8:24:20,14.533,N,61.96,W
10/8/2001,8:26:19,14.533,N,61.972,W
10/8/2001,8:28:19,14.534,N,61.983,W
10/8/2001,8:30:19,14.534,N,61.994,W
10/8/2001,8:32:19,14.535,N,62.005,W
10/8/2001,8:34:20,14.535,N,62.016,W
10/8/2001,8:36:20,14.535,N,62.027,W
10/8/2001,8:38:20,14.536,N,62.039,W
10/8/2001,8:40:19,14.536,N,62.05,W
10/8/2001,8:42:19,14.536,N,62.061,W
10/8/2001,8:44:19,14.536,N,62.073,W
10/8/2001,8:46:19,14.537,N,62.084,W
10/8/2001,8:48:20,14.537,N,62.095,W
10/8/2001,8:50:20,14.537,N,62.107,W
10/8/2001,8:52:20,14.537,N,62.118,W
10/8/2001,8:54:20,14.537,N,62.13,W
10/8/2001,8:56:19,14.537,N,62.141,W
10/8/2001,8:58:19,14.537,N,62.153,W
10/8/2001,9:00:19,14.537,N,62.164,W
10/8/2001,9:02:19,14.537,N,62.176,W
10/8/2001,9:04:20,14.537,N,62.188,W
10/8/2001,9:06:20,14.537,N,62.199,W
10/8/2001,9:08:20,14.537,N,62.211,W
10/8/2001,9:10:19,14.537,N,62.223,W
10/8/2001,9:12:19,14.537,N,62.235,W
10/8/2001,9:14:19,14.536,N,62.246,W
10/8/2001,9:16:19,14.536,N,62.258,W
10/8/2001,9:18:20,14.536,N,62.27,W
10/8/2001,9:20:20,14.536,N,62.282,W
10/8/2001,9:22:20,14.535,N,62.294,W
10/8/2001,9:24:20,14.535,N,62.306,W
10/8/2001,9:26:19,14.535,N,62.318,W
10/8/2001,9:28:19,14.534,N,62.33,W
10/8/2001,9:30:19,14.534,N,62.342,W
10/8/2001,9:32:19,14.534,N,62.354,W
10/8/2001,9:34:20,14.533,N,62.366,W
10/8/2001,9:36:20,14.533,N,62.378,W
10/8/2001,9:38:20,14.532,N,62.39,W
10/8/2001,9:40:19,14.532,N,62.402,W
10/8/2001,9:42:19,14.531,N,62.415,W
10/8/2001,9:44:19,14.531,N,62.427,W
10/8/2001,9:46:19,14.53,N,62.439,W
10/8/2001,9:48:20,14.529,N,62.451,W
10/8/2001,9:50:20,14.529,N,62.464,W
10/8/2001,9:52:20,14.528,N,62.476,W
10/8/2001,9:54:20,14.527,N,62.488,W
10/8/2001,9:56:19,14.527,N,62.501,W
10/8/2001,9:58:19,14.526,N,62.513,W
10/8/2001,10:00:19,14.525,N,62.526,W
10/8/2001,10:02:19,14.524,N,62.538,W
10/8/2001,10:04:20,14.523,N,62.551,W
10/8/2001,10:06:20,14.523,N,62.563,W
10/8/2001,10:08:20,14.522,N,62.576,W
10/8/2001,10:10:19,14.521,N,62.588,W
10/8/2001,10:12:19,14.52,N,62.601,W
10/8/2001,10:14:19,14.519,N,62.614,W
10/8/2001,10:16:19,14.518,N,62.626,W
10/8/2001,10:18:20,14.517,N,62.639,W
10/8/2001,10:20:20,14.516,N,62.652,W
10/8/2001,10:22:20,14.515,N,62.664,W
10/8/2001,10:24:20,14.514,N,62.677,W
10/8/2001,10:26:19,14.513,N,62.69,W
10/8/2001,10:28:19,14.512,N,62.703,W
10/8/2001,10:30:19,14.511,N,62.715,W
10/8/2001,10:32:19,14.51,N,62.728,W
10/8/2001,10:34:20,14.508,N,62.741,W
10/8/2001,10:36:20,14.507,N,62.754,W
10/8/2001,10:38:20,14.506,N,62.767,W
10/8/2001,10:40:19,14.505,N,62.78,W
10/8/2001,10:42:19,14.503,N,62.793,W
10/8/2001,10:44:19,14.502,N,62.806,W
10/8/2001,10:46:19,14.501,N,62.819,W
10/8/2001,10:48:20,14.5,N,62.832,W
10/8/2001,10:50:20,14.498,N,62.845,W
10/8/2001,10:52:20,14.497,N,62.858,W
10/8/2001,10:54:20,14.496,N,62.871,W
10/8/2001,10:56:19,14.494,N,62.885,W
10/8/2001,10:58:19,14.493,N,62.898,W
10/8/2001,11:00:19,14.491,N,62.911,W
10/8/2001,11:02:19,14.49,N,62.924,W
10/8/2001,11:04:20,14.488,N,62.937,W
10/8/2001,11:06:20,14.487,N,62.951,W
10/8/2001,11:08:20,14.485,N,62.964,W
10/8/2001,11:10:19,14.484,N,62.977,W
10/8/2001,11:12:19,14.482,N,62.991,W
10/8/2001,11:14:19,14.481,N,63.004,W
10/8/2001,11:16:19,14.479,N,63.017,W
10/8/2001,11:18:20,14.477,N,63.031,W
10/8/2001,11:20:20,14.476,N,63.044,W
10/8/2001,11:22:20,14.474,N,63.058,W
10/8/2001,11:24:20,14.472,N,63.071,W
10/8/2001,11:26:19,14.471,N,63.084,W
10/8/2001,11:28:19,14.469,N,63.098,W
10/8/2001,11:30:19,14.467,N,63.112,W
10/8/2001,11:32:19,14.465,N,63.125,W
10/8/2001,11:34:20,14.464,N,63.139,W
10/8/2001,11:36:20,14.462,N,63.152,W
10/8/2001,11:38:20,14.46,N,63.166,W
10/8/2001,11:40:19,14.458,N,63.179,W
10/8/2001,11:42:19,14.456,N,63.193,W
10/8/2001,11:44:19,14.454,N,63.207,W
10/8/2001,11:46:19,14.452,N,63.221,W
10/8/2001,11:48:20,14.45,N,63.234,W
10/8/2001,11:50:20,14.449,N,63.248,W
10/8/2001,11:52:20,14.447,N,63.262,W
10/8/2001,11:54:20,14.445,N,63.276,W
10/8/2001,11:56:19,14.443,N,63.289,W
10/8/2001,11:58:19,14.441,N,63.303,W
10/8/2001,12:00:19,14.439,N,63.317,W
10/8/2001,12:02:19,14.437,N,63.331,W
10/8/2001,12:04:20,14.434,N,63.345,W
10/8/2001,12:06:20,14.432,N,63.359,W
10/8/2001,12:08:20,14.43,N,63.373,W
10/8/2001,12:10:19,14.428,N,63.386,W
10/8/2001,12:12:19,14.426,N,63.4,W
10/8/2001,12:14:19,14.424,N,63.414,W
10/8/2001,12:16:19,14.422,N,63.428,W
10/8/2001,12:18:20,14.419,N,63.442,W
10/8/2001,12:20:20,14.417,N,63.456,W
10/8/2001,12:22:20,14.415,N,63.471,W
10/8/2001,12:24:20,14.413,N,63.485,W
10/8/2001,12:26:19,14.411,N,63.499,W
10/8/2001,12:28:19,14.408,N,63.513,W
10/8/2001,12:30:19,14.406,N,63.527,W
10/8/2001,12:32:19,14.404,N,63.541,W
10/8/2001,12:34:20,14.401,N,63.555,W
10/8/2001,12:36:20,14.399,N,63.569,W
10/8/2001,12:38:20,14.397,N,63.584,W
10/8/2001,12:40:19,14.394,N,63.598,W
10/8/2001,12:42:19,14.392,N,63.612,W
10/8/2001,12:44:19,14.39,N,63.626,W
10/8/2001,12:46:19,14.387,N,63.641,W
10/8/2001,12:48:20,14.385,N,63.655,W
10/8/2001,12:50:20,14.382,N,63.669,W
10/8/2001,12:52:20,14.38,N,63.683,W
10/8/2001,12:54:20,14.377,N,63.698,W
10/8/2001,12:56:19,14.375,N,63.712,W
10/8/2001,12:58:19,14.372,N,63.727,W
10/8/2001,13:00:19,14.37,N,63.741,W
10/8/2001,13:02:19,14.367,N,63.755,W
10/8/2001,13:04:20,14.365,N,63.77,W
10/8/2001,13:06:20,14.362,N,63.784,W
10/8/2001,13:08:20,14.359,N,63.799,W
10/8/2001,13:10:19,14.357,N,63.813,W
10/8/2001,13:12:19,14.354,N,63.828,W
10/8/2001,13:14:19,14.352,N,63.842,W
10/8/2001,13:16:19,14.349,N,63.857,W
10/8/2001,13:18:20,14.346,N,63.871,W
10/8/2001,13:20:20,14.344,N,63.886,W
10/8/2001,13:22:20,14.341,N,63.9,W
10/8/2001,13:24:20,14.338,N,63.915,W
10/8/2001,13:26:19,14.336,N,63.929,W
10/8/2001,13:28:19,14.333,N,63.944,W
10/8/2001,13:30:19,14.33,N,63.959,W
10/8/2001,13:32:19,14.327,N,63.973,W
10/8/2001,13:34:20,14.325,N,63.988,W
10/8/2001,13:36:20,14.322,N,64.003,W
10/8/2001,13:38:20,14.319,N,64.017,W
10/8/2001,13:40:19,14.316,N,64.032,W
10/8/2001,13:42:19,14.313,N,64.047,W
10/8/2001,13:44:19,14.311,N,64.061,W
10/8/2001,13:46:19,14.308,N,64.076,W
10/8/2001,13:48:20,14.305,N,64.091,W
10/8/2001,13:50:20,14.302,N,64.106,W
10/8/2001,13:52:20,14.299,N,64.12,W
10/8/2001,13:54:20,14.296,N,64.135,W
10/8/2001,13:56:19,14.293,N,64.15,W
10/8/2001,13:58:19,14.291,N,64.165,W
10/8/2001,14:00:19,14.288,N,64.18,W
10/8/2001,14:02:19,14.285,N,64.194,W
10/8/2001,14:04:20,14.282,N,64.209,W
10/8/2001,14:06:20,14.279,N,64.224,W
10/8/2001,14:08:20,14.276,N,64.239,W
10/8/2001,14:10:19,14.273,N,64.254,W
10/8/2001,14:12:19,14.27,N,64.269,W
10/8/2001,14:14:19,14.267,N,64.284,W
10/8/2001,14:16:19,14.264,N,64.299,W
10/8/2001,14:18:20,14.261,N,64.314,W
10/8/2001,14:20:20,14.258,N,64.329,W
10/8/2001,14:22:20,14.255,N,64.344,W
10/8/2001,14:24:20,14.252,N,64.359,W
10/8/2001,14:26:19,14.249,N,64.374,W
10/8/2001,14:28:19,14.245,N,64.389,W
10/8/2001,14:30:19,14.242,N,64.404,W
10/8/2001,14:32:19,14.239,N,64.419,W
10/8/2001,14:34:20,14.236,N,64.434,W
10/8/2001,14:36:20,14.233,N,64.449,W
10/8/2001,14:38:20,14.23,N,64.464,W
10/8/2001,14:40:19,14.227,N,64.479,W
10/8/2001,14:42:19,14.224,N,64.494,W
10/8/2001,14:44:19,14.22,N,64.509,W
10/8/2001,14:46:19,14.217,N,64.524,W
10/8/2001,14:48:20,14.214,N,64.539,W
10/8/2001,14:50:20,14.211,N,64.554,W
10/8/2001,14:52:20,14.208,N,64.569,W
10/8/2001,14:54:20,14.204,N,64.585,W
10/8/2001,14:56:19,14.201,N,64.6,W
10/8/2001,14:58:19,14.198,N,64.615,W
10/8/2001,15:00:19,14.195,N,64.63,W
10/8/2001,15:02:19,14.192,N,64.645,W
10/8/2001,15:04:20,14.188,N,64.66,W
10/8/2001,15:06:20,14.185,N,64.676,W
10/8/2001,15:08:20,14.182,N,64.691,W
10/8/2001,15:10:19,14.179,N,64.706,W
10/8/2001,15:12:19,14.175,N,64.721,W
10/8/2001,15:14:19,14.172,N,64.737,W
10/8/2001,15:16:19,14.169,N,64.752,W
10/8/2001,15:18:20,14.165,N,64.767,W
10/8/2001,15:20:20,14.162,N,64.782,W
10/8/2001,15:22:20,14.159,N,64.798,W
10/8/2001,15:24:20,14.155,N,64.813,W
10/8/2001,15:26:19,14.152,N,64.828,W
10/8/2001,15:28:19,14.149,N,64.843,W
10/8/2001,15:30:19,14.145,N,64.859,W
10/8/2001,15:32:19,14.142,N,64.874,W
10/8/2001,15:34:20,14.139,N,64.889,W
10/8/2001,15:36:20,14.135,N,64.905,W
10/8/2001,15:38:20,14.132,N,64.92,W
10/8/2001,15:40:19,14.128,N,64.935,W
10/8/2001,15:42:19,14.125,N,64.951,W
10/8/2001,15:44:19,14.122,N,64.966,W
10/8/2001,15:46:19,14.118,N,64.982,W
10/8/2001,15:48:20,14.115,N,64.997,W
10/8/2001,15:50:20,14.111,N,65.012,W
10/8/2001,15:52:20,14.108,N,65.028,W
10/8/2001,15:54:20,14.105,N,65.043,W
10/8/2001,15:56:19,14.101,N,65.058,W
10/8/2001,15:58:19,14.098,N,65.074,W
10/8/2001,16:00:19,14.094,N,65.089,W
10/8/2001,16:02:19,14.091,N,65.105,W
10/8/2001,16:04:20,14.087,N,65.12,W
10/8/2001,16:06:20,14.084,N,65.136,W
10/8/2001,16:08:20,14.08,N,65.151,W
10/8/2001,16:10:19,14.077,N,65.166,W
10/8/2001,16:12:19,14.073,N,65.182,W
10/8/2001,16:14:19,14.07,N,65.197,W
10/8/2001,16:16:19,14.066,N,65.213,W
10/8/2001,16:18:20,14.063,N,65.228,W
10/8/2001,16:20:20,14.059,N,65.244,W
10/8/2001,16:22:20,14.056,N,65.259,W
10/8/2001,16:24:20,14.052,N,65.275,W
10/8/2001,16:26:19,14.049,N,65.29,W
10/8/2001,16:28:19,14.045,N,65.306,W
10/8/2001,16:30:19,14.042,N,65.321,W
10/8/2001,16:32:19,14.038,N,65.337,W
10/8/2001,16:34:20,14.035,N,65.352,W
10/8/2001,16:36:20,14.031,N,65.368,W
10/8/2001,16:38:20,14.028,N,65.383,W
10/8/2001,16:40:19,14.024,N,65.399,W
10/8/2001,16:42:19,14.021,N,65.414,W
10/8/2001,16:44:19,14.017,N,65.43,W
10/8/2001,16:46:19,14.014,N,65.445,W
10/8/2001,16:48:20,14.01,N,65.461,W
10/8/2001,16:50:20,14.006,N,65.476,W
10/8/2001,16:52:20,14.003,N,65.492,W
10/8/2001,16:54:20,13.999,N,65.507,W
10/8/2001,16:56:19,13.996,N,65.523,W
10/8/2001,16:58:19,13.992,N,65.538,W
10/8/2001,17:00:19,13.989,N,65.554,W
10/8/2001,17:02:19,13.985,N,65.57,W
10/8/2001,17:04:20,13.981,N,65.585,W
10/8/2001,17:06:20,13.978,N,65.601,W
10/8/2001,17:08:20,13.974,N,65.616,W
10/8/2001,17:10:19,13.971,N,65.632,W
10/8/2001,17:12:19,13.967,N,65.647,W
10/8/2001,17:14:19,13.963,N,65.663,W
10/8/2001,17:16:19,13.96,N,65.679,W
10/8/2001,17:18:20,13.956,N,65.694,W
10/8/2001,17:20:20,13.953,N,65.71,W
10/8/2001,17:22:20,13.949,N,65.725,W
10/8/2001,17:24:20,13.945,N,65.741,W
10/8/2001,17:26:19,13.942,N,65.756,W
10/8/2001,17:28:19,13.938,N,65.772,W
10/8/2001,17:30:19,13.935,N,65.788,W
10/8/2001,17:32:19,13.931,N,65.803,W
10/8/2001,17:34:20,13.927,N,65.819,W
10/8/2001,17:36:20,13.924,N,65.834,W
10/8/2001,17:38:20,13.92,N,65.85,W
10/8/2001,17:40:19,13.917,N,65.865,W
10/8/2001,17:42:19,13.913,N,65.881,W
10/8/2001,17:44:19,13.909,N,65.897,W
10/8/2001,17:46:19,13.906,N,65.912,W
10/8/2001,17:48:20,13.902,N,65.928,W
10/8/2001,17:50:20,13.899,N,65.943,W
