Track,for,Gert,2005,,
Date,Time,(UTC),Latitude,Longitude,
MM/DD/Year,HH:MM:SS,(deg),(deg),,
7/23/2005,21:00:09,18.906,N,93.456,W
7/23/2005,21:02:10,18.919,N,93.459,W
7/23/2005,21:04:10,18.931,N,93.462,W
7/23/2005,21:06:09,18.943,N,93.465,W
7/23/2005,21:08:09,18.955,N,93.468,W
7/23/2005,21:10:10,18.967,N,93.471,W
7/23/2005,21:12:10,18.98,N,93.474,W
7/23/2005,21:14:09,18.992,N,93.477,W
7/23/2005,21:16:09,19.004,N,93.48,W
7/23/2005,21:18:10,19.016,N,93.484,W
7/23/2005,21:20:09,19.028,N,93.487,W
7/23/2005,21:22:09,19.04,N,93.49,W
7/23/2005,21:24:10,19.053,N,93.493,W
7/23/2005,21:26:10,19.065,N,93.496,W
7/23/2005,21:28:09,19.077,N,93.499,W
7/23/2005,21:30:09,19.089,N,93.502,W
7/23/2005,21:32:10,19.101,N,93.505,W
7/23/2005,21:34:10,19.113,N,93.508,W
7/23/2005,21:36:09,19.126,N,93.512,W
7/23/2005,21:38:09,19.138,N,93.515,W
7/23/2005,21:40:10,19.15,N,93.518,W
7/23/2005,21:42:10,19.162,N,93.521,W
7/23/2005,21:44:09,19.174,N,93.524,W
7/23/2005,21:46:09,19.186,N,93.527,W
7/23/2005,21:48:10,19.198,N,93.53,W
7/23/2005,21:50:09,19.21,N,93.534,W
7/23/2005,21:52:09,19.222,N,93.537,W
7/23/2005,21:54:10,19.234,N,93.54,W
7/23/2005,21:56:10,19.246,N,93.543,W
7/23/2005,21:58:09,19.258,N,93.546,W
7/23/2005,22:00:09,19.27,N,93.549,W
7/23/2005,22:02:10,19.282,N,93.553,W
7/23/2005,22:04:10,19.294,N,93.556,W
7/23/2005,22:06:09,19.306,N,93.559,W
7/23/2005,22:08:09,19.318,N,93.562,W
7/23/2005,22:10:10,19.33,N,93.565,W
7/23/2005,22:12:10,19.342,N,93.569,W
7/23/2005,22:14:09,19.354,N,93.572,W
7/23/2005,22:16:09,19.366,N,93.575,W
7/23/2005,22:18:10,19.378,N,93.578,W
7/23/2005,22:20:09,19.39,N,93.582,W
7/23/2005,22:22:09,19.401,N,93.585,W
7/23/2005,22:24:10,19.413,N,93.588,W
7/23/2005,22:26:10,19.425,N,93.591,W
7/23/2005,22:28:09,19.437,N,93.595,W
7/23/2005,22:30:09,19.448,N,93.598,W
7/23/2005,22:32:10,19.46,N,93.601,W
7/23/2005,22:34:10,19.472,N,93.605,W
7/23/2005,22:36:09,19.484,N,93.608,W
7/23/2005,22:38:09,19.495,N,93.611,W
7/23/2005,22:40:10,19.507,N,93.615,W
7/23/2005,22:42:10,19.518,N,93.618,W
7/23/2005,22:44:09,19.53,N,93.621,W
7/23/2005,22:46:09,19.541,N,93.625,W
7/23/2005,22:48:10,19.553,N,93.628,W
7/23/2005,22:50:09,19.565,N,93.632,W
7/23/2005,22:52:09,19.576,N,93.635,W
7/23/2005,22:54:10,19.587,N,93.638,W
7/23/2005,22:56:10,19.599,N,93.642,W
7/23/2005,22:58:09,19.61,N,93.645,W
7/23/2005,23:00:09,19.622,N,93.649,W
7/23/2005,23:02:10,19.633,N,93.652,W
7/23/2005,23:04:10,19.644,N,93.656,W
7/23/2005,23:06:09,19.655,N,93.659,W
7/23/2005,23:08:09,19.667,N,93.663,W
7/23/2005,23:10:10,19.678,N,93.666,W
7/23/2005,23:12:10,19.689,N,93.67,W
7/23/2005,23:14:09,19.7,N,93.673,W
7/23/2005,23:16:09,19.711,N,93.677,W
7/23/2005,23:18:10,19.722,N,93.681,W
7/23/2005,23:20:09,19.733,N,93.684,W
7/23/2005,23:22:09,19.744,N,93.688,W
7/23/2005,23:24:10,19.755,N,93.691,W
7/23/2005,23:26:10,19.766,N,93.695,W
7/23/2005,23:28:09,19.777,N,93.699,W
7/23/2005,23:30:09,19.788,N,93.703,W
7/23/2005,23:32:10,19.799,N,93.706,W
7/23/2005,23:34:10,19.81,N,93.71,W
7/23/2005,23:36:09,19.82,N,93.714,W
7/23/2005,23:38:09,19.831,N,93.717,W
7/23/2005,23:40:10,19.842,N,93.721,W
7/23/2005,23:42:10,19.852,N,93.725,W
7/23/2005,23:44:09,19.863,N,93.729,W
7/23/2005,23:46:09,19.873,N,93.733,W
7/23/2005,23:48:10,19.884,N,93.737,W
7/23/2005,23:50:09,19.894,N,93.74,W
7/23/2005,23:52:09,19.905,N,93.744,W
7/23/2005,23:54:10,19.915,N,93.748,W
7/23/2005,23:56:10,19.925,N,93.752,W
7/23/2005,23:58:09,19.936,N,93.756,W
7/24/2005,0:00:09,19.946,N,93.76,W
7/24/2005,0:02:10,19.956,N,93.764,W
7/24/2005,0:04:10,19.966,N,93.768,W
7/24/2005,0:06:09,19.976,N,93.772,W
7/24/2005,0:08:09,19.986,N,93.776,W
7/24/2005,0:10:10,19.996,N,93.78,W
7/24/2005,0:12:10,20.006,N,93.784,W
7/24/2005,0:14:09,20.016,N,93.789,W
7/24/2005,0:16:09,20.026,N,93.793,W
7/24/2005,0:18:10,20.036,N,93.797,W
7/24/2005,0:20:09,20.046,N,93.801,W
7/24/2005,0:22:09,20.055,N,93.805,W
7/24/2005,0:24:10,20.065,N,93.809,W
7/24/2005,0:26:10,20.074,N,93.814,W
7/24/2005,0:28:09,20.084,N,93.818,W
7/24/2005,0:30:09,20.093,N,93.822,W
7/24/2005,0:32:10,20.103,N,93.827,W
7/24/2005,0:34:10,20.112,N,93.831,W
7/24/2005,0:36:09,20.122,N,93.835,W
7/24/2005,0:38:09,20.131,N,93.84,W
7/24/2005,0:40:10,20.14,N,93.844,W
7/24/2005,0:42:10,20.149,N,93.849,W
7/24/2005,0:44:09,20.158,N,93.853,W
7/24/2005,0:46:09,20.167,N,93.858,W
7/24/2005,0:48:10,20.176,N,93.862,W
7/24/2005,0:50:09,20.185,N,93.867,W
7/24/2005,0:52:09,20.194,N,93.871,W
7/24/2005,0:54:10,20.203,N,93.876,W
7/24/2005,0:56:10,20.212,N,93.881,W
7/24/2005,0:58:09,20.22,N,93.885,W
7/24/2005,1:00:09,20.229,N,93.89,W
7/24/2005,1:02:10,20.238,N,93.895,W
7/24/2005,1:04:10,20.246,N,93.899,W
7/24/2005,1:06:09,20.255,N,93.904,W
7/24/2005,1:08:09,20.263,N,93.909,W
7/24/2005,1:10:10,20.271,N,93.914,W
7/24/2005,1:12:10,20.28,N,93.919,W
7/24/2005,1:14:09,20.288,N,93.924,W
7/24/2005,1:16:09,20.296,N,93.928,W
7/24/2005,1:18:10,20.304,N,93.933,W
7/24/2005,1:20:09,20.312,N,93.938,W
7/24/2005,1:22:09,20.32,N,93.943,W
7/24/2005,1:24:10,20.328,N,93.948,W
7/24/2005,1:26:10,20.336,N,93.953,W
7/24/2005,1:28:09,20.343,N,93.959,W
7/24/2005,1:30:09,20.351,N,93.964,W
7/24/2005,1:32:10,20.359,N,93.969,W
7/24/2005,1:34:10,20.366,N,93.974,W
7/24/2005,1:36:09,20.373,N,93.979,W
7/24/2005,1:38:09,20.381,N,93.985,W
7/24/2005,1:40:10,20.388,N,93.99,W
7/24/2005,1:42:10,20.395,N,93.995,W
7/24/2005,1:44:09,20.403,N,94,W
7/24/2005,1:46:09,20.41,N,94.006,W
7/24/2005,1:48:10,20.417,N,94.011,W
7/24/2005,1:50:09,20.424,N,94.017,W
7/24/2005,1:52:09,20.43,N,94.022,W
7/24/2005,1:54:10,20.437,N,94.028,W
7/24/2005,1:56:10,20.444,N,94.033,W
7/24/2005,1:58:09,20.451,N,94.039,W
7/24/2005,2:00:09,20.457,N,94.044,W
7/24/2005,2:02:10,20.464,N,94.05,W
7/24/2005,2:04:10,20.47,N,94.056,W
7/24/2005,2:06:09,20.476,N,94.061,W
7/24/2005,2:08:09,20.483,N,94.067,W
7/24/2005,2:10:10,20.489,N,94.073,W
7/24/2005,2:12:10,20.495,N,94.079,W
7/24/2005,2:14:09,20.501,N,94.085,W
7/24/2005,2:16:09,20.507,N,94.091,W
7/24/2005,2:18:10,20.513,N,94.097,W
7/24/2005,2:20:09,20.518,N,94.103,W
7/24/2005,2:22:09,20.524,N,94.109,W
7/24/2005,2:24:10,20.53,N,94.115,W
7/24/2005,2:26:10,20.535,N,94.121,W
7/24/2005,2:28:09,20.541,N,94.127,W
7/24/2005,2:30:09,20.546,N,94.133,W
7/24/2005,2:32:10,20.551,N,94.139,W
7/24/2005,2:34:10,20.557,N,94.145,W
7/24/2005,2:36:09,20.562,N,94.152,W
7/24/2005,2:38:09,20.567,N,94.158,W
7/24/2005,2:40:10,20.572,N,94.164,W
7/24/2005,2:42:10,20.576,N,94.171,W
7/24/2005,2:44:09,20.581,N,94.177,W
7/24/2005,2:46:09,20.586,N,94.184,W
7/24/2005,2:48:10,20.59,N,94.19,W
7/24/2005,2:50:09,20.595,N,94.197,W
7/24/2005,2:52:09,20.599,N,94.203,W
7/24/2005,2:54:10,20.604,N,94.21,W
7/24/2005,2:56:10,20.608,N,94.217,W
7/24/2005,2:58:09,20.612,N,94.223,W
7/24/2005,3:00:09,20.616,N,94.23,W
7/24/2005,3:02:10,20.62,N,94.237,W
7/24/2005,3:04:10,20.624,N,94.244,W
7/24/2005,3:06:09,20.627,N,94.251,W
7/24/2005,3:08:09,20.631,N,94.257,W
7/24/2005,3:10:10,20.635,N,94.264,W
7/24/2005,3:12:10,20.638,N,94.271,W
7/24/2005,3:14:09,20.641,N,94.278,W
7/24/2005,3:16:09,20.645,N,94.286,W
7/24/2005,3:18:10,20.648,N,94.293,W
7/24/2005,3:20:09,20.651,N,94.3,W
7/24/2005,3:22:09,20.654,N,94.307,W
7/24/2005,3:24:10,20.657,N,94.314,W
7/24/2005,3:26:10,20.66,N,94.322,W
7/24/2005,3:28:09,20.662,N,94.329,W
7/24/2005,3:30:09,20.665,N,94.336,W
7/24/2005,3:32:10,20.667,N,94.344,W
7/24/2005,3:34:10,20.67,N,94.351,W
7/24/2005,3:36:09,20.672,N,94.359,W
7/24/2005,3:38:09,20.674,N,94.366,W
7/24/2005,3:40:10,20.676,N,94.374,W
7/24/2005,3:42:10,20.678,N,94.382,W
7/24/2005,3:44:09,20.68,N,94.39,W
7/24/2005,3:46:09,20.682,N,94.397,W
7/24/2005,3:48:10,20.683,N,94.405,W
7/24/2005,3:50:09,20.685,N,94.413,W
7/24/2005,3:52:09,20.686,N,94.421,W
7/24/2005,3:54:10,20.688,N,94.429,W
7/24/2005,3:56:10,20.689,N,94.437,W
7/24/2005,3:58:09,20.69,N,94.445,W
7/24/2005,4:00:09,20.691,N,94.453,W
7/24/2005,4:02:10,20.692,N,94.461,W
7/24/2005,4:04:10,20.693,N,94.469,W
7/24/2005,4:06:09,20.694,N,94.478,W
7/24/2005,4:08:09,20.694,N,94.486,W
7/24/2005,4:10:10,20.695,N,94.494,W
7/24/2005,4:12:10,20.695,N,94.503,W
7/24/2005,4:14:09,20.695,N,94.511,W
7/24/2005,4:16:09,20.695,N,94.52,W
7/24/2005,4:18:10,20.695,N,94.528,W
7/24/2005,4:20:09,20.695,N,94.537,W
7/24/2005,4:22:09,20.695,N,94.545,W
7/24/2005,4:24:10,20.695,N,94.554,W
7/24/2005,4:26:10,20.694,N,94.563,W
7/24/2005,4:28:09,20.694,N,94.572,W
7/24/2005,4:30:09,20.693,N,94.58,W
7/24/2005,4:32:10,20.692,N,94.589,W
7/24/2005,4:34:10,20.691,N,94.598,W
7/24/2005,4:36:09,20.69,N,94.607,W
7/24/2005,4:38:09,20.689,N,94.616,W
7/24/2005,4:40:10,20.688,N,94.626,W
7/24/2005,4:42:10,20.687,N,94.635,W
7/24/2005,4:44:09,20.685,N,94.644,W
7/24/2005,4:46:09,20.683,N,94.653,W
7/24/2005,4:48:10,20.682,N,94.663,W
7/24/2005,4:50:09,20.68,N,94.672,W
7/24/2005,4:52:09,20.678,N,94.681,W
7/24/2005,4:54:10,20.676,N,94.691,W
7/24/2005,4:56:10,20.674,N,94.7,W
7/24/2005,4:58:09,20.671,N,94.71,W
7/24/2005,5:00:09,20.669,N,94.72,W
7/24/2005,5:02:10,20.666,N,94.729,W
7/24/2005,5:04:10,20.663,N,94.739,W
7/24/2005,5:06:09,20.661,N,94.749,W
7/24/2005,5:08:09,20.658,N,94.759,W
7/24/2005,5:10:10,20.654,N,94.769,W
7/24/2005,5:12:10,20.651,N,94.779,W
7/24/2005,5:14:09,20.648,N,94.789,W
7/24/2005,5:16:09,20.644,N,94.799,W
7/24/2005,5:18:10,20.641,N,94.809,W
7/24/2005,5:20:09,20.637,N,94.819,W
7/24/2005,5:22:09,20.633,N,94.83,W
7/24/2005,5:24:10,20.629,N,94.84,W
7/24/2005,5:26:10,20.625,N,94.85,W
7/24/2005,5:28:09,20.621,N,94.861,W
7/24/2005,5:30:09,20.616,N,94.871,W
7/24/2005,5:32:10,20.612,N,94.882,W
7/24/2005,5:34:10,20.607,N,94.893,W
7/24/2005,5:36:09,20.603,N,94.903,W
7/24/2005,5:38:09,20.598,N,94.914,W
7/24/2005,5:40:10,20.593,N,94.925,W
7/24/2005,5:42:10,20.587,N,94.936,W
7/24/2005,5:44:09,20.582,N,94.947,W
7/24/2005,5:46:09,20.577,N,94.958,W
7/24/2005,5:48:10,20.571,N,94.969,W
7/24/2005,5:50:09,20.565,N,94.98,W
7/24/2005,5:52:09,20.56,N,94.991,W
7/24/2005,5:54:10,20.554,N,95.002,W
7/24/2005,5:56:10,20.548,N,95.013,W
7/24/2005,5:58:09,20.542,N,95.025,W
7/24/2005,6:00:09,20.535,N,95.036,W
7/24/2005,6:02:10,20.529,N,95.048,W
7/24/2005,6:04:10,20.522,N,95.059,W
7/24/2005,6:06:09,20.516,N,95.071,W
7/24/2005,6:08:09,20.509,N,95.082,W
7/24/2005,6:10:10,20.502,N,95.094,W
7/24/2005,6:12:10,20.495,N,95.105,W
7/24/2005,6:14:09,20.488,N,95.117,W
7/24/2005,6:16:09,20.481,N,95.129,W
7/24/2005,6:16:20,20.48,N,95.13,W
7/24/2005,6:18:19,20.474,N,95.141,W
7/24/2005,6:20:19,20.469,N,95.152,W
7/24/2005,6:22:20,20.463,N,95.163,W
7/24/2005,6:24:20,20.458,N,95.174,W
7/24/2005,6:26:19,20.452,N,95.185,W
7/24/2005,6:28:19,20.447,N,95.196,W
7/24/2005,6:30:20,20.441,N,95.207,W
7/24/2005,6:32:20,20.436,N,95.218,W
7/24/2005,6:34:19,20.431,N,95.229,W
7/24/2005,6:36:20,20.425,N,95.239,W
7/24/2005,6:38:20,20.42,N,95.25,W
7/24/2005,6:40:19,20.414,N,95.261,W
7/24/2005,6:42:19,20.409,N,95.272,W
7/24/2005,6:44:20,20.403,N,95.283,W
7/24/2005,6:46:20,20.398,N,95.294,W
7/24/2005,6:48:19,20.393,N,95.305,W
7/24/2005,6:50:19,20.387,N,95.315,W
7/24/2005,6:52:20,20.382,N,95.326,W
7/24/2005,6:54:20,20.377,N,95.337,W
7/24/2005,6:56:19,20.371,N,95.348,W
7/24/2005,6:58:19,20.366,N,95.358,W
7/24/2005,7:00:20,20.361,N,95.369,W
7/24/2005,7:02:20,20.356,N,95.38,W
7/24/2005,7:04:19,20.35,N,95.391,W
7/24/2005,7:06:20,20.345,N,95.401,W
7/24/2005,7:08:20,20.34,N,95.412,W
7/24/2005,7:10:19,20.335,N,95.423,W
7/24/2005,7:12:19,20.33,N,95.433,W
7/24/2005,7:14:20,20.324,N,95.444,W
7/24/2005,7:16:20,20.319,N,95.454,W
7/24/2005,7:18:19,20.314,N,95.465,W
7/24/2005,7:20:19,20.309,N,95.476,W
7/24/2005,7:22:20,20.304,N,95.486,W
7/24/2005,7:24:20,20.299,N,95.497,W
7/24/2005,7:26:19,20.294,N,95.507,W
7/24/2005,7:28:19,20.289,N,95.518,W
7/24/2005,7:30:20,20.284,N,95.528,W
7/24/2005,7:32:20,20.279,N,95.539,W
7/24/2005,7:34:19,20.274,N,95.549,W
7/24/2005,7:36:20,20.269,N,95.559,W
7/24/2005,7:38:20,20.264,N,95.57,W
7/24/2005,7:40:19,20.259,N,95.58,W
7/24/2005,7:42:19,20.255,N,95.59,W
7/24/2005,7:44:20,20.25,N,95.601,W
7/24/2005,7:46:20,20.245,N,95.611,W
7/24/2005,7:48:19,20.24,N,95.621,W
7/24/2005,7:50:19,20.235,N,95.632,W
7/24/2005,7:52:20,20.231,N,95.642,W
7/24/2005,7:54:20,20.226,N,95.652,W
7/24/2005,7:56:19,20.221,N,95.662,W
7/24/2005,7:58:19,20.217,N,95.672,W
7/24/2005,8:00:19,20.212,N,95.682,W
7/24/2005,8:02:19,20.207,N,95.693,W
7/24/2005,8:04:20,20.203,N,95.703,W
7/24/2005,8:06:20,20.198,N,95.713,W
7/24/2005,8:08:20,20.194,N,95.723,W
7/24/2005,8:10:19,20.189,N,95.733,W
7/24/2005,8:12:19,20.185,N,95.743,W
7/24/2005,8:14:19,20.18,N,95.753,W
7/24/2005,8:16:19,20.176,N,95.763,W
7/24/2005,8:18:20,20.172,N,95.772,W
7/24/2005,8:20:20,20.167,N,95.782,W
7/24/2005,8:22:20,20.163,N,95.792,W
7/24/2005,8:24:20,20.159,N,95.802,W
7/24/2005,8:26:19,20.154,N,95.812,W
7/24/2005,8:28:19,20.15,N,95.821,W
7/24/2005,8:30:19,20.146,N,95.831,W
7/24/2005,8:32:19,20.142,N,95.841,W
7/24/2005,8:34:20,20.138,N,95.85,W
7/24/2005,8:36:20,20.134,N,95.86,W
7/24/2005,8:38:20,20.13,N,95.869,W
7/24/2005,8:40:19,20.126,N,95.879,W
7/24/2005,8:42:19,20.122,N,95.888,W
7/24/2005,8:44:19,20.118,N,95.898,W
7/24/2005,8:46:19,20.114,N,95.907,W
7/24/2005,8:48:20,20.11,N,95.916,W
7/24/2005,8:50:20,20.106,N,95.925,W
7/24/2005,8:52:20,20.102,N,95.935,W
7/24/2005,8:54:20,20.099,N,95.944,W
7/24/2005,8:56:19,20.095,N,95.953,W
7/24/2005,8:58:19,20.091,N,95.961,W
7/24/2005,9:00:19,20.087,N,95.97,W
7/24/2005,9:02:19,20.084,N,95.979,W
7/24/2005,9:04:20,20.08,N,95.988,W
7/24/2005,9:06:20,20.077,N,95.996,W
7/24/2005,9:08:20,20.073,N,96.005,W
7/24/2005,9:10:19,20.07,N,96.013,W
7/24/2005,9:12:19,20.067,N,96.021,W
7/24/2005,9:14:19,20.063,N,96.029,W
7/24/2005,9:16:19,20.06,N,96.037,W
7/24/2005,9:18:20,20.057,N,96.045,W
7/24/2005,9:20:20,20.054,N,96.053,W
7/24/2005,9:22:20,20.05,N,96.061,W
7/24/2005,9:24:20,20.047,N,96.068,W
7/24/2005,9:26:19,20.044,N,96.076,W
7/24/2005,9:28:19,20.041,N,96.083,W
7/24/2005,9:30:19,20.038,N,96.091,W
7/24/2005,9:32:19,20.036,N,96.098,W
7/24/2005,9:34:20,20.033,N,96.105,W
7/24/2005,9:36:20,20.03,N,96.111,W
7/24/2005,9:38:20,20.027,N,96.118,W
7/24/2005,9:40:19,20.024,N,96.125,W
7/24/2005,9:42:19,20.022,N,96.131,W
7/24/2005,9:44:19,20.019,N,96.138,W
7/24/2005,9:46:19,20.017,N,96.144,W
7/24/2005,9:48:20,20.014,N,96.15,W
7/24/2005,9:50:20,20.012,N,96.156,W
7/24/2005,9:52:20,20.01,N,96.161,W
7/24/2005,9:54:20,20.007,N,96.167,W
7/24/2005,9:56:19,20.005,N,96.172,W
7/24/2005,9:58:19,20.003,N,96.177,W
7/24/2005,10:00:19,20.001,N,96.182,W
7/24/2005,10:02:19,19.999,N,96.187,W
7/24/2005,10:04:20,19.997,N,96.192,W
7/24/2005,10:06:20,19.995,N,96.196,W
7/24/2005,10:08:20,19.993,N,96.201,W
7/24/2005,10:10:19,19.991,N,96.205,W
7/24/2005,10:12:19,19.99,N,96.209,W
7/24/2005,10:14:19,19.988,N,96.213,W
7/24/2005,10:16:19,19.986,N,96.216,W
7/24/2005,10:18:20,19.985,N,96.22,W
7/24/2005,10:20:20,19.983,N,96.223,W
7/24/2005,10:22:20,19.982,N,96.226,W
7/24/2005,10:24:20,19.981,N,96.229,W
7/24/2005,10:26:19,19.979,N,96.231,W
7/24/2005,10:28:19,19.978,N,96.234,W
7/24/2005,10:30:19,19.977,N,96.236,W
7/24/2005,10:32:19,19.976,N,96.238,W
7/24/2005,10:34:20,19.975,N,96.24,W
7/24/2005,10:36:20,19.974,N,96.241,W
7/24/2005,10:38:20,19.973,N,96.243,W
7/24/2005,10:40:19,19.972,N,96.244,W
7/24/2005,10:42:19,19.972,N,96.245,W
7/24/2005,10:44:19,19.971,N,96.245,W
7/24/2005,10:46:19,19.971,N,96.246,W
7/24/2005,10:48:20,19.97,N,96.246,W
7/24/2005,10:50:20,19.97,N,96.246,W
7/24/2005,10:52:20,19.969,N,96.245,W
7/24/2005,10:54:20,19.969,N,96.245,W
7/24/2005,10:56:19,19.969,N,96.244,W
7/24/2005,10:58:19,19.969,N,96.243,W
7/24/2005,11:00:19,19.969,N,96.242,W
7/24/2005,11:02:19,19.969,N,96.24,W
7/24/2005,11:04:20,19.969,N,96.238,W
7/24/2005,11:06:20,19.969,N,96.236,W
7/24/2005,11:08:20,19.97,N,96.234,W
7/24/2005,11:10:19,19.97,N,96.231,W
7/24/2005,11:12:19,19.97,N,96.228,W
7/24/2005,11:14:19,19.971,N,96.225,W
7/24/2005,11:16:19,19.972,N,96.222,W
7/24/2005,11:18:20,19.972,N,96.218,W
7/24/2005,11:20:20,19.973,N,96.214,W
7/24/2005,11:22:20,19.974,N,96.21,W
7/24/2005,11:24:20,19.975,N,96.205,W
7/24/2005,11:26:19,19.976,N,96.2,W
7/24/2005,11:28:19,19.977,N,96.195,W
7/24/2005,11:30:19,19.978,N,96.19,W
7/24/2005,11:32:19,19.98,N,96.184,W
7/24/2005,11:34:20,19.981,N,96.178,W
7/24/2005,11:36:20,19.983,N,96.172,W
7/24/2005,11:38:20,19.984,N,96.165,W
7/24/2005,11:40:19,19.986,N,96.159,W
7/24/2005,11:42:19,19.988,N,96.152,W
7/24/2005,11:44:19,19.989,N,96.144,W
7/24/2005,11:46:19,19.991,N,96.137,W
7/24/2005,11:48:20,19.993,N,96.129,W
7/24/2005,11:50:20,19.995,N,96.121,W
7/24/2005,11:52:20,19.997,N,96.112,W
7/24/2005,11:54:20,19.999,N,96.104,W
7/24/2005,11:56:19,20.002,N,96.095,W
7/24/2005,11:58:19,20.004,N,96.086,W
7/24/2005,12:00:19,20.006,N,96.077,W
7/24/2005,12:02:19,20.009,N,96.067,W
7/24/2005,12:04:20,20.011,N,96.058,W
7/24/2005,12:06:20,20.014,N,96.048,W
7/24/2005,12:08:20,20.017,N,96.037,W
7/24/2005,12:10:19,20.019,N,96.027,W
7/24/2005,12:12:19,20.022,N,96.016,W
7/24/2005,12:14:19,20.025,N,96.006,W
7/24/2005,12:16:19,20.028,N,95.995,W
7/24/2005,12:18:20,20.031,N,95.983,W
7/24/2005,12:20:20,20.034,N,95.972,W
7/24/2005,12:22:20,20.037,N,95.96,W
7/24/2005,12:24:20,20.04,N,95.949,W
7/24/2005,12:26:19,20.043,N,95.937,W
7/24/2005,12:28:19,20.047,N,95.924,W
7/24/2005,12:30:19,20.05,N,95.912,W
7/24/2005,12:32:19,20.053,N,95.899,W
7/24/2005,12:34:20,20.057,N,95.887,W
7/24/2005,12:36:20,20.06,N,95.874,W
7/24/2005,12:38:20,20.064,N,95.861,W
7/24/2005,12:40:19,20.067,N,95.847,W
7/24/2005,12:42:19,20.071,N,95.834,W
7/24/2005,12:44:19,20.075,N,95.82,W
7/24/2005,12:46:19,20.078,N,95.806,W
7/24/2005,12:48:20,20.082,N,95.793,W
7/24/2005,12:50:20,20.086,N,95.778,W
7/24/2005,12:52:20,20.09,N,95.764,W
7/24/2005,12:54:20,20.094,N,95.75,W
7/24/2005,12:56:19,20.098,N,95.735,W
7/24/2005,12:58:19,20.102,N,95.721,W
7/24/2005,13:00:19,20.106,N,95.706,W
7/24/2005,13:02:19,20.11,N,95.691,W
7/24/2005,13:04:20,20.114,N,95.676,W
7/24/2005,13:06:20,20.118,N,95.661,W
7/24/2005,13:08:20,20.122,N,95.645,W
7/24/2005,13:10:19,20.126,N,95.63,W
7/24/2005,13:12:19,20.131,N,95.614,W
7/24/2005,13:14:19,20.135,N,95.599,W
7/24/2005,13:16:19,20.139,N,95.583,W
7/24/2005,13:18:20,20.144,N,95.567,W
7/24/2005,13:20:20,20.148,N,95.551,W
7/24/2005,13:22:20,20.152,N,95.535,W
7/24/2005,13:24:20,20.157,N,95.519,W
7/24/2005,13:26:19,20.161,N,95.502,W
7/24/2005,13:28:19,20.166,N,95.486,W
7/24/2005,13:30:19,20.17,N,95.47,W
7/24/2005,13:32:19,20.175,N,95.453,W
7/24/2005,13:34:20,20.179,N,95.436,W
7/24/2005,13:36:20,20.184,N,95.42,W
7/24/2005,13:38:20,20.189,N,95.403,W
7/24/2005,13:40:19,20.193,N,95.386,W
7/24/2005,13:42:19,20.198,N,95.369,W
7/24/2005,13:44:19,20.203,N,95.352,W
7/24/2005,13:46:19,20.207,N,95.335,W
7/24/2005,13:47:49,20.211,N,95.322,W
7/24/2005,13:49:49,20.216,N,95.305,W
7/24/2005,13:51:49,20.221,N,95.287,W
7/24/2005,13:53:49,20.226,N,95.269,W
7/24/2005,13:55:50,20.23,N,95.252,W
7/24/2005,13:57:50,20.235,N,95.234,W
7/24/2005,13:59:50,20.24,N,95.217,W
7/24/2005,14:01:50,20.245,N,95.199,W
7/24/2005,14:03:49,20.25,N,95.182,W
7/24/2005,14:05:49,20.255,N,95.164,W
7/24/2005,14:07:49,20.259,N,95.147,W
7/24/2005,14:09:49,20.264,N,95.129,W
7/24/2005,14:11:50,20.269,N,95.112,W
7/24/2005,14:13:50,20.274,N,95.094,W
7/24/2005,14:15:50,20.279,N,95.077,W
7/24/2005,14:17:49,20.284,N,95.059,W
7/24/2005,14:19:49,20.288,N,95.042,W
7/24/2005,14:21:49,20.293,N,95.024,W
7/24/2005,14:23:49,20.298,N,95.007,W
7/24/2005,14:24:34,20.3,N,95,W
7/24/2005,14:26:34,20.333,N,95.026,W
7/24/2005,14:28:34,20.366,N,95.052,W
7/24/2005,14:30:35,20.4,N,95.078,W
7/24/2005,14:32:35,20.433,N,95.104,W
7/24/2005,14:34:35,20.466,N,95.129,W
7/24/2005,14:36:34,20.499,N,95.155,W
7/24/2005,14:38:34,20.532,N,95.181,W
7/24/2005,14:40:34,20.566,N,95.207,W
7/24/2005,14:42:34,20.599,N,95.233,W
7/24/2005,14:44:35,20.632,N,95.259,W
7/24/2005,14:46:35,20.665,N,95.285,W
7/24/2005,14:48:35,20.698,N,95.311,W
7/24/2005,14:50:35,20.731,N,95.336,W
7/24/2005,14:52:34,20.765,N,95.362,W
7/24/2005,14:54:34,20.798,N,95.388,W
7/24/2005,14:56:34,20.831,N,95.414,W
7/24/2005,14:58:34,20.864,N,95.44,W
7/24/2005,15:00:35,20.897,N,95.466,W
7/24/2005,15:01:17,20.909,N,95.475,W
7/24/2005,15:03:16,20.912,N,95.485,W
7/24/2005,15:05:16,20.916,N,95.495,W
7/24/2005,15:07:16,20.919,N,95.505,W
7/24/2005,15:09:17,20.922,N,95.515,W
7/24/2005,15:11:17,20.926,N,95.526,W
7/24/2005,15:13:17,20.929,N,95.536,W
7/24/2005,15:15:17,20.932,N,95.546,W
7/24/2005,15:17:16,20.936,N,95.556,W
7/24/2005,15:19:16,20.939,N,95.566,W
7/24/2005,15:21:16,20.943,N,95.576,W
7/24/2005,15:23:16,20.946,N,95.586,W
7/24/2005,15:25:17,20.949,N,95.596,W
7/24/2005,15:27:17,20.953,N,95.606,W
7/24/2005,15:29:17,20.956,N,95.617,W
7/24/2005,15:31:17,20.959,N,95.627,W
7/24/2005,15:33:16,20.963,N,95.637,W
7/24/2005,15:35:16,20.966,N,95.647,W
7/24/2005,15:37:16,20.969,N,95.657,W
7/24/2005,15:39:17,20.973,N,95.667,W
7/24/2005,15:41:17,20.976,N,95.677,W
7/24/2005,15:43:17,20.979,N,95.687,W
7/24/2005,15:45:17,20.983,N,95.697,W
7/24/2005,15:47:16,20.986,N,95.708,W
7/24/2005,15:49:16,20.99,N,95.718,W
7/24/2005,15:51:16,20.993,N,95.728,W
7/24/2005,15:53:16,20.996,N,95.738,W
7/24/2005,15:55:17,21,N,95.748,W
7/24/2005,15:57:17,21.003,N,95.758,W
7/24/2005,15:59:17,21.006,N,95.768,W
7/24/2005,16:01:17,21.01,N,95.778,W
7/24/2005,16:03:16,21.013,N,95.788,W
7/24/2005,16:05:16,21.016,N,95.799,W
7/24/2005,16:07:16,21.02,N,95.809,W
7/24/2005,16:09:17,21.023,N,95.819,W
7/24/2005,16:11:17,21.026,N,95.829,W
7/24/2005,16:13:17,21.03,N,95.839,W
7/24/2005,16:15:17,21.033,N,95.849,W
7/24/2005,16:17:16,21.037,N,95.859,W
7/24/2005,16:19:16,21.04,N,95.869,W
7/24/2005,16:21:16,21.043,N,95.88,W
7/24/2005,16:23:16,21.047,N,95.89,W
7/24/2005,16:25:17,21.05,N,95.9,W
7/24/2005,16:27:17,21.053,N,95.91,W
7/24/2005,16:29:17,21.057,N,95.92,W
7/24/2005,16:31:17,21.06,N,95.93,W
7/24/2005,16:33:16,21.063,N,95.94,W
7/24/2005,16:35:16,21.067,N,95.95,W
7/24/2005,16:37:16,21.07,N,95.96,W
7/24/2005,16:39:17,21.073,N,95.971,W
7/24/2005,16:41:17,21.077,N,95.981,W
7/24/2005,16:43:17,21.08,N,95.991,W
7/24/2005,16:45:17,21.084,N,96.001,W
7/24/2005,16:47:16,21.087,N,96.011,W
7/24/2005,16:49:16,21.09,N,96.021,W
7/24/2005,16:51:16,21.094,N,96.031,W
7/24/2005,16:53:16,21.097,N,96.041,W
7/24/2005,16:55:17,21.1,N,96.051,W
7/24/2005,16:57:17,21.104,N,96.062,W
7/24/2005,16:59:17,21.107,N,96.072,W
7/24/2005,17:01:17,21.11,N,96.082,W
7/24/2005,17:03:16,21.114,N,96.092,W
7/24/2005,17:05:16,21.117,N,96.102,W
7/24/2005,17:07:16,21.12,N,96.112,W
7/24/2005,17:09:17,21.124,N,96.122,W
7/24/2005,17:11:17,21.127,N,96.132,W
7/24/2005,17:13:17,21.131,N,96.142,W
7/24/2005,17:15:17,21.134,N,96.153,W
7/24/2005,17:17:16,21.137,N,96.163,W
7/24/2005,17:19:16,21.141,N,96.173,W
7/24/2005,17:21:16,21.144,N,96.183,W
7/24/2005,17:23:16,21.147,N,96.193,W
7/24/2005,17:25:17,21.151,N,96.203,W
7/24/2005,17:27:17,21.154,N,96.213,W
7/24/2005,17:29:17,21.157,N,96.223,W
7/24/2005,17:31:17,21.161,N,96.233,W
7/24/2005,17:33:16,21.164,N,96.244,W
7/24/2005,17:35:16,21.167,N,96.254,W
7/24/2005,17:37:16,21.171,N,96.264,W
7/24/2005,17:39:17,21.174,N,96.274,W
7/24/2005,17:41:17,21.178,N,96.284,W
7/24/2005,17:43:17,21.181,N,96.294,W
7/24/2005,17:45:17,21.184,N,96.304,W
7/24/2005,17:47:16,21.188,N,96.314,W
7/24/2005,17:49:16,21.191,N,96.325,W
7/24/2005,17:51:16,21.194,N,96.335,W
7/24/2005,17:53:16,21.198,N,96.345,W
7/24/2005,17:55:17,21.201,N,96.355,W
7/24/2005,17:57:17,21.204,N,96.365,W
7/24/2005,17:59:17,21.208,N,96.375,W
7/24/2005,18:01:17,21.211,N,96.385,W
7/24/2005,18:03:16,21.214,N,96.395,W
7/24/2005,18:05:16,21.218,N,96.405,W
7/24/2005,18:07:16,21.221,N,96.416,W
7/24/2005,18:09:17,21.225,N,96.426,W
7/24/2005,18:11:17,21.228,N,96.436,W
7/24/2005,18:13:17,21.231,N,96.446,W
7/24/2005,18:15:17,21.235,N,96.456,W
7/24/2005,18:17:16,21.238,N,96.466,W
7/24/2005,18:19:16,21.241,N,96.476,W
7/24/2005,18:21:16,21.245,N,96.486,W
7/24/2005,18:23:16,21.248,N,96.496,W
7/24/2005,18:25:17,21.251,N,96.507,W
7/24/2005,18:27:17,21.255,N,96.517,W
7/24/2005,18:29:17,21.258,N,96.527,W
7/24/2005,18:31:17,21.261,N,96.537,W
7/24/2005,18:33:16,21.265,N,96.547,W
7/24/2005,18:35:16,21.268,N,96.557,W
7/24/2005,18:37:16,21.272,N,96.567,W
7/24/2005,18:39:17,21.275,N,96.577,W
7/24/2005,18:41:17,21.278,N,96.587,W
7/24/2005,18:43:17,21.282,N,96.598,W
7/24/2005,18:45:17,21.285,N,96.608,W
7/24/2005,18:47:16,21.288,N,96.618,W
7/24/2005,18:49:16,21.292,N,96.628,W
7/24/2005,18:51:16,21.295,N,96.638,W
7/24/2005,18:53:16,21.298,N,96.648,W
7/24/2005,18:55:17,21.302,N,96.658,W
7/24/2005,18:57:17,21.305,N,96.668,W
7/24/2005,18:59:17,21.308,N,96.678,W
7/24/2005,19:01:17,21.312,N,96.689,W
7/24/2005,19:03:16,21.315,N,96.699,W
7/24/2005,19:05:16,21.319,N,96.709,W
7/24/2005,19:07:16,21.322,N,96.719,W
7/24/2005,19:09:17,21.325,N,96.729,W
7/24/2005,19:11:17,21.329,N,96.739,W
7/24/2005,19:13:17,21.332,N,96.749,W
7/24/2005,19:15:17,21.335,N,96.759,W
7/24/2005,19:17:16,21.339,N,96.769,W
7/24/2005,19:19:16,21.342,N,96.78,W
7/24/2005,19:21:16,21.345,N,96.79,W
7/24/2005,19:23:16,21.349,N,96.8,W
7/24/2005,19:25:17,21.352,N,96.81,W
7/24/2005,19:27:17,21.355,N,96.82,W
7/24/2005,19:29:17,21.359,N,96.83,W
7/24/2005,19:31:17,21.362,N,96.84,W
7/24/2005,19:33:16,21.366,N,96.85,W
7/24/2005,19:35:16,21.369,N,96.861,W
7/24/2005,19:37:16,21.372,N,96.871,W
7/24/2005,19:39:17,21.376,N,96.881,W
7/24/2005,19:41:17,21.379,N,96.891,W
7/24/2005,19:43:17,21.382,N,96.901,W
7/24/2005,19:45:17,21.386,N,96.911,W
7/24/2005,19:47:16,21.389,N,96.921,W
7/24/2005,19:49:16,21.392,N,96.931,W
7/24/2005,19:51:16,21.396,N,96.941,W
7/24/2005,19:53:16,21.399,N,96.952,W
7/24/2005,19:55:17,21.402,N,96.962,W
7/24/2005,19:57:17,21.406,N,96.972,W
7/24/2005,19:59:17,21.409,N,96.982,W
7/24/2005,20:01:17,21.413,N,96.992,W
7/24/2005,20:03:16,21.416,N,97.002,W
7/24/2005,20:05:16,21.419,N,97.012,W
7/24/2005,20:07:16,21.423,N,97.022,W
7/24/2005,20:09:17,21.426,N,97.032,W
7/24/2005,20:11:17,21.429,N,97.043,W
7/24/2005,20:13:17,21.433,N,97.053,W
7/24/2005,20:15:17,21.436,N,97.063,W
7/24/2005,20:17:16,21.439,N,97.073,W
7/24/2005,20:19:16,21.443,N,97.083,W
7/24/2005,20:21:16,21.446,N,97.093,W
7/24/2005,20:23:16,21.449,N,97.103,W
7/24/2005,20:25:17,21.453,N,97.113,W
7/24/2005,20:27:17,21.456,N,97.123,W
7/24/2005,20:29:17,21.46,N,97.134,W
7/24/2005,20:31:17,21.463,N,97.144,W
7/24/2005,20:33:16,21.466,N,97.154,W
7/24/2005,20:35:16,21.47,N,97.164,W
7/24/2005,20:35:30,21.47,N,97.165,W
7/24/2005,20:37:30,21.473,N,97.169,W
7/24/2005,20:39:29,21.477,N,97.172,W
7/24/2005,20:41:29,21.48,N,97.176,W
7/24/2005,20:43:29,21.484,N,97.18,W
7/24/2005,20:45:30,21.487,N,97.183,W
7/24/2005,20:47:30,21.491,N,97.187,W
7/24/2005,20:49:30,21.494,N,97.191,W
7/24/2005,20:51:30,21.497,N,97.194,W
7/24/2005,20:53:29,21.501,N,97.198,W
7/24/2005,20:55:29,21.504,N,97.202,W
7/24/2005,20:57:29,21.508,N,97.206,W
7/24/2005,20:59:29,21.511,N,97.209,W
7/24/2005,21:01:30,21.514,N,97.213,W
7/24/2005,21:03:30,21.518,N,97.217,W
7/24/2005,21:05:30,21.521,N,97.221,W
7/24/2005,21:07:30,21.525,N,97.225,W
7/24/2005,21:09:29,21.528,N,97.228,W
7/24/2005,21:11:29,21.531,N,97.232,W
7/24/2005,21:13:29,21.535,N,97.236,W
7/24/2005,21:15:30,21.538,N,97.24,W
7/24/2005,21:17:30,21.541,N,97.244,W
7/24/2005,21:19:30,21.545,N,97.248,W
7/24/2005,21:21:30,21.548,N,97.252,W
7/24/2005,21:23:29,21.551,N,97.255,W
7/24/2005,21:25:29,21.555,N,97.259,W
7/24/2005,21:27:29,21.558,N,97.263,W
7/24/2005,21:29:29,21.562,N,97.267,W
7/24/2005,21:31:30,21.565,N,97.271,W
7/24/2005,21:33:30,21.568,N,97.275,W
7/24/2005,21:35:30,21.572,N,97.279,W
7/24/2005,21:37:30,21.575,N,97.283,W
7/24/2005,21:39:29,21.578,N,97.287,W
7/24/2005,21:41:29,21.581,N,97.291,W
7/24/2005,21:43:29,21.585,N,97.295,W
7/24/2005,21:45:30,21.588,N,97.299,W
7/24/2005,21:47:30,21.591,N,97.303,W
7/24/2005,21:49:30,21.595,N,97.307,W
7/24/2005,21:51:30,21.598,N,97.311,W
7/24/2005,21:53:29,21.601,N,97.315,W
7/24/2005,21:55:29,21.605,N,97.319,W
7/24/2005,21:57:29,21.608,N,97.324,W
7/24/2005,21:59:29,21.611,N,97.328,W
7/24/2005,22:01:30,21.614,N,97.332,W
7/24/2005,22:03:30,21.618,N,97.336,W
7/24/2005,22:05:30,21.621,N,97.34,W
7/24/2005,22:07:30,21.624,N,97.344,W
7/24/2005,22:09:29,21.627,N,97.348,W
7/24/2005,22:11:29,21.631,N,97.353,W
7/24/2005,22:13:29,21.634,N,97.357,W
7/24/2005,22:15:30,21.637,N,97.361,W
7/24/2005,22:17:30,21.64,N,97.365,W
7/24/2005,22:19:30,21.644,N,97.37,W
7/24/2005,22:21:30,21.647,N,97.374,W
7/24/2005,22:23:29,21.65,N,97.378,W
7/24/2005,22:25:29,21.653,N,97.382,W
7/24/2005,22:27:29,21.656,N,97.387,W
7/24/2005,22:29:29,21.66,N,97.391,W
7/24/2005,22:31:30,21.663,N,97.395,W
7/24/2005,22:33:30,21.666,N,97.4,W
7/24/2005,22:35:30,21.669,N,97.404,W
7/24/2005,22:37:30,21.672,N,97.408,W
7/24/2005,22:39:29,21.676,N,97.413,W
7/24/2005,22:41:29,21.679,N,97.417,W
7/24/2005,22:43:29,21.682,N,97.422,W
7/24/2005,22:45:30,21.685,N,97.426,W
7/24/2005,22:47:30,21.688,N,97.431,W
7/24/2005,22:49:30,21.691,N,97.435,W
7/24/2005,22:51:30,21.695,N,97.439,W
7/24/2005,22:53:29,21.698,N,97.444,W
7/24/2005,22:55:29,21.701,N,97.448,W
7/24/2005,22:57:29,21.704,N,97.453,W
7/24/2005,22:59:29,21.707,N,97.457,W
7/24/2005,23:01:30,21.71,N,97.462,W
7/24/2005,23:03:30,21.713,N,97.467,W
7/24/2005,23:05:30,21.717,N,97.471,W
7/24/2005,23:07:30,21.72,N,97.476,W
7/24/2005,23:09:29,21.723,N,97.48,W
7/24/2005,23:11:29,21.726,N,97.485,W
7/24/2005,23:13:29,21.729,N,97.489,W
7/24/2005,23:15:30,21.732,N,97.494,W
7/24/2005,23:17:30,21.735,N,97.499,W
7/24/2005,23:19:30,21.738,N,97.503,W
7/24/2005,23:21:30,21.741,N,97.508,W
7/24/2005,23:23:29,21.744,N,97.513,W
7/24/2005,23:25:29,21.748,N,97.517,W
7/24/2005,23:27:29,21.751,N,97.522,W
7/24/2005,23:29:29,21.754,N,97.527,W
7/24/2005,23:31:30,21.757,N,97.531,W
7/24/2005,23:33:30,21.76,N,97.536,W
7/24/2005,23:35:30,21.763,N,97.541,W
7/24/2005,23:37:30,21.766,N,97.546,W
7/24/2005,23:39:29,21.769,N,97.55,W
7/24/2005,23:41:29,21.772,N,97.555,W
7/24/2005,23:43:29,21.775,N,97.56,W
7/24/2005,23:45:30,21.778,N,97.565,W
7/24/2005,23:47:30,21.781,N,97.57,W
7/24/2005,23:49:30,21.784,N,97.574,W
7/24/2005,23:51:30,21.787,N,97.579,W
7/24/2005,23:53:29,21.79,N,97.584,W
7/24/2005,23:55:29,21.793,N,97.589,W
7/24/2005,23:57:29,21.796,N,97.594,W
7/24/2005,23:59:29,21.799,N,97.599,W
7/25/2005,0:01:30,21.802,N,97.604,W
7/25/2005,0:03:30,21.805,N,97.609,W
7/25/2005,0:05:30,21.808,N,97.614,W
7/25/2005,0:07:30,21.811,N,97.618,W
7/25/2005,0:09:29,21.814,N,97.623,W
7/25/2005,0:11:29,21.817,N,97.628,W
7/25/2005,0:13:29,21.82,N,97.633,W
7/25/2005,0:15:30,21.823,N,97.638,W
7/25/2005,0:17:30,21.826,N,97.643,W
7/25/2005,0:19:30,21.829,N,97.648,W
7/25/2005,0:21:30,21.832,N,97.653,W
7/25/2005,0:23:29,21.835,N,97.658,W
7/25/2005,0:25:29,21.838,N,97.663,W
7/25/2005,0:27:29,21.841,N,97.668,W
7/25/2005,0:29:29,21.844,N,97.673,W
7/25/2005,0:31:30,21.847,N,97.678,W
7/25/2005,0:33:30,21.85,N,97.683,W
7/25/2005,0:35:30,21.853,N,97.688,W
7/25/2005,0:37:30,21.856,N,97.694,W
7/25/2005,0:39:29,21.859,N,97.699,W
7/25/2005,0:41:29,21.862,N,97.704,W
7/25/2005,0:43:29,21.865,N,97.709,W
7/25/2005,0:45:30,21.867,N,97.714,W
7/25/2005,0:47:30,21.87,N,97.719,W
7/25/2005,0:49:30,21.873,N,97.724,W
7/25/2005,0:51:30,21.876,N,97.729,W
7/25/2005,0:53:29,21.879,N,97.735,W
7/25/2005,0:55:29,21.882,N,97.74,W
7/25/2005,0:57:29,21.885,N,97.745,W
7/25/2005,0:59:29,21.888,N,97.75,W
7/25/2005,1:01:30,21.891,N,97.755,W
7/25/2005,1:03:30,21.894,N,97.761,W
7/25/2005,1:05:30,21.897,N,97.766,W
7/25/2005,1:07:30,21.899,N,97.771,W
7/25/2005,1:09:29,21.902,N,97.776,W
7/25/2005,1:11:29,21.905,N,97.781,W
7/25/2005,1:13:29,21.908,N,97.787,W
7/25/2005,1:15:30,21.911,N,97.792,W
7/25/2005,1:17:30,21.914,N,97.797,W
7/25/2005,1:19:30,21.917,N,97.802,W
7/25/2005,1:21:30,21.92,N,97.808,W
7/25/2005,1:23:29,21.922,N,97.813,W
7/25/2005,1:25:29,21.925,N,97.818,W
7/25/2005,1:27:29,21.928,N,97.824,W
7/25/2005,1:29:29,21.931,N,97.829,W
7/25/2005,1:31:30,21.934,N,97.834,W
7/25/2005,1:33:30,21.937,N,97.84,W
7/25/2005,1:35:30,21.94,N,97.845,W
7/25/2005,1:37:30,21.942,N,97.85,W
7/25/2005,1:39:29,21.945,N,97.856,W
7/25/2005,1:41:29,21.948,N,97.861,W
7/25/2005,1:43:29,21.951,N,97.867,W
7/25/2005,1:45:30,21.954,N,97.872,W
7/25/2005,1:47:30,21.957,N,97.877,W
7/25/2005,1:49:30,21.96,N,97.883,W
7/25/2005,1:51:30,21.962,N,97.888,W
7/25/2005,1:53:29,21.965,N,97.894,W
7/25/2005,1:55:29,21.968,N,97.899,W
7/25/2005,1:57:29,21.971,N,97.904,W
7/25/2005,1:59:29,21.974,N,97.91,W
7/25/2005,2:01:30,21.976,N,97.915,W
7/25/2005,2:03:30,21.979,N,97.921,W
7/25/2005,2:05:30,21.982,N,97.926,W
7/25/2005,2:07:30,21.985,N,97.932,W
7/25/2005,2:09:29,21.988,N,97.937,W
7/25/2005,2:11:29,21.99,N,97.943,W
7/25/2005,2:13:29,21.993,N,97.948,W
7/25/2005,2:15:30,21.996,N,97.954,W
7/25/2005,2:17:30,21.999,N,97.959,W
7/25/2005,2:19:30,22.002,N,97.965,W
7/25/2005,2:21:30,22.004,N,97.97,W
7/25/2005,2:23:29,22.007,N,97.976,W
7/25/2005,2:25:29,22.01,N,97.981,W
7/25/2005,2:27:29,22.013,N,97.987,W
7/25/2005,2:29:29,22.016,N,97.992,W
7/25/2005,2:31:30,22.018,N,97.998,W
7/25/2005,2:33:30,22.021,N,98.003,W
7/25/2005,2:35:30,22.024,N,98.009,W
7/25/2005,2:37:30,22.027,N,98.014,W
7/25/2005,2:39:29,22.029,N,98.02,W
7/25/2005,2:41:29,22.032,N,98.026,W
7/25/2005,2:43:29,22.035,N,98.031,W
7/25/2005,2:45:30,22.038,N,98.037,W
7/25/2005,2:47:30,22.041,N,98.042,W
7/25/2005,2:49:30,22.043,N,98.048,W
7/25/2005,2:51:30,22.046,N,98.054,W
7/25/2005,2:53:29,22.049,N,98.059,W
7/25/2005,2:55:29,22.052,N,98.065,W
7/25/2005,2:57:29,22.054,N,98.071,W
7/25/2005,2:59:29,22.057,N,98.076,W
7/25/2005,3:01:30,22.06,N,98.082,W
7/25/2005,3:03:30,22.063,N,98.087,W
7/25/2005,3:05:30,22.065,N,98.093,W
7/25/2005,3:07:30,22.068,N,98.099,W
7/25/2005,3:09:29,22.071,N,98.104,W
7/25/2005,3:11:29,22.074,N,98.11,W
7/25/2005,3:13:29,22.076,N,98.116,W
7/25/2005,3:15:30,22.079,N,98.121,W
7/25/2005,3:17:30,22.082,N,98.127,W
7/25/2005,3:19:30,22.084,N,98.133,W
7/25/2005,3:21:30,22.087,N,98.138,W
7/25/2005,3:23:29,22.09,N,98.144,W
7/25/2005,3:25:29,22.093,N,98.15,W
7/25/2005,3:27:29,22.095,N,98.156,W
7/25/2005,3:29:29,22.098,N,98.161,W
7/25/2005,3:31:30,22.101,N,98.167,W
7/25/2005,3:33:30,22.104,N,98.173,W
7/25/2005,3:35:30,22.106,N,98.178,W
7/25/2005,3:37:30,22.109,N,98.184,W
7/25/2005,3:39:29,22.112,N,98.19,W
7/25/2005,3:41:29,22.114,N,98.196,W
7/25/2005,3:43:29,22.117,N,98.201,W
7/25/2005,3:45:30,22.12,N,98.207,W
7/25/2005,3:47:30,22.123,N,98.213,W
7/25/2005,3:49:30,22.125,N,98.219,W
7/25/2005,3:51:30,22.128,N,98.224,W
7/25/2005,3:53:29,22.131,N,98.23,W
7/25/2005,3:55:29,22.133,N,98.236,W
7/25/2005,3:57:29,22.136,N,98.242,W
7/25/2005,3:59:29,22.139,N,98.247,W
7/25/2005,4:01:30,22.141,N,98.253,W
7/25/2005,4:03:30,22.144,N,98.259,W
7/25/2005,4:05:30,22.147,N,98.265,W
7/25/2005,4:07:30,22.15,N,98.271,W
7/25/2005,4:09:29,22.152,N,98.276,W
7/25/2005,4:11:29,22.155,N,98.282,W
7/25/2005,4:13:29,22.158,N,98.288,W
7/25/2005,4:15:30,22.16,N,98.294,W
7/25/2005,4:17:30,22.163,N,98.3,W
7/25/2005,4:19:30,22.166,N,98.305,W
7/25/2005,4:21:30,22.168,N,98.311,W
7/25/2005,4:23:29,22.171,N,98.317,W
7/25/2005,4:25:29,22.174,N,98.323,W
7/25/2005,4:27:29,22.176,N,98.329,W
7/25/2005,4:29:29,22.179,N,98.335,W
7/25/2005,4:31:30,22.182,N,98.34,W
7/25/2005,4:33:30,22.185,N,98.346,W
7/25/2005,4:35:30,22.187,N,98.352,W
7/25/2005,4:37:30,22.19,N,98.358,W
7/25/2005,4:39:29,22.193,N,98.364,W
7/25/2005,4:41:29,22.195,N,98.369,W
7/25/2005,4:43:29,22.198,N,98.375,W
7/25/2005,4:45:30,22.201,N,98.381,W
7/25/2005,4:47:30,22.203,N,98.387,W
7/25/2005,4:49:30,22.206,N,98.393,W
7/25/2005,4:51:30,22.209,N,98.399,W
7/25/2005,4:53:29,22.211,N,98.405,W
7/25/2005,4:55:29,22.214,N,98.41,W
7/25/2005,4:57:29,22.217,N,98.416,W
7/25/2005,4:59:29,22.219,N,98.422,W
7/25/2005,5:01:30,22.222,N,98.428,W
7/25/2005,5:03:30,22.225,N,98.434,W
7/25/2005,5:05:30,22.227,N,98.44,W
7/25/2005,5:07:30,22.23,N,98.446,W
7/25/2005,5:09:29,22.233,N,98.451,W
7/25/2005,5:11:29,22.235,N,98.457,W
7/25/2005,5:13:29,22.238,N,98.463,W
7/25/2005,5:15:30,22.241,N,98.469,W
7/25/2005,5:17:30,22.243,N,98.475,W
7/25/2005,5:19:30,22.246,N,98.481,W
7/25/2005,5:21:30,22.249,N,98.487,W
7/25/2005,5:23:29,22.251,N,98.493,W
7/25/2005,5:25:29,22.254,N,98.498,W
7/25/2005,5:27:29,22.257,N,98.504,W
7/25/2005,5:29:29,22.259,N,98.51,W
7/25/2005,5:31:30,22.262,N,98.516,W
7/25/2005,5:33:30,22.265,N,98.522,W
7/25/2005,5:35:30,22.267,N,98.528,W
7/25/2005,5:37:30,22.27,N,98.534,W
7/25/2005,5:39:29,22.273,N,98.54,W
7/25/2005,5:41:29,22.275,N,98.546,W
7/25/2005,5:43:29,22.278,N,98.551,W
7/25/2005,5:45:30,22.281,N,98.557,W
7/25/2005,5:47:30,22.283,N,98.563,W
7/25/2005,5:49:30,22.286,N,98.569,W
7/25/2005,5:51:30,22.289,N,98.575,W
7/25/2005,5:53:29,22.291,N,98.581,W
7/25/2005,5:55:29,22.294,N,98.587,W
7/25/2005,5:57:29,22.297,N,98.593,W
7/25/2005,5:59:29,22.299,N,98.599,W
