Track,for,Danielle,2016,,
Date,Time,(UTC),Latitude,Longitude,
MM/DD/Year,HH:MM:SS,(deg),(deg),,
6/19/2016,11:53:59,19.898,N,94.09,W
6/19/2016,11:56:00,19.898,N,94.093,W
6/19/2016,11:57:59,19.899,N,94.097,W
6/19/2016,12:00:00,19.9,N,94.1,W
6/19/2016,12:02:00,19.901,N,94.103,W
6/19/2016,12:03:59,19.902,N,94.107,W
6/19/2016,12:06:00,19.902,N,94.11,W
6/19/2016,12:07:59,19.903,N,94.113,W
6/19/2016,12:10:00,19.904,N,94.117,W
6/19/2016,12:11:59,19.905,N,94.12,W
6/19/2016,12:14:00,19.906,N,94.124,W
6/19/2016,12:15:59,19.906,N,94.127,W
6/19/2016,12:18:00,19.907,N,94.13,W
6/19/2016,12:19:59,19.908,N,94.134,W
6/19/2016,12:22:00,19.909,N,94.137,W
6/19/2016,12:23:59,19.91,N,94.14,W
6/19/2016,12:26:00,19.91,N,94.144,W
6/19/2016,12:27:59,19.911,N,94.147,W
6/19/2016,12:30:00,19.912,N,94.15,W
6/19/2016,12:32:00,19.913,N,94.154,W
6/19/2016,12:33:59,19.913,N,94.157,W
6/19/2016,12:36:00,19.914,N,94.16,W
6/19/2016,12:37:59,19.915,N,94.164,W
6/19/2016,12:40:00,19.916,N,94.167,W
6/19/2016,12:41:59,19.917,N,94.17,W
6/19/2016,12:44:00,19.917,N,94.174,W
6/19/2016,12:45:59,19.918,N,94.177,W
6/19/2016,12:48:00,19.919,N,94.18,W
6/19/2016,12:49:59,19.92,N,94.184,W
6/19/2016,12:52:00,19.92,N,94.187,W
6/19/2016,12:53:59,19.921,N,94.19,W
6/19/2016,12:56:00,19.922,N,94.194,W
6/19/2016,12:57:59,19.923,N,94.197,W
6/19/2016,13:00:00,19.923,N,94.2,W
6/19/2016,13:02:00,19.924,N,94.204,W
6/19/2016,13:03:59,19.925,N,94.207,W
6/19/2016,13:06:00,19.925,N,94.21,W
6/19/2016,13:07:59,19.926,N,94.214,W
6/19/2016,13:10:00,19.927,N,94.217,W
6/19/2016,13:11:59,19.928,N,94.22,W
6/19/2016,13:14:00,19.928,N,94.223,W
6/19/2016,13:15:59,19.929,N,94.227,W
6/19/2016,13:18:00,19.93,N,94.23,W
6/19/2016,13:19:59,19.93,N,94.233,W
6/19/2016,13:22:00,19.931,N,94.237,W
6/19/2016,13:23:59,19.932,N,94.24,W
6/19/2016,13:26:00,19.932,N,94.243,W
6/19/2016,13:27:59,19.933,N,94.246,W
6/19/2016,13:30:00,19.934,N,94.25,W
6/19/2016,13:32:00,19.934,N,94.253,W
6/19/2016,13:33:59,19.935,N,94.256,W
6/19/2016,13:36:00,19.935,N,94.259,W
6/19/2016,13:37:59,19.936,N,94.263,W
6/19/2016,13:40:00,19.937,N,94.266,W
6/19/2016,13:41:59,19.937,N,94.269,W
6/19/2016,13:44:00,19.938,N,94.272,W
6/19/2016,13:45:59,19.938,N,94.275,W
6/19/2016,13:48:00,19.939,N,94.279,W
6/19/2016,13:49:59,19.94,N,94.282,W
6/19/2016,13:52:00,19.94,N,94.285,W
6/19/2016,13:53:59,19.941,N,94.288,W
6/19/2016,13:56:00,19.941,N,94.291,W
6/19/2016,13:57:59,19.942,N,94.294,W
6/19/2016,14:00:00,19.942,N,94.298,W
6/19/2016,14:02:00,19.943,N,94.301,W
6/19/2016,14:03:59,19.943,N,94.304,W
6/19/2016,14:06:00,19.944,N,94.307,W
6/19/2016,14:07:59,19.944,N,94.31,W
6/19/2016,14:10:00,19.945,N,94.313,W
6/19/2016,14:11:59,19.945,N,94.316,W
6/19/2016,14:14:00,19.946,N,94.319,W
6/19/2016,14:15:59,19.946,N,94.323,W
6/19/2016,14:18:00,19.947,N,94.326,W
6/19/2016,14:19:59,19.947,N,94.329,W
6/19/2016,14:22:00,19.947,N,94.332,W
6/19/2016,14:23:59,19.948,N,94.335,W
6/19/2016,14:26:00,19.948,N,94.338,W
6/19/2016,14:27:59,19.949,N,94.341,W
6/19/2016,14:30:00,19.949,N,94.344,W
6/19/2016,14:32:00,19.949,N,94.347,W
6/19/2016,14:33:59,19.95,N,94.35,W
6/19/2016,14:36:00,19.95,N,94.353,W
6/19/2016,14:37:59,19.95,N,94.356,W
6/19/2016,14:40:00,19.951,N,94.359,W
6/19/2016,14:41:59,19.951,N,94.362,W
6/19/2016,14:44:00,19.951,N,94.365,W
6/19/2016,14:45:59,19.952,N,94.368,W
6/19/2016,14:48:00,19.952,N,94.371,W
6/19/2016,14:49:59,19.952,N,94.374,W
6/19/2016,14:52:00,19.952,N,94.377,W
6/19/2016,14:53:59,19.953,N,94.38,W
6/19/2016,14:56:00,19.953,N,94.383,W
6/19/2016,14:57:59,19.953,N,94.386,W
6/19/2016,15:00:00,19.953,N,94.388,W
6/19/2016,15:02:00,19.953,N,94.391,W
6/19/2016,15:03:59,19.953,N,94.394,W
6/19/2016,15:06:00,19.954,N,94.397,W
6/19/2016,15:07:59,19.954,N,94.4,W
6/19/2016,15:10:00,19.954,N,94.403,W
6/19/2016,15:11:59,19.954,N,94.406,W
6/19/2016,15:14:00,19.954,N,94.408,W
6/19/2016,15:15:59,19.954,N,94.411,W
6/19/2016,15:18:00,19.954,N,94.414,W
6/19/2016,15:19:59,19.954,N,94.417,W
6/19/2016,15:22:00,19.954,N,94.42,W
6/19/2016,15:23:59,19.954,N,94.422,W
6/19/2016,15:26:00,19.954,N,94.425,W
6/19/2016,15:27:59,19.954,N,94.428,W
6/19/2016,15:30:00,19.954,N,94.431,W
6/19/2016,15:32:00,19.954,N,94.433,W
6/19/2016,15:33:59,19.954,N,94.436,W
6/19/2016,15:36:00,19.954,N,94.439,W
6/19/2016,15:37:59,19.954,N,94.441,W
6/19/2016,15:40:00,19.954,N,94.444,W
6/19/2016,15:41:59,19.953,N,94.447,W
6/19/2016,15:44:00,19.953,N,94.449,W
6/19/2016,15:45:59,19.953,N,94.452,W
6/19/2016,15:48:00,19.953,N,94.454,W
6/19/2016,15:49:59,19.953,N,94.457,W
6/19/2016,15:52:00,19.953,N,94.46,W
6/19/2016,15:53:59,19.952,N,94.462,W
6/19/2016,15:56:00,19.952,N,94.465,W
6/19/2016,15:57:59,19.952,N,94.467,W
6/19/2016,16:00:00,19.951,N,94.47,W
6/19/2016,16:01:59,19.951,N,94.472,W
6/19/2016,16:04:00,19.951,N,94.475,W
6/19/2016,16:06:00,19.95,N,94.477,W
6/19/2016,16:07:59,19.95,N,94.48,W
6/19/2016,16:09:59,19.95,N,94.482,W
6/19/2016,16:12:00,19.949,N,94.485,W
6/19/2016,16:14:00,19.949,N,94.487,W
6/19/2016,16:15:59,19.948,N,94.49,W
6/19/2016,16:17:59,19.948,N,94.492,W
6/19/2016,16:20:00,19.947,N,94.494,W
6/19/2016,16:22:00,19.947,N,94.497,W
6/19/2016,16:23:59,19.946,N,94.499,W
6/19/2016,16:25:59,19.946,N,94.501,W
6/19/2016,16:28:00,19.945,N,94.504,W
6/19/2016,16:30:00,19.945,N,94.506,W
6/19/2016,16:31:59,19.944,N,94.508,W
6/19/2016,16:34:00,19.943,N,94.511,W
6/19/2016,16:36:00,19.943,N,94.513,W
6/19/2016,16:37:59,19.942,N,94.515,W
6/19/2016,16:39:59,19.941,N,94.517,W
6/19/2016,16:42:00,19.941,N,94.52,W
6/19/2016,16:44:00,19.94,N,94.522,W
6/19/2016,16:45:59,19.939,N,94.524,W
6/19/2016,16:47:59,19.938,N,94.526,W
6/19/2016,16:50:00,19.938,N,94.528,W
6/19/2016,16:52:00,19.937,N,94.53,W
6/19/2016,16:53:59,19.936,N,94.532,W
6/19/2016,16:55:59,19.935,N,94.535,W
6/19/2016,16:58:00,19.934,N,94.537,W
6/19/2016,17:00:00,19.933,N,94.539,W
6/19/2016,17:01:59,19.932,N,94.541,W
6/19/2016,17:04:00,19.931,N,94.543,W
6/19/2016,17:06:00,19.93,N,94.545,W
6/19/2016,17:07:59,19.929,N,94.547,W
6/19/2016,17:09:59,19.928,N,94.549,W
6/19/2016,17:12:00,19.927,N,94.551,W
6/19/2016,17:14:00,19.926,N,94.553,W
6/19/2016,17:15:59,19.925,N,94.555,W
6/19/2016,17:17:59,19.924,N,94.557,W
6/19/2016,17:20:00,19.923,N,94.559,W
6/19/2016,17:22:00,19.922,N,94.56,W
6/19/2016,17:23:59,19.921,N,94.562,W
6/19/2016,17:25:59,19.92,N,94.564,W
6/19/2016,17:28:00,19.919,N,94.566,W
6/19/2016,17:30:00,19.917,N,94.568,W
6/19/2016,17:31:59,19.916,N,94.57,W
6/19/2016,17:34:00,19.915,N,94.572,W
6/19/2016,17:36:00,19.914,N,94.574,W
6/19/2016,17:37:59,19.913,N,94.575,W
6/19/2016,17:39:59,19.911,N,94.577,W
6/19/2016,17:42:00,19.91,N,94.579,W
6/19/2016,17:44:00,19.909,N,94.581,W
6/19/2016,17:45:59,19.907,N,94.582,W
6/19/2016,17:47:59,19.906,N,94.584,W
6/19/2016,17:50:00,19.905,N,94.586,W
6/19/2016,17:52:00,19.903,N,94.588,W
6/19/2016,17:53:59,19.902,N,94.589,W
6/19/2016,17:55:59,19.901,N,94.591,W
6/19/2016,17:58:00,19.899,N,94.593,W
6/19/2016,18:00:00,19.898,N,94.594,W
6/19/2016,18:01:59,19.896,N,94.596,W
6/19/2016,18:04:00,19.895,N,94.598,W
6/19/2016,18:06:00,19.894,N,94.599,W
6/19/2016,18:07:59,19.892,N,94.601,W
6/19/2016,18:09:59,19.891,N,94.603,W
6/19/2016,18:12:00,19.889,N,94.604,W
6/19/2016,18:14:00,19.888,N,94.606,W
6/19/2016,18:15:59,19.886,N,94.607,W
6/19/2016,18:17:59,19.884,N,94.609,W
6/19/2016,18:20:00,19.883,N,94.611,W
6/19/2016,18:22:00,19.881,N,94.612,W
6/19/2016,18:23:59,19.88,N,94.614,W
6/19/2016,18:25:59,19.878,N,94.615,W
6/19/2016,18:28:00,19.877,N,94.617,W
6/19/2016,18:30:00,19.875,N,94.618,W
6/19/2016,18:31:59,19.873,N,94.62,W
6/19/2016,18:34:00,19.872,N,94.621,W
6/19/2016,18:36:00,19.87,N,94.623,W
6/19/2016,18:37:59,19.868,N,94.624,W
6/19/2016,18:39:59,19.867,N,94.626,W
6/19/2016,18:42:00,19.865,N,94.627,W
6/19/2016,18:44:00,19.863,N,94.629,W
6/19/2016,18:45:59,19.861,N,94.63,W
6/19/2016,18:47:59,19.86,N,94.631,W
6/19/2016,18:50:00,19.858,N,94.633,W
6/19/2016,18:52:00,19.856,N,94.634,W
6/19/2016,18:53:59,19.854,N,94.636,W
6/19/2016,18:55:59,19.853,N,94.637,W
6/19/2016,18:58:00,19.851,N,94.639,W
6/19/2016,19:00:00,19.849,N,94.64,W
6/19/2016,19:01:59,19.847,N,94.641,W
6/19/2016,19:04:00,19.845,N,94.643,W
6/19/2016,19:06:00,19.844,N,94.644,W
6/19/2016,19:07:59,19.842,N,94.645,W
6/19/2016,19:09:59,19.84,N,94.647,W
6/19/2016,19:12:00,19.838,N,94.648,W
6/19/2016,19:14:00,19.836,N,94.649,W
6/19/2016,19:15:59,19.834,N,94.651,W
6/19/2016,19:17:59,19.832,N,94.652,W
6/19/2016,19:20:00,19.831,N,94.653,W
6/19/2016,19:22:00,19.829,N,94.655,W
6/19/2016,19:23:59,19.827,N,94.656,W
6/19/2016,19:25:59,19.825,N,94.657,W
6/19/2016,19:28:00,19.823,N,94.659,W
6/19/2016,19:30:00,19.821,N,94.66,W
6/19/2016,19:31:59,19.819,N,94.661,W
6/19/2016,19:34:00,19.817,N,94.662,W
6/19/2016,19:36:00,19.815,N,94.664,W
6/19/2016,19:37:59,19.813,N,94.665,W
6/19/2016,19:39:59,19.811,N,94.666,W
6/19/2016,19:42:00,19.809,N,94.667,W
6/19/2016,19:44:00,19.807,N,94.669,W
6/19/2016,19:45:59,19.805,N,94.67,W
6/19/2016,19:47:59,19.803,N,94.671,W
6/19/2016,19:50:00,19.801,N,94.672,W
6/19/2016,19:52:00,19.799,N,94.674,W
6/19/2016,19:53:59,19.797,N,94.675,W
6/19/2016,19:55:59,19.795,N,94.676,W
6/19/2016,19:58:00,19.793,N,94.677,W
6/19/2016,20:00:00,19.791,N,94.678,W
6/19/2016,20:01:59,19.789,N,94.68,W
6/19/2016,20:04:00,19.787,N,94.681,W
6/19/2016,20:06:00,19.785,N,94.682,W
6/19/2016,20:07:59,19.783,N,94.683,W
6/19/2016,20:09:59,19.781,N,94.684,W
6/19/2016,20:12:00,19.779,N,94.686,W
6/19/2016,20:14:00,19.777,N,94.687,W
6/19/2016,20:15:59,19.775,N,94.688,W
6/19/2016,20:17:59,19.773,N,94.689,W
6/19/2016,20:19:29,19.771,N,94.69,W
6/19/2016,20:21:28,19.772,N,94.686,W
6/19/2016,20:23:28,19.773,N,94.682,W
6/19/2016,20:25:29,19.773,N,94.678,W
6/19/2016,20:27:28,19.774,N,94.674,W
6/19/2016,20:29:28,19.775,N,94.67,W
6/19/2016,20:31:29,19.776,N,94.666,W
6/19/2016,20:33:29,19.777,N,94.662,W
6/19/2016,20:35:28,19.778,N,94.658,W
6/19/2016,20:37:28,19.778,N,94.654,W
6/19/2016,20:39:29,19.779,N,94.65,W
6/19/2016,20:41:29,19.78,N,94.646,W
6/19/2016,20:43:28,19.781,N,94.642,W
6/19/2016,20:45:28,19.782,N,94.638,W
6/19/2016,20:47:29,19.782,N,94.634,W
6/19/2016,20:49:29,19.783,N,94.63,W
6/19/2016,20:51:28,19.784,N,94.626,W
6/19/2016,20:53:28,19.785,N,94.622,W
6/19/2016,20:55:29,19.786,N,94.618,W
6/19/2016,20:57:28,19.787,N,94.614,W
6/19/2016,20:59:28,19.787,N,94.61,W
6/19/2016,21:01:29,19.788,N,94.605,W
6/19/2016,21:03:29,19.789,N,94.601,W
6/19/2016,21:05:28,19.79,N,94.597,W
6/19/2016,21:07:28,19.791,N,94.593,W
6/19/2016,21:09:29,19.792,N,94.589,W
6/19/2016,21:11:29,19.792,N,94.585,W
6/19/2016,21:13:08,19.793,N,94.582,W
6/19/2016,21:15:09,19.794,N,94.578,W
6/19/2016,21:17:09,19.795,N,94.574,W
6/19/2016,21:19:08,19.796,N,94.57,W
6/19/2016,21:21:09,19.797,N,94.567,W
6/19/2016,21:23:09,19.797,N,94.563,W
6/19/2016,21:25:08,19.798,N,94.559,W
6/19/2016,21:27:08,19.799,N,94.555,W
6/19/2016,21:29:09,19.8,N,94.551,W
6/19/2016,21:31:09,19.801,N,94.548,W
6/19/2016,21:33:08,19.802,N,94.544,W
6/19/2016,21:35:08,19.803,N,94.54,W
6/19/2016,21:37:09,19.804,N,94.536,W
6/19/2016,21:39:09,19.805,N,94.533,W
6/19/2016,21:41:08,19.806,N,94.529,W
6/19/2016,21:43:08,19.807,N,94.525,W
6/19/2016,21:45:09,19.808,N,94.522,W
6/19/2016,21:47:09,19.809,N,94.518,W
6/19/2016,21:49:08,19.81,N,94.515,W
6/19/2016,21:51:09,19.811,N,94.511,W
6/19/2016,21:53:09,19.812,N,94.508,W
6/19/2016,21:55:08,19.813,N,94.504,W
6/19/2016,21:57:08,19.814,N,94.501,W
6/19/2016,21:59:09,19.815,N,94.497,W
6/19/2016,22:01:09,19.816,N,94.494,W
6/19/2016,22:03:08,19.817,N,94.49,W
6/19/2016,22:05:08,19.818,N,94.487,W
6/19/2016,22:07:09,19.819,N,94.484,W
6/19/2016,22:09:09,19.82,N,94.48,W
6/19/2016,22:11:08,19.821,N,94.477,W
6/19/2016,22:13:08,19.823,N,94.474,W
6/19/2016,22:15:09,19.824,N,94.471,W
6/19/2016,22:17:09,19.825,N,94.467,W
6/19/2016,22:19:08,19.826,N,94.464,W
6/19/2016,22:21:09,19.827,N,94.461,W
6/19/2016,22:23:09,19.828,N,94.458,W
6/19/2016,22:25:08,19.83,N,94.455,W
6/19/2016,22:27:08,19.831,N,94.452,W
6/19/2016,22:29:09,19.832,N,94.449,W
6/19/2016,22:31:09,19.833,N,94.446,W
6/19/2016,22:33:08,19.834,N,94.443,W
6/19/2016,22:35:08,19.836,N,94.44,W
6/19/2016,22:37:09,19.837,N,94.437,W
6/19/2016,22:39:09,19.838,N,94.434,W
6/19/2016,22:41:08,19.84,N,94.432,W
6/19/2016,22:43:08,19.841,N,94.429,W
6/19/2016,22:45:09,19.842,N,94.426,W
6/19/2016,22:47:09,19.844,N,94.423,W
6/19/2016,22:49:08,19.845,N,94.421,W
6/19/2016,22:51:09,19.846,N,94.418,W
6/19/2016,22:53:09,19.848,N,94.416,W
6/19/2016,22:55:08,19.849,N,94.413,W
6/19/2016,22:57:08,19.851,N,94.411,W
6/19/2016,22:59:09,19.852,N,94.408,W
6/19/2016,23:01:09,19.853,N,94.406,W
6/19/2016,23:03:08,19.855,N,94.404,W
6/19/2016,23:05:08,19.856,N,94.401,W
6/19/2016,23:07:09,19.858,N,94.399,W
6/19/2016,23:09:09,19.86,N,94.397,W
6/19/2016,23:11:08,19.861,N,94.395,W
6/19/2016,23:13:08,19.863,N,94.392,W
6/19/2016,23:15:09,19.864,N,94.39,W
6/19/2016,23:17:09,19.866,N,94.388,W
6/19/2016,23:19:08,19.867,N,94.386,W
6/19/2016,23:21:09,19.869,N,94.384,W
6/19/2016,23:23:09,19.871,N,94.383,W
6/19/2016,23:25:08,19.872,N,94.381,W
6/19/2016,23:27:08,19.874,N,94.379,W
6/19/2016,23:29:09,19.876,N,94.377,W
6/19/2016,23:31:09,19.878,N,94.375,W
6/19/2016,23:33:08,19.879,N,94.374,W
6/19/2016,23:35:08,19.881,N,94.372,W
6/19/2016,23:37:09,19.883,N,94.371,W
6/19/2016,23:39:09,19.885,N,94.369,W
6/19/2016,23:41:08,19.887,N,94.368,W
6/19/2016,23:43:08,19.888,N,94.366,W
6/19/2016,23:45:09,19.89,N,94.365,W
6/19/2016,23:47:09,19.892,N,94.364,W
6/19/2016,23:49:08,19.894,N,94.363,W
6/19/2016,23:51:09,19.896,N,94.361,W
6/19/2016,23:53:09,19.898,N,94.36,W
6/19/2016,23:55:08,19.9,N,94.359,W
6/19/2016,23:57:08,19.902,N,94.358,W
6/19/2016,23:59:09,19.904,N,94.357,W
6/20/2016,0:01:09,19.906,N,94.356,W
6/20/2016,0:03:08,19.908,N,94.356,W
6/20/2016,0:05:08,19.91,N,94.355,W
6/20/2016,0:07:09,19.912,N,94.354,W
6/20/2016,0:09:09,19.915,N,94.353,W
6/20/2016,0:11:08,19.917,N,94.353,W
6/20/2016,0:13:08,19.919,N,94.352,W
6/20/2016,0:15:09,19.921,N,94.352,W
6/20/2016,0:17:09,19.923,N,94.351,W
6/20/2016,0:19:08,19.926,N,94.351,W
6/20/2016,0:21:09,19.928,N,94.351,W
6/20/2016,0:23:09,19.93,N,94.351,W
6/20/2016,0:25:08,19.932,N,94.35,W
6/20/2016,0:27:08,19.935,N,94.35,W
6/20/2016,0:29:09,19.937,N,94.35,W
6/20/2016,0:31:09,19.939,N,94.35,W
6/20/2016,0:33:08,19.942,N,94.35,W
6/20/2016,0:35:08,19.944,N,94.35,W
6/20/2016,0:37:09,19.946,N,94.351,W
6/20/2016,0:39:09,19.949,N,94.351,W
6/20/2016,0:41:08,19.951,N,94.351,W
6/20/2016,0:43:08,19.953,N,94.352,W
6/20/2016,0:45:09,19.956,N,94.352,W
6/20/2016,0:47:09,19.958,N,94.352,W
6/20/2016,0:49:08,19.961,N,94.353,W
6/20/2016,0:51:09,19.963,N,94.354,W
6/20/2016,0:53:09,19.966,N,94.354,W
6/20/2016,0:55:08,19.968,N,94.355,W
6/20/2016,0:57:08,19.97,N,94.356,W
6/20/2016,0:59:09,19.973,N,94.357,W
6/20/2016,1:01:09,19.975,N,94.358,W
6/20/2016,1:03:08,19.978,N,94.359,W
6/20/2016,1:05:08,19.98,N,94.36,W
6/20/2016,1:07:09,19.983,N,94.361,W
6/20/2016,1:09:09,19.985,N,94.362,W
6/20/2016,1:11:08,19.988,N,94.363,W
6/20/2016,1:13:08,19.99,N,94.365,W
6/20/2016,1:15:09,19.993,N,94.366,W
6/20/2016,1:17:09,19.995,N,94.367,W
6/20/2016,1:19:08,19.998,N,94.369,W
6/20/2016,1:21:09,20,N,94.37,W
6/20/2016,1:23:09,20.003,N,94.372,W
6/20/2016,1:25:08,20.005,N,94.374,W
6/20/2016,1:27:08,20.008,N,94.375,W
6/20/2016,1:29:09,20.01,N,94.377,W
6/20/2016,1:31:09,20.012,N,94.379,W
6/20/2016,1:33:08,20.015,N,94.381,W
6/20/2016,1:35:08,20.017,N,94.383,W
6/20/2016,1:37:09,20.02,N,94.385,W
6/20/2016,1:39:09,20.022,N,94.387,W
6/20/2016,1:41:08,20.025,N,94.39,W
6/20/2016,1:43:08,20.027,N,94.392,W
6/20/2016,1:45:09,20.03,N,94.394,W
6/20/2016,1:47:09,20.032,N,94.397,W
6/20/2016,1:49:08,20.034,N,94.399,W
6/20/2016,1:51:09,20.037,N,94.402,W
6/20/2016,1:53:09,20.039,N,94.404,W
6/20/2016,1:55:08,20.041,N,94.407,W
6/20/2016,1:57:08,20.044,N,94.41,W
6/20/2016,1:59:09,20.046,N,94.413,W
6/20/2016,2:01:09,20.048,N,94.415,W
6/20/2016,2:03:08,20.051,N,94.418,W
6/20/2016,2:05:08,20.053,N,94.421,W
6/20/2016,2:07:09,20.055,N,94.424,W
6/20/2016,2:09:09,20.058,N,94.428,W
6/20/2016,2:11:08,20.06,N,94.431,W
6/20/2016,2:13:08,20.062,N,94.434,W
6/20/2016,2:15:09,20.064,N,94.438,W
6/20/2016,2:17:09,20.067,N,94.441,W
6/20/2016,2:19:08,20.069,N,94.444,W
6/20/2016,2:21:09,20.071,N,94.448,W
6/20/2016,2:23:09,20.073,N,94.452,W
6/20/2016,2:25:08,20.075,N,94.455,W
6/20/2016,2:27:08,20.077,N,94.459,W
6/20/2016,2:29:09,20.079,N,94.463,W
6/20/2016,2:31:09,20.081,N,94.467,W
6/20/2016,2:33:08,20.084,N,94.471,W
6/20/2016,2:35:08,20.086,N,94.475,W
6/20/2016,2:37:09,20.088,N,94.479,W
6/20/2016,2:39:09,20.09,N,94.483,W
6/20/2016,2:41:08,20.091,N,94.488,W
6/20/2016,2:43:08,20.093,N,94.492,W
6/20/2016,2:45:09,20.095,N,94.496,W
6/20/2016,2:47:09,20.097,N,94.501,W
6/20/2016,2:49:08,20.099,N,94.505,W
6/20/2016,2:51:09,20.101,N,94.51,W
6/20/2016,2:53:09,20.103,N,94.515,W
6/20/2016,2:55:08,20.104,N,94.519,W
6/20/2016,2:57:08,20.106,N,94.524,W
6/20/2016,2:59:09,20.108,N,94.529,W
6/20/2016,3:01:09,20.109,N,94.534,W
6/20/2016,3:03:08,20.111,N,94.539,W
6/20/2016,3:05:08,20.113,N,94.544,W
6/20/2016,3:07:09,20.114,N,94.549,W
6/20/2016,3:09:09,20.116,N,94.555,W
6/20/2016,3:11:08,20.117,N,94.56,W
6/20/2016,3:13:08,20.119,N,94.566,W
6/20/2016,3:15:09,20.12,N,94.571,W
6/20/2016,3:17:09,20.122,N,94.577,W
6/20/2016,3:19:08,20.123,N,94.582,W
6/20/2016,3:21:09,20.124,N,94.588,W
6/20/2016,3:23:09,20.126,N,94.594,W
6/20/2016,3:25:08,20.127,N,94.6,W
6/20/2016,3:27:08,20.128,N,94.606,W
6/20/2016,3:29:09,20.129,N,94.612,W
6/20/2016,3:31:09,20.13,N,94.618,W
6/20/2016,3:33:08,20.132,N,94.624,W
6/20/2016,3:35:08,20.133,N,94.63,W
6/20/2016,3:37:09,20.134,N,94.636,W
6/20/2016,3:39:09,20.135,N,94.643,W
6/20/2016,3:41:08,20.136,N,94.649,W
6/20/2016,3:43:08,20.136,N,94.656,W
6/20/2016,3:45:09,20.137,N,94.662,W
6/20/2016,3:47:09,20.138,N,94.669,W
6/20/2016,3:49:08,20.139,N,94.676,W
6/20/2016,3:51:09,20.14,N,94.683,W
6/20/2016,3:53:09,20.14,N,94.69,W
6/20/2016,3:55:08,20.141,N,94.697,W
6/20/2016,3:57:08,20.142,N,94.704,W
6/20/2016,3:59:09,20.142,N,94.711,W
6/20/2016,4:01:09,20.143,N,94.718,W
6/20/2016,4:03:08,20.143,N,94.725,W
6/20/2016,4:05:08,20.144,N,94.732,W
6/20/2016,4:07:09,20.144,N,94.74,W
6/20/2016,4:09:09,20.145,N,94.747,W
6/20/2016,4:11:08,20.145,N,94.755,W
6/20/2016,4:13:08,20.145,N,94.762,W
6/20/2016,4:15:09,20.146,N,94.77,W
6/20/2016,4:17:09,20.146,N,94.778,W
6/20/2016,4:19:08,20.146,N,94.785,W
6/20/2016,4:21:09,20.146,N,94.793,W
6/20/2016,4:23:09,20.146,N,94.801,W
6/20/2016,4:25:08,20.147,N,94.809,W
6/20/2016,4:27:08,20.147,N,94.817,W
6/20/2016,4:29:09,20.147,N,94.825,W
6/20/2016,4:31:09,20.147,N,94.833,W
6/20/2016,4:33:08,20.147,N,94.841,W
6/20/2016,4:35:08,20.147,N,94.85,W
6/20/2016,4:37:09,20.147,N,94.858,W
6/20/2016,4:39:09,20.147,N,94.866,W
6/20/2016,4:41:08,20.146,N,94.875,W
6/20/2016,4:43:08,20.146,N,94.883,W
6/20/2016,4:45:09,20.146,N,94.891,W
6/20/2016,4:47:09,20.146,N,94.9,W
6/20/2016,4:49:08,20.146,N,94.909,W
6/20/2016,4:51:09,20.145,N,94.917,W
6/20/2016,4:53:09,20.145,N,94.926,W
6/20/2016,4:55:08,20.145,N,94.935,W
6/20/2016,4:57:08,20.144,N,94.943,W
6/20/2016,4:59:09,20.144,N,94.952,W
6/20/2016,5:01:09,20.144,N,94.961,W
6/20/2016,5:03:08,20.143,N,94.97,W
6/20/2016,5:05:08,20.143,N,94.979,W
6/20/2016,5:07:09,20.142,N,94.988,W
6/20/2016,5:09:09,20.142,N,94.997,W
6/20/2016,5:11:08,20.141,N,95.006,W
6/20/2016,5:13:08,20.141,N,95.016,W
6/20/2016,5:15:09,20.14,N,95.025,W
6/20/2016,5:17:09,20.139,N,95.034,W
6/20/2016,5:19:08,20.139,N,95.043,W
6/20/2016,5:21:09,20.138,N,95.053,W
6/20/2016,5:23:09,20.137,N,95.062,W
6/20/2016,5:25:08,20.137,N,95.071,W
6/20/2016,5:27:08,20.136,N,95.081,W
6/20/2016,5:29:09,20.135,N,95.09,W
6/20/2016,5:31:09,20.135,N,95.1,W
6/20/2016,5:33:08,20.134,N,95.109,W
6/20/2016,5:35:08,20.133,N,95.119,W
6/20/2016,5:37:09,20.132,N,95.129,W
6/20/2016,5:39:09,20.131,N,95.138,W
6/20/2016,5:41:08,20.131,N,95.148,W
6/20/2016,5:43:08,20.13,N,95.158,W
6/20/2016,5:45:09,20.129,N,95.167,W
6/20/2016,5:47:09,20.128,N,95.177,W
6/20/2016,5:49:08,20.127,N,95.187,W
6/20/2016,5:51:09,20.126,N,95.197,W
6/20/2016,5:53:09,20.125,N,95.207,W
6/20/2016,5:55:08,20.124,N,95.217,W
6/20/2016,5:57:08,20.123,N,95.227,W
6/20/2016,5:59:09,20.122,N,95.237,W
6/20/2016,6:01:09,20.121,N,95.247,W
6/20/2016,6:03:08,20.12,N,95.257,W
6/20/2016,6:05:08,20.119,N,95.267,W
6/20/2016,6:07:09,20.118,N,95.277,W
6/20/2016,6:09:09,20.117,N,95.287,W
6/20/2016,6:11:08,20.116,N,95.297,W
6/20/2016,6:13:08,20.115,N,95.307,W
6/20/2016,6:15:09,20.114,N,95.317,W
6/20/2016,6:17:09,20.113,N,95.327,W
6/20/2016,6:19:08,20.111,N,95.338,W
6/20/2016,6:21:09,20.11,N,95.348,W
6/20/2016,6:23:09,20.109,N,95.358,W
6/20/2016,6:25:08,20.108,N,95.368,W
6/20/2016,6:27:08,20.107,N,95.379,W
6/20/2016,6:29:09,20.106,N,95.389,W
6/20/2016,6:31:09,20.104,N,95.399,W
6/20/2016,6:33:08,20.103,N,95.409,W
6/20/2016,6:35:08,20.102,N,95.42,W
6/20/2016,6:37:09,20.101,N,95.43,W
6/20/2016,6:39:09,20.1,N,95.441,W
6/20/2016,6:41:08,20.098,N,95.451,W
6/20/2016,6:43:08,20.097,N,95.461,W
6/20/2016,6:45:09,20.096,N,95.472,W
6/20/2016,6:47:09,20.095,N,95.482,W
6/20/2016,6:49:08,20.093,N,95.493,W
6/20/2016,6:51:09,20.092,N,95.503,W
6/20/2016,6:53:09,20.091,N,95.513,W
6/20/2016,6:55:08,20.09,N,95.524,W
6/20/2016,6:57:08,20.088,N,95.534,W
6/20/2016,6:59:09,20.087,N,95.545,W
6/20/2016,7:01:09,20.086,N,95.555,W
6/20/2016,7:03:08,20.085,N,95.566,W
6/20/2016,7:05:08,20.083,N,95.576,W
6/20/2016,7:07:01,20.082,N,95.586,W
6/20/2016,7:09:01,20.081,N,95.597,W
6/20/2016,7:11:02,20.079,N,95.607,W
6/20/2016,7:13:01,20.078,N,95.617,W
6/20/2016,7:15:01,20.077,N,95.628,W
6/20/2016,7:16:21,20.076,N,95.635,W
6/20/2016,7:18:21,20.075,N,95.645,W
6/20/2016,7:20:22,20.074,N,95.656,W
6/20/2016,7:22:22,20.073,N,95.666,W
6/20/2016,7:24:21,20.072,N,95.676,W
6/20/2016,7:26:21,20.071,N,95.686,W
6/20/2016,7:28:22,20.071,N,95.696,W
6/20/2016,7:30:22,20.07,N,95.706,W
6/20/2016,7:32:21,20.07,N,95.715,W
6/20/2016,7:34:22,20.07,N,95.725,W
6/20/2016,7:36:22,20.07,N,95.734,W
6/20/2016,7:38:21,20.07,N,95.743,W
6/20/2016,7:40:21,20.071,N,95.752,W
6/20/2016,7:42:22,20.071,N,95.761,W
6/20/2016,7:44:22,20.072,N,95.769,W
6/20/2016,7:46:21,20.074,N,95.777,W
6/20/2016,7:48:21,20.075,N,95.785,W
6/20/2016,7:50:22,20.077,N,95.793,W
6/20/2016,7:52:22,20.079,N,95.8,W
6/20/2016,7:54:21,20.082,N,95.807,W
6/20/2016,7:56:21,20.084,N,95.814,W
6/20/2016,7:58:22,20.087,N,95.821,W
6/20/2016,8:00:22,20.091,N,95.827,W
6/20/2016,8:02:21,20.095,N,95.833,W
6/20/2016,8:04:21,20.099,N,95.838,W
6/20/2016,8:06:21,20.104,N,95.843,W
6/20/2016,8:08:22,20.109,N,95.848,W
6/20/2016,8:10:22,20.114,N,95.853,W
6/20/2016,8:12:22,20.12,N,95.856,W
6/20/2016,8:14:22,20.127,N,95.86,W
6/20/2016,8:16:21,20.134,N,95.863,W
6/20/2016,8:18:21,20.141,N,95.866,W
6/20/2016,8:20:21,20.149,N,95.868,W
6/20/2016,8:22:21,20.157,N,95.87,W
6/20/2016,8:24:22,20.166,N,95.871,W
6/20/2016,8:26:22,20.175,N,95.872,W
6/20/2016,8:28:22,20.185,N,95.873,W
6/20/2016,8:30:22,20.195,N,95.873,W
6/20/2016,8:32:21,20.205,N,95.873,W
6/20/2016,8:34:21,20.216,N,95.872,W
6/20/2016,8:36:21,20.227,N,95.872,W
6/20/2016,8:38:22,20.238,N,95.871,W
6/20/2016,8:40:22,20.25,N,95.87,W
6/20/2016,8:42:22,20.261,N,95.868,W
6/20/2016,8:44:22,20.273,N,95.867,W
6/20/2016,8:46:21,20.285,N,95.865,W
6/20/2016,8:48:21,20.297,N,95.863,W
6/20/2016,8:50:21,20.309,N,95.861,W
6/20/2016,8:52:21,20.321,N,95.858,W
6/20/2016,8:54:22,20.334,N,95.856,W
6/20/2016,8:56:22,20.346,N,95.853,W
6/20/2016,8:58:22,20.358,N,95.851,W
6/20/2016,9:00:22,20.37,N,95.848,W
6/20/2016,9:02:21,20.382,N,95.846,W
6/20/2016,9:04:21,20.394,N,95.843,W
6/20/2016,9:06:21,20.406,N,95.841,W
6/20/2016,9:08:22,20.418,N,95.838,W
6/20/2016,9:10:05,20.428,N,95.836,W
6/20/2016,9:12:05,20.433,N,95.839,W
6/20/2016,9:14:04,20.439,N,95.842,W
6/20/2016,9:16:04,20.444,N,95.844,W
6/20/2016,9:18:04,20.449,N,95.847,W
6/20/2016,9:20:04,20.454,N,95.85,W
6/20/2016,9:22:05,20.459,N,95.852,W
6/20/2016,9:24:05,20.464,N,95.855,W
6/20/2016,9:26:05,20.469,N,95.857,W
6/20/2016,9:28:05,20.474,N,95.86,W
6/20/2016,9:30:04,20.479,N,95.862,W
6/20/2016,9:32:04,20.484,N,95.865,W
6/20/2016,9:34:04,20.488,N,95.867,W
6/20/2016,9:36:04,20.493,N,95.869,W
6/20/2016,9:38:05,20.498,N,95.872,W
6/20/2016,9:40:05,20.502,N,95.874,W
6/20/2016,9:42:05,20.507,N,95.876,W
6/20/2016,9:44:04,20.511,N,95.878,W
6/20/2016,9:46:04,20.516,N,95.88,W
6/20/2016,9:48:04,20.52,N,95.882,W
6/20/2016,9:50:04,20.524,N,95.884,W
6/20/2016,9:52:05,20.529,N,95.886,W
6/20/2016,9:54:05,20.533,N,95.888,W
6/20/2016,9:56:05,20.537,N,95.89,W
6/20/2016,9:58:05,20.541,N,95.892,W
6/20/2016,10:00:04,20.545,N,95.893,W
6/20/2016,10:02:04,20.549,N,95.895,W
6/20/2016,10:04:04,20.553,N,95.897,W
6/20/2016,10:06:04,20.556,N,95.898,W
6/20/2016,10:08:05,20.56,N,95.9,W
6/20/2016,10:10:05,20.564,N,95.901,W
6/20/2016,10:12:05,20.567,N,95.903,W
6/20/2016,10:14:04,20.571,N,95.904,W
6/20/2016,10:16:04,20.574,N,95.905,W
6/20/2016,10:18:04,20.578,N,95.906,W
6/20/2016,10:20:04,20.581,N,95.908,W
6/20/2016,10:22:05,20.584,N,95.909,W
6/20/2016,10:24:05,20.587,N,95.91,W
6/20/2016,10:26:05,20.59,N,95.911,W
6/20/2016,10:28:05,20.593,N,95.912,W
6/20/2016,10:30:04,20.596,N,95.912,W
6/20/2016,10:32:04,20.599,N,95.913,W
6/20/2016,10:34:04,20.602,N,95.914,W
6/20/2016,10:36:04,20.604,N,95.915,W
6/20/2016,10:38:05,20.607,N,95.915,W
6/20/2016,10:40:05,20.61,N,95.916,W
6/20/2016,10:41:16,20.611,N,95.916,W
6/20/2016,10:43:16,20.616,N,95.919,W
6/20/2016,10:45:15,20.622,N,95.923,W
6/20/2016,10:47:15,20.627,N,95.926,W
6/20/2016,10:49:15,20.633,N,95.93,W
6/20/2016,10:51:15,20.638,N,95.933,W
6/20/2016,10:53:16,20.644,N,95.937,W
6/20/2016,10:55:16,20.649,N,95.94,W
6/20/2016,10:57:16,20.655,N,95.944,W
6/20/2016,10:59:15,20.66,N,95.947,W
6/20/2016,11:01:15,20.665,N,95.951,W
6/20/2016,11:03:15,20.671,N,95.954,W
6/20/2016,11:05:15,20.676,N,95.958,W
6/20/2016,11:07:16,20.681,N,95.961,W
6/20/2016,11:09:16,20.687,N,95.965,W
6/20/2016,11:11:16,20.692,N,95.968,W
6/20/2016,11:13:16,20.697,N,95.972,W
6/20/2016,11:15:15,20.703,N,95.975,W
6/20/2016,11:17:15,20.708,N,95.979,W
6/20/2016,11:19:15,20.713,N,95.982,W
6/20/2016,11:21:15,20.719,N,95.986,W
6/20/2016,11:23:16,20.724,N,95.989,W
6/20/2016,11:25:16,20.729,N,95.993,W
6/20/2016,11:27:16,20.734,N,95.996,W
6/20/2016,11:29:15,20.74,N,96,W
6/20/2016,11:31:15,20.745,N,96.003,W
6/20/2016,11:33:15,20.75,N,96.007,W
6/20/2016,11:35:15,20.755,N,96.01,W
6/20/2016,11:37:16,20.76,N,96.014,W
6/20/2016,11:39:16,20.765,N,96.017,W
6/20/2016,11:41:16,20.771,N,96.021,W
6/20/2016,11:43:16,20.776,N,96.024,W
6/20/2016,11:45:15,20.781,N,96.028,W
6/20/2016,11:47:15,20.786,N,96.032,W
6/20/2016,11:49:15,20.791,N,96.035,W
6/20/2016,11:51:15,20.796,N,96.039,W
6/20/2016,11:53:16,20.801,N,96.042,W
6/20/2016,11:55:16,20.806,N,96.046,W
6/20/2016,11:57:16,20.811,N,96.049,W
6/20/2016,11:59:15,20.816,N,96.053,W
6/20/2016,12:01:15,20.821,N,96.057,W
6/20/2016,12:03:15,20.826,N,96.06,W
6/20/2016,12:05:15,20.831,N,96.064,W
6/20/2016,12:07:16,20.836,N,96.067,W
6/20/2016,12:09:16,20.841,N,96.071,W
6/20/2016,12:11:16,20.846,N,96.074,W
6/20/2016,12:13:16,20.851,N,96.078,W
6/20/2016,12:15:15,20.856,N,96.082,W
6/20/2016,12:17:15,20.861,N,96.085,W
6/20/2016,12:19:15,20.865,N,96.089,W
6/20/2016,12:21:15,20.87,N,96.093,W
6/20/2016,12:23:16,20.875,N,96.096,W
6/20/2016,12:25:16,20.88,N,96.1,W
6/20/2016,12:27:16,20.885,N,96.103,W
6/20/2016,12:29:15,20.889,N,96.107,W
6/20/2016,12:31:15,20.894,N,96.111,W
6/20/2016,12:33:15,20.899,N,96.114,W
6/20/2016,12:35:15,20.903,N,96.118,W
6/20/2016,12:37:16,20.908,N,96.122,W
6/20/2016,12:39:16,20.913,N,96.125,W
6/20/2016,12:41:16,20.917,N,96.129,W
6/20/2016,12:43:16,20.922,N,96.133,W
6/20/2016,12:45:15,20.927,N,96.136,W
6/20/2016,12:47:15,20.931,N,96.14,W
6/20/2016,12:49:15,20.936,N,96.144,W
6/20/2016,12:51:15,20.94,N,96.147,W
6/20/2016,12:53:16,20.945,N,96.151,W
6/20/2016,12:55:16,20.949,N,96.155,W
6/20/2016,12:57:16,20.954,N,96.158,W
6/20/2016,12:59:15,20.958,N,96.162,W
6/20/2016,13:01:15,20.963,N,96.166,W
6/20/2016,13:03:15,20.967,N,96.17,W
6/20/2016,13:05:15,20.971,N,96.173,W
6/20/2016,13:07:16,20.976,N,96.177,W
6/20/2016,13:09:16,20.98,N,96.181,W
6/20/2016,13:11:16,20.984,N,96.185,W
6/20/2016,13:13:16,20.989,N,96.188,W
6/20/2016,13:15:15,20.993,N,96.192,W
6/20/2016,13:17:15,20.997,N,96.196,W
6/20/2016,13:19:15,21.002,N,96.2,W
6/20/2016,13:21:15,21.006,N,96.203,W
6/20/2016,13:23:16,21.01,N,96.207,W
6/20/2016,13:25:16,21.014,N,96.211,W
6/20/2016,13:27:16,21.018,N,96.215,W
6/20/2016,13:29:15,21.022,N,96.218,W
6/20/2016,13:31:15,21.026,N,96.222,W
6/20/2016,13:33:15,21.03,N,96.226,W
6/20/2016,13:35:15,21.034,N,96.23,W
6/20/2016,13:37:16,21.039,N,96.234,W
6/20/2016,13:39:16,21.042,N,96.238,W
6/20/2016,13:41:16,21.046,N,96.241,W
6/20/2016,13:43:16,21.05,N,96.245,W
6/20/2016,13:45:15,21.054,N,96.249,W
6/20/2016,13:47:15,21.058,N,96.253,W
6/20/2016,13:49:15,21.062,N,96.257,W
6/20/2016,13:51:15,21.066,N,96.261,W
6/20/2016,13:53:16,21.07,N,96.265,W
6/20/2016,13:55:16,21.073,N,96.268,W
6/20/2016,13:57:16,21.077,N,96.272,W
6/20/2016,13:59:15,21.081,N,96.276,W
6/20/2016,14:01:15,21.085,N,96.28,W
6/20/2016,14:03:15,21.088,N,96.284,W
6/20/2016,14:05:15,21.092,N,96.288,W
6/20/2016,14:07:16,21.096,N,96.292,W
6/20/2016,14:09:16,21.099,N,96.296,W
6/20/2016,14:11:16,21.103,N,96.3,W
6/20/2016,14:13:16,21.106,N,96.304,W
6/20/2016,14:15:15,21.11,N,96.307,W
6/20/2016,14:17:15,21.113,N,96.311,W
6/20/2016,14:19:15,21.117,N,96.315,W
6/20/2016,14:21:15,21.12,N,96.319,W
6/20/2016,14:23:16,21.123,N,96.323,W
6/20/2016,14:25:16,21.127,N,96.327,W
6/20/2016,14:27:16,21.13,N,96.331,W
6/20/2016,14:29:15,21.133,N,96.335,W
6/20/2016,14:31:15,21.137,N,96.339,W
6/20/2016,14:33:15,21.14,N,96.343,W
6/20/2016,14:35:15,21.143,N,96.347,W
6/20/2016,14:37:16,21.146,N,96.351,W
6/20/2016,14:39:16,21.149,N,96.355,W
6/20/2016,14:41:16,21.153,N,96.359,W
6/20/2016,14:43:16,21.156,N,96.363,W
6/20/2016,14:45:15,21.159,N,96.367,W
6/20/2016,14:47:15,21.162,N,96.372,W
6/20/2016,14:49:15,21.165,N,96.376,W
6/20/2016,14:51:15,21.168,N,96.38,W
6/20/2016,14:53:16,21.171,N,96.384,W
6/20/2016,14:55:16,21.173,N,96.388,W
6/20/2016,14:57:16,21.176,N,96.392,W
6/20/2016,14:59:15,21.179,N,96.396,W
6/20/2016,15:01:15,21.182,N,96.4,W
6/20/2016,15:03:15,21.185,N,96.404,W
6/20/2016,15:05:15,21.187,N,96.408,W
6/20/2016,15:07:16,21.19,N,96.413,W
6/20/2016,15:09:16,21.193,N,96.417,W
6/20/2016,15:11:16,21.195,N,96.421,W
6/20/2016,15:13:16,21.198,N,96.425,W
6/20/2016,15:15:15,21.201,N,96.429,W
6/20/2016,15:17:15,21.203,N,96.433,W
6/20/2016,15:19:15,21.206,N,96.438,W
6/20/2016,15:21:15,21.208,N,96.442,W
6/20/2016,15:23:16,21.21,N,96.446,W
6/20/2016,15:25:16,21.213,N,96.45,W
6/20/2016,15:27:16,21.215,N,96.454,W
6/20/2016,15:29:15,21.217,N,96.459,W
6/20/2016,15:31:15,21.22,N,96.463,W
6/20/2016,15:33:15,21.222,N,96.467,W
6/20/2016,15:35:15,21.224,N,96.471,W
6/20/2016,15:37:16,21.226,N,96.476,W
6/20/2016,15:39:16,21.229,N,96.48,W
6/20/2016,15:41:16,21.231,N,96.484,W
6/20/2016,15:43:16,21.233,N,96.488,W
6/20/2016,15:45:15,21.235,N,96.493,W
6/20/2016,15:47:15,21.237,N,96.497,W
6/20/2016,15:49:15,21.239,N,96.501,W
6/20/2016,15:51:15,21.241,N,96.506,W
6/20/2016,15:53:16,21.243,N,96.51,W
6/20/2016,15:55:16,21.244,N,96.514,W
6/20/2016,15:57:16,21.246,N,96.519,W
6/20/2016,15:59:15,21.248,N,96.523,W
6/20/2016,16:01:15,21.25,N,96.528,W
6/20/2016,16:03:15,21.251,N,96.532,W
6/20/2016,16:05:15,21.253,N,96.536,W
6/20/2016,16:07:16,21.255,N,96.541,W
6/20/2016,16:09:16,21.256,N,96.545,W
6/20/2016,16:11:16,21.258,N,96.549,W
6/20/2016,16:13:16,21.26,N,96.554,W
6/20/2016,16:15:15,21.261,N,96.558,W
6/20/2016,16:17:15,21.263,N,96.563,W
6/20/2016,16:19:15,21.264,N,96.567,W
6/20/2016,16:21:15,21.265,N,96.572,W
6/20/2016,16:23:16,21.267,N,96.576,W
6/20/2016,16:25:16,21.268,N,96.581,W
6/20/2016,16:27:16,21.27,N,96.585,W
6/20/2016,16:29:15,21.271,N,96.59,W
6/20/2016,16:31:15,21.272,N,96.594,W
6/20/2016,16:33:15,21.273,N,96.599,W
6/20/2016,16:35:15,21.275,N,96.603,W
6/20/2016,16:37:16,21.276,N,96.608,W
6/20/2016,16:39:16,21.277,N,96.612,W
6/20/2016,16:41:16,21.278,N,96.617,W
6/20/2016,16:43:16,21.279,N,96.621,W
6/20/2016,16:45:15,21.28,N,96.626,W
6/20/2016,16:47:15,21.281,N,96.63,W
6/20/2016,16:49:15,21.282,N,96.635,W
6/20/2016,16:51:15,21.283,N,96.639,W
6/20/2016,16:53:16,21.284,N,96.644,W
6/20/2016,16:55:16,21.285,N,96.648,W
6/20/2016,16:57:16,21.286,N,96.653,W
6/20/2016,16:59:15,21.287,N,96.658,W
6/20/2016,17:01:15,21.287,N,96.662,W
6/20/2016,17:03:15,21.288,N,96.667,W
6/20/2016,17:05:15,21.289,N,96.671,W
6/20/2016,17:07:16,21.29,N,96.676,W
6/20/2016,17:09:16,21.291,N,96.681,W
6/20/2016,17:11:16,21.291,N,96.685,W
6/20/2016,17:13:16,21.292,N,96.69,W
6/20/2016,17:15:15,21.292,N,96.695,W
6/20/2016,17:17:15,21.293,N,96.699,W
6/20/2016,17:19:15,21.294,N,96.704,W
6/20/2016,17:21:15,21.294,N,96.709,W
6/20/2016,17:23:16,21.295,N,96.713,W
6/20/2016,17:25:16,21.295,N,96.718,W
6/20/2016,17:27:16,21.296,N,96.723,W
6/20/2016,17:29:15,21.296,N,96.727,W
6/20/2016,17:31:15,21.297,N,96.732,W
6/20/2016,17:33:15,21.297,N,96.737,W
6/20/2016,17:35:15,21.297,N,96.741,W
6/20/2016,17:37:16,21.298,N,96.746,W
6/20/2016,17:39:16,21.298,N,96.751,W
6/20/2016,17:41:16,21.298,N,96.755,W
6/20/2016,17:43:16,21.299,N,96.76,W
6/20/2016,17:45:15,21.299,N,96.765,W
6/20/2016,17:47:15,21.299,N,96.77,W
6/20/2016,17:49:15,21.299,N,96.774,W
6/20/2016,17:51:15,21.299,N,96.779,W
6/20/2016,17:53:16,21.3,N,96.784,W
6/20/2016,17:55:16,21.3,N,96.789,W
6/20/2016,17:57:16,21.3,N,96.793,W
6/20/2016,17:59:15,21.3,N,96.798,W
6/20/2016,18:01:15,21.3,N,96.803,W
6/20/2016,18:03:15,21.3,N,96.808,W
6/20/2016,18:05:15,21.3,N,96.813,W
6/20/2016,18:07:16,21.3,N,96.817,W
6/20/2016,18:09:16,21.3,N,96.822,W
6/20/2016,18:11:16,21.3,N,96.827,W
6/20/2016,18:13:16,21.3,N,96.832,W
6/20/2016,18:15:15,21.3,N,96.837,W
6/20/2016,18:17:15,21.3,N,96.841,W
6/20/2016,18:19:15,21.3,N,96.846,W
6/20/2016,18:21:15,21.299,N,96.851,W
6/20/2016,18:23:16,21.299,N,96.856,W
6/20/2016,18:25:16,21.299,N,96.861,W
6/20/2016,18:27:16,21.299,N,96.866,W
6/20/2016,18:29:15,21.299,N,96.871,W
6/20/2016,18:31:15,21.298,N,96.875,W
6/20/2016,18:33:15,21.298,N,96.88,W
6/20/2016,18:35:15,21.298,N,96.885,W
6/20/2016,18:37:16,21.298,N,96.89,W
6/20/2016,18:39:16,21.297,N,96.895,W
6/20/2016,18:41:16,21.297,N,96.9,W
6/20/2016,18:43:16,21.297,N,96.905,W
6/20/2016,18:45:15,21.296,N,96.91,W
6/20/2016,18:47:15,21.296,N,96.914,W
6/20/2016,18:49:15,21.295,N,96.919,W
6/20/2016,18:51:15,21.295,N,96.924,W
6/20/2016,18:53:16,21.294,N,96.929,W
6/20/2016,18:55:16,21.294,N,96.934,W
6/20/2016,18:57:16,21.293,N,96.939,W
6/20/2016,18:59:15,21.293,N,96.944,W
6/20/2016,19:01:15,21.292,N,96.949,W
6/20/2016,19:03:15,21.292,N,96.954,W
6/20/2016,19:05:15,21.291,N,96.959,W
6/20/2016,19:07:16,21.291,N,96.964,W
6/20/2016,19:09:16,21.29,N,96.969,W
6/20/2016,19:11:16,21.29,N,96.973,W
6/20/2016,19:13:16,21.289,N,96.978,W
6/20/2016,19:15:15,21.288,N,96.983,W
6/20/2016,19:17:15,21.288,N,96.988,W
6/20/2016,19:19:15,21.287,N,96.993,W
6/20/2016,19:21:15,21.286,N,96.998,W
6/20/2016,19:23:16,21.286,N,97.003,W
6/20/2016,19:25:16,21.285,N,97.008,W
6/20/2016,19:27:16,21.284,N,97.013,W
6/20/2016,19:29:15,21.283,N,97.018,W
6/20/2016,19:31:15,21.283,N,97.023,W
6/20/2016,19:33:15,21.282,N,97.028,W
6/20/2016,19:35:15,21.281,N,97.033,W
6/20/2016,19:37:16,21.28,N,97.038,W
6/20/2016,19:39:16,21.279,N,97.043,W
6/20/2016,19:41:16,21.279,N,97.048,W
6/20/2016,19:43:16,21.278,N,97.053,W
6/20/2016,19:45:15,21.277,N,97.058,W
6/20/2016,19:47:15,21.276,N,97.063,W
6/20/2016,19:49:15,21.275,N,97.068,W
6/20/2016,19:51:15,21.274,N,97.073,W
6/20/2016,19:53:16,21.273,N,97.078,W
6/20/2016,19:55:16,21.272,N,97.083,W
6/20/2016,19:57:16,21.272,N,97.088,W
6/20/2016,19:59:15,21.271,N,97.093,W
6/20/2016,20:01:15,21.27,N,97.098,W
6/20/2016,20:03:15,21.269,N,97.103,W
6/20/2016,20:05:15,21.268,N,97.108,W
6/20/2016,20:07:16,21.267,N,97.113,W
6/20/2016,20:09:16,21.266,N,97.118,W
6/20/2016,20:11:16,21.265,N,97.123,W
6/20/2016,20:13:16,21.264,N,97.128,W
6/20/2016,20:15:15,21.263,N,97.134,W
6/20/2016,20:17:15,21.262,N,97.139,W
6/20/2016,20:19:15,21.261,N,97.144,W
6/20/2016,20:21:15,21.26,N,97.149,W
6/20/2016,20:23:16,21.259,N,97.154,W
6/20/2016,20:25:16,21.257,N,97.159,W
6/20/2016,20:27:16,21.256,N,97.164,W
6/20/2016,20:29:15,21.255,N,97.169,W
6/20/2016,20:31:15,21.254,N,97.174,W
6/20/2016,20:33:15,21.253,N,97.179,W
6/20/2016,20:35:15,21.252,N,97.184,W
6/20/2016,20:37:16,21.251,N,97.189,W
6/20/2016,20:39:16,21.25,N,97.194,W
6/20/2016,20:41:16,21.249,N,97.199,W
6/20/2016,20:43:16,21.247,N,97.204,W
6/20/2016,20:45:15,21.246,N,97.209,W
6/20/2016,20:47:15,21.245,N,97.215,W
6/20/2016,20:49:15,21.244,N,97.22,W
6/20/2016,20:51:15,21.243,N,97.225,W
6/20/2016,20:53:16,21.242,N,97.23,W
6/20/2016,20:55:16,21.24,N,97.235,W
6/20/2016,20:57:16,21.239,N,97.24,W
6/20/2016,20:59:15,21.238,N,97.245,W
6/20/2016,21:01:15,21.237,N,97.25,W
6/20/2016,21:03:15,21.236,N,97.255,W
6/20/2016,21:05:15,21.234,N,97.26,W
6/20/2016,21:07:16,21.233,N,97.265,W
6/20/2016,21:09:16,21.232,N,97.27,W
6/20/2016,21:11:16,21.231,N,97.276,W
6/20/2016,21:13:16,21.23,N,97.281,W
6/20/2016,21:15:15,21.228,N,97.286,W
6/20/2016,21:17:15,21.227,N,97.291,W
6/20/2016,21:19:15,21.226,N,97.296,W
6/20/2016,21:21:15,21.225,N,97.301,W
6/20/2016,21:23:16,21.223,N,97.306,W
6/20/2016,21:25:16,21.222,N,97.311,W
6/20/2016,21:27:16,21.221,N,97.316,W
6/20/2016,21:29:15,21.22,N,97.321,W
6/20/2016,21:31:15,21.218,N,97.327,W
6/20/2016,21:33:15,21.217,N,97.332,W
6/20/2016,21:35:15,21.216,N,97.337,W
6/20/2016,21:37:16,21.215,N,97.342,W
6/20/2016,21:39:16,21.213,N,97.347,W
6/20/2016,21:41:16,21.212,N,97.352,W
6/20/2016,21:43:16,21.211,N,97.357,W
6/20/2016,21:45:15,21.209,N,97.362,W
6/20/2016,21:47:15,21.208,N,97.367,W
6/20/2016,21:49:15,21.207,N,97.373,W
6/20/2016,21:51:15,21.206,N,97.378,W
6/20/2016,21:53:16,21.204,N,97.383,W
6/20/2016,21:55:16,21.203,N,97.388,W
6/20/2016,21:57:16,21.202,N,97.393,W
6/20/2016,21:59:15,21.2,N,97.398,W
