Track,for,Julia,2016,,
Date,Time,(UTC),Latitude,Longitude,
MM/DD/Year,HH:MM:SS,(deg),(deg),,
9/15/2016,11:53:59,31.896,N,78.727,W
9/15/2016,11:56:00,31.898,N,78.718,W
9/15/2016,11:57:59,31.899,N,78.709,W
9/15/2016,12:00:00,31.9,N,78.7,W
9/15/2016,12:02:00,31.901,N,78.691,W
9/15/2016,12:03:59,31.902,N,78.682,W
9/15/2016,12:06:00,31.904,N,78.673,W
9/15/2016,12:07:59,31.905,N,78.664,W
9/15/2016,12:10:00,31.906,N,78.655,W
9/15/2016,12:11:59,31.907,N,78.646,W
9/15/2016,12:14:00,31.908,N,78.637,W
9/15/2016,12:15:59,31.91,N,78.628,W
9/15/2016,12:18:00,31.911,N,78.619,W
9/15/2016,12:19:59,31.912,N,78.61,W
9/15/2016,12:22:00,31.913,N,78.601,W
9/15/2016,12:23:59,31.915,N,78.592,W
9/15/2016,12:26:00,31.916,N,78.584,W
9/15/2016,12:27:59,31.917,N,78.575,W
9/15/2016,12:30:00,31.918,N,78.566,W
9/15/2016,12:32:00,31.919,N,78.557,W
9/15/2016,12:33:59,31.921,N,78.548,W
9/15/2016,12:36:00,31.922,N,78.539,W
9/15/2016,12:37:59,31.923,N,78.53,W
9/15/2016,12:40:00,31.924,N,78.521,W
9/15/2016,12:41:59,31.925,N,78.512,W
9/15/2016,12:44:00,31.927,N,78.503,W
9/15/2016,12:45:59,31.928,N,78.494,W
9/15/2016,12:48:00,31.929,N,78.486,W
9/15/2016,12:49:59,31.93,N,78.477,W
9/15/2016,12:52:00,31.931,N,78.468,W
9/15/2016,12:53:59,31.933,N,78.459,W
9/15/2016,12:56:00,31.934,N,78.45,W
9/15/2016,12:57:59,31.935,N,78.441,W
9/15/2016,13:00:00,31.936,N,78.432,W
9/15/2016,13:02:00,31.937,N,78.424,W
9/15/2016,13:03:59,31.939,N,78.415,W
9/15/2016,13:06:00,31.94,N,78.406,W
9/15/2016,13:07:59,31.941,N,78.397,W
9/15/2016,13:10:00,31.942,N,78.388,W
9/15/2016,13:11:59,31.943,N,78.38,W
9/15/2016,13:14:00,31.945,N,78.371,W
9/15/2016,13:15:59,31.946,N,78.362,W
9/15/2016,13:18:00,31.947,N,78.353,W
9/15/2016,13:19:59,31.948,N,78.345,W
9/15/2016,13:22:00,31.949,N,78.336,W
9/15/2016,13:23:59,31.951,N,78.327,W
9/15/2016,13:26:00,31.952,N,78.319,W
9/15/2016,13:27:59,31.953,N,78.31,W
9/15/2016,13:30:00,31.954,N,78.301,W
9/15/2016,13:32:00,31.955,N,78.293,W
9/15/2016,13:33:59,31.957,N,78.284,W
9/15/2016,13:36:00,31.958,N,78.276,W
9/15/2016,13:37:59,31.959,N,78.267,W
9/15/2016,13:40:00,31.96,N,78.258,W
9/15/2016,13:41:59,31.961,N,78.25,W
9/15/2016,13:44:00,31.963,N,78.241,W
9/15/2016,13:45:59,31.964,N,78.233,W
9/15/2016,13:48:00,31.965,N,78.224,W
9/15/2016,13:49:59,31.966,N,78.216,W
9/15/2016,13:52:00,31.967,N,78.207,W
9/15/2016,13:53:59,31.969,N,78.199,W
9/15/2016,13:56:00,31.97,N,78.191,W
9/15/2016,13:57:59,31.971,N,78.182,W
9/15/2016,14:00:00,31.972,N,78.174,W
9/15/2016,14:02:00,31.973,N,78.165,W
9/15/2016,14:03:59,31.974,N,78.157,W
9/15/2016,14:06:00,31.976,N,78.149,W
9/15/2016,14:07:59,31.977,N,78.14,W
9/15/2016,14:10:00,31.978,N,78.132,W
9/15/2016,14:11:59,31.979,N,78.124,W
9/15/2016,14:14:00,31.98,N,78.116,W
9/15/2016,14:15:59,31.981,N,78.107,W
9/15/2016,14:18:00,31.983,N,78.099,W
9/15/2016,14:19:59,31.984,N,78.091,W
9/15/2016,14:22:00,31.985,N,78.083,W
9/15/2016,14:23:59,31.986,N,78.075,W
9/15/2016,14:26:00,31.987,N,78.067,W
9/15/2016,14:27:59,31.988,N,78.059,W
9/15/2016,14:30:00,31.99,N,78.051,W
9/15/2016,14:32:00,31.991,N,78.043,W
9/15/2016,14:33:59,31.992,N,78.035,W
9/15/2016,14:36:00,31.993,N,78.027,W
9/15/2016,14:37:59,31.994,N,78.019,W
9/15/2016,14:40:00,31.995,N,78.011,W
9/15/2016,14:41:59,31.997,N,78.003,W
9/15/2016,14:44:00,31.998,N,77.995,W
9/15/2016,14:45:59,31.999,N,77.987,W
9/15/2016,14:48:00,32,N,77.979,W
9/15/2016,14:49:59,32.001,N,77.971,W
9/15/2016,14:52:00,32.002,N,77.964,W
9/15/2016,14:53:59,32.003,N,77.956,W
9/15/2016,14:56:00,32.005,N,77.948,W
9/15/2016,14:57:59,32.006,N,77.941,W
9/15/2016,15:00:00,32.007,N,77.933,W
9/15/2016,15:02:00,32.008,N,77.925,W
9/15/2016,15:03:59,32.009,N,77.918,W
9/15/2016,15:06:00,32.01,N,77.91,W
9/15/2016,15:07:59,32.011,N,77.903,W
9/15/2016,15:10:00,32.013,N,77.895,W
9/15/2016,15:11:59,32.014,N,77.888,W
9/15/2016,15:14:00,32.015,N,77.88,W
9/15/2016,15:15:59,32.016,N,77.873,W
9/15/2016,15:18:00,32.017,N,77.866,W
9/15/2016,15:19:59,32.018,N,77.858,W
9/15/2016,15:22:00,32.019,N,77.851,W
9/15/2016,15:23:59,32.02,N,77.844,W
9/15/2016,15:26:00,32.022,N,77.836,W
9/15/2016,15:27:59,32.023,N,77.829,W
9/15/2016,15:30:00,32.024,N,77.822,W
9/15/2016,15:32:00,32.025,N,77.815,W
9/15/2016,15:33:59,32.026,N,77.808,W
9/15/2016,15:36:00,32.027,N,77.801,W
9/15/2016,15:37:59,32.028,N,77.794,W
9/15/2016,15:40:00,32.029,N,77.787,W
9/15/2016,15:41:59,32.03,N,77.78,W
9/15/2016,15:44:00,32.032,N,77.773,W
9/15/2016,15:45:59,32.033,N,77.766,W
9/15/2016,15:48:00,32.034,N,77.759,W
9/15/2016,15:49:59,32.035,N,77.752,W
9/15/2016,15:52:00,32.036,N,77.746,W
9/15/2016,15:53:59,32.037,N,77.739,W
9/15/2016,15:56:00,32.038,N,77.732,W
9/15/2016,15:57:59,32.039,N,77.726,W
9/15/2016,16:00:00,32.04,N,77.719,W
9/15/2016,16:01:59,32.041,N,77.712,W
9/15/2016,16:04:00,32.042,N,77.706,W
9/15/2016,16:06:00,32.044,N,77.699,W
9/15/2016,16:07:59,32.045,N,77.693,W
9/15/2016,16:09:59,32.046,N,77.686,W
9/15/2016,16:12:00,32.047,N,77.68,W
9/15/2016,16:14:00,32.048,N,77.674,W
9/15/2016,16:15:59,32.049,N,77.668,W
9/15/2016,16:17:59,32.05,N,77.661,W
9/15/2016,16:20:00,32.051,N,77.655,W
9/15/2016,16:22:00,32.052,N,77.649,W
9/15/2016,16:23:59,32.053,N,77.643,W
9/15/2016,16:25:59,32.054,N,77.637,W
9/15/2016,16:28:00,32.055,N,77.631,W
9/15/2016,16:30:00,32.056,N,77.625,W
9/15/2016,16:31:59,32.057,N,77.619,W
9/15/2016,16:34:00,32.058,N,77.613,W
9/15/2016,16:36:00,32.059,N,77.607,W
9/15/2016,16:37:59,32.061,N,77.601,W
9/15/2016,16:39:59,32.062,N,77.595,W
9/15/2016,16:42:00,32.063,N,77.59,W
9/15/2016,16:44:00,32.064,N,77.584,W
9/15/2016,16:45:59,32.065,N,77.579,W
9/15/2016,16:47:59,32.066,N,77.573,W
9/15/2016,16:50:00,32.067,N,77.567,W
9/15/2016,16:52:00,32.068,N,77.562,W
9/15/2016,16:53:59,32.069,N,77.557,W
9/15/2016,16:55:59,32.07,N,77.551,W
9/15/2016,16:58:00,32.071,N,77.546,W
9/15/2016,17:00:00,32.072,N,77.541,W
9/15/2016,17:01:59,32.073,N,77.535,W
9/15/2016,17:04:00,32.074,N,77.53,W
9/15/2016,17:06:00,32.075,N,77.525,W
9/15/2016,17:07:59,32.076,N,77.52,W
9/15/2016,17:09:59,32.077,N,77.515,W
9/15/2016,17:12:00,32.078,N,77.51,W
9/15/2016,17:14:00,32.079,N,77.505,W
9/15/2016,17:15:59,32.08,N,77.5,W
9/15/2016,17:17:59,32.081,N,77.495,W
9/15/2016,17:20:00,32.082,N,77.491,W
9/15/2016,17:22:00,32.083,N,77.486,W
9/15/2016,17:23:59,32.084,N,77.481,W
9/15/2016,17:25:59,32.085,N,77.477,W
9/15/2016,17:28:00,32.086,N,77.472,W
9/15/2016,17:30:00,32.087,N,77.468,W
9/15/2016,17:31:59,32.088,N,77.463,W
9/15/2016,17:34:00,32.089,N,77.459,W
9/15/2016,17:36:00,32.09,N,77.454,W
9/15/2016,17:37:59,32.091,N,77.45,W
9/15/2016,17:39:59,32.092,N,77.446,W
9/15/2016,17:42:00,32.093,N,77.442,W
9/15/2016,17:44:00,32.093,N,77.438,W
9/15/2016,17:45:59,32.094,N,77.434,W
9/15/2016,17:47:59,32.095,N,77.43,W
9/15/2016,17:50:00,32.096,N,77.426,W
9/15/2016,17:52:00,32.097,N,77.422,W
9/15/2016,17:53:59,32.098,N,77.418,W
9/15/2016,17:55:59,32.099,N,77.414,W
9/15/2016,17:58:00,32.1,N,77.41,W
9/15/2016,18:00:00,32.101,N,77.407,W
9/15/2016,18:01:59,32.102,N,77.403,W
9/15/2016,18:04:00,32.103,N,77.4,W
9/15/2016,18:06:00,32.104,N,77.396,W
9/15/2016,18:07:59,32.105,N,77.393,W
9/15/2016,18:09:59,32.106,N,77.389,W
9/15/2016,18:12:00,32.106,N,77.386,W
9/15/2016,18:14:00,32.107,N,77.383,W
9/15/2016,18:15:59,32.108,N,77.38,W
9/15/2016,18:17:59,32.109,N,77.377,W
9/15/2016,18:20:00,32.11,N,77.374,W
9/15/2016,18:22:00,32.111,N,77.371,W
9/15/2016,18:23:59,32.112,N,77.368,W
9/15/2016,18:25:59,32.113,N,77.365,W
9/15/2016,18:28:00,32.114,N,77.362,W
9/15/2016,18:30:00,32.114,N,77.359,W
9/15/2016,18:31:59,32.115,N,77.357,W
9/15/2016,18:34:00,32.116,N,77.354,W
9/15/2016,18:36:00,32.117,N,77.352,W
9/15/2016,18:37:59,32.118,N,77.349,W
9/15/2016,18:39:59,32.119,N,77.347,W
9/15/2016,18:42:00,32.12,N,77.344,W
9/15/2016,18:44:00,32.121,N,77.342,W
9/15/2016,18:45:59,32.121,N,77.34,W
9/15/2016,18:47:59,32.122,N,77.338,W
9/15/2016,18:50:00,32.123,N,77.336,W
9/15/2016,18:52:00,32.124,N,77.334,W
9/15/2016,18:53:59,32.125,N,77.332,W
9/15/2016,18:55:59,32.126,N,77.33,W
9/15/2016,18:58:00,32.126,N,77.328,W
9/15/2016,19:00:00,32.127,N,77.326,W
9/15/2016,19:01:48,32.128,N,77.325,W
9/15/2016,19:03:49,32.129,N,77.322,W
9/15/2016,19:05:49,32.13,N,77.319,W
9/15/2016,19:07:48,32.131,N,77.316,W
9/15/2016,19:09:48,32.131,N,77.313,W
9/15/2016,19:11:49,32.132,N,77.311,W
9/15/2016,19:13:49,32.133,N,77.308,W
9/15/2016,19:15:48,32.134,N,77.305,W
9/15/2016,19:17:48,32.135,N,77.302,W
9/15/2016,19:19:49,32.136,N,77.299,W
9/15/2016,19:21:49,32.137,N,77.296,W
9/15/2016,19:23:48,32.137,N,77.293,W
9/15/2016,19:25:48,32.138,N,77.29,W
9/15/2016,19:27:49,32.139,N,77.287,W
9/15/2016,19:29:48,32.14,N,77.284,W
9/15/2016,19:31:48,32.141,N,77.281,W
9/15/2016,19:33:49,32.142,N,77.278,W
9/15/2016,19:35:49,32.143,N,77.275,W
9/15/2016,19:37:48,32.143,N,77.272,W
9/15/2016,19:39:48,32.144,N,77.269,W
9/15/2016,19:41:49,32.145,N,77.266,W
9/15/2016,19:43:49,32.146,N,77.263,W
9/15/2016,19:45:48,32.147,N,77.26,W
9/15/2016,19:47:48,32.148,N,77.257,W
9/15/2016,19:49:49,32.148,N,77.254,W
9/15/2016,19:51:49,32.149,N,77.251,W
9/15/2016,19:53:48,32.15,N,77.248,W
9/15/2016,19:55:48,32.151,N,77.245,W
9/15/2016,19:57:49,32.152,N,77.242,W
9/15/2016,19:59:48,32.152,N,77.239,W
9/15/2016,20:01:48,32.153,N,77.236,W
9/15/2016,20:03:49,32.154,N,77.233,W
9/15/2016,20:05:49,32.155,N,77.23,W
9/15/2016,20:07:48,32.156,N,77.227,W
9/15/2016,20:09:48,32.156,N,77.224,W
9/15/2016,20:11:49,32.157,N,77.221,W
9/15/2016,20:13:49,32.158,N,77.218,W
9/15/2016,20:15:48,32.159,N,77.215,W
9/15/2016,20:17:48,32.16,N,77.212,W
9/15/2016,20:19:49,32.16,N,77.209,W
9/15/2016,20:21:49,32.161,N,77.206,W
9/15/2016,20:23:48,32.162,N,77.202,W
9/15/2016,20:25:48,32.163,N,77.199,W
9/15/2016,20:27:49,32.163,N,77.196,W
9/15/2016,20:29:48,32.164,N,77.193,W
9/15/2016,20:31:48,32.165,N,77.19,W
9/15/2016,20:33:49,32.166,N,77.187,W
9/15/2016,20:35:49,32.167,N,77.184,W
9/15/2016,20:37:48,32.167,N,77.18,W
9/15/2016,20:39:48,32.168,N,77.177,W
9/15/2016,20:41:49,32.169,N,77.174,W
9/15/2016,20:43:49,32.17,N,77.171,W
9/15/2016,20:45:48,32.17,N,77.168,W
9/15/2016,20:47:48,32.171,N,77.164,W
9/15/2016,20:49:49,32.172,N,77.161,W
9/15/2016,20:51:49,32.173,N,77.158,W
9/15/2016,20:53:48,32.173,N,77.155,W
9/15/2016,20:55:48,32.174,N,77.151,W
9/15/2016,20:57:49,32.175,N,77.148,W
9/15/2016,20:59:48,32.175,N,77.145,W
9/15/2016,21:01:48,32.176,N,77.142,W
9/15/2016,21:03:49,32.177,N,77.138,W
9/15/2016,21:05:49,32.178,N,77.135,W
9/15/2016,21:07:48,32.178,N,77.132,W
9/15/2016,21:09:48,32.179,N,77.128,W
9/15/2016,21:11:49,32.18,N,77.125,W
9/15/2016,21:13:49,32.18,N,77.122,W
9/15/2016,21:15:48,32.181,N,77.118,W
9/15/2016,21:17:48,32.182,N,77.115,W
9/15/2016,21:19:49,32.182,N,77.112,W
9/15/2016,21:21:49,32.183,N,77.108,W
9/15/2016,21:23:48,32.184,N,77.105,W
9/15/2016,21:25:48,32.184,N,77.102,W
9/15/2016,21:27:49,32.185,N,77.098,W
9/15/2016,21:29:48,32.186,N,77.095,W
9/15/2016,21:31:48,32.186,N,77.091,W
9/15/2016,21:33:49,32.187,N,77.088,W
9/15/2016,21:35:49,32.188,N,77.084,W
9/15/2016,21:37:48,32.188,N,77.081,W
9/15/2016,21:39:48,32.189,N,77.077,W
9/15/2016,21:41:49,32.19,N,77.074,W
9/15/2016,21:43:49,32.19,N,77.07,W
9/15/2016,21:45:48,32.191,N,77.067,W
9/15/2016,21:47:48,32.191,N,77.063,W
9/15/2016,21:49:49,32.192,N,77.06,W
9/15/2016,21:51:49,32.193,N,77.056,W
9/15/2016,21:53:48,32.193,N,77.053,W
9/15/2016,21:55:48,32.194,N,77.049,W
9/15/2016,21:57:49,32.195,N,77.046,W
9/15/2016,21:59:48,32.195,N,77.042,W
9/15/2016,22:01:48,32.196,N,77.038,W
9/15/2016,22:03:49,32.196,N,77.035,W
9/15/2016,22:05:49,32.197,N,77.031,W
9/15/2016,22:07:48,32.197,N,77.028,W
9/15/2016,22:09:48,32.198,N,77.024,W
9/15/2016,22:11:49,32.199,N,77.02,W
9/15/2016,22:13:49,32.199,N,77.017,W
9/15/2016,22:15:48,32.2,N,77.013,W
9/15/2016,22:17:48,32.2,N,77.009,W
9/15/2016,22:19:49,32.201,N,77.005,W
9/15/2016,22:21:49,32.201,N,77.002,W
9/15/2016,22:23:48,32.202,N,76.998,W
9/15/2016,22:25:48,32.202,N,76.994,W
9/15/2016,22:27:49,32.203,N,76.99,W
9/15/2016,22:29:48,32.203,N,76.987,W
9/15/2016,22:31:48,32.204,N,76.983,W
9/15/2016,22:33:49,32.204,N,76.979,W
9/15/2016,22:35:49,32.205,N,76.975,W
9/15/2016,22:37:48,32.205,N,76.971,W
9/15/2016,22:39:48,32.206,N,76.968,W
9/15/2016,22:41:49,32.206,N,76.964,W
9/15/2016,22:43:49,32.207,N,76.96,W
9/15/2016,22:45:48,32.207,N,76.956,W
9/15/2016,22:47:48,32.208,N,76.952,W
9/15/2016,22:49:49,32.208,N,76.948,W
9/15/2016,22:51:49,32.209,N,76.944,W
9/15/2016,22:53:48,32.209,N,76.94,W
9/15/2016,22:55:48,32.21,N,76.936,W
9/15/2016,22:57:49,32.21,N,76.932,W
9/15/2016,22:59:48,32.21,N,76.928,W
9/15/2016,23:01:48,32.211,N,76.924,W
9/15/2016,23:03:49,32.211,N,76.92,W
9/15/2016,23:05:49,32.212,N,76.916,W
9/15/2016,23:07:48,32.212,N,76.912,W
9/15/2016,23:09:48,32.213,N,76.908,W
9/15/2016,23:11:49,32.213,N,76.904,W
9/15/2016,23:13:49,32.213,N,76.9,W
9/15/2016,23:15:48,32.214,N,76.896,W
9/15/2016,23:17:48,32.214,N,76.891,W
9/15/2016,23:19:49,32.214,N,76.887,W
9/15/2016,23:21:49,32.215,N,76.883,W
9/15/2016,23:23:48,32.215,N,76.879,W
9/15/2016,23:25:48,32.216,N,76.875,W
9/15/2016,23:27:49,32.216,N,76.87,W
9/15/2016,23:29:48,32.216,N,76.866,W
9/15/2016,23:31:48,32.217,N,76.862,W
9/15/2016,23:33:49,32.217,N,76.858,W
9/15/2016,23:35:49,32.217,N,76.853,W
9/15/2016,23:37:48,32.218,N,76.849,W
9/15/2016,23:39:48,32.218,N,76.845,W
9/15/2016,23:41:49,32.218,N,76.84,W
9/15/2016,23:43:49,32.218,N,76.836,W
9/15/2016,23:45:48,32.219,N,76.832,W
9/15/2016,23:47:48,32.219,N,76.827,W
9/15/2016,23:49:49,32.219,N,76.823,W
9/15/2016,23:51:49,32.219,N,76.818,W
9/15/2016,23:53:48,32.22,N,76.814,W
9/15/2016,23:55:48,32.22,N,76.81,W
9/15/2016,23:57:49,32.22,N,76.805,W
9/15/2016,23:59:48,32.22,N,76.801,W
9/16/2016,0:01:48,32.221,N,76.796,W
9/16/2016,0:03:49,32.221,N,76.791,W
9/16/2016,0:05:49,32.221,N,76.787,W
9/16/2016,0:07:48,32.221,N,76.782,W
9/16/2016,0:09:48,32.222,N,76.778,W
9/16/2016,0:11:49,32.222,N,76.773,W
9/16/2016,0:13:49,32.222,N,76.769,W
9/16/2016,0:15:48,32.222,N,76.764,W
9/16/2016,0:17:48,32.222,N,76.759,W
9/16/2016,0:19:49,32.222,N,76.755,W
9/16/2016,0:21:49,32.223,N,76.75,W
9/16/2016,0:23:48,32.223,N,76.745,W
9/16/2016,0:25:48,32.223,N,76.74,W
9/16/2016,0:27:49,32.223,N,76.736,W
9/16/2016,0:29:48,32.223,N,76.731,W
9/16/2016,0:31:48,32.223,N,76.726,W
9/16/2016,0:33:49,32.223,N,76.721,W
9/16/2016,0:35:49,32.223,N,76.716,W
9/16/2016,0:37:48,32.224,N,76.711,W
9/16/2016,0:39:48,32.224,N,76.707,W
9/16/2016,0:41:49,32.224,N,76.702,W
9/16/2016,0:43:49,32.224,N,76.697,W
9/16/2016,0:45:48,32.224,N,76.692,W
9/16/2016,0:47:48,32.224,N,76.687,W
9/16/2016,0:49:49,32.224,N,76.682,W
9/16/2016,0:51:49,32.224,N,76.677,W
9/16/2016,0:53:48,32.224,N,76.672,W
9/16/2016,0:55:48,32.224,N,76.667,W
9/16/2016,0:57:49,32.224,N,76.662,W
9/16/2016,0:59:48,32.224,N,76.657,W
9/16/2016,1:01:48,32.224,N,76.651,W
9/16/2016,1:03:49,32.224,N,76.646,W
9/16/2016,1:05:49,32.224,N,76.641,W
9/16/2016,1:07:48,32.224,N,76.636,W
9/16/2016,1:09:48,32.224,N,76.631,W
9/16/2016,1:11:49,32.224,N,76.626,W
9/16/2016,1:13:49,32.224,N,76.62,W
9/16/2016,1:15:48,32.224,N,76.615,W
9/16/2016,1:17:48,32.224,N,76.61,W
9/16/2016,1:19:49,32.224,N,76.604,W
9/16/2016,1:21:49,32.224,N,76.599,W
9/16/2016,1:23:48,32.224,N,76.594,W
9/16/2016,1:25:48,32.223,N,76.588,W
9/16/2016,1:27:49,32.223,N,76.583,W
9/16/2016,1:29:48,32.223,N,76.578,W
9/16/2016,1:31:48,32.223,N,76.572,W
9/16/2016,1:33:49,32.223,N,76.567,W
9/16/2016,1:35:49,32.223,N,76.561,W
9/16/2016,1:37:48,32.223,N,76.556,W
9/16/2016,1:39:48,32.222,N,76.55,W
9/16/2016,1:41:49,32.222,N,76.545,W
9/16/2016,1:43:49,32.222,N,76.539,W
9/16/2016,1:45:48,32.222,N,76.533,W
9/16/2016,1:47:48,32.222,N,76.528,W
9/16/2016,1:49:49,32.222,N,76.522,W
9/16/2016,1:51:49,32.221,N,76.517,W
9/16/2016,1:53:48,32.221,N,76.511,W
9/16/2016,1:55:48,32.221,N,76.505,W
9/16/2016,1:57:49,32.221,N,76.499,W
9/16/2016,1:59:48,32.22,N,76.494,W
9/16/2016,2:01:48,32.22,N,76.488,W
9/16/2016,2:03:49,32.22,N,76.482,W
9/16/2016,2:05:49,32.22,N,76.476,W
9/16/2016,2:07:48,32.219,N,76.47,W
9/16/2016,2:09:48,32.219,N,76.464,W
9/16/2016,2:11:49,32.219,N,76.459,W
9/16/2016,2:13:49,32.218,N,76.453,W
9/16/2016,2:15:48,32.218,N,76.447,W
9/16/2016,2:17:48,32.218,N,76.441,W
9/16/2016,2:19:49,32.217,N,76.435,W
9/16/2016,2:21:49,32.217,N,76.429,W
9/16/2016,2:23:48,32.217,N,76.423,W
9/16/2016,2:25:48,32.216,N,76.416,W
9/16/2016,2:27:49,32.216,N,76.41,W
9/16/2016,2:29:48,32.215,N,76.404,W
9/16/2016,2:31:48,32.215,N,76.398,W
9/16/2016,2:33:49,32.215,N,76.392,W
9/16/2016,2:35:49,32.214,N,76.386,W
9/16/2016,2:37:48,32.214,N,76.38,W
9/16/2016,2:39:48,32.213,N,76.373,W
9/16/2016,2:41:49,32.213,N,76.367,W
9/16/2016,2:43:49,32.212,N,76.361,W
9/16/2016,2:45:48,32.212,N,76.354,W
9/16/2016,2:47:48,32.211,N,76.348,W
9/16/2016,2:49:49,32.211,N,76.342,W
9/16/2016,2:51:49,32.21,N,76.335,W
9/16/2016,2:53:48,32.21,N,76.329,W
9/16/2016,2:55:48,32.209,N,76.323,W
9/16/2016,2:57:49,32.209,N,76.316,W
9/16/2016,2:59:48,32.208,N,76.31,W
9/16/2016,3:01:48,32.208,N,76.303,W
9/16/2016,3:03:49,32.207,N,76.297,W
9/16/2016,3:05:49,32.206,N,76.29,W
9/16/2016,3:07:48,32.206,N,76.284,W
9/16/2016,3:09:48,32.205,N,76.278,W
9/16/2016,3:11:49,32.205,N,76.271,W
9/16/2016,3:13:49,32.204,N,76.264,W
9/16/2016,3:15:48,32.203,N,76.258,W
9/16/2016,3:17:48,32.203,N,76.251,W
9/16/2016,3:19:49,32.202,N,76.245,W
9/16/2016,3:21:49,32.201,N,76.238,W
9/16/2016,3:23:48,32.201,N,76.231,W
9/16/2016,3:25:48,32.2,N,76.225,W
9/16/2016,3:27:49,32.199,N,76.218,W
9/16/2016,3:29:48,32.199,N,76.212,W
9/16/2016,3:31:48,32.198,N,76.205,W
9/16/2016,3:33:49,32.197,N,76.198,W
9/16/2016,3:35:49,32.197,N,76.192,W
9/16/2016,3:37:48,32.196,N,76.185,W
9/16/2016,3:39:48,32.195,N,76.178,W
9/16/2016,3:41:49,32.194,N,76.171,W
9/16/2016,3:43:49,32.194,N,76.165,W
9/16/2016,3:45:48,32.193,N,76.158,W
9/16/2016,3:47:48,32.192,N,76.151,W
9/16/2016,3:49:49,32.191,N,76.144,W
9/16/2016,3:51:49,32.19,N,76.138,W
9/16/2016,3:53:48,32.19,N,76.131,W
9/16/2016,3:55:48,32.189,N,76.124,W
9/16/2016,3:57:49,32.188,N,76.117,W
9/16/2016,3:59:48,32.187,N,76.11,W
9/16/2016,4:01:48,32.186,N,76.104,W
9/16/2016,4:03:49,32.185,N,76.097,W
9/16/2016,4:05:49,32.184,N,76.09,W
9/16/2016,4:07:48,32.184,N,76.083,W
9/16/2016,4:09:48,32.183,N,76.076,W
9/16/2016,4:11:49,32.182,N,76.069,W
9/16/2016,4:13:49,32.181,N,76.063,W
9/16/2016,4:15:48,32.18,N,76.056,W
9/16/2016,4:17:48,32.179,N,76.049,W
9/16/2016,4:19:49,32.178,N,76.042,W
9/16/2016,4:21:49,32.177,N,76.035,W
9/16/2016,4:23:48,32.176,N,76.028,W
9/16/2016,4:25:48,32.175,N,76.021,W
9/16/2016,4:27:49,32.174,N,76.015,W
9/16/2016,4:29:48,32.173,N,76.008,W
9/16/2016,4:31:48,32.172,N,76.001,W
9/16/2016,4:33:49,32.171,N,75.994,W
9/16/2016,4:35:49,32.17,N,75.987,W
9/16/2016,4:37:48,32.169,N,75.98,W
9/16/2016,4:39:48,32.168,N,75.973,W
9/16/2016,4:41:49,32.167,N,75.966,W
9/16/2016,4:43:49,32.166,N,75.959,W
9/16/2016,4:45:48,32.165,N,75.952,W
9/16/2016,4:47:48,32.164,N,75.946,W
9/16/2016,4:49:49,32.163,N,75.939,W
9/16/2016,4:51:49,32.161,N,75.932,W
9/16/2016,4:53:48,32.16,N,75.925,W
9/16/2016,4:55:48,32.159,N,75.918,W
9/16/2016,4:57:49,32.158,N,75.911,W
9/16/2016,4:59:48,32.157,N,75.904,W
9/16/2016,5:01:48,32.156,N,75.897,W
9/16/2016,5:03:49,32.155,N,75.89,W
9/16/2016,5:05:49,32.153,N,75.883,W
9/16/2016,5:07:48,32.152,N,75.877,W
9/16/2016,5:09:48,32.151,N,75.87,W
9/16/2016,5:11:49,32.15,N,75.863,W
9/16/2016,5:13:49,32.148,N,75.856,W
9/16/2016,5:15:48,32.147,N,75.849,W
9/16/2016,5:17:48,32.146,N,75.842,W
9/16/2016,5:19:49,32.145,N,75.835,W
9/16/2016,5:21:49,32.143,N,75.829,W
9/16/2016,5:23:48,32.142,N,75.822,W
9/16/2016,5:25:48,32.141,N,75.815,W
9/16/2016,5:27:49,32.14,N,75.808,W
9/16/2016,5:29:48,32.138,N,75.801,W
9/16/2016,5:31:48,32.137,N,75.794,W
9/16/2016,5:33:49,32.136,N,75.788,W
9/16/2016,5:35:49,32.134,N,75.781,W
9/16/2016,5:37:48,32.133,N,75.774,W
9/16/2016,5:39:48,32.132,N,75.767,W
9/16/2016,5:41:49,32.13,N,75.76,W
9/16/2016,5:43:49,32.129,N,75.754,W
9/16/2016,5:45:48,32.127,N,75.747,W
9/16/2016,5:47:48,32.126,N,75.74,W
9/16/2016,5:49:49,32.125,N,75.733,W
9/16/2016,5:51:49,32.123,N,75.727,W
9/16/2016,5:53:48,32.122,N,75.72,W
9/16/2016,5:55:48,32.12,N,75.713,W
9/16/2016,5:57:49,32.119,N,75.707,W
9/16/2016,5:59:48,32.117,N,75.7,W
9/16/2016,6:01:48,32.116,N,75.693,W
9/16/2016,6:03:49,32.114,N,75.687,W
9/16/2016,6:05:49,32.113,N,75.68,W
9/16/2016,6:07:48,32.111,N,75.673,W
9/16/2016,6:09:48,32.11,N,75.667,W
9/16/2016,6:11:49,32.108,N,75.66,W
9/16/2016,6:13:49,32.107,N,75.653,W
9/16/2016,6:15:48,32.105,N,75.647,W
9/16/2016,6:17:48,32.104,N,75.64,W
9/16/2016,6:19:49,32.102,N,75.634,W
9/16/2016,6:21:49,32.1,N,75.627,W
9/16/2016,6:23:48,32.099,N,75.621,W
9/16/2016,6:25:48,32.097,N,75.614,W
9/16/2016,6:27:49,32.095,N,75.608,W
9/16/2016,6:29:48,32.094,N,75.601,W
9/16/2016,6:31:48,32.092,N,75.595,W
9/16/2016,6:33:49,32.091,N,75.588,W
9/16/2016,6:35:49,32.089,N,75.582,W
9/16/2016,6:37:48,32.087,N,75.575,W
9/16/2016,6:39:48,32.086,N,75.569,W
9/16/2016,6:41:49,32.084,N,75.563,W
9/16/2016,6:43:49,32.082,N,75.556,W
9/16/2016,6:45:48,32.08,N,75.55,W
9/16/2016,6:47:48,32.079,N,75.544,W
9/16/2016,6:49:49,32.077,N,75.537,W
9/16/2016,6:51:49,32.075,N,75.531,W
9/16/2016,6:53:48,32.073,N,75.525,W
9/16/2016,6:55:48,32.072,N,75.519,W
9/16/2016,6:57:49,32.07,N,75.513,W
9/16/2016,6:59:48,32.068,N,75.506,W
9/16/2016,7:01:48,32.066,N,75.5,W
9/16/2016,7:03:49,32.064,N,75.494,W
9/16/2016,7:05:49,32.063,N,75.488,W
9/16/2016,7:07:48,32.061,N,75.482,W
9/16/2016,7:09:48,32.059,N,75.476,W
9/16/2016,7:11:49,32.057,N,75.47,W
9/16/2016,7:13:49,32.055,N,75.464,W
9/16/2016,7:15:48,32.053,N,75.458,W
9/16/2016,7:17:48,32.051,N,75.452,W
9/16/2016,7:19:49,32.049,N,75.446,W
9/16/2016,7:21:49,32.047,N,75.44,W
9/16/2016,7:23:48,32.046,N,75.434,W
9/16/2016,7:25:48,32.044,N,75.428,W
9/16/2016,7:27:49,32.042,N,75.422,W
9/16/2016,7:29:48,32.04,N,75.416,W
9/16/2016,7:31:48,32.038,N,75.411,W
9/16/2016,7:33:49,32.036,N,75.405,W
9/16/2016,7:35:49,32.034,N,75.399,W
9/16/2016,7:37:48,32.032,N,75.393,W
9/16/2016,7:39:48,32.03,N,75.388,W
9/16/2016,7:41:49,32.028,N,75.382,W
9/16/2016,7:43:49,32.026,N,75.376,W
9/16/2016,7:45:48,32.024,N,75.371,W
9/16/2016,7:47:48,32.021,N,75.365,W
9/16/2016,7:49:49,32.019,N,75.36,W
9/16/2016,7:51:49,32.017,N,75.354,W
9/16/2016,7:53:48,32.015,N,75.349,W
9/16/2016,7:55:48,32.013,N,75.343,W
9/16/2016,7:57:49,32.011,N,75.338,W
9/16/2016,7:59:48,32.009,N,75.332,W
9/16/2016,8:01:48,32.007,N,75.327,W
9/16/2016,8:03:48,32.005,N,75.322,W
9/16/2016,8:05:48,32.002,N,75.316,W
9/16/2016,8:07:49,32,N,75.311,W
9/16/2016,8:09:49,31.998,N,75.306,W
9/16/2016,8:11:49,31.996,N,75.301,W
9/16/2016,8:13:49,31.994,N,75.296,W
9/16/2016,8:15:48,31.991,N,75.291,W
9/16/2016,8:17:48,31.989,N,75.285,W
9/16/2016,8:19:48,31.987,N,75.28,W
9/16/2016,8:21:48,31.985,N,75.275,W
9/16/2016,8:23:49,31.982,N,75.27,W
9/16/2016,8:25:49,31.98,N,75.265,W
9/16/2016,8:27:49,31.978,N,75.26,W
9/16/2016,8:29:48,31.975,N,75.256,W
9/16/2016,8:31:48,31.973,N,75.251,W
9/16/2016,8:33:48,31.971,N,75.246,W
9/16/2016,8:35:48,31.969,N,75.241,W
9/16/2016,8:37:49,31.966,N,75.236,W
9/16/2016,8:39:49,31.964,N,75.232,W
9/16/2016,8:41:49,31.961,N,75.227,W
9/16/2016,8:43:49,31.959,N,75.223,W
9/16/2016,8:45:48,31.957,N,75.218,W
9/16/2016,8:47:48,31.954,N,75.213,W
9/16/2016,8:49:48,31.952,N,75.209,W
9/16/2016,8:51:48,31.949,N,75.204,W
9/16/2016,8:53:49,31.947,N,75.2,W
9/16/2016,8:55:49,31.944,N,75.196,W
9/16/2016,8:57:49,31.942,N,75.191,W
9/16/2016,8:59:48,31.94,N,75.187,W
9/16/2016,9:01:48,31.937,N,75.183,W
9/16/2016,9:03:48,31.935,N,75.179,W
9/16/2016,9:05:48,31.932,N,75.174,W
9/16/2016,9:07:49,31.93,N,75.17,W
9/16/2016,9:09:49,31.927,N,75.166,W
9/16/2016,9:11:49,31.924,N,75.162,W
9/16/2016,9:13:49,31.922,N,75.158,W
9/16/2016,9:15:48,31.919,N,75.154,W
9/16/2016,9:17:48,31.917,N,75.15,W
9/16/2016,9:19:48,31.914,N,75.146,W
9/16/2016,9:21:48,31.912,N,75.143,W
9/16/2016,9:23:49,31.909,N,75.139,W
9/16/2016,9:25:49,31.906,N,75.135,W
9/16/2016,9:27:49,31.904,N,75.131,W
9/16/2016,9:29:48,31.901,N,75.128,W
9/16/2016,9:31:48,31.898,N,75.124,W
9/16/2016,9:33:48,31.896,N,75.121,W
9/16/2016,9:35:48,31.893,N,75.117,W
9/16/2016,9:37:49,31.89,N,75.114,W
9/16/2016,9:39:49,31.888,N,75.11,W
9/16/2016,9:41:49,31.885,N,75.107,W
9/16/2016,9:43:49,31.882,N,75.104,W
9/16/2016,9:45:48,31.879,N,75.1,W
9/16/2016,9:47:48,31.877,N,75.097,W
9/16/2016,9:49:48,31.874,N,75.094,W
9/16/2016,9:51:48,31.871,N,75.091,W
9/16/2016,9:53:49,31.868,N,75.088,W
9/16/2016,9:55:49,31.865,N,75.085,W
9/16/2016,9:57:49,31.863,N,75.082,W
9/16/2016,9:59:48,31.86,N,75.079,W
9/16/2016,10:01:48,31.857,N,75.076,W
9/16/2016,10:03:48,31.854,N,75.073,W
9/16/2016,10:05:48,31.851,N,75.07,W
9/16/2016,10:07:49,31.848,N,75.068,W
9/16/2016,10:09:49,31.846,N,75.065,W
9/16/2016,10:11:49,31.843,N,75.063,W
9/16/2016,10:13:49,31.84,N,75.06,W
9/16/2016,10:15:48,31.837,N,75.057,W
9/16/2016,10:17:48,31.834,N,75.055,W
9/16/2016,10:19:48,31.831,N,75.053,W
9/16/2016,10:21:48,31.828,N,75.05,W
9/16/2016,10:23:49,31.825,N,75.048,W
9/16/2016,10:25:49,31.822,N,75.046,W
9/16/2016,10:27:49,31.819,N,75.044,W
9/16/2016,10:29:48,31.816,N,75.042,W
9/16/2016,10:31:48,31.813,N,75.04,W
9/16/2016,10:33:48,31.81,N,75.038,W
9/16/2016,10:35:48,31.807,N,75.036,W
9/16/2016,10:37:49,31.804,N,75.034,W
9/16/2016,10:39:49,31.801,N,75.032,W
9/16/2016,10:41:49,31.798,N,75.03,W
9/16/2016,10:43:49,31.795,N,75.028,W
9/16/2016,10:45:48,31.792,N,75.027,W
9/16/2016,10:47:48,31.788,N,75.025,W
9/16/2016,10:49:48,31.785,N,75.024,W
9/16/2016,10:51:48,31.782,N,75.022,W
9/16/2016,10:53:49,31.779,N,75.021,W
9/16/2016,10:55:49,31.776,N,75.019,W
9/16/2016,10:57:49,31.773,N,75.018,W
9/16/2016,10:59:48,31.769,N,75.017,W
9/16/2016,11:01:48,31.766,N,75.016,W
9/16/2016,11:03:48,31.763,N,75.015,W
9/16/2016,11:05:48,31.76,N,75.013,W
9/16/2016,11:07:49,31.757,N,75.012,W
9/16/2016,11:09:49,31.753,N,75.011,W
9/16/2016,11:11:49,31.75,N,75.011,W
9/16/2016,11:13:49,31.747,N,75.01,W
9/16/2016,11:15:48,31.744,N,75.009,W
9/16/2016,11:17:48,31.74,N,75.008,W
9/16/2016,11:19:48,31.737,N,75.007,W
9/16/2016,11:21:48,31.734,N,75.007,W
9/16/2016,11:23:49,31.73,N,75.006,W
9/16/2016,11:25:49,31.727,N,75.006,W
9/16/2016,11:27:49,31.724,N,75.005,W
9/16/2016,11:29:48,31.72,N,75.005,W
9/16/2016,11:31:48,31.717,N,75.004,W
9/16/2016,11:33:48,31.714,N,75.004,W
9/16/2016,11:35:48,31.71,N,75.004,W
9/16/2016,11:37:49,31.707,N,75.004,W
9/16/2016,11:39:49,31.703,N,75.003,W
9/16/2016,11:41:49,31.7,N,75.003,W
9/16/2016,11:43:49,31.697,N,75.003,W
9/16/2016,11:45:48,31.693,N,75.003,W
9/16/2016,11:47:48,31.69,N,75.003,W
9/16/2016,11:49:48,31.686,N,75.003,W
9/16/2016,11:51:48,31.683,N,75.004,W
9/16/2016,11:53:49,31.679,N,75.004,W
9/16/2016,11:55:49,31.676,N,75.004,W
9/16/2016,11:57:49,31.672,N,75.004,W
9/16/2016,11:59:48,31.669,N,75.005,W
9/16/2016,12:01:48,31.665,N,75.005,W
9/16/2016,12:03:48,31.662,N,75.005,W
9/16/2016,12:05:48,31.658,N,75.006,W
9/16/2016,12:07:49,31.655,N,75.007,W
9/16/2016,12:09:49,31.651,N,75.007,W
9/16/2016,12:11:49,31.647,N,75.008,W
9/16/2016,12:13:49,31.644,N,75.008,W
9/16/2016,12:15:48,31.64,N,75.009,W
9/16/2016,12:17:48,31.637,N,75.01,W
9/16/2016,12:19:48,31.633,N,75.011,W
9/16/2016,12:21:48,31.629,N,75.012,W
9/16/2016,12:23:49,31.626,N,75.013,W
9/16/2016,12:25:49,31.622,N,75.014,W
9/16/2016,12:27:49,31.618,N,75.015,W
9/16/2016,12:29:48,31.615,N,75.016,W
9/16/2016,12:31:48,31.611,N,75.017,W
9/16/2016,12:33:48,31.607,N,75.018,W
9/16/2016,12:35:48,31.604,N,75.019,W
9/16/2016,12:37:49,31.6,N,75.02,W
9/16/2016,12:39:49,31.596,N,75.022,W
9/16/2016,12:41:49,31.593,N,75.023,W
9/16/2016,12:43:49,31.589,N,75.024,W
9/16/2016,12:45:48,31.585,N,75.026,W
9/16/2016,12:47:48,31.581,N,75.027,W
9/16/2016,12:49:48,31.578,N,75.029,W
9/16/2016,12:51:48,31.574,N,75.03,W
9/16/2016,12:53:49,31.57,N,75.032,W
9/16/2016,12:55:49,31.566,N,75.034,W
9/16/2016,12:57:49,31.563,N,75.035,W
9/16/2016,12:59:48,31.559,N,75.037,W
9/16/2016,13:01:48,31.555,N,75.039,W
9/16/2016,13:03:48,31.551,N,75.041,W
9/16/2016,13:05:48,31.547,N,75.042,W
9/16/2016,13:07:49,31.543,N,75.044,W
9/16/2016,13:09:49,31.54,N,75.046,W
9/16/2016,13:11:49,31.536,N,75.048,W
9/16/2016,13:13:49,31.532,N,75.05,W
9/16/2016,13:15:48,31.528,N,75.052,W
9/16/2016,13:17:48,31.524,N,75.054,W
9/16/2016,13:19:48,31.52,N,75.057,W
9/16/2016,13:21:48,31.516,N,75.059,W
9/16/2016,13:23:49,31.513,N,75.061,W
9/16/2016,13:25:49,31.509,N,75.063,W
9/16/2016,13:27:49,31.505,N,75.066,W
9/16/2016,13:29:48,31.501,N,75.068,W
9/16/2016,13:31:48,31.497,N,75.07,W
9/16/2016,13:33:48,31.493,N,75.073,W
9/16/2016,13:35:48,31.489,N,75.075,W
9/16/2016,13:37:49,31.485,N,75.078,W
9/16/2016,13:39:49,31.481,N,75.08,W
9/16/2016,13:41:49,31.477,N,75.083,W
9/16/2016,13:43:49,31.473,N,75.085,W
9/16/2016,13:45:48,31.469,N,75.088,W
9/16/2016,13:47:48,31.465,N,75.091,W
9/16/2016,13:49:48,31.461,N,75.093,W
9/16/2016,13:51:48,31.457,N,75.096,W
9/16/2016,13:53:49,31.453,N,75.099,W
9/16/2016,13:55:49,31.449,N,75.102,W
9/16/2016,13:57:49,31.445,N,75.105,W
9/16/2016,13:59:48,31.441,N,75.108,W
9/16/2016,14:01:48,31.437,N,75.111,W
9/16/2016,14:03:48,31.433,N,75.114,W
9/16/2016,14:05:48,31.429,N,75.117,W
9/16/2016,14:07:49,31.425,N,75.12,W
9/16/2016,14:09:49,31.421,N,75.123,W
9/16/2016,14:11:49,31.417,N,75.126,W
9/16/2016,14:13:49,31.412,N,75.129,W
9/16/2016,14:15:48,31.408,N,75.132,W
9/16/2016,14:17:48,31.404,N,75.135,W
9/16/2016,14:19:48,31.4,N,75.139,W
9/16/2016,14:21:48,31.396,N,75.142,W
9/16/2016,14:23:49,31.392,N,75.145,W
9/16/2016,14:25:49,31.388,N,75.149,W
9/16/2016,14:27:49,31.384,N,75.152,W
9/16/2016,14:29:48,31.379,N,75.155,W
9/16/2016,14:31:48,31.375,N,75.159,W
9/16/2016,14:33:48,31.371,N,75.162,W
9/16/2016,14:35:48,31.367,N,75.166,W
9/16/2016,14:37:49,31.363,N,75.169,W
9/16/2016,14:39:49,31.359,N,75.173,W
9/16/2016,14:41:49,31.354,N,75.177,W
9/16/2016,14:43:49,31.35,N,75.18,W
9/16/2016,14:45:48,31.346,N,75.184,W
9/16/2016,14:47:48,31.342,N,75.188,W
9/16/2016,14:49:48,31.338,N,75.191,W
9/16/2016,14:51:48,31.333,N,75.195,W
9/16/2016,14:53:49,31.329,N,75.199,W
9/16/2016,14:55:49,31.325,N,75.203,W
9/16/2016,14:57:49,31.321,N,75.207,W
9/16/2016,14:59:48,31.316,N,75.21,W
9/16/2016,15:01:48,31.312,N,75.214,W
9/16/2016,15:03:48,31.308,N,75.218,W
9/16/2016,15:05:48,31.304,N,75.222,W
9/16/2016,15:07:49,31.299,N,75.226,W
9/16/2016,15:09:49,31.295,N,75.23,W
9/16/2016,15:11:49,31.291,N,75.234,W
9/16/2016,15:13:49,31.287,N,75.238,W
9/16/2016,15:15:48,31.282,N,75.243,W
9/16/2016,15:17:48,31.278,N,75.247,W
9/16/2016,15:19:48,31.274,N,75.251,W
9/16/2016,15:21:48,31.269,N,75.255,W
9/16/2016,15:23:49,31.265,N,75.259,W
9/16/2016,15:25:49,31.261,N,75.263,W
9/16/2016,15:27:49,31.256,N,75.268,W
9/16/2016,15:29:48,31.252,N,75.272,W
9/16/2016,15:31:48,31.248,N,75.276,W
9/16/2016,15:33:48,31.243,N,75.281,W
9/16/2016,15:35:48,31.239,N,75.285,W
9/16/2016,15:37:49,31.235,N,75.289,W
9/16/2016,15:39:49,31.23,N,75.294,W
9/16/2016,15:41:49,31.226,N,75.298,W
9/16/2016,15:43:49,31.222,N,75.303,W
9/16/2016,15:45:48,31.217,N,75.307,W
9/16/2016,15:47:48,31.213,N,75.312,W
9/16/2016,15:49:48,31.209,N,75.316,W
9/16/2016,15:51:48,31.204,N,75.321,W
9/16/2016,15:53:49,31.2,N,75.325,W
9/16/2016,15:55:49,31.195,N,75.33,W
9/16/2016,15:57:49,31.191,N,75.335,W
9/16/2016,15:59:48,31.187,N,75.339,W
9/16/2016,16:01:48,31.182,N,75.344,W
9/16/2016,16:03:48,31.178,N,75.349,W
9/16/2016,16:05:48,31.173,N,75.353,W
9/16/2016,16:07:49,31.169,N,75.358,W
9/16/2016,16:09:49,31.164,N,75.363,W
9/16/2016,16:11:49,31.16,N,75.368,W
9/16/2016,16:13:49,31.156,N,75.372,W
9/16/2016,16:15:48,31.151,N,75.377,W
9/16/2016,16:17:48,31.147,N,75.382,W
9/16/2016,16:19:48,31.142,N,75.387,W
9/16/2016,16:21:48,31.138,N,75.392,W
9/16/2016,16:23:49,31.133,N,75.397,W
9/16/2016,16:25:49,31.129,N,75.402,W
9/16/2016,16:27:49,31.124,N,75.407,W
9/16/2016,16:29:48,31.12,N,75.411,W
9/16/2016,16:31:48,31.116,N,75.416,W
9/16/2016,16:33:48,31.111,N,75.421,W
9/16/2016,16:35:48,31.107,N,75.426,W
9/16/2016,16:37:49,31.102,N,75.431,W
9/16/2016,16:39:49,31.098,N,75.436,W
9/16/2016,16:41:49,31.093,N,75.442,W
9/16/2016,16:43:49,31.089,N,75.447,W
9/16/2016,16:45:48,31.084,N,75.452,W
9/16/2016,16:47:48,31.08,N,75.457,W
9/16/2016,16:49:48,31.075,N,75.462,W
9/16/2016,16:51:48,31.071,N,75.467,W
9/16/2016,16:53:49,31.066,N,75.472,W
9/16/2016,16:55:49,31.062,N,75.477,W
9/16/2016,16:57:49,31.057,N,75.483,W
9/16/2016,16:59:48,31.053,N,75.488,W
9/16/2016,17:01:48,31.048,N,75.493,W
9/16/2016,17:03:48,31.044,N,75.498,W
9/16/2016,17:05:48,31.039,N,75.504,W
9/16/2016,17:07:49,31.035,N,75.509,W
9/16/2016,17:09:49,31.03,N,75.514,W
9/16/2016,17:11:49,31.025,N,75.519,W
9/16/2016,17:13:49,31.021,N,75.525,W
9/16/2016,17:15:48,31.016,N,75.53,W
9/16/2016,17:17:48,31.012,N,75.535,W
9/16/2016,17:19:48,31.007,N,75.541,W
9/16/2016,17:21:48,31.003,N,75.546,W
9/16/2016,17:23:49,30.998,N,75.551,W
9/16/2016,17:25:49,30.994,N,75.557,W
9/16/2016,17:27:49,30.989,N,75.562,W
9/16/2016,17:29:48,30.985,N,75.568,W
9/16/2016,17:31:48,30.98,N,75.573,W
9/16/2016,17:33:48,30.975,N,75.578,W
9/16/2016,17:35:48,30.971,N,75.584,W
9/16/2016,17:37:49,30.966,N,75.589,W
9/16/2016,17:39:49,30.962,N,75.595,W
9/16/2016,17:41:00,30.959,N,75.598,W
9/16/2016,17:43:00,30.954,N,75.605,W
9/16/2016,17:45:00,30.948,N,75.613,W
9/16/2016,17:46:59,30.943,N,75.62,W
9/16/2016,17:48:59,30.938,N,75.627,W
9/16/2016,17:50:59,30.932,N,75.634,W
9/16/2016,17:53:00,30.927,N,75.641,W
9/16/2016,17:55:00,30.922,N,75.647,W
9/16/2016,17:57:00,30.917,N,75.654,W
9/16/2016,17:59:00,30.912,N,75.661,W
9/16/2016,18:00:59,30.907,N,75.667,W
9/16/2016,18:02:59,30.902,N,75.674,W
9/16/2016,18:04:59,30.897,N,75.68,W
9/16/2016,18:06:59,30.892,N,75.687,W
9/16/2016,18:09:00,30.887,N,75.693,W
9/16/2016,18:11:00,30.882,N,75.699,W
9/16/2016,18:13:00,30.877,N,75.705,W
9/16/2016,18:15:00,30.872,N,75.711,W
9/16/2016,18:16:59,30.868,N,75.717,W
9/16/2016,18:18:59,30.863,N,75.723,W
9/16/2016,18:20:59,30.858,N,75.729,W
9/16/2016,18:23:00,30.854,N,75.735,W
9/16/2016,18:25:00,30.849,N,75.74,W
9/16/2016,18:27:00,30.844,N,75.746,W
9/16/2016,18:29:00,30.84,N,75.751,W
9/16/2016,18:30:59,30.835,N,75.757,W
9/16/2016,18:32:59,30.831,N,75.762,W
9/16/2016,18:34:59,30.826,N,75.767,W
9/16/2016,18:36:59,30.822,N,75.773,W
9/16/2016,18:39:00,30.818,N,75.778,W
9/16/2016,18:41:00,30.813,N,75.783,W
9/16/2016,18:43:00,30.809,N,75.788,W
9/16/2016,18:45:00,30.805,N,75.793,W
9/16/2016,18:46:59,30.8,N,75.798,W
9/16/2016,18:48:59,30.796,N,75.803,W
9/16/2016,18:50:59,30.792,N,75.807,W
9/16/2016,18:53:00,30.788,N,75.812,W
9/16/2016,18:55:00,30.784,N,75.817,W
9/16/2016,18:57:00,30.78,N,75.821,W
9/16/2016,18:59:00,30.776,N,75.826,W
9/16/2016,19:00:59,30.772,N,75.83,W
9/16/2016,19:02:59,30.768,N,75.834,W
9/16/2016,19:04:59,30.764,N,75.839,W
9/16/2016,19:06:59,30.76,N,75.843,W
9/16/2016,19:09:00,30.756,N,75.847,W
9/16/2016,19:11:00,30.752,N,75.851,W
9/16/2016,19:13:00,30.748,N,75.855,W
9/16/2016,19:15:00,30.744,N,75.859,W
9/16/2016,19:16:59,30.74,N,75.863,W
9/16/2016,19:18:59,30.737,N,75.867,W
9/16/2016,19:20:59,30.733,N,75.871,W
9/16/2016,19:23:00,30.729,N,75.874,W
9/16/2016,19:25:00,30.725,N,75.878,W
9/16/2016,19:27:00,30.722,N,75.882,W
9/16/2016,19:29:00,30.718,N,75.885,W
9/16/2016,19:30:59,30.715,N,75.889,W
9/16/2016,19:32:59,30.711,N,75.892,W
9/16/2016,19:34:59,30.708,N,75.895,W
9/16/2016,19:36:59,30.704,N,75.899,W
9/16/2016,19:39:00,30.701,N,75.902,W
9/16/2016,19:41:00,30.697,N,75.905,W
9/16/2016,19:43:00,30.694,N,75.908,W
9/16/2016,19:45:00,30.69,N,75.911,W
9/16/2016,19:46:59,30.687,N,75.914,W
9/16/2016,19:48:59,30.684,N,75.917,W
9/16/2016,19:50:59,30.68,N,75.92,W
9/16/2016,19:53:00,30.677,N,75.923,W
9/16/2016,19:55:00,30.674,N,75.926,W
9/16/2016,19:57:00,30.67,N,75.929,W
9/16/2016,19:59:00,30.667,N,75.932,W
9/16/2016,20:00:59,30.664,N,75.934,W
9/16/2016,20:02:59,30.661,N,75.937,W
9/16/2016,20:04:59,30.658,N,75.939,W
9/16/2016,20:06:59,30.654,N,75.942,W
9/16/2016,20:09:00,30.651,N,75.944,W
9/16/2016,20:11:00,30.648,N,75.947,W
9/16/2016,20:13:00,30.645,N,75.949,W
9/16/2016,20:15:00,30.642,N,75.951,W
9/16/2016,20:16:59,30.639,N,75.954,W
9/16/2016,20:18:59,30.636,N,75.956,W
9/16/2016,20:20:59,30.633,N,75.958,W
9/16/2016,20:23:00,30.63,N,75.96,W
9/16/2016,20:25:00,30.627,N,75.962,W
9/16/2016,20:27:00,30.625,N,75.964,W
9/16/2016,20:29:00,30.622,N,75.966,W
9/16/2016,20:30:59,30.619,N,75.968,W
9/16/2016,20:32:59,30.616,N,75.97,W
9/16/2016,20:34:59,30.613,N,75.972,W
9/16/2016,20:36:59,30.61,N,75.973,W
9/16/2016,20:39:00,30.608,N,75.975,W
9/16/2016,20:41:00,30.605,N,75.977,W
9/16/2016,20:43:00,30.602,N,75.978,W
9/16/2016,20:45:00,30.599,N,75.98,W
9/16/2016,20:46:59,30.597,N,75.982,W
9/16/2016,20:48:59,30.594,N,75.983,W
9/16/2016,20:50:59,30.591,N,75.985,W
9/16/2016,20:53:00,30.589,N,75.986,W
9/16/2016,20:55:00,30.586,N,75.987,W
9/16/2016,20:57:00,30.584,N,75.989,W
9/16/2016,20:59:00,30.581,N,75.99,W
9/16/2016,21:00:59,30.578,N,75.991,W
9/16/2016,21:02:59,30.576,N,75.993,W
9/16/2016,21:04:59,30.573,N,75.994,W
9/16/2016,21:06:59,30.571,N,75.995,W
9/16/2016,21:09:00,30.568,N,75.996,W
9/16/2016,21:11:00,30.566,N,75.997,W
9/16/2016,21:13:00,30.564,N,75.998,W
9/16/2016,21:15:00,30.561,N,75.999,W
9/16/2016,21:16:59,30.559,N,76,W
9/16/2016,21:18:59,30.556,N,76.001,W
9/16/2016,21:20:59,30.554,N,76.002,W
9/16/2016,21:23:00,30.552,N,76.003,W
9/16/2016,21:25:00,30.549,N,76.004,W
9/16/2016,21:27:00,30.547,N,76.005,W
9/16/2016,21:29:00,30.545,N,76.005,W
9/16/2016,21:30:59,30.542,N,76.006,W
9/16/2016,21:32:59,30.54,N,76.007,W
9/16/2016,21:34:59,30.538,N,76.008,W
9/16/2016,21:36:59,30.535,N,76.008,W
9/16/2016,21:39:00,30.533,N,76.009,W
9/16/2016,21:41:00,30.531,N,76.009,W
9/16/2016,21:43:00,30.529,N,76.01,W
9/16/2016,21:45:00,30.527,N,76.01,W
9/16/2016,21:46:59,30.524,N,76.011,W
9/16/2016,21:48:59,30.522,N,76.011,W
9/16/2016,21:50:59,30.52,N,76.012,W
9/16/2016,21:53:00,30.518,N,76.012,W
9/16/2016,21:55:00,30.516,N,76.013,W
9/16/2016,21:57:00,30.514,N,76.013,W
9/16/2016,21:59:00,30.512,N,76.013,W
9/16/2016,22:00:59,30.51,N,76.014,W
9/16/2016,22:02:59,30.507,N,76.014,W
9/16/2016,22:04:59,30.505,N,76.014,W
9/16/2016,22:06:59,30.503,N,76.014,W
9/16/2016,22:09:00,30.501,N,76.015,W
9/16/2016,22:11:00,30.499,N,76.015,W
9/16/2016,22:13:00,30.497,N,76.015,W
9/16/2016,22:15:00,30.495,N,76.015,W
9/16/2016,22:16:59,30.493,N,76.015,W
9/16/2016,22:18:59,30.491,N,76.015,W
9/16/2016,22:20:59,30.489,N,76.015,W
9/16/2016,22:23:00,30.487,N,76.015,W
9/16/2016,22:25:00,30.485,N,76.015,W
9/16/2016,22:27:00,30.483,N,76.015,W
9/16/2016,22:29:00,30.481,N,76.015,W
9/16/2016,22:30:59,30.48,N,76.015,W
9/16/2016,22:32:59,30.478,N,76.015,W
9/16/2016,22:34:59,30.476,N,76.015,W
9/16/2016,22:36:59,30.474,N,76.015,W
9/16/2016,22:39:00,30.472,N,76.015,W
9/16/2016,22:41:00,30.47,N,76.015,W
9/16/2016,22:43:00,30.468,N,76.015,W
9/16/2016,22:45:00,30.466,N,76.014,W
9/16/2016,22:46:59,30.464,N,76.014,W
9/16/2016,22:48:59,30.463,N,76.014,W
9/16/2016,22:50:59,30.461,N,76.014,W
9/16/2016,22:53:00,30.459,N,76.014,W
9/16/2016,22:55:00,30.457,N,76.013,W
9/16/2016,22:57:00,30.455,N,76.013,W
9/16/2016,22:59:00,30.453,N,76.013,W
9/16/2016,23:00:59,30.452,N,76.012,W
9/16/2016,23:02:59,30.45,N,76.012,W
9/16/2016,23:04:59,30.448,N,76.012,W
9/16/2016,23:06:59,30.446,N,76.012,W
9/16/2016,23:09:00,30.444,N,76.011,W
9/16/2016,23:11:00,30.443,N,76.011,W
9/16/2016,23:13:00,30.441,N,76.01,W
9/16/2016,23:15:00,30.439,N,76.01,W
9/16/2016,23:16:59,30.437,N,76.01,W
9/16/2016,23:18:59,30.436,N,76.009,W
9/16/2016,23:20:59,30.434,N,76.009,W
9/16/2016,23:23:00,30.432,N,76.009,W
9/16/2016,23:25:00,30.43,N,76.008,W
9/16/2016,23:27:00,30.429,N,76.008,W
9/16/2016,23:29:00,30.427,N,76.007,W
9/16/2016,23:30:59,30.425,N,76.007,W
9/16/2016,23:32:59,30.423,N,76.006,W
9/16/2016,23:34:59,30.422,N,76.006,W
9/16/2016,23:36:59,30.42,N,76.005,W
9/16/2016,23:39:00,30.418,N,76.005,W
9/16/2016,23:41:00,30.416,N,76.005,W
9/16/2016,23:43:00,30.415,N,76.004,W
9/16/2016,23:45:00,30.413,N,76.004,W
9/16/2016,23:46:59,30.411,N,76.003,W
9/16/2016,23:48:59,30.409,N,76.003,W
9/16/2016,23:50:59,30.408,N,76.002,W
9/16/2016,23:53:00,30.406,N,76.002,W
9/16/2016,23:55:00,30.404,N,76.001,W
9/16/2016,23:57:00,30.403,N,76.001,W
9/16/2016,23:59:00,30.401,N,76,W
